Date,Close,Open,High,Low,Volume
1999-03-11,5.36389592910792,5.36389592910792,5.36389592910792,5.36389592910792,0
1999-03-12,5.416005690040417,5.36389592910792,5.416005690040417,5.36389592910792,0
1999-03-15,5.15171649448335,5.416005690040417,5.416005690040417,5.15171649448335,0
1999-03-16,5.447171758753039,5.15171649448335,5.447171758753039,5.15171649448335,0
1999-03-17,5.539293382091083,5.447171758753039,5.539293382091083,5.447171758753039,0
1999-03-18,5.458876285352024,5.539293382091083,5.539293382091083,5.458876285352024,0
1999-03-19,5.670193336748224,5.458876285352024,5.670193336748224,5.458876285352024,0
1999-03-22,5.37984007852559,5.670193336748224,5.670193336748224,5.37984007852559,0
1999-03-23,5.2481341407032565,5.37984007852559,5.37984007852559,5.2481341407032565,0
1999-03-24,4.878180808296914,5.2481341407032565,5.2481341407032565,4.878180808296914,0
1999-03-25,5.208843291838063,4.878180808296914,5.208843291838063,4.878180808296914,0
1999-03-26,5.589029981506021,5.208843291838063,5.589029981506021,5.208843291838063,0
1999-03-29,5.468402960641088,5.589029981506021,5.589029981506021,5.468402960641088,0
1999-03-30,5.864235979016508,5.468402960641088,5.864235979016508,5.468402960641088,0
1999-03-31,5.7817643100414156,5.864235979016508,5.864235979016508,5.7817643100414156,0
1999-04-01,5.61166384932769,5.7817643100414156,5.7817643100414156,5.61166384932769,0
1999-04-05,5.845191795310353,5.61166384932769,5.845191795310353,5.61166384932769,0
1999-04-06,6.267616335079553,5.845191795310353,6.267616335079553,5.845191795310353,0
1999-04-07,6.2918296254922215,6.267616335079553,6.2918296254922215,6.267616335079553,0
1999-04-08,6.160525951855734,6.2918296254922215,6.2918296254922215,6.160525951855734,0
1999-04-09,6.257996707167149,6.160525951855734,6.257996707167149,6.160525951855734,0
1999-04-12,6.335074789754361,6.257996707167149,6.335074789754361,6.257996707167149,0
1999-04-13,6.24945211319296,6.335074789754361,6.335074789754361,6.24945211319296,0
1999-04-14,6.07988088444214,6.24945211319296,6.24945211319296,6.07988088444214,0
1999-04-15,5.662498375111977,6.07988088444214,6.07988088444214,5.662498375111977,0
1999-04-16,5.8161942757308385,5.662498375111977,5.8161942757308385,5.662498375111977,0
1999-04-19,5.476208083456456,5.8161942757308385,5.8161942757308385,5.476208083456456,0
1999-04-20,4.962078848562484,5.476208083456456,5.476208083456456,4.962078848562484,0
1999-04-21,5.187101467438889,4.962078848562484,5.187101467438889,4.962078848562484,0
1999-04-22,5.698693843880972,5.187101467438889,5.698693843880972,5.187101467438889,0
1999-04-23,6.0064686407704455,5.698693843880972,6.0064686407704455,5.698693843880972,0
1999-04-26,6.164162365543153,6.0064686407704455,6.164162365543153,6.0064686407704455,0
1999-04-27,6.447508527175336,6.164162365543153,6.447508527175336,6.164162365543153,0
1999-04-28,6.249394206181834,6.447508527175336,6.447508527175336,6.249394206181834,0
1999-04-29,5.821308939368417,6.249394206181834,6.249394206181834,5.821308939368417,0
1999-04-30,5.726198320942626,5.821308939368417,5.821308939368417,5.726198320942626,0
1999-05-03,5.799513301434587,5.726198320942626,5.799513301434587,5.726198320942626,0
1999-05-04,5.738333519744708,5.799513301434587,5.799513301434587,5.738333519744708,0
1999-05-05,5.556684169424706,5.738333519744708,5.738333519744708,5.556684169424706,0
1999-05-06,5.893017852554957,5.556684169424706,5.893017852554957,5.556684169424706,0
1999-05-07,5.464349017050464,5.893017852554957,5.893017852554957,5.464349017050464,0
1999-05-10,5.620893437198326,5.464349017050464,5.620893437198326,5.464349017050464,0
1999-05-11,5.733208228202081,5.620893437198326,5.733208228202081,5.620893437198326,0
1999-05-12,5.913604281143618,5.733208228202081,5.913604281143618,5.733208228202081,0
1999-05-13,6.157986035117051,5.913604281143618,6.157986035117051,5.913604281143618,0
1999-05-14,5.928535127639997,6.157986035117051,6.157986035117051,5.928535127639997,0
1999-05-17,5.703460646364208,5.928535127639997,5.928535127639997,5.703460646364208,0
1999-05-18,5.908262667954267,5.703460646364208,5.908262667954267,5.703460646364208,0
1999-05-19,5.855169022298413,5.908262667954267,5.908262667954267,5.855169022298413,0
1999-05-20,6.0169821181202385,5.855169022298413,6.0169821181202385,5.855169022298413,0
1999-05-21,5.68585594924391,6.0169821181202385,6.0169821181202385,5.68585594924391,0
1999-05-24,5.580540593071714,5.68585594924391,5.68585594924391,5.580540593071714,0
1999-05-25,5.296461694178302,5.580540593071714,5.580540593071714,5.296461694178302,0
1999-05-26,4.949170414813012,5.296461694178302,5.296461694178302,4.949170414813012,0
1999-05-27,5.224940205725146,4.949170414813012,5.224940205725146,4.949170414813012,0
1999-05-28,5.214981900638844,5.224940205725146,5.224940205725146,5.214981900638844,0
1999-06-01,5.386494870079888,5.214981900638844,5.386494870079888,5.214981900638844,0
1999-06-02,5.1466792441330345,5.386494870079888,5.386494870079888,5.1466792441330345,0
1999-06-03,5.320157286985609,5.1466792441330345,5.320157286985609,5.1466792441330345,0
1999-06-04,5.168701835242135,5.320157286985609,5.320157286985609,5.168701835242135,0
1999-06-07,5.485014061901916,5.168701835242135,5.485014061901916,5.168701835242135,0
1999-06-08,5.712860752913442,5.485014061901916,5.712860752913442,5.485014061901916,0
1999-06-09,5.426279735212942,5.712860752913442,5.712860752913442,5.426279735212942,0
1999-06-10,5.607380063606793,5.426279735212942,5.607380063606793,5.426279735212942,0
1999-06-11,5.4784554215402235,5.607380063606793,5.607380063606793,5.4784554215402235,0
1999-06-14,5.311974081199124,5.4784554215402235,5.4784554215402235,5.311974081199124,0
1999-06-15,5.111201594920029,5.311974081199124,5.311974081199124,5.111201594920029,0
1999-06-16,5.263281257333399,5.111201594920029,5.263281257333399,5.111201594920029,0
1999-06-17,5.803558450892044,5.263281257333399,5.803558450892044,5.263281257333399,0
1999-06-18,5.9319079303638915,5.803558450892044,5.9319079303638915,5.803558450892044,0
1999-06-21,5.985561848518034,5.9319079303638915,5.985561848518034,5.9319079303638915,0
1999-06-22,6.343483819989371,5.985561848518034,6.343483819989371,5.985561848518034,0
1999-06-23,5.96023716395158,6.343483819989371,6.343483819989371,5.96023716395158,0
1999-06-24,6.147728978342202,5.96023716395158,6.147728978342202,5.96023716395158,0
1999-06-25,5.90309377754419,6.147728978342202,6.147728978342202,5.90309377754419,0
1999-06-28,5.887479490312763,5.90309377754419,5.90309377754419,5.887479490312763,0
1999-06-29,6.166254709536798,5.887479490312763,6.166254709536798,5.887479490312763,0
1999-06-30,6.334431922701198,6.166254709536798,6.334431922701198,6.166254709536798,0
1999-07-01,6.529277433647751,6.334431922701198,6.529277433647751,6.334431922701198,0
1999-07-02,6.617294995187046,6.529277433647751,6.617294995187046,6.529277433647751,0
1999-07-06,6.784306940540928,6.617294995187046,6.784306940540928,6.617294995187046,0
1999-07-07,6.697173154466328,6.784306940540928,6.784306940540928,6.697173154466328,0
1999-07-08,6.718165563607405,6.697173154466328,6.718165563607405,6.697173154466328,0
1999-07-09,6.89718745772248,6.718165563607405,6.89718745772248,6.718165563607405,0
1999-07-12,7.034886919969263,6.89718745772248,7.034886919969263,6.89718745772248,0
1999-07-13,6.96087187795598,7.034886919969263,7.034886919969263,6.96087187795598,0
1999-07-14,6.894562088275391,6.96087187795598,6.96087187795598,6.894562088275391,0
1999-07-15,7.128564558524252,6.894562088275391,7.128564558524252,6.894562088275391,0
1999-07-16,7.259256593028524,7.128564558524252,7.259256593028524,7.128564558524252,0
1999-07-19,7.392991071550584,7.259256593028524,7.392991071550584,7.259256593028524,0
1999-07-20,7.2418503868476245,7.392991071550584,7.392991071550584,7.2418503868476245,0
1999-07-21,6.682501069432063,7.2418503868476245,7.2418503868476245,6.682501069432063,0
1999-07-22,6.74634110210689,6.682501069432063,6.74634110210689,6.682501069432063,0
1999-07-23,6.402756245110229,6.74634110210689,6.74634110210689,6.402756245110229,0
1999-07-26,6.4215066074152265,6.402756245110229,6.4215066074152265,6.402756245110229,0
1999-07-27,6.1057078110948435,6.4215066074152265,6.4215066074152265,6.1057078110948435,0
1999-07-28,6.351103597632066,6.1057078110948435,6.351103597632066,6.1057078110948435,0
1999-07-29,6.599574164544153,6.351103597632066,6.599574164544153,6.351103597632066,0
1999-07-30,6.316947983668537,6.599574164544153,6.599574164544153,6.316947983668537,0
1999-08-02,6.253980652774698,6.316947983668537,6.316947983668537,6.253980652774698,0
1999-08-03,6.218962742401034,6.253980652774698,6.253980652774698,6.218962742401034,0
1999-08-04,6.137562901056905,6.218962742401034,6.218962742401034,6.137562901056905,0
1999-08-05,5.91474268834428,6.137562901056905,6.137562901056905,5.91474268834428,0
1999-08-06,6.10229609302117,5.91474268834428,6.10229609302117,5.91474268834428,0
1999-08-09,5.9705503224082666,6.10229609302117,6.10229609302117,5.9705503224082666,0
1999-08-10,5.8166535461512625,5.9705503224082666,5.9705503224082666,5.8166535461512625,0
1999-08-11,5.71137096812695,5.8166535461512625,5.8166535461512625,5.71137096812695,0
1999-08-12,6.086849264137261,5.71137096812695,6.086849264137261,5.71137096812695,0
1999-08-13,5.943478702137223,6.086849264137261,6.086849264137261,5.943478702137223,0
1999-08-16,6.4607163218886114,5.943478702137223,6.4607163218886114,5.943478702137223,0
1999-08-17,6.563521606968511,6.4607163218886114,6.563521606968511,6.4607163218886114,0
1999-08-18,6.628303275160637,6.563521606968511,6.628303275160637,6.563521606968511,0
1999-08-19,6.478840959140896,6.628303275160637,6.628303275160637,6.478840959140896,0
1999-08-20,6.324076495881984,6.478840959140896,6.478840959140896,6.324076495881984,0
1999-08-23,6.524471386612275,6.324076495881984,6.524471386612275,6.324076495881984,0
1999-08-24,6.938996910231702,6.524471386612275,6.938996910231702,6.524471386612275,0
1999-08-25,7.032718763954415,6.938996910231702,7.032718763954415,6.938996910231702,0
1999-08-26,7.3314428384100765,7.032718763954415,7.3314428384100765,7.032718763954415,0
1999-08-27,7.086857947357335,7.3314428384100765,7.3314428384100765,7.086857947357335,0
1999-08-30,6.945332812008331,7.086857947357335,7.086857947357335,6.945332812008331,0
1999-08-31,6.749042186431583,6.945332812008331,6.945332812008331,6.749042186431583,0
1999-09-01,6.898576832548448,6.749042186431583,6.898576832548448,6.749042186431583,0
1999-09-02,6.997374987582533,6.898576832548448,6.997374987582533,6.898576832548448,0
1999-09-03,6.947727411296856,6.997374987582533,6.997374987582533,6.947727411296856,0
1999-09-07,7.585057969368922,6.947727411296856,7.585057969368922,6.947727411296856,0
1999-09-08,7.516372231164789,7.585057969368922,7.585057969368922,7.516372231164789,0
1999-09-09,7.31244440610254,7.516372231164789,7.516372231164789,7.31244440610254,0
1999-09-10,7.519850322515148,7.31244440610254,7.519850322515148,7.31244440610254,0
1999-09-13,7.692490373494249,7.519850322515148,7.692490373494249,7.519850322515148,0
1999-09-14,7.507192066504005,7.692490373494249,7.692490373494249,7.507192066504005,0
1999-09-15,7.589373192580509,7.507192066504005,7.589373192580509,7.507192066504005,0
1999-09-16,7.295689249413248,7.589373192580509,7.589373192580509,7.295689249413248,0
1999-09-17,7.287703798323268,7.295689249413248,7.295689249413248,7.287703798323268,0
1999-09-20,7.724331130149387,7.287703798323268,7.724331130149387,7.287703798323268,0
1999-09-21,7.759951341828473,7.724331130149387,7.759951341828473,7.724331130149387,0
1999-09-22,7.3867778845558165,7.759951341828473,7.759951341828473,7.3867778845558165,0
1999-09-23,7.542741550299896,7.3867778845558165,7.542741550299896,7.3867778845558165,0
1999-09-24,6.917050114323538,7.542741550299896,7.542741550299896,6.917050114323538,0
1999-09-27,6.9345299286650395,6.917050114323538,6.9345299286650395,6.917050114323538,0
1999-09-28,7.031374224978851,6.9345299286650395,7.031374224978851,6.9345299286650395,0
1999-09-29,7.096206816523277,7.031374224978851,7.096206816523277,7.031374224978851,0
1999-09-30,6.811081591763261,7.096206816523277,7.096206816523277,6.811081591763261,0
1999-10-01,6.953498152094507,6.811081591763261,6.953498152094507,6.811081591763261,0
1999-10-04,6.958379606894241,6.953498152094507,6.958379606894241,6.953498152094507,0
1999-10-05,7.27022703771069,6.958379606894241,7.27022703771069,6.958379606894241,0
1999-10-06,7.3729953430422155,7.27022703771069,7.3729953430422155,7.27022703771069,0
1999-10-07,7.667866039834377,7.3729953430422155,7.667866039834377,7.3729953430422155,0
1999-10-08,7.631277349775014,7.667866039834377,7.667866039834377,7.631277349775014,0
1999-10-11,7.791324405300564,7.631277349775014,7.791324405300564,7.631277349775014,0
1999-10-12,8.010306980105364,7.791324405300564,8.010306980105364,7.791324405300564,0
1999-10-13,7.645758027192981,8.010306980105364,8.010306980105364,7.645758027192981,0
1999-10-14,7.191410098951235,7.645758027192981,7.645758027192981,7.191410098951235,0
1999-10-15,7.28065448548402,7.191410098951235,7.28065448548402,7.191410098951235,0
1999-10-18,6.850466836421328,7.28065448548402,7.28065448548402,6.850466836421328,0
1999-10-19,6.676522149287593,6.850466836421328,6.850466836421328,6.676522149287593,0
1999-10-20,6.748362603436401,6.676522149287593,6.748362603436401,6.676522149287593,0
1999-10-21,7.159404856501164,6.748362603436401,7.159404856501164,6.748362603436401,0
1999-10-22,7.392631901666988,7.159404856501164,7.392631901666988,7.159404856501164,0
1999-10-25,7.3252609053184,7.392631901666988,7.392631901666988,7.3252609053184,0
1999-10-26,7.332077988780149,7.3252609053184,7.332077988780149,7.3252609053184,0
1999-10-27,7.213256510130624,7.332077988780149,7.332077988780149,7.213256510130624,0
1999-10-28,7.190700978329253,7.213256510130624,7.213256510130624,7.190700978329253,0
1999-10-29,7.687822736941926,7.190700978329253,7.687822736941926,7.190700978329253,0
1999-11-01,8.224203676160752,7.687822736941926,8.224203676160752,7.687822736941926,0
1999-11-02,8.137575626543372,8.224203676160752,8.224203676160752,8.137575626543372,0
1999-11-03,8.146666390496044,8.137575626543372,8.146666390496044,8.137575626543372,0
1999-11-04,8.470848115292913,8.146666390496044,8.470848115292913,8.146666390496044,0
1999-11-05,8.660549002805896,8.470848115292913,8.660549002805896,8.470848115292913,0
1999-11-08,8.836305486493648,8.660549002805896,8.836305486493648,8.660549002805896,0
1999-11-09,9.191976455052204,8.836305486493648,9.191976455052204,8.836305486493648,0
1999-11-10,9.067399606484328,9.191976455052204,9.191976455052204,9.067399606484328,0
1999-11-11,9.304552050194456,9.067399606484328,9.304552050194456,9.067399606484328,0
1999-11-12,9.636139011331693,9.304552050194456,9.636139011331693,9.304552050194456,0
1999-11-15,9.888970984607608,9.636139011331693,9.888970984607608,9.636139011331693,0
1999-11-16,9.849677186615729,9.888970984607608,9.888970984607608,9.849677186615729,0
1999-11-17,10.348768846473448,9.849677186615729,10.348768846473448,9.849677186615729,0
1999-11-18,10.067794211221866,10.348768846473448,10.348768846473448,10.067794211221866,0
1999-11-19,10.684377514333514,10.067794211221866,10.684377514333514,10.067794211221866,0
1999-11-22,10.874713815978563,10.684377514333514,10.874713815978563,10.684377514333514,0
1999-11-23,10.542017799628402,10.874713815978563,10.874713815978563,10.542017799628402,0
1999-11-24,10.638323409785885,10.542017799628402,10.638323409785885,10.542017799628402,0
1999-11-26,11.338145228195138,10.638323409785885,11.338145228195138,10.638323409785885,0
1999-11-29,11.410482958440536,11.338145228195138,11.410482958440536,11.338145228195138,0
1999-11-30,11.033209320350561,11.410482958440536,11.410482958440536,11.033209320350561,0
1999-12-01,10.193032702836645,11.033209320350561,11.033209320350561,10.193032702836645,0
1999-12-02,10.634279712092647,10.193032702836645,10.634279712092647,10.193032702836645,0
1999-12-03,11.308345466019663,10.634279712092647,11.308345466019663,10.634279712092647,0
1999-12-06,11.788673625034138,11.308345466019663,11.788673625034138,11.308345466019663,0
1999-12-07,12.001926321137612,11.788673625034138,12.001926321137612,11.788673625034138,0
1999-12-08,12.000997600648475,12.001926321137612,12.001926321137612,12.000997600648475,0
1999-12-09,11.708863001452261,12.000997600648475,12.000997600648475,11.708863001452261,0
1999-12-10,11.81927920780892,11.708863001452261,11.81927920780892,11.708863001452261,0
1999-12-13,12.014117678667835,11.81927920780892,12.014117678667835,11.81927920780892,0
1999-12-14,12.339739817259415,12.014117678667835,12.339739817259415,12.014117678667835,0
1999-12-15,11.89360958239416,12.339739817259415,12.339739817259415,11.89360958239416,0
1999-12-16,12.350677115269516,11.89360958239416,12.350677115269516,11.89360958239416,0
1999-12-17,12.959159123677418,12.350677115269516,12.959159123677418,12.350677115269516,0
1999-12-20,13.182433657194771,12.959159123677418,13.182433657194771,12.959159123677418,0
1999-12-21,13.525584877255417,13.182433657194771,13.525584877255417,13.182433657194771,0
1999-12-22,14.978699721701364,13.525584877255417,14.978699721701364,13.525584877255417,0
1999-12-23,14.88334377098736,14.978699721701364,14.978699721701364,14.88334377098736,0
1999-12-27,15.23693988516397,14.88334377098736,15.23693988516397,14.88334377098736,0
1999-12-28,15.056314580000087,15.23693988516397,15.23693988516397,15.056314580000087,0
1999-12-29,14.866286228565555,15.056314580000087,15.056314580000087,14.866286228565555,0
1999-12-30,15.991063173948511,14.866286228565555,15.991063173948511,14.866286228565555,0
1999-12-31,15.64406029400864,15.991063173948511,15.991063173948511,15.64406029400864,0
2000-01-03,15.600105587047809,15.64406029400864,15.64406029400864,15.600105587047809,0
2000-01-04,16.751294545309435,15.600105587047809,16.751294545309435,15.600105587047809,0
2000-01-05,14.451664699216106,16.751294545309435,16.751294545309435,14.451664699216106,0
2000-01-06,13.71364665830325,14.451664699216106,14.451664699216106,13.71364665830325,0
2000-01-07,11.828949643167473,13.71364665830325,13.71364665830325,11.828949643167473,0
2000-01-10,14.754109156886162,11.828949643167473,14.754109156886162,11.828949643167473,0
2000-01-11,15.572662135432218,14.754109156886162,15.572662135432218,14.754109156886162,0
2000-01-12,14.056262889294752,15.572662135432218,15.572662135432218,14.056262889294752,0
2000-01-13,13.436217149269735,14.056262889294752,14.056262889294752,13.436217149269735,0
2000-01-14,15.054939704022956,13.436217149269735,15.054939704022956,13.436217149269735,0
2000-01-18,15.75497137239463,15.054939704022956,15.75497137239463,15.054939704022956,0
2000-01-19,15.922468139912915,15.75497137239463,15.922468139912915,15.75497137239463,0
2000-01-20,16.64210142762663,15.922468139912915,16.64210142762663,15.922468139912915,0
2000-01-21,16.31576631795092,16.64210142762663,16.64210142762663,16.31576631795092,0
2000-01-24,16.72214394631817,16.31576631795092,16.72214394631817,16.31576631795092,0
2000-01-25,15.11377812038431,16.72214394631817,16.72214394631817,15.11377812038431,0
2000-01-26,15.566224973889845,15.11377812038431,15.566224973889845,15.11377812038431,0
2000-01-27,14.309676494364252,15.566224973889845,15.566224973889845,14.309676494364252,0
2000-01-28,14.729456083220697,14.309676494364252,14.729456083220697,14.309676494364252,0
2000-01-31,13.244190025681354,14.729456083220697,14.729456083220697,13.244190025681354,0
2000-02-01,14.378933595402925,13.244190025681354,14.378933595402925,13.244190025681354,0
2000-02-02,15.149372150077655,14.378933595402925,15.149372150077655,14.378933595402925,0
2000-02-03,15.405224747434122,15.149372150077655,15.405224747434122,15.149372150077655,0
2000-02-04,16.606596032085633,15.405224747434122,16.606596032085633,15.405224747434122,0
2000-02-07,16.83116509658608,16.606596032085633,16.83116509658608,16.606596032085633,0
2000-02-08,17.295447626145602,16.83116509658608,17.295447626145602,16.83116509658608,0
2000-02-09,18.742712115634564,17.295447626145602,18.742712115634564,17.295447626145602,0
2000-02-10,17.41717006899546,18.742712115634564,18.742712115634564,17.41717006899546,0
2000-02-11,18.559370567421155,17.41717006899546,18.559370567421155,17.41717006899546,0
2000-02-14,17.69576610201821,18.559370567421155,18.559370567421155,17.69576610201821,0
2000-02-15,17.650107560587564,17.69576610201821,17.69576610201821,17.650107560587564,0
2000-02-16,17.903098053440363,17.650107560587564,17.903098053440363,17.650107560587564,0
2000-02-17,17.734642955531434,17.903098053440363,17.903098053440363,17.734642955531434,0
2000-02-18,18.486994852343354,17.734642955531434,18.486994852343354,17.734642955531434,0
2000-02-22,17.150534745975968,18.486994852343354,18.486994852343354,17.150534745975968,0
2000-02-23,17.258092513682374,17.150534745975968,17.258092513682374,17.150534745975968,0
2000-02-24,19.17917337178879,17.258092513682374,19.17917337178879,17.258092513682374,0
2000-02-25,20.005563301750175,19.17917337178879,20.005563301750175,19.17917337178879,0
2000-02-28,19.088266815830224,20.005563301750175,20.005563301750175,19.088266815830224,0
2000-02-29,19.06387373822979,19.088266815830224,19.088266815830224,19.06387373822979,0
2000-03-01,20.07057694270416,19.06387373822979,20.07057694270416,19.06387373822979,0
2000-03-02,20.398066290605232,20.07057694270416,20.398066290605232,20.07057694270416,0
2000-03-03,19.45180018011647,20.398066290605232,20.398066290605232,19.45180018011647,0
2000-03-06,21.644518606854067,19.45180018011647,21.644518606854067,19.45180018011647,0
2000-03-07,21.983904229526843,21.644518606854067,21.983904229526843,21.644518606854067,0
2000-03-08,21.319362714277524,21.983904229526843,21.983904229526843,21.319362714277524,0
2000-03-09,21.70446977613279,21.319362714277524,21.70446977613279,21.319362714277524,0
2000-03-10,23.16600194951747,21.70446977613279,23.16600194951747,21.70446977613279,0
2000-03-13,22.96276925693212,23.16600194951747,23.16600194951747,22.96276925693212,0
2000-03-14,21.757698193544243,22.96276925693212,22.96276925693212,21.757698193544243,0
2000-03-15,20.14613718780246,21.757698193544243,21.757698193544243,20.14613718780246,0
2000-03-16,18.455952440000356,20.14613718780246,20.14613718780246,18.455952440000356,0
2000-03-17,20.562513198930052,18.455952440000356,20.562513198930052,18.455952440000356,0
2000-03-20,21.34086356923329,20.562513198930052,21.34086356923329,20.562513198930052,0
2000-03-21,20.135558179330022,21.34086356923329,21.34086356923329,20.135558179330022,0
2000-03-22,21.6532228782247,20.135558179330022,21.6532228782247,20.135558179330022,0
2000-03-23,22.523492112139277,21.6532228782247,22.523492112139277,21.6532228782247,0
2000-03-24,23.312055351523448,22.523492112139277,23.312055351523448,22.523492112139277,0
2000-03-27,23.9382676769967,23.312055351523448,23.9382676769967,23.312055351523448,0
2000-03-28,24.012767517328513,23.9382676769967,24.012767517328513,23.9382676769967,0
2000-03-29,22.787342095069043,24.012767517328513,24.012767517328513,22.787342095069043,0
2000-03-30,20.89904495794065,22.787342095069043,22.787342095069043,20.89904495794065,0
2000-03-31,19.852462448362907,20.89904495794065,20.89904495794065,19.852462448362907,0
2000-04-03,20.683892760334047,19.852462448362907,20.683892760334047,19.852462448362907,0
2000-04-04,18.203064848884836,20.683892760334047,20.683892760334047,18.203064848884836,0
2000-04-05,17.847993268865764,18.203064848884836,18.203064848884836,17.847993268865764,0
2000-04-06,17.211923319384088,17.847993268865764,17.847993268865764,17.211923319384088,0
2000-04-07,18.027124609987368,17.211923319384088,18.027124609987368,17.211923319384088,0
2000-04-10,19.47670230222027,18.027124609987368,19.47670230222027,18.027124609987368,0
2000-04-11,17.1005487316519,19.47670230222027,19.47670230222027,17.1005487316519,0
2000-04-12,16.287944988920536,17.1005487316519,17.1005487316519,16.287944988920536,0
2000-04-13,14.37046359969109,16.287944988920536,16.287944988920536,14.37046359969109,0
2000-04-14,13.119744593359785,14.37046359969109,14.37046359969109,13.119744593359785,0
2000-04-17,10.845147288880732,13.119744593359785,13.119744593359785,10.845147288880732,0
2000-04-18,13.340540757204518,10.845147288880732,13.340540757204518,10.845147288880732,0
2000-04-19,14.04653590610602,13.340540757204518,14.04653590610602,13.340540757204518,0
2000-04-20,13.186622702662538,14.04653590610602,14.04653590610602,13.186622702662538,0
2000-04-24,12.612682971217122,13.186622702662538,13.186622702662538,12.612682971217122,0
2000-04-25,11.888913879444768,12.612682971217122,12.612682971217122,11.888913879444768,0
2000-04-26,13.492470148924655,11.888913879444768,13.492470148924655,11.888913879444768,0
2000-04-27,12.568622189337134,13.492470148924655,13.492470148924655,12.568622189337134,0
2000-04-28,13.682458469191989,12.568622189337134,13.682458469191989,12.568622189337134,0
2000-05-01,14.731014365941235,13.682458469191989,14.731014365941235,13.682458469191989,0
2000-05-02,15.001959341737082,14.731014365941235,15.001959341737082,14.731014365941235,0
2000-05-03,13.275072612171838,15.001959341737082,15.001959341737082,13.275072612171838,0
2000-05-04,12.979463179266897,13.275072612171838,13.275072612171838,12.979463179266897,0
2000-05-05,13.033061357445499,12.979463179266897,13.033061357445499,12.979463179266897,0
2000-05-08,13.652252582601049,13.033061357445499,13.652252582601049,13.033061357445499,0
2000-05-09,12.587382969554632,13.652252582601049,13.652252582601049,12.587382969554632,0
2000-05-10,12.049251914417361,12.587382969554632,12.587382969554632,12.049251914417361,0
2000-05-11,10.29697692305787,12.049251914417361,12.049251914417361,10.29697692305787,0
2000-05-12,11.555044648524618,10.29697692305787,11.555044648524618,10.29697692305787,0
2000-05-15,11.554150508164911,11.555044648524618,11.555044648524618,11.554150508164911,0
2000-05-16,12.56020851004019,11.554150508164911,12.56020851004019,11.554150508164911,0
2000-05-17,13.270347165881912,12.56020851004019,13.270347165881912,12.56020851004019,0
2000-05-18,12.72133093322745,13.270347165881912,13.270347165881912,12.72133093322745,0
2000-05-19,11.808497932997161,12.72133093322745,12.72133093322745,11.808497932997161,0
2000-05-22,10.688699252968695,11.808497932997161,11.808497932997161,10.688699252968695,0
2000-05-23,10.67152523215552,10.688699252968695,10.688699252968695,10.67152523215552,0
2000-05-24,8.88937473616147,10.67152523215552,10.67152523215552,8.88937473616147,0
2000-05-25,10.002651388765369,8.88937473616147,10.002651388765369,8.88937473616147,0
2000-05-26,9.561505204972642,10.002651388765369,10.002651388765369,9.561505204972642,0
2000-05-30,9.560765326593687,9.561505204972642,9.561505204972642,9.560765326593687,0
2000-05-31,11.48139600806222,9.560765326593687,11.48139600806222,9.560765326593687,0
2000-06-01,10.826346528618735,11.48139600806222,11.48139600806222,10.826346528618735,0
2000-06-02,11.932568834140849,10.826346528618735,11.932568834140849,10.826346528618735,0
2000-06-05,13.6387400997796,11.932568834140849,13.6387400997796,11.932568834140849,0
2000-06-06,13.705964840089754,13.6387400997796,13.705964840089754,13.6387400997796,0
2000-06-07,12.942824489479404,13.705964840089754,13.705964840089754,12.942824489479404,0
2000-06-08,13.633292100930602,12.942824489479404,13.633292100930602,12.942824489479404,0
2000-06-09,13.504908372264977,13.633292100930602,13.633292100930602,13.504908372264977,0
2000-06-12,13.648696147671574,13.504908372264977,13.648696147671574,13.504908372264977,0
2000-06-13,12.774120007335494,13.648696147671574,13.648696147671574,12.774120007335494,0
2000-06-14,13.75846158783445,12.774120007335494,13.75846158783445,12.774120007335494,0
2000-06-15,13.136984873066421,13.75846158783445,13.75846158783445,13.136984873066421,0
2000-06-16,13.59942587812686,13.136984873066421,13.59942587812686,13.136984873066421,0
2000-06-19,13.743428963760046,13.59942587812686,13.743428963760046,13.59942587812686,0
2000-06-20,14.836006934175037,13.743428963760046,14.836006934175037,13.743428963760046,0
2000-06-21,14.72131585850901,14.836006934175037,14.836006934175037,14.72131585850901,0
2000-06-22,15.097153919176721,14.72131585850901,15.097153919176721,14.72131585850901,0
2000-06-23,13.98899702870842,15.097153919176721,15.097153919176721,13.98899702870842,0
2000-06-26,12.886421398217347,13.98899702870842,13.98899702870842,12.886421398217347,0
2000-06-27,13.589598483528038,12.886421398217347,13.589598483528038,12.886421398217347,0
2000-06-28,13.263265552502787,13.589598483528038,13.589598483528038,13.263265552502787,0
2000-06-29,13.583554976322466,13.263265552502787,13.583554976322466,13.263265552502787,0
2000-06-30,12.90061200183597,13.583554976322466,13.583554976322466,12.90061200183597,0
2000-07-03,13.405526741103698,12.90061200183597,13.405526741103698,12.90061200183597,0
2000-07-05,13.924567033164637,13.405526741103698,13.924567033164637,13.405526741103698,0
2000-07-06,12.845351608408077,13.924567033164637,13.924567033164637,12.845351608408077,0
2000-07-07,13.528264007508751,12.845351608408077,13.528264007508751,12.845351608408077,0
2000-07-10,14.084890774078426,13.528264007508751,14.084890774078426,13.528264007508751,0
2000-07-11,13.657139954399094,14.084890774078426,14.084890774078426,13.657139954399094,0
2000-07-12,13.80512659422831,13.657139954399094,13.80512659422831,13.657139954399094,0
2000-07-13,14.457998228359994,13.80512659422831,14.457998228359994,13.80512659422831,0
2000-07-14,14.828546720017751,14.457998228359994,14.828546720017751,14.457998228359994,0
2000-07-17,15.467208384398166,14.828546720017751,15.467208384398166,14.828546720017751,0
2000-07-18,15.81186047963357,15.467208384398166,15.81186047963357,15.467208384398166,0
2000-07-19,15.111338592638054,15.81186047963357,15.81186047963357,15.111338592638054,0
2000-07-20,14.426750582096266,15.111338592638054,15.111338592638054,14.426750582096266,0
2000-07-21,15.352788833243391,14.426750582096266,15.352788833243391,14.426750582096266,0
2000-07-24,14.31916662477051,15.352788833243391,15.352788833243391,14.31916662477051,0
2000-07-25,13.72757137811438,14.31916662477051,14.31916662477051,13.72757137811438,0
2000-07-26,13.943272358182487,13.72757137811438,13.943272358182487,13.72757137811438,0
2000-07-27,13.90578994177518,13.943272358182487,13.943272358182487,13.90578994177518,0
2000-07-28,12.8140665468557,13.90578994177518,13.90578994177518,12.8140665468557,0
2000-07-31,11.418342853513721,12.8140665468557,12.8140665468557,11.418342853513721,0
2000-08-01,12.091050870109203,11.418342853513721,12.091050870109203,11.418342853513721,0
2000-08-02,11.76904020026967,12.091050870109203,12.091050870109203,11.76904020026967,0
2000-08-03,11.351377906329274,11.76904020026967,11.76904020026967,11.351377906329274,0
2000-08-04,12.332601551460371,11.351377906329274,12.332601551460371,11.351377906329274,0
2000-08-07,12.246411906118993,12.332601551460371,12.332601551460371,12.246411906118993,0
2000-08-08,12.82296638014528,12.246411906118993,12.82296638014528,12.246411906118993,0
2000-08-09,13.34323801835425,12.82296638014528,13.34323801835425,12.82296638014528,0
2000-08-10,12.633397993280774,13.34323801835425,13.34323801835425,12.633397993280774,0
2000-08-11,12.132610045442034,12.633397993280774,12.633397993280774,12.132610045442034,0
2000-08-14,12.469388358455351,12.132610045442034,12.469388358455351,12.132610045442034,0
2000-08-15,12.999026028412912,12.469388358455351,12.999026028412912,12.469388358455351,0
2000-08-16,12.998020151398807,12.999026028412912,12.999026028412912,12.998020151398807,0
2000-08-17,13.259073781831713,12.998020151398807,13.259073781831713,12.998020151398807,0
2000-08-18,13.769713447299521,13.259073781831713,13.769713447299521,13.259073781831713,0
2000-08-21,13.62483615549379,13.769713447299521,13.769713447299521,13.62483615549379,0
2000-08-22,13.695299501893144,13.62483615549379,13.695299501893144,13.62483615549379,0
2000-08-23,13.694239746574544,13.695299501893144,13.695299501893144,13.694239746574544,0
2000-08-24,14.141293528639657,13.694239746574544,14.141293528639657,13.694239746574544,0
2000-08-25,14.577285672869102,14.141293528639657,14.577285672869102,14.141293528639657,0
2000-08-28,14.419018791070457,14.577285672869102,14.577285672869102,14.419018791070457,0
2000-08-29,14.555784059939034,14.419018791070457,14.555784059939034,14.419018791070457,0
2000-08-30,14.702429677591718,14.555784059939034,14.702429677591718,14.555784059939034,0
2000-08-31,14.664158543514196,14.702429677591718,14.702429677591718,14.664158543514196,0
2000-09-01,15.47873177930899,14.664158543514196,15.47873177930899,14.664158543514196,0
2000-09-05,15.782164451692744,15.47873177930899,15.782164451692744,15.47873177930899,0
2000-09-06,14.81978360527393,15.782164451692744,15.782164451692744,14.81978360527393,0
2000-09-07,13.776042965855744,14.81978360527393,14.81978360527393,13.776042965855744,0
2000-09-08,14.384865656336272,13.776042965855744,14.384865656336272,13.776042965855744,0
2000-09-11,13.504159725592753,14.384865656336272,14.384865656336272,13.504159725592753,0
2000-09-12,12.846544691975318,13.504159725592753,13.504159725592753,12.846544691975318,0
2000-09-13,12.447605445626097,12.846544691975318,12.846544691975318,12.447605445626097,0
2000-09-14,13.0255994261516,12.447605445626097,13.0255994261516,12.447605445626097,0
2000-09-15,12.885275061756975,13.0255994261516,13.0255994261516,12.885275061756975,0
2000-09-18,12.416678164892218,12.885275061756975,12.885275061756975,12.416678164892218,0
2000-09-19,12.024779580653709,12.416678164892218,12.416678164892218,12.024779580653709,0
2000-09-20,12.910225197490034,12.024779580653709,12.910225197490034,12.024779580653709,0
2000-09-21,13.30752725129397,12.910225197490034,13.30752725129397,12.910225197490034,0
2000-09-22,11.372780648630512,13.30752725129397,13.30752725129397,11.372780648630512,0
2000-09-25,12.716538566679967,11.372780648630512,12.716538566679967,11.372780648630512,0
2000-09-26,12.03996961038606,12.716538566679967,12.716538566679967,12.03996961038606,0
2000-09-27,11.764542716666156,12.03996961038606,12.03996961038606,11.764542716666156,0
2000-09-28,11.796520205051056,11.764542716666156,11.796520205051056,11.764542716666156,0
2000-09-29,12.322470857865838,11.796520205051056,12.322470857865838,11.796520205051056,0
2000-10-02,11.564496048030776,12.322470857865838,12.322470857865838,11.564496048030776,0
2000-10-03,11.042376762710838,11.564496048030776,11.564496048030776,11.042376762710838,0
2000-10-04,10.341436249884687,11.042376762710838,11.042376762710838,10.341436249884687,0
2000-10-05,10.740745456338097,10.341436249884687,10.740745456338097,10.341436249884687,0
2000-10-06,10.802639778686915,10.740745456338097,10.802639778686915,10.740745456338097,0
2000-10-09,10.078484991062385,10.802639778686915,10.802639778686915,10.078484991062385,0
2000-10-10,9.986626115713388,10.078484991062385,10.078484991062385,9.986626115713388,0
2000-10-11,8.943377923539039,9.986626115713388,9.986626115713388,8.943377923539039,0
2000-10-12,8.657193955343615,8.943377923539039,8.943377923539039,8.657193955343615,0
2000-10-13,8.2212007199995,8.657193955343615,8.657193955343615,8.2212007199995,0
2000-10-16,9.561126492538328,8.2212007199995,9.561126492538328,8.2212007199995,0
2000-10-17,9.736896758103923,9.561126492538328,9.736896758103923,9.561126492538328,0
2000-10-18,8.845575527675129,9.736896758103923,9.736896758103923,8.845575527675129,0
2000-10-19,8.788370754078752,8.845575527675129,8.845575527675129,8.788370754078752,0
2000-10-20,10.379176610433356,8.788370754078752,10.379176610433356,8.788370754078752,0
2000-10-23,10.68341164912009,10.379176610433356,10.68341164912009,10.379176610433356,0
2000-10-24,10.651640365391609,10.68341164912009,10.68341164912009,10.651640365391609,0
2000-10-25,9.739361077316522,10.651640365391609,10.651640365391609,9.739361077316522,0
2000-10-26,8.646626943513908,9.739361077316522,9.739361077316522,8.646626943513908,0
2000-10-27,9.090090868902736,8.646626943513908,9.090090868902736,8.646626943513908,0
2000-10-30,9.05381172554166,9.090090868902736,9.090090868902736,9.05381172554166,0
2000-10-31,8.382333873486713,9.05381172554166,9.05381172554166,8.382333873486713,0
2000-11-01,9.45997935472405,8.382333873486713,9.45997935472405,8.382333873486713,0
2000-11-02,9.29642345994938,9.45997935472405,9.45997935472405,9.29642345994938,0
2000-11-03,9.525237305854622,9.29642345994938,9.525237305854622,9.29642345994938,0
2000-11-06,9.771343863864667,9.525237305854622,9.771343863864667,9.525237305854622,0
2000-11-07,9.623543221391643,9.771343863864667,9.771343863864667,9.623543221391643,0
2000-11-08,9.549834122302448,9.623543221391643,9.623543221391643,9.549834122302448,0
2000-11-09,8.055573992933608,9.549834122302448,9.549834122302448,8.055573992933608,0
2000-11-10,8.05161707727163,8.055573992933608,8.055573992933608,8.05161707727163,0
2000-11-13,7.213262037529742,8.05161707727163,8.05161707727163,7.213262037529742,0
2000-11-14,7.234699128691718,7.213262037529742,7.234699128691718,7.213262037529742,0
2000-11-15,8.036419981206187,7.234699128691718,8.036419981206187,7.234699128691718,0
2000-11-16,8.360287302562265,8.036419981206187,8.360287302562265,8.036419981206187,0
2000-11-17,7.387206918612332,8.360287302562265,8.360287302562265,7.387206918612332,0
2000-11-20,7.37713413134044,7.387206918612332,7.387206918612332,7.37713413134044,0
2000-11-21,6.775120114200357,7.37713413134044,7.37713413134044,6.775120114200357,0
2000-11-22,6.753383638282522,6.775120114200357,6.775120114200357,6.753383638282522,0
2000-11-24,6.147718844024571,6.753383638282522,6.753383638282522,6.147718844024571,0
2000-11-27,6.850826798070849,6.147718844024571,6.850826798070849,6.147718844024571,0
2000-11-28,6.68008824420214,6.850826798070849,6.850826798070849,6.68008824420214,0
2000-11-29,5.890328711011401,6.68008824420214,6.68008824420214,5.890328711011401,0
2000-11-30,5.43709421659671,5.890328711011401,5.890328711011401,5.43709421659671,0
2000-12-01,5.444776896462444,5.43709421659671,5.444776896462444,5.43709421659671,0
2000-12-04,5.619945857011142,5.444776896462444,5.619945857011142,5.444776896462444,0
2000-12-05,5.795136089599357,5.619945857011142,5.795136089599357,5.619945857011142,0
2000-12-06,6.808832486399662,5.795136089599357,6.808832486399662,5.795136089599357,0
2000-12-07,6.290571585038487,6.808832486399662,6.808832486399662,6.290571585038487,0
2000-12-08,6.012560940239467,6.290571585038487,6.290571585038487,6.012560940239467,0
2000-12-11,6.2833376914185,6.012560940239467,6.2833376914185,6.012560940239467,0
2000-12-12,7.460974108263303,6.2833376914185,7.460974108263303,6.2833376914185,0
2000-12-13,6.91493537964521,7.460974108263303,7.460974108263303,6.91493537964521,0
2000-12-14,6.3504715118393635,6.91493537964521,6.91493537964521,6.3504715118393635,0
2000-12-15,5.729223384521557,6.3504715118393635,6.3504715118393635,5.729223384521557,0
2000-12-18,5.465870063606788,5.729223384521557,5.729223384521557,5.465870063606788,0
2000-12-19,5.486839584824948,5.465870063606788,5.486839584824948,5.465870063606788,0
2000-12-20,4.650531001608875,5.486839584824948,5.486839584824948,4.650531001608875,0
2000-12-21,4.116785828684169,4.650531001608875,4.650531001608875,4.116785828684169,0
2000-12-22,4.16493936287052,4.116785828684169,4.16493936287052,4.116785828684169,0
2000-12-26,4.823946309935254,4.16493936287052,4.823946309935254,4.16493936287052,0
2000-12-27,4.883375914495802,4.823946309935254,4.883375914495802,4.823946309935254,0
2000-12-28,4.993303035072184,4.883375914495802,4.993303035072184,4.883375914495802,0
2000-12-29,4.972638152229025,4.993303035072184,4.993303035072184,4.972638152229025,0
2001-01-02,4.476505630367117,4.972638152229025,4.972638152229025,4.476505630367117,0
2001-01-03,3.718891526520058,4.476505630367117,4.476505630367117,3.718891526520058,0
2001-01-04,4.9712847307082555,3.718891526520058,4.9712847307082555,3.718891526520058,0
2001-01-05,4.791754801635242,4.9712847307082555,4.9712847307082555,4.791754801635242,0
2001-01-08,4.058698407884035,4.791754801635242,4.791754801635242,4.058698407884035,0
2001-01-09,4.147982073912865,4.058698407884035,4.147982073912865,4.058698407884035,0
2001-01-10,4.147661099109527,4.147982073912865,4.147982073912865,4.147661099109527,0
2001-01-11,4.572974456550003,4.147661099109527,4.572974456550003,4.147661099109527,0
2001-01-12,4.8385418700587435,4.572974456550003,4.8385418700587435,4.572974456550003,0
2001-01-16,4.962674306703849,4.8385418700587435,4.962674306703849,4.8385418700587435,0
2001-01-17,4.843632378149439,4.962674306703849,4.962674306703849,4.843632378149439,0
2001-01-18,5.138733235428674,4.843632378149439,5.138733235428674,4.843632378149439,0
2001-01-19,5.57075524096756,5.138733235428674,5.57075524096756,5.138733235428674,0
2001-01-22,5.5284780798835875,5.57075524096756,5.57075524096756,5.5284780798835875,0
2001-01-23,5.538468720131134,5.5284780798835875,5.538468720131134,5.5284780798835875,0
2001-01-24,5.770116822863599,5.538468720131134,5.770116822863599,5.538468720131134,0
2001-01-25,5.660573348922175,5.770116822863599,5.770116822863599,5.660573348922175,0
2001-01-26,5.2174073130802805,5.660573348922175,5.660573348922175,5.2174073130802805,0
2001-01-29,5.386369268114197,5.2174073130802805,5.386369268114197,5.2174073130802805,0
2001-01-30,5.624775714450183,5.386369268114197,5.624775714450183,5.386369268114197,0
2001-01-31,5.582362202883877,5.624775714450183,5.624775714450183,5.582362202883877,0
2001-02-01,5.172142440369154,5.582362202883877,5.582362202883877,5.172142440369154,0
2001-02-02,5.308481866770613,5.172142440369154,5.308481866770613,5.172142440369154,0
2001-02-05,4.721408594159792,5.308481866770613,5.308481866770613,4.721408594159792,0
2001-02-06,4.713376275850872,4.721408594159792,4.721408594159792,4.713376275850872,0
2001-02-07,4.728336008407913,4.713376275850872,4.728336008407913,4.713376275850872,0
2001-02-08,4.57445530829611,4.728336008407913,4.728336008407913,4.57445530829611,0
2001-02-09,4.30083914314408,4.57445530829611,4.57445530829611,4.30083914314408,0
2001-02-12,3.950821626708067,4.30083914314408,4.30083914314408,3.950821626708067,0
2001-02-13,4.045784339837406,3.950821626708067,4.045784339837406,3.950821626708067,0
2001-02-14,3.7860533621713692,4.045784339837406,4.045784339837406,3.7860533621713692,0
2001-02-15,4.087273622927994,3.7860533621713692,4.087273622927994,3.7860533621713692,0
2001-02-16,4.222129956362832,4.087273622927994,4.222129956362832,4.087273622927994,0
2001-02-20,3.7489843141149786,4.222129956362832,4.222129956362832,3.7489843141149786,0
2001-02-21,3.4576437864451273,3.7489843141149786,3.7489843141149786,3.4576437864451273,0
2001-02-22,3.262930804206917,3.4576437864451273,3.4576437864451273,3.262930804206917,0
2001-02-23,3.1993169381937885,3.262930804206917,3.262930804206917,3.1993169381937885,0
2001-02-26,3.2216547716302353,3.1993169381937885,3.2216547716302353,3.1993169381937885,0
2001-02-27,3.343524261001396,3.2216547716302353,3.343524261001396,3.2216547716302353,0
2001-02-28,2.9393493235222983,3.343524261001396,3.343524261001396,2.9393493235222983,0
2001-03-01,2.753164245094153,2.9393493235222983,2.9393493235222983,2.753164245094153,0
2001-03-02,2.909611795728493,2.753164245094153,2.909611795728493,2.753164245094153,0
2001-03-05,2.658966964137111,2.909611795728493,2.909611795728493,2.658966964137111,0
2001-03-06,2.755553432286263,2.658966964137111,2.755553432286263,2.658966964137111,0
2001-03-07,2.9697599241763206,2.755553432286263,2.9697599241763206,2.755553432286263,0
2001-03-08,2.9719354192291045,2.9697599241763206,2.9719354192291045,2.9697599241763206,0
2001-03-09,2.8610527383258124,2.9719354192291045,2.9719354192291045,2.8610527383258124,0
2001-03-12,2.459693959281825,2.8610527383258124,2.8610527383258124,2.459693959281825,0
2001-03-13,2.1540874663959255,2.459693959281825,2.459693959281825,2.1540874663959255,0
2001-03-14,2.372893192280791,2.1540874663959255,2.372893192280791,2.1540874663959255,0
2001-03-15,2.2979743158515014,2.372893192280791,2.372893192280791,2.2979743158515014,0
2001-03-16,2.129715041959462,2.2979743158515014,2.2979743158515014,2.129715041959462,0
2001-03-19,2.0335498187668186,2.129715041959462,2.129715041959462,2.0335498187668186,0
2001-03-20,2.2367496771102346,2.0335498187668186,2.2367496771102346,2.0335498187668186,0
2001-03-21,1.9356543378655764,2.2367496771102346,2.2367496771102346,1.9356543378655764,0
2001-03-22,1.9355045550894323,1.9356543378655764,1.9356543378655764,1.9355045550894323,0
2001-03-23,2.1703944180092267,1.9355045550894323,2.1703944180092267,1.9355045550894323,0
2001-03-26,2.170226470822119,2.1703944180092267,2.1703944180092267,2.170226470822119,0
2001-03-27,2.0696605606507483,2.170226470822119,2.170226470822119,2.0696605606507483,0
2001-03-28,2.21206535069164,2.0696605606507483,2.21206535069164,2.0696605606507483,0
2001-03-29,1.8487567979551374,2.21206535069164,2.21206535069164,1.8487567979551374,0
2001-03-30,1.7787617902968436,1.8487567979551374,1.8487567979551374,1.7787617902968436,0
2001-04-02,1.7968915503784089,1.7787617902968436,1.7968915503784089,1.7787617902968436,0
2001-04-03,1.6361106589528498,1.7968915503784089,1.7968915503784089,1.6361106589528498,0
2001-04-04,1.3962555765666513,1.6361106589528498,1.6361106589528498,1.3962555765666513,0
2001-04-05,1.3469987994919628,1.3962555765666513,1.3962555765666513,1.3469987994919628,0
2001-04-06,1.6048232508237277,1.3469987994919628,1.6048232508237277,1.3469987994919628,0
2001-04-09,1.4877024290659244,1.6048232508237277,1.6048232508237277,1.4877024290659244,0
2001-04-10,1.578629147441026,1.4877024290659244,1.578629147441026,1.4877024290659244,0
2001-04-11,1.8128519101986575,1.578629147441026,1.8128519101986575,1.578629147441026,0
2001-04-12,1.9220288875496683,1.8128519101986575,1.9220288875496683,1.8128519101986575,0
2001-04-16,2.090643215693956,1.9220288875496683,2.090643215693956,1.9220288875496683,0
2001-04-17,1.8413626457947903,2.090643215693956,2.090643215693956,1.8413626457947903,0
2001-04-18,1.9327161595058135,1.8413626457947903,1.9327161595058135,1.8413626457947903,0
2001-04-19,2.335510277013395,1.9327161595058135,2.335510277013395,1.9327161595058135,0
2001-04-20,2.61733580484732,2.335510277013395,2.61733580484732,2.335510277013395,0
2001-04-23,2.627969050379044,2.61733580484732,2.627969050379044,2.61733580484732,0
2001-04-24,2.274835053630208,2.627969050379044,2.627969050379044,2.274835053630208,0
2001-04-25,2.189004924763012,2.274835053630208,2.274835053630208,2.189004924763012,0
2001-04-26,2.267898318698512,2.189004924763012,2.267898318698512,2.189004924763012,0
2001-04-27,2.1520638860052212,2.267898318698512,2.267898318698512,2.1520638860052212,0
2001-04-30,2.2694171000488734,2.1520638860052212,2.2694171000488734,2.1520638860052212,0
2001-05-01,2.3697690636525994,2.2694171000488734,2.3697690636525994,2.2694171000488734,0
2001-05-02,2.5647170312014986,2.3697690636525994,2.5647170312014986,2.3697690636525994,0
2001-05-03,2.663794831340851,2.5647170312014986,2.663794831340851,2.5647170312014986,0
2001-05-04,2.4264685311240277,2.663794831340851,2.663794831340851,2.4264685311240277,0
2001-05-07,2.5714553093088135,2.4264685311240277,2.5714553093088135,2.4264685311240277,0
2001-05-08,2.464555383878402,2.5714553093088135,2.5714553093088135,2.464555383878402,0
2001-05-09,2.568796539630539,2.464555383878402,2.568796539630539,2.464555383878402,0
2001-05-10,2.3927245680713374,2.568796539630539,2.568796539630539,2.3927245680713374,0
2001-05-11,2.3123519819165668,2.3927245680713374,2.3927245680713374,2.3123519819165668,0
2001-05-14,2.2899456587180613,2.3123519819165668,2.3123519819165668,2.2899456587180613,0
2001-05-15,2.216369076733259,2.2899456587180613,2.2899456587180613,2.216369076733259,0
2001-05-16,2.2488342997147446,2.216369076733259,2.2488342997147446,2.216369076733259,0
2001-05-17,2.44789553890397,2.2488342997147446,2.44789553890397,2.2488342997147446,0
2001-05-18,2.525579612361044,2.44789553890397,2.525579612361044,2.44789553890397,0
2001-05-21,2.5401480377688173,2.525579612361044,2.5401480377688173,2.525579612361044,0
2001-05-22,2.8582630286422375,2.5401480377688173,2.8582630286422375,2.5401480377688173,0
2001-05-23,2.8412464097533054,2.8582630286422375,2.8582630286422375,2.8412464097533054,0
2001-05-24,2.5898340727397686,2.8412464097533054,2.8412464097533054,2.5898340727397686,0
2001-05-25,2.722719308020981,2.5898340727397686,2.722719308020981,2.5898340727397686,0
2001-05-29,2.6232022887398827,2.722719308020981,2.722719308020981,2.6232022887398827,0
2001-05-30,2.3156458452227806,2.6232022887398827,2.6232022887398827,2.3156458452227806,0
2001-05-31,2.1457624378330684,2.3156458452227806,2.3156458452227806,2.1457624378330684,0
2001-06-01,2.174571183724232,2.1457624378330684,2.174571183724232,2.1457624378330684,0
2001-06-04,2.3027486961946884,2.174571183724232,2.3027486961946884,2.174571183724232,0
2001-06-05,2.2805668541872572,2.3027486961946884,2.3027486961946884,2.2805668541872572,0
2001-06-06,2.4814283333176337,2.2805668541872572,2.4814283333176337,2.2805668541872572,0
2001-06-07,2.4428605467692663,2.4814283333176337,2.4814283333176337,2.4428605467692663,0
2001-06-08,2.568209377490008,2.4428605467692663,2.568209377490008,2.4428605467692663,0
2001-06-11,2.425623781403464,2.568209377490008,2.568209377490008,2.425623781403464,0
2001-06-12,2.292246859026437,2.425623781403464,2.425623781403464,2.292246859026437,0
2001-06-13,2.2671816795189876,2.292246859026437,2.292246859026437,2.2671816795189876,0
2001-06-14,2.1432494136904974,2.2671816795189876,2.2671816795189876,2.1432494136904974,0
2001-06-15,1.9217849303896226,2.1432494136904974,2.1432494136904974,1.9217849303896226,0
2001-06-18,1.9534755726090867,1.9217849303896226,1.9534755726090867,1.9217849303896226,0
2001-06-19,1.901047588460992,1.9534755726090867,1.9534755726090867,1.901047588460992,0
2001-06-20,1.881903679816211,1.901047588460992,1.901047588460992,1.881903679816211,0
2001-06-21,1.9672573700397702,1.881903679816211,1.9672573700397702,1.881903679816211,0
2001-06-22,2.020462752800381,1.9672573700397702,2.020462752800381,1.9672573700397702,0
2001-06-25,2.010984431501686,2.020462752800381,2.020462752800381,2.010984431501686,0
2001-06-26,2.02105680393645,2.010984431501686,2.02105680393645,2.010984431501686,0
2001-06-27,2.034885533818482,2.02105680393645,2.034885533818482,2.02105680393645,0
2001-06-28,2.0609158699518764,2.034885533818482,2.0609158699518764,2.034885533818482,0
2001-06-29,2.113470499624258,2.0609158699518764,2.113470499624258,2.0609158699518764,0
2001-07-02,2.241975480520203,2.113470499624258,2.241975480520203,2.113470499624258,0
2001-07-03,2.217268708880476,2.241975480520203,2.241975480520203,2.217268708880476,0
2001-07-05,2.235636937992447,2.217268708880476,2.235636937992447,2.217268708880476,0
2001-07-06,2.020912406451127,2.235636937992447,2.235636937992447,2.020912406451127,0
2001-07-09,1.8533173462101573,2.020912406451127,2.020912406451127,1.8533173462101573,0
2001-07-10,1.8852112502673712,1.8533173462101573,1.8852112502673712,1.8533173462101573,0
2001-07-11,1.7495429991572846,1.8852112502673712,1.8852112502673712,1.7495429991572846,0
2001-07-12,1.7926046845396706,1.7495429991572846,1.7926046845396706,1.7495429991572846,0
2001-07-13,2.019822121239215,1.7926046845396706,2.019822121239215,1.7926046845396706,0
2001-07-16,1.9779698608514586,2.019822121239215,2.019822121239215,1.9779698608514586,0
2001-07-17,1.9044743230782388,1.9779698608514586,1.9779698608514586,1.9044743230782388,0
2001-07-18,1.9897696784797017,1.9044743230782388,1.9897696784797017,1.9044743230782388,0
2001-07-19,1.837972225533552,1.9897696784797017,1.9897696784797017,1.837972225533552,0
2001-07-20,1.9252030460988805,1.837972225533552,1.9252030460988805,1.837972225533552,0
2001-07-23,1.8356590891339677,1.9252030460988805,1.9252030460988805,1.8356590891339677,0
2001-07-24,1.7438436588157056,1.8356590891339677,1.8356590891339677,1.7438436588157056,0
2001-07-25,1.7042028597902186,1.7438436588157056,1.7438436588157056,1.7042028597902186,0
2001-07-26,1.7337838411073994,1.7042028597902186,1.7337838411073994,1.7042028597902186,0
2001-07-27,1.7850206331438507,1.7337838411073994,1.7850206331438507,1.7337838411073994,0
2001-07-30,1.8587142932433083,1.7850206331438507,1.8587142932433083,1.7850206331438507,0
2001-07-31,1.8364173120305667,1.8587142932433083,1.8587142932433083,1.8364173120305667,0
2001-08-01,1.8415584648601064,1.8364173120305667,1.8415584648601064,1.8364173120305667,0
2001-08-02,1.9596019345824798,1.8415584648601064,1.9596019345824798,1.8415584648601064,0
2001-08-03,2.033106558446802,1.9596019345824798,2.033106558446802,1.9596019345824798,0
2001-08-06,1.9653466990958286,2.033106558446802,2.033106558446802,1.9653466990958286,0
2001-08-07,1.9032953143496463,1.9653466990958286,1.9653466990958286,1.9032953143496463,0
2001-08-08,1.8834421910048043,1.9032953143496463,1.9032953143496463,1.8834421910048043,0
2001-08-09,1.7247112500575903,1.8834421910048043,1.8834421910048043,1.7247112500575903,0
2001-08-10,1.7390558426893572,1.7247112500575903,1.7390558426893572,1.7247112500575903,0
2001-08-13,1.705567872372631,1.7390558426893572,1.7390558426893572,1.705567872372631,0
2001-08-14,1.7748791545986458,1.705567872372631,1.7748791545986458,1.705567872372631,0
2001-08-15,1.7315581433443945,1.7748791545986458,1.7748791545986458,1.7315581433443945,0
2001-08-16,1.6034764049452561,1.7315581433443945,1.7315581433443945,1.6034764049452561,0
2001-08-17,1.6410807243242942,1.6034764049452561,1.6410807243242942,1.6034764049452561,0
2001-08-20,1.4916141860397327,1.6410807243242942,1.6410807243242942,1.4916141860397327,0
2001-08-21,1.5325785876210423,1.4916141860397327,1.5325785876210423,1.4916141860397327,0
2001-08-22,1.4051460773136186,1.5325785876210423,1.5325785876210423,1.4051460773136186,0
2001-08-23,1.4816327058061451,1.4051460773136186,1.4816327058061451,1.4051460773136186,0
2001-08-24,1.4524298185022944,1.4816327058061451,1.4816327058061451,1.4524298185022944,0
2001-08-27,1.606433338898591,1.4524298185022944,1.606433338898591,1.4524298185022944,0
2001-08-28,1.6103945801481785,1.606433338898591,1.6103945801481785,1.606433338898591,0
2001-08-29,1.5095960923691658,1.6103945801481785,1.6103945801481785,1.5095960923691658,0
2001-08-30,1.4651262904888445,1.5095960923691658,1.5095960923691658,1.4651262904888445,0
2001-08-31,1.3565717311006065,1.4651262904888445,1.4651262904888445,1.3565717311006065,0
2001-09-04,1.390971016032827,1.3565717311006065,1.390971016032827,1.3565717311006065,0
2001-09-05,1.3027645265091283,1.390971016032827,1.390971016032827,1.3027645265091283,0
2001-09-06,1.2923803099141782,1.3027645265091283,1.3027645265091283,1.2923803099141782,0
2001-09-07,1.18766099522271,1.2923803099141782,1.2923803099141782,1.18766099522271,0
2001-09-10,1.173555979114923,1.18766099522271,1.18766099522271,1.173555979114923,0
2001-09-17,1.2013244699365924,1.173555979114923,1.2013244699365924,1.173555979114923,0
2001-09-18,0.9968999516022119,1.2013244699365924,1.2013244699365924,0.9968999516022119,0
2001-09-19,0.9520897508927669,0.9968999516022119,0.9968999516022119,0.9520897508927669,0
2001-09-20,0.9189273683501676,0.9520897508927669,0.9520897508927669,0.9189273683501676,0
2001-09-21,0.8575323474334055,0.9189273683501676,0.9189273683501676,0.8575323474334055,0
2001-09-24,0.8112902309245595,0.8575323474334055,0.8575323474334055,0.8112902309245595,0
2001-09-25,0.8929603499577183,0.8112902309245595,0.8929603499577183,0.8112902309245595,0
2001-09-26,0.898319511685111,0.8929603499577183,0.898319511685111,0.8929603499577183,0
2001-09-27,0.8359423164857691,0.898319511685111,0.898319511685111,0.8359423164857691,0
2001-09-28,0.8247974092324039,0.8359423164857691,0.8359423164857691,0.8247974092324039,0
2001-10-01,0.8536938153561443,0.8247974092324039,0.8536938153561443,0.8247974092324039,0
2001-10-02,0.8388988488701778,0.8536938153561443,0.8536938153561443,0.8388988488701778,0
2001-10-03,0.844090024974772,0.8388988488701778,0.844090024974772,0.8388988488701778,0
2001-10-04,0.9717221769032669,0.844090024974772,0.9717221769032669,0.844090024974772,0
2001-10-05,0.9904549308031807,0.9717221769032669,0.9904549308031807,0.9717221769032669,0
2001-10-08,1.0194904967161116,0.9904549308031807,1.0194904967161116,0.9904549308031807,0
2001-10-09,1.0258318126735766,1.0194904967161116,1.0258318126735766,1.0194904967161116,0
2001-10-10,0.9761672452638367,1.0258318126735766,1.0258318126735766,0.9761672452638367,0
2001-10-11,1.0646344105172252,0.9761672452638367,1.0646344105172252,0.9761672452638367,0
2001-10-12,1.2086862904342468,1.0646344105172252,1.2086862904342468,1.0646344105172252,0
2001-10-15,1.1981434188911082,1.2086862904342468,1.2086862904342468,1.1981434188911082,0
2001-10-16,1.1876467547408172,1.1981434188911082,1.1981434188911082,1.1876467547408172,0
2001-10-17,1.2262234087486998,1.1876467547408172,1.2262234087486998,1.1876467547408172,0
2001-10-18,1.050051298842069,1.2262234087486998,1.2262234087486998,1.050051298842069,0
2001-10-19,1.1069214761869022,1.050051298842069,1.1069214761869022,1.050051298842069,0
2001-10-22,1.1214499488502996,1.1069214761869022,1.1214499488502996,1.1069214761869022,0
2001-10-23,1.181530191820917,1.1214499488502996,1.181530191820917,1.1214499488502996,0
2001-10-24,1.193785817292144,1.181530191820917,1.193785817292144,1.181530191820917,0
2001-10-25,1.245402374165315,1.193785817292144,1.245402374165315,1.193785817292144,0
2001-10-26,1.3452745716700794,1.245402374165315,1.3452745716700794,1.245402374165315,0
2001-10-29,1.2874120373389824,1.3452745716700794,1.3452745716700794,1.2874120373389824,0
2001-10-30,1.1464518365883003,1.2874120373389824,1.2874120373389824,1.1464518365883003,0
2001-10-31,1.1019059850663881,1.1464518365883003,1.1464518365883003,1.1019059850663881,0
2001-11-01,1.1361519096268824,1.1019059850663881,1.1361519096268824,1.1019059850663881,0
2001-11-02,1.232586910890208,1.1361519096268824,1.232586910890208,1.1361519096268824,0
2001-11-05,1.250627640438064,1.232586910890208,1.250627640438064,1.232586910890208,0
2001-11-06,1.3320321599124219,1.250627640438064,1.3320321599124219,1.250627640438064,0
2001-11-07,1.435564579264815,1.3320321599124219,1.435564579264815,1.3320321599124219,0
2001-11-08,1.4316957084481117,1.435564579264815,1.435564579264815,1.4316957084481117,0
2001-11-09,1.4023029159788147,1.4316957084481117,1.4316957084481117,1.4023029159788147,0
2001-11-12,1.4007094734417753,1.4023029159788147,1.4023029159788147,1.4007094734417753,0
2001-11-13,1.4206480871857514,1.4007094734417753,1.4206480871857514,1.4007094734417753,0
2001-11-14,1.522226404890522,1.4206480871857514,1.522226404890522,1.4206480871857514,0
2001-11-15,1.5437667707119165,1.522226404890522,1.5437667707119165,1.522226404890522,0
2001-11-16,1.531184198306643,1.5437667707119165,1.5437667707119165,1.531184198306643,0
2001-11-19,1.5225340106492273,1.531184198306643,1.531184198306643,1.5225340106492273,0
2001-11-20,1.6090422096554484,1.5225340106492273,1.6090422096554484,1.5225340106492273,0
2001-11-21,1.4602938006232105,1.6090422096554484,1.6090422096554484,1.4602938006232105,0
2001-11-23,1.4450548115965698,1.4602938006232105,1.4602938006232105,1.4450548115965698,0
2001-11-26,1.5096361072253244,1.4450548115965698,1.5096361072253244,1.4450548115965698,0
2001-11-27,1.584078380482909,1.5096361072253244,1.584078380482909,1.5096361072253244,0
2001-11-28,1.5800221942633614,1.584078380482909,1.584078380482909,1.5800221942633614,0
2001-11-29,1.465914718752127,1.5800221942633614,1.5800221942633614,1.465914718752127,0
2001-11-30,1.5565951782145933,1.465914718752127,1.5565951782145933,1.465914718752127,0
2001-12-03,1.5330971086412648,1.5565951782145933,1.5565951782145933,1.5330971086412648,0
2001-12-04,1.4803942334409215,1.5330971086412648,1.5330971086412648,1.4803942334409215,0
2001-12-05,1.6215935757832525,1.4803942334409215,1.6215935757832525,1.4803942334409215,0
2001-12-06,1.7819199536036698,1.6215935757832525,1.7819199536036698,1.6215935757832525,0
2001-12-07,1.7867713321138334,1.7819199536036698,1.7867713321138334,1.7819199536036698,0
2001-12-10,1.6883646723811765,1.7867713321138334,1.7867713321138334,1.6883646723811765,0
2001-12-11,1.6291624151040378,1.6883646723811765,1.6883646723811765,1.6291624151040378,0
2001-12-12,1.6473165220793868,1.6291624151040378,1.6473165220793868,1.6291624151040378,0
2001-12-13,1.6735548120920283,1.6473165220793868,1.6735548120920283,1.6473165220793868,0
2001-12-14,1.5284597169695948,1.6735548120920283,1.6735548120920283,1.5284597169695948,0
2001-12-17,1.5552526648427958,1.5284597169695948,1.5552526648427958,1.5284597169695948,0
2001-12-18,1.608640581407696,1.5552526648427958,1.608640581407696,1.5552526648427958,0
2001-12-19,1.644790382736061,1.608640581407696,1.644790382736061,1.608640581407696,0
2001-12-20,1.5848655285382842,1.644790382736061,1.644790382736061,1.5848655285382842,0
2001-12-21,1.4501613049600721,1.5848655285382842,1.5848655285382842,1.4501613049600721,0
2001-12-24,1.5016398582413948,1.4501613049600721,1.5016398582413948,1.4501613049600721,0
2001-12-26,1.4893528875188038,1.5016398582413948,1.5016398582413948,1.4893528875188038,0
2001-12-27,1.5172689083765498,1.4893528875188038,1.5172689083765498,1.4893528875188038,0
2001-12-28,1.5416162414424375,1.5172689083765498,1.5416162414424375,1.5172689083765498,0
2001-12-31,1.5661568676926412,1.5416162414424375,1.5661568676926412,1.5416162414424375,0
2002-01-02,1.455747112059076,1.5661568676926412,1.5661568676926412,1.455747112059076,0
2002-01-03,1.5454267890064326,1.455747112059076,1.5454267890064326,1.455747112059076,0
2002-01-04,1.6524203297437332,1.5454267890064326,1.6524203297437332,1.5454267890064326,0
2002-01-07,1.665830509934923,1.6524203297437332,1.665830509934923,1.6524203297437332,0
2002-01-08,1.6289216404891487,1.665830509934923,1.665830509934923,1.6289216404891487,0
2002-01-09,1.6509328105528964,1.6289216404891487,1.6509328105528964,1.6289216404891487,0
2002-01-10,1.6205623403088467,1.6509328105528964,1.6509328105528964,1.6205623403088467,0
2002-01-11,1.641724619662203,1.6205623403088467,1.641724619662203,1.6205623403088467,0
2002-01-14,1.5995415603232364,1.641724619662203,1.641724619662203,1.5995415603232364,0
2002-01-15,1.5297198446548477,1.5995415603232364,1.5995415603232364,1.5297198446548477,0
2002-01-16,1.5586966818982257,1.5297198446548477,1.5586966818982257,1.5297198446548477,0
2002-01-17,1.4380207673784067,1.5586966818982257,1.5586966818982257,1.4380207673784067,0
2002-01-18,1.5024317217101448,1.4380207673784067,1.5024317217101448,1.4380207673784067,0
2002-01-22,1.421984786351263,1.5024317217101448,1.5024317217101448,1.421984786351263,0
2002-01-23,1.3341740002812736,1.421984786351263,1.421984786351263,1.3341740002812736,0
2002-01-24,1.407559461483855,1.3341740002812736,1.407559461483855,1.3341740002812736,0
2002-01-25,1.444806716559879,1.407559461483855,1.444806716559879,1.407559461483855,0
2002-01-28,1.4365328656340508,1.444806716559879,1.444806716559879,1.4365328656340508,0
2002-01-29,1.4526999742966928,1.4365328656340508,1.4526999742966928,1.4365328656340508,0
2002-01-30,1.3729777595350765,1.4526999742966928,1.4526999742966928,1.3729777595350765,0
2002-01-31,1.3938383291295098,1.3729777595350765,1.3938383291295098,1.3729777595350765,0
2002-02-01,1.4112126300822523,1.3938383291295098,1.4112126300822523,1.3938383291295098,0
2002-02-04,1.3839871750585144,1.4112126300822523,1.4112126300822523,1.3839871750585144,0
2002-02-05,1.2953382757347416,1.3839871750585144,1.3839871750585144,1.2953382757347416,0
2002-02-06,1.2524340059553674,1.2953382757347416,1.2953382757347416,1.2524340059553674,0
2002-02-07,1.2350912863028245,1.2524340059553674,1.2524340059553674,1.2350912863028245,0
2002-02-08,1.1753992178758443,1.2350912863028245,1.2350912863028245,1.1753992178758443,0
2002-02-11,1.2407747936596998,1.1753992178758443,1.2407747936596998,1.1753992178758443,0
2002-02-12,1.272237756277378,1.2407747936596998,1.272237756277378,1.2407747936596998,0
2002-02-13,1.2513008208449778,1.272237756277378,1.272237756277378,1.2513008208449778,0
2002-02-14,1.293914142428316,1.2513008208449778,1.293914142428316,1.2513008208449778,0
2002-02-15,1.2889102112411102,1.293914142428316,1.293914142428316,1.2889102112411102,0
2002-02-19,1.2119231795773435,1.2889102112411102,1.2889102112411102,1.2119231795773435,0
2002-02-20,1.1373112512098242,1.2119231795773435,1.2119231795773435,1.1373112512098242,0
2002-02-21,1.1680504411816401,1.1373112512098242,1.1680504411816401,1.1373112512098242,0
2002-02-22,1.0569709886486391,1.1680504411816401,1.1680504411816401,1.0569709886486391,0
2002-02-25,1.0676234741257429,1.0569709886486391,1.0676234741257429,1.0569709886486391,0
2002-02-26,1.153838423100731,1.0676234741257429,1.153838423100731,1.0676234741257429,0
2002-02-27,1.1451801932854793,1.153838423100731,1.153838423100731,1.1451801932854793,0
2002-02-28,1.1135722736086762,1.1451801932854793,1.1451801932854793,1.1135722736086762,0
2002-03-01,1.0733472751193391,1.1135722736086762,1.1135722736086762,1.0733472751193391,0
2002-03-04,1.1978195009669996,1.0733472751193391,1.1978195009669996,1.0733472751193391,0
2002-03-05,1.2922389492332809,1.1978195009669996,1.2922389492332809,1.1978195009669996,0
2002-03-06,1.3109214779642795,1.2922389492332809,1.3109214779642795,1.2922389492332809,0
2002-03-07,1.3234328992993547,1.3109214779642795,1.3234328992993547,1.3109214779642795,0
2002-03-08,1.32896217101425,1.3234328992993547,1.32896217101425,1.3234328992993547,0
2002-03-11,1.3986938635656376,1.32896217101425,1.3986938635656376,1.32896217101425,0
2002-03-12,1.3884576557183912,1.3986938635656376,1.3986938635656376,1.3884576557183912,0
2002-03-13,1.3501515446422518,1.3884576557183912,1.3884576557183912,1.3501515446422518,0
2002-03-14,1.2846727166352871,1.3501515446422518,1.3501515446422518,1.2846727166352871,0
2002-03-15,1.2693280443962853,1.2846727166352871,1.2846727166352871,1.2693280443962853,0
2002-03-18,1.2947131350007781,1.2693280443962853,1.2947131350007781,1.2693280443962853,0
2002-03-19,1.309218183699764,1.2947131350007781,1.309218183699764,1.2947131350007781,0
2002-03-20,1.304922563453063,1.309218183699764,1.309218183699764,1.304922563453063,0
2002-03-21,1.2126587835037468,1.304922563453063,1.304922563453063,1.2126587835037468,0
2002-03-22,1.27713259731822,1.2126587835037468,1.27713259731822,1.2126587835037468,0
2002-03-25,1.2535736386551855,1.27713259731822,1.27713259731822,1.2535736386551855,0
2002-03-26,1.1769238067637025,1.2535736386551855,1.2535736386551855,1.1769238067637025,0
2002-03-27,1.198676117876798,1.1769238067637025,1.198676117876798,1.1769238067637025,0
2002-03-28,1.1798812552072735,1.198676117876798,1.198676117876798,1.1798812552072735,0
2002-04-01,1.2096091903537847,1.1798812552072735,1.2096091903537847,1.1798812552072735,0
2002-04-02,1.2558065447161817,1.2096091903537847,1.2558065447161817,1.2096091903537847,0
2002-04-03,1.1422595634145831,1.2558065447161817,1.2558065447161817,1.1422595634145831,0
2002-04-04,1.1382649014485506,1.1422595634145831,1.1422595634145831,1.1382649014485506,0
2002-04-05,1.120630285172836,1.1382649014485506,1.1382649014485506,1.120630285172836,0
2002-04-08,1.0953960044884934,1.120630285172836,1.120630285172836,1.0953960044884934,0
2002-04-09,1.1227212270552203,1.0953960044884934,1.1227212270552203,1.0953960044884934,0
2002-04-10,1.0445599176647977,1.1227212270552203,1.1227212270552203,1.0445599176647977,0
2002-04-11,1.0600277809980885,1.0445599176647977,1.0600277809980885,1.0445599176647977,0
2002-04-12,1.0073202799657353,1.0600277809980885,1.0600277809980885,1.0073202799657353,0
2002-04-15,1.0389879886705993,1.0073202799657353,1.0389879886705993,1.0073202799657353,0
2002-04-16,1.0556458107780542,1.0389879886705993,1.0556458107780542,1.0389879886705993,0
2002-04-17,1.143664956251501,1.0556458107780542,1.143664956251501,1.0556458107780542,0
2002-04-18,1.1318794494549318,1.143664956251501,1.143664956251501,1.1318794494549318,0
2002-04-19,1.0884817876228905,1.1318794494549318,1.1318794494549318,1.0884817876228905,0
2002-04-22,1.095368600495686,1.0884817876228905,1.095368600495686,1.0884817876228905,0
2002-04-23,1.0399754046699972,1.095368600495686,1.095368600495686,1.0399754046699972,0
2002-04-24,1.00398052731465,1.0399754046699972,1.0399754046699972,1.00398052731465,0
2002-04-25,0.9728801957440673,1.00398052731465,1.00398052731465,0.9728801957440673,0
2002-04-26,0.9680147642872947,0.9728801957440673,0.9728801957440673,0.9680147642872947,0
2002-04-29,0.8855304953487789,0.9680147642872947,0.9680147642872947,0.8855304953487789,0
2002-04-30,0.8900271205556918,0.8855304953487789,0.8900271205556918,0.8855304953487789,0
2002-05-01,0.9248497987552574,0.8900271205556918,0.9248497987552574,0.8900271205556918,0
2002-05-02,0.9148675860370554,0.9248497987552574,0.9248497987552574,0.9148675860370554,0
2002-05-03,0.8539217830559723,0.9148675860370554,0.9148675860370554,0.8539217830559723,0
2002-05-06,0.8107539490796751,0.8539217830559723,0.8539217830559723,0.8107539490796751,0
2002-05-07,0.768707835437767,0.8107539490796751,0.8107539490796751,0.768707835437767,0
2002-05-08,0.7543205589000818,0.768707835437767,0.768707835437767,0.7543205589000818,0
2002-05-09,0.9156392993944565,0.7543205589000818,0.9156392993944565,0.7543205589000818,0
2002-05-10,0.8683021376966116,0.9156392993944565,0.9156392993944565,0.8683021376966116,0
2002-05-13,0.790241175083989,0.8683021376966116,0.8683021376966116,0.790241175083989,0
2002-05-14,0.8543410749993491,0.790241175083989,0.8543410749993491,0.790241175083989,0
2002-05-15,0.954818978280191,0.8543410749993491,0.954818978280191,0.8543410749993491,0
2002-05-16,0.9688167185386719,0.954818978280191,0.9688167185386719,0.954818978280191,0
2002-05-17,0.9716931989931491,0.9688167185386719,0.9716931989931491,0.9688167185386719,0
2002-05-20,0.9757591339543908,0.9716931989931491,0.9757591339543908,0.9716931989931491,0
2002-05-21,0.9330137563114551,0.9757591339543908,0.9757591339543908,0.9330137563114551,0
2002-05-22,0.8819610722510337,0.9330137563114551,0.9330137563114551,0.8819610722510337,0
2002-05-23,0.8858336859775866,0.8819610722510337,0.8858336859775866,0.8819610722510337,0
2002-05-24,0.9213108711479324,0.8858336859775866,0.9213108711479324,0.8858336859775866,0
2002-05-28,0.8757923156126838,0.9213108711479324,0.9213108711479324,0.8757923156126838,0
2002-05-29,0.8678752737632527,0.8757923156126838,0.8757923156126838,0.8678752737632527,0
2002-05-30,0.8220423998989267,0.8678752737632527,0.8678752737632527,0.8220423998989267,0
2002-05-31,0.8360956801554249,0.8220423998989267,0.8360956801554249,0.8220423998989267,0
2002-06-03,0.8086538782824602,0.8360956801554249,0.8360956801554249,0.8086538782824602,0
2002-06-04,0.7515220861441494,0.8086538782824602,0.8086538782824602,0.7515220861441494,0
2002-06-05,0.7711723922668392,0.7515220861441494,0.7711723922668392,0.7515220861441494,0
2002-06-06,0.7868734454302129,0.7711723922668392,0.7868734454302129,0.7711723922668392,0
2002-06-07,0.7454253900242325,0.7868734454302129,0.7868734454302129,0.7454253900242325,0
2002-06-10,0.7154273064110195,0.7454253900242325,0.7454253900242325,0.7154273064110195,0
2002-06-11,0.7128438398534239,0.7154273064110195,0.7154273064110195,0.7128438398534239,0
2002-06-12,0.6729199985478133,0.7128438398534239,0.7128438398534239,0.6729199985478133,0
2002-06-13,0.6924722527869047,0.6729199985478133,0.6924722527869047,0.6729199985478133,0
2002-06-14,0.6834703797544973,0.6924722527869047,0.6924722527869047,0.6834703797544973,0
2002-06-17,0.6804548059589302,0.6834703797544973,0.6834703797544973,0.6804548059589302,0
2002-06-18,0.7267181326408518,0.6804548059589302,0.7267181326408518,0.6804548059589302,0
2002-06-19,0.7500717745244025,0.7267181326408518,0.7500717745244025,0.7267181326408518,0
2002-06-20,0.6631684324781918,0.7500717745244025,0.7500717745244025,0.6631684324781918,0
2002-06-21,0.620426649063032,0.6631684324781918,0.6631684324781918,0.620426649063032,0
2002-06-24,0.5903655065346157,0.620426649063032,0.620426649063032,0.5903655065346157,0
2002-06-25,0.6136415043845634,0.5903655065346157,0.6136415043845634,0.5903655065346157,0
2002-06-26,0.5730415861594572,0.6136415043845634,0.6136415043845634,0.5730415861594572,0
2002-06-27,0.5815505274553388,0.5730415861594572,0.5815505274553388,0.5730415861594572,0
2002-06-28,0.6068985847748855,0.5815505274553388,0.6068985847748855,0.5815505274553388,0
2002-07-01,0.6017573856214197,0.6068985847748855,0.6068985847748855,0.6017573856214197,0
2002-07-02,0.5440716696365145,0.6017573856214197,0.6017573856214197,0.5440716696365145,0
2002-07-03,0.5046196757157283,0.5440716696365145,0.5440716696365145,0.5046196757157283,0
2002-07-05,0.538292098183264,0.5046196757157283,0.538292098183264,0.5046196757157283,0
2002-07-08,0.6074129551815172,0.538292098183264,0.6074129551815172,0.538292098183264,0
2002-07-09,0.5630897486269304,0.6074129551815172,0.6074129551815172,0.5630897486269304,0
2002-07-10,0.5310978302219637,0.5630897486269304,0.5630897486269304,0.5310978302219637,0
2002-07-11,0.49832091528584266,0.5310978302219637,0.5310978302219637,0.49832091528584266,0
2002-07-12,0.5358125960562852,0.49832091528584266,0.5358125960562852,0.49832091528584266,0
2002-07-15,0.5357711343673046,0.5358125960562852,0.5358125960562852,0.5357711343673046,0
2002-07-16,0.5689993116511514,0.5357711343673046,0.5689993116511514,0.5357711343673046,0
2002-07-17,0.5520435680280392,0.5689993116511514,0.5689993116511514,0.5520435680280392,0
2002-07-18,0.5721627808573257,0.5520435680280392,0.5721627808573257,0.5520435680280392,0
2002-07-19,0.5310744532524462,0.5721627808573257,0.5721627808573257,0.5310744532524462,0
2002-07-22,0.49925037815314893,0.5310744532524462,0.5310744532524462,0.49925037815314893,0
2002-07-23,0.4746550590625013,0.49925037815314893,0.49925037815314893,0.4746550590625013,0
2002-07-24,0.43404938005875604,0.4746550590625013,0.4746550590625013,0.43404938005875604,0
2002-07-25,0.48129628239679906,0.43404938005875604,0.48129628239679906,0.43404938005875604,0
2002-07-26,0.42542706998522206,0.48129628239679906,0.48129628239679906,0.42542706998522206,0
2002-07-29,0.44145521231569546,0.42542706998522206,0.44145521231569546,0.42542706998522206,0
2002-07-30,0.48659936956397204,0.44145521231569546,0.48659936956397204,0.44145521231569546,0
2002-07-31,0.5061642460723936,0.48659936956397204,0.5061642460723936,0.48659936956397204,0
2002-08-01,0.486969116208873,0.5061642460723936,0.5061642460723936,0.486969116208873,0
2002-08-02,0.44119499247186517,0.486969116208873,0.486969116208873,0.44119499247186517,0
2002-08-05,0.42252710323625237,0.44119499247186517,0.44119499247186517,0.42252710323625237,0
2002-08-06,0.3917309463357287,0.42252710323625237,0.42252710323625237,0.3917309463357287,0
2002-08-07,0.43043475661923475,0.3917309463357287,0.43043475661923475,0.3917309463357287,0
2002-08-08,0.4418799680060819,0.43043475661923475,0.4418799680060819,0.43043475661923475,0
2002-08-09,0.4716915882863642,0.4418799680060819,0.4716915882863642,0.4418799680060819,0
2002-08-12,0.4620495115005982,0.4716915882863642,0.4716915882863642,0.4620495115005982,0
2002-08-13,0.4647864650183493,0.4620495115005982,0.4647864650183493,0.4620495115005982,0
2002-08-14,0.4329702075358086,0.4647864650183493,0.4647864650183493,0.4329702075358086,0
2002-08-15,0.4881115669223283,0.4329702075358086,0.4881115669223283,0.4329702075358086,0
2002-08-16,0.5079721432231344,0.4881115669223283,0.5079721432231344,0.4881115669223283,0
2002-08-19,0.5149736050514977,0.5079721432231344,0.5149736050514977,0.5079721432231344,0
2002-08-20,0.539952422614543,0.5149736050514977,0.539952422614543,0.5149736050514977,0
2002-08-21,0.5352157087797113,0.539952422614543,0.539952422614543,0.5352157087797113,0
2002-08-22,0.5589713153942675,0.5352157087797113,0.5589713153942675,0.5352157087797113,0
2002-08-23,0.5767279908479181,0.5589713153942675,0.5767279908479181,0.5589713153942675,0
2002-08-26,0.5321498181375053,0.5767279908479181,0.5767279908479181,0.5321498181375053,0
2002-08-27,0.5363407025701944,0.5321498181375053,0.5363407025701944,0.5321498181375053,0
2002-08-28,0.4989148971785164,0.5363407025701944,0.5363407025701944,0.4989148971785164,0
2002-08-29,0.46243453026698583,0.4989148971785164,0.4989148971785164,0.46243453026698583,0
2002-08-30,0.47461009096501716,0.46243453026698583,0.47461009096501716,0.46243453026698583,0
2002-09-03,0.46260319999411104,0.47461009096501716,0.47461009096501716,0.46260319999411104,0
2002-09-04,0.42908859435390845,0.46260319999411104,0.46260319999411104,0.42908859435390845,0
2002-09-05,0.43246648456362696,0.42908859435390845,0.43246648456362696,0.42908859435390845,0
2002-09-06,0.4111236038420486,0.43246648456362696,0.43246648456362696,0.4111236038420486,0
2002-09-09,0.43631243411577586,0.4111236038420486,0.43631243411577586,0.4111236038420486,0
2002-09-10,0.44506200945468494,0.43631243411577586,0.44506200945468494,0.43631243411577586,0
2002-09-11,0.46701055699487004,0.44506200945468494,0.46701055699487004,0.44506200945468494,0
2002-09-12,0.45907596292893554,0.46701055699487004,0.46701055699487004,0.45907596292893554,0
2002-09-13,0.43398182901839577,0.45907596292893554,0.45907596292893554,0.43398182901839577,0
2002-09-16,0.44079792936081696,0.43398182901839577,0.44079792936081696,0.43398182901839577,0
2002-09-17,0.4281093007619075,0.44079792936081696,0.44079792936081696,0.4281093007619075,0
2002-09-18,0.40993890810787514,0.4281093007619075,0.4281093007619075,0.40993890810787514,0
2002-09-19,0.4006659934191806,0.40993890810787514,0.40993890810787514,0.4006659934191806,0
2002-09-20,0.3878455221870062,0.4006659934191806,0.4006659934191806,0.3878455221870062,0
2002-09-23,0.39105067357664636,0.3878455221870062,0.39105067357664636,0.3878455221870062,0
2002-09-24,0.36756108305178026,0.39105067357664636,0.39105067357664636,0.36756108305178026,0
2002-09-25,0.3678825373202793,0.36756108305178026,0.3678825373202793,0.36756108305178026,0
2002-09-26,0.3972425136779932,0.3678825373202793,0.3972425136779932,0.3678825373202793,0
2002-09-27,0.38740286883719066,0.3972425136779932,0.3972425136779932,0.38740286883719066,0
2002-09-30,0.3769710677063535,0.38740286883719066,0.38740286883719066,0.3769710677063535,0
2002-10-01,0.356067721011503,0.3769710677063535,0.3769710677063535,0.356067721011503,0
2002-10-02,0.3993458368822574,0.356067721011503,0.3993458368822574,0.356067721011503,0
2002-10-03,0.3727886176212265,0.3993458368822574,0.3993458368822574,0.3727886176212265,0
2002-10-04,0.3548656472126823,0.3727886176212265,0.3727886176212265,0.3548656472126823,0
2002-10-07,0.3414924222600072,0.3548656472126823,0.3548656472126823,0.3414924222600072,0
2002-10-08,0.3350897559435434,0.3414924222600072,0.3414924222600072,0.3350897559435434,0
2002-10-09,0.3363928438318948,0.3350897559435434,0.3363928438318948,0.3350897559435434,0
2002-10-10,0.3317039175488517,0.3363928438318948,0.3363928438318948,0.3317039175488517,0
2002-10-11,0.3654108504996465,0.3317039175488517,0.3654108504996465,0.3317039175488517,0
2002-10-14,0.40490550285419585,0.3654108504996465,0.40490550285419585,0.3654108504996465,0
2002-10-15,0.4143495180593848,0.40490550285419585,0.4143495180593848,0.40490550285419585,0
2002-10-16,0.45413090031122416,0.4143495180593848,0.45413090031122416,0.4143495180593848,0
2002-10-17,0.42402563858546505,0.45413090031122416,0.45413090031122416,0.42402563858546505,0
2002-10-18,0.4526585344600688,0.42402563858546505,0.4526585344600688,0.42402563858546505,0
2002-10-21,0.46261819190853126,0.4526585344600688,0.46261819190853126,0.4526585344600688,0
2002-10-22,0.48123522484316983,0.46261819190853126,0.48123522484316983,0.46261819190853126,0
2002-10-23,0.4752536953992037,0.48123522484316983,0.48123522484316983,0.4752536953992037,0
2002-10-24,0.49332983034042305,0.4752536953992037,0.49332983034042305,0.4752536953992037,0
2002-10-25,0.4684245120132589,0.49332983034042305,0.49332983034042305,0.4684245120132589,0
2002-10-28,0.49651734614290705,0.4684245120132589,0.49651734614290705,0.4684245120132589,0
2002-10-29,0.488035987187133,0.49651734614290705,0.49651734614290705,0.488035987187133,0
2002-10-30,0.46528038836704677,0.488035987187133,0.488035987187133,0.46528038836704677,0
2002-10-31,0.4901427340343637,0.46528038836704677,0.4901427340343637,0.46528038836704677,0
2002-11-01,0.48970502010709127,0.4901427340343637,0.4901427340343637,0.48970502010709127,0
2002-11-04,0.5175935159305703,0.48970502010709127,0.5175935159305703,0.48970502010709127,0
2002-11-05,0.5442020040652077,0.5175935159305703,0.5442020040652077,0.5175935159305703,0
2002-11-06,0.5525642044083936,0.5442020040652077,0.5525642044083936,0.5442020040652077,0
2002-11-07,0.5681885102509384,0.5525642044083936,0.5681885102509384,0.5525642044083936,0
2002-11-08,0.5282184333942084,0.5681885102509384,0.5681885102509384,0.5282184333942084,0
2002-11-11,0.5087367730685896,0.5282184333942084,0.5282184333942084,0.5087367730685896,0
2002-11-12,0.4778528959385634,0.5087367730685896,0.5087367730685896,0.4778528959385634,0
2002-11-13,0.5021897178705875,0.4778528959385634,0.5021897178705875,0.4778528959385634,0
2002-11-14,0.5142373404402735,0.5021897178705875,0.5142373404402735,0.5021897178705875,0
2002-11-15,0.5496619474370854,0.5142373404402735,0.5496619474370854,0.5142373404402735,0
2002-11-18,0.5639404555846238,0.5496619474370854,0.5639404555846238,0.5496619474370854,0
2002-11-19,0.54725962431109,0.5639404555846238,0.5639404555846238,0.54725962431109,0
2002-11-20,0.530411251609255,0.54725962431109,0.54725962431109,0.530411251609255,0
2002-11-21,0.5754501794987905,0.530411251609255,0.5754501794987905,0.530411251609255,0
2002-11-22,0.6180155761897786,0.5754501794987905,0.6180155761897786,0.5754501794987905,0
2002-11-25,0.6175218981853329,0.6180155761897786,0.6180155761897786,0.6175218981853329,0
2002-11-26,0.6295035040812512,0.6175218981853329,0.6295035040812512,0.6175218981853329,0
2002-11-27,0.5871733759597856,0.6295035040812512,0.6295035040812512,0.5871733759597856,0
2002-11-29,0.624463834251348,0.5871733759597856,0.624463834251348,0.5871733759597856,0
2002-12-02,0.6159133045207627,0.624463834251348,0.624463834251348,0.6159133045207627,0
2002-12-03,0.6283078966210731,0.6159133045207627,0.6283078966210731,0.6159133045207627,0
2002-12-04,0.5910100203988866,0.6283078966210731,0.6283078966210731,0.5910100203988866,0
2002-12-05,0.5648615366929581,0.5910100203988866,0.5910100203988866,0.5648615366929581,0
2002-12-06,0.5490860741824092,0.5648615366929581,0.5648615366929581,0.5490860741824092,0
2002-12-09,0.5603606675227588,0.5490860741824092,0.5603606675227588,0.5490860741824092,0
2002-12-10,0.5073925558031884,0.5603606675227588,0.5603606675227588,0.5073925558031884,0
2002-12-11,0.5226441408528184,0.5073925558031884,0.5226441408528184,0.5073925558031884,0
2002-12-12,0.5275028366798542,0.5226441408528184,0.5275028366798542,0.5226441408528184,0
2002-12-13,0.5332047851030707,0.5275028366798542,0.5332047851030707,0.5275028366798542,0
2002-12-16,0.49934865761478314,0.5332047851030707,0.5332047851030707,0.49934865761478314,0
2002-12-17,0.5316163367529414,0.49934865761478314,0.5316163367529414,0.49934865761478314,0
2002-12-18,0.5348656046479288,0.5316163367529414,0.5348656046479288,0.5316163367529414,0
2002-12-19,0.5121340062071023,0.5348656046479288,0.5348656046479288,0.5121340062071023,0
2002-12-20,0.49917965168982953,0.5121340062071023,0.5121340062071023,0.49917965168982953,0
2002-12-23,0.5094994940775663,0.49917965168982953,0.5094994940775663,0.49917965168982953,0
2002-12-24,0.5235455563833137,0.5094994940775663,0.5235455563833137,0.5094994940775663,0
2002-12-26,0.5104520668546599,0.5235455563833137,0.5235455563833137,0.5104520668546599,0
2002-12-27,0.5075933966927211,0.5104520668546599,0.5104520668546599,0.5075933966927211,0
2002-12-30,0.48908214872399675,0.5075933966927211,0.5075933966927211,0.48908214872399675,0
2002-12-31,0.481555973267195,0.48908214872399675,0.48908214872399675,0.481555973267195,0
2003-01-02,0.4713522910877164,0.481555973267195,0.481555973267195,0.4713522910877164,0
2003-01-03,0.5111588559632839,0.4713522910877164,0.5111588559632839,0.4713522910877164,0
2003-01-06,0.5223891876805848,0.5111588559632839,0.5223891876805848,0.5111588559632839,0
2003-01-07,0.5483868151817696,0.5223891876805848,0.5483868151817696,0.5223891876805848,0
2003-01-08,0.5620956700996614,0.5483868151817696,0.5620956700996614,0.5483868151817696,0
2003-01-09,0.5304147668449678,0.5620956700996614,0.5620956700996614,0.5304147668449678,0
2003-01-10,0.563140116652689,0.5304147668449678,0.563140116652689,0.5304147668449678,0
2003-01-13,0.5799698115818491,0.563140116652689,0.5799698115818491,0.563140116652689,0
2003-01-14,0.573077001735312,0.5799698115818491,0.5799698115818491,0.573077001735312,0
2003-01-15,0.5789885572657746,0.573077001735312,0.5789885572657746,0.573077001735312,0
2003-01-16,0.5644053209066203,0.5789885572657746,0.5789885572657746,0.5644053209066203,0
2003-01-17,0.5516972653631186,0.5644053209066203,0.5644053209066203,0.5516972653631186,0
2003-01-21,0.5044974338610871,0.5516972653631186,0.5516972653631186,0.5044974338610871,0
2003-01-22,0.49329565045289836,0.5044974338610871,0.5044974338610871,0.49329565045289836,0
2003-01-23,0.4893160521225129,0.49329565045289836,0.49329565045289836,0.4893160521225129,0
2003-01-24,0.5120462556436817,0.4893160521225129,0.5120462556436817,0.4893160521225129,0
2003-01-27,0.48430690371814716,0.5120462556436817,0.5120462556436817,0.48430690371814716,0
2003-01-28,0.4729519543380826,0.48430690371814716,0.48430690371814716,0.4729519543380826,0
2003-01-29,0.48255555610909984,0.4729519543380826,0.48255555610909984,0.4729519543380826,0
2003-01-30,0.4969284169293195,0.48255555610909984,0.4969284169293195,0.48255555610909984,0
2003-01-31,0.4712040893720369,0.4969284169293195,0.4969284169293195,0.4712040893720369,0
2003-02-03,0.4688597767468894,0.4712040893720369,0.4712040893720369,0.4688597767468894,0
2003-02-04,0.47074171833666284,0.4688597767468894,0.47074171833666284,0.4688597767468894,0
2003-02-05,0.45917204524133504,0.47074171833666284,0.47074171833666284,0.45917204524133504,0
2003-02-06,0.454960941567238,0.45917204524133504,0.45917204524133504,0.454960941567238,0
2003-02-07,0.45983760335467444,0.454960941567238,0.45983760335467444,0.454960941567238,0
2003-02-10,0.4446070858802076,0.45983760335467444,0.45983760335467444,0.4446070858802076,0
2003-02-11,0.4524156891530525,0.4446070858802076,0.4524156891530525,0.4446070858802076,0
2003-02-12,0.45727803786942517,0.4524156891530525,0.45727803786942517,0.4524156891530525,0
2003-02-13,0.4447453224791186,0.45727803786942517,0.45727803786942517,0.4447453224791186,0
2003-02-14,0.4491920516688372,0.4447453224791186,0.4491920516688372,0.4447453224791186,0
2003-02-18,0.4697966952282079,0.4491920516688372,0.4697966952282079,0.4491920516688372,0
2003-02-19,0.49891886317100426,0.4697966952282079,0.49891886317100426,0.4697966952282079,0
2003-02-20,0.4921620687343996,0.49891886317100426,0.49891886317100426,0.4921620687343996,0
2003-02-21,0.48819901153459583,0.4921620687343996,0.4921620687343996,0.48819901153459583,0
2003-02-24,0.4955878149801095,0.48819901153459583,0.4955878149801095,0.48819901153459583,0
2003-02-25,0.4786170890052292,0.4955878149801095,0.4955878149801095,0.4786170890052292,0
2003-02-26,0.4797405861652588,0.4786170890052292,0.4797405861652588,0.4786170890052292,0
2003-02-27,0.4583989598044097,0.4797405861652588,0.4797405861652588,0.4583989598044097,0
2003-02-28,0.47918251456152344,0.4583989598044097,0.47918251456152344,0.4583989598044097,0
2003-03-03,0.4942346992925585,0.47918251456152344,0.4942346992925585,0.47918251456152344,0
2003-03-04,0.4741597892981622,0.4942346992925585,0.4942346992925585,0.4741597892981622,0
2003-03-05,0.468352436559576,0.4741597892981622,0.4741597892981622,0.468352436559576,0
2003-03-06,0.47022756278501504,0.468352436559576,0.47022756278501504,0.468352436559576,0
2003-03-07,0.46789288513347227,0.47022756278501504,0.47022756278501504,0.46789288513347227,0
2003-03-10,0.46976712436242996,0.46789288513347227,0.46976712436242996,0.46789288513347227,0
2003-03-11,0.4494393020425724,0.46976712436242996,0.46976712436242996,0.4494393020425724,0
2003-03-12,0.44154274073138217,0.4494393020425724,0.4494393020425724,0.44154274073138217,0
2003-03-13,0.4574634879251791,0.44154274073138217,0.4574634879251791,0.44154274073138217,0
2003-03-14,0.5099148656518921,0.4574634879251791,0.5099148656518921,0.4574634879251791,0
2003-03-17,0.5138554348843128,0.5099148656518921,0.5138554348843128,0.5099148656518921,0
2003-03-18,0.5489783758736855,0.5138554348843128,0.5489783758736855,0.5138554348843128,0
2003-03-19,0.5625577702966164,0.5489783758736855,0.5625577702966164,0.5489783758736855,0
2003-03-20,0.5529043679471657,0.5625577702966164,0.5625577702966164,0.5529043679471657,0
2003-03-21,0.5570034394261906,0.5529043679471657,0.5570034394261906,0.5529043679471657,0
2003-03-24,0.5723404840828098,0.5570034394261906,0.5723404840828098,0.5570034394261906,0
2003-03-25,0.5246888667039423,0.5723404840828098,0.5723404840828098,0.5246888667039423,0
2003-03-26,0.5395585152528884,0.5246888667039423,0.5395585152528884,0.5246888667039423,0
2003-03-27,0.5456466668989475,0.5395585152528884,0.5456466668989475,0.5395585152528884,0
2003-03-28,0.5377975580569,0.5456466668989475,0.5456466668989475,0.5377975580569,0
2003-03-31,0.5259271833849856,0.5377975580569,0.5377975580569,0.5259271833849856,0
2003-04-01,0.4924107324064766,0.5259271833849856,0.5259271833849856,0.4924107324064766,0
2003-04-02,0.5001734868555129,0.4924107324064766,0.5001734868555129,0.4924107324064766,0
2003-04-03,0.5276486570000923,0.5001734868555129,0.5276486570000923,0.5001734868555129,0
2003-04-04,0.5409252905848942,0.5276486570000923,0.5409252905848942,0.5276486570000923,0
2003-04-07,0.5233154210764297,0.5409252905848942,0.5409252905848942,0.5233154210764297,0
2003-04-08,0.5248821886797767,0.5233154210764297,0.5248821886797767,0.5233154210764297,0
2003-04-09,0.5236346213965074,0.5248821886797767,0.5248821886797767,0.5236346213965074,0
2003-04-10,0.49948172770728644,0.5236346213965074,0.5236346213965074,0.49948172770728644,0
2003-04-11,0.5116067883997405,0.49948172770728644,0.5116067883997405,0.49948172770728644,0
2003-04-14,0.5012437152295122,0.5116067883997405,0.5116067883997405,0.5012437152295122,0
2003-04-15,0.5216396696162003,0.5012437152295122,0.5216396696162003,0.5012437152295122,0
2003-04-16,0.5316197415115276,0.5216396696162003,0.5316197415115276,0.5216396696162003,0
2003-04-17,0.5291505690638724,0.5316197415115276,0.5316197415115276,0.5291505690638724,0
2003-04-21,0.5533274928676605,0.5291505690638724,0.5533274928676605,0.5291505690638724,0
2003-04-22,0.5574105924622462,0.5533274928676605,0.5574105924622462,0.5533274928676605,0
2003-04-23,0.5784879995316669,0.5574105924622462,0.5784879995316669,0.5574105924622462,0
2003-04-24,0.5868787251716662,0.5784879995316669,0.5868787251716662,0.5784879995316669,0
2003-04-25,0.5804608825614377,0.5868787251716662,0.5868787251716662,0.5804608825614377,0
2003-04-28,0.5580258562612743,0.5804608825614377,0.5804608825614377,0.5580258562612743,0
2003-04-29,0.5799306998281457,0.5580258562612743,0.5799306998281457,0.5580258562612743,0
2003-04-30,0.5904382820231656,0.5799306998281457,0.5904382820231656,0.5799306998281457,0
2003-05-01,0.5784689832662562,0.5904382820231656,0.5904382820231656,0.5784689832662562,0
2003-05-02,0.5885387559378107,0.5784689832662562,0.5885387559378107,0.5784689832662562,0
2003-05-05,0.6135744455855362,0.5885387559378107,0.6135744455855362,0.5885387559378107,0
2003-05-06,0.6122247409424065,0.6135744455855362,0.6135744455855362,0.6122247409424065,0
2003-05-07,0.6277810637431225,0.6122247409424065,0.6277810637431225,0.6122247409424065,0
2003-05-08,0.613689219718892,0.6277810637431225,0.6277810637431225,0.613689219718892,0
2003-05-09,0.5910813641239505,0.613689219718892,0.613689219718892,0.5910813641239505,0
2003-05-12,0.6182797543589628,0.5910813641239505,0.6182797543589628,0.5910813641239505,0
2003-05-13,0.6369479898016509,0.6182797543589628,0.6369479898016509,0.6182797543589628,0
2003-05-14,0.6289482966736456,0.6369479898016509,0.6369479898016509,0.6289482966736456,0
2003-05-15,0.6262660114996269,0.6289482966736456,0.6289482966736456,0.6262660114996269,0
2003-05-16,0.6402317243565849,0.6262660114996269,0.6402317243565849,0.6262660114996269,0
2003-05-19,0.6304417873445659,0.6402317243565849,0.6402317243565849,0.6304417873445659,0
2003-05-20,0.5860197879263331,0.6304417873445659,0.6304417873445659,0.5860197879263331,0
2003-05-21,0.5893613181899673,0.5860197879263331,0.5893613181899673,0.5860197879263331,0
2003-05-22,0.5859193381846926,0.5893613181899673,0.5893613181899673,0.5859193381846926,0
2003-05-23,0.6028025120321977,0.5859193381846926,0.6028025120321977,0.5859193381846926,0
2003-05-27,0.6031851734347471,0.6028025120321977,0.6031851734347471,0.6028025120321977,0
2003-05-28,0.646069578812288,0.6031851734347471,0.646069578812288,0.6031851734347471,0
2003-05-29,0.6500157399984712,0.646069578812288,0.6500157399984712,0.646069578812288,0
2003-05-30,0.6553101679660045,0.6500157399984712,0.6553101679660045,0.6500157399984712,0
2003-06-02,0.6767231394374522,0.6553101679660045,0.6767231394374522,0.6553101679660045,0
2003-06-03,0.6671293027256436,0.6767231394374522,0.6767231394374522,0.6671293027256436,0
2003-06-04,0.6797078498314267,0.6671293027256436,0.6797078498314267,0.6671293027256436,0
2003-06-05,0.7051499127612947,0.6797078498314267,0.7051499127612947,0.6797078498314267,0
2003-06-06,0.7152954519376805,0.7051499127612947,0.7152954519376805,0.7051499127612947,0
2003-06-09,0.6914280109942137,0.7152954519376805,0.7152954519376805,0.6914280109942137,0
2003-06-10,0.6730154048988725,0.6914280109942137,0.6914280109942137,0.6730154048988725,0
2003-06-11,0.6933370962415506,0.6730154048988725,0.6933370962415506,0.6730154048988725,0
2003-06-12,0.7089055243717978,0.6933370962415506,0.7089055243717978,0.6933370962415506,0
2003-06-13,0.7148904838938995,0.7089055243717978,0.7148904838938995,0.7089055243717978,0
2003-06-16,0.6826470449684897,0.7148904838938995,0.7148904838938995,0.6826470449684897,0
2003-06-17,0.7245188477758546,0.6826470449684897,0.7245188477758546,0.6826470449684897,0
2003-06-18,0.7188319156339816,0.7245188477758546,0.7245188477758546,0.7188319156339816,0
2003-06-19,0.7262547729810096,0.7188319156339816,0.7262547729810096,0.7188319156339816,0
2003-06-20,0.7027099385256123,0.7262547729810096,0.7262547729810096,0.7027099385256123,0
2003-06-23,0.7008078902877591,0.7027099385256123,0.7027099385256123,0.7008078902877591,0
2003-06-24,0.6790694964414801,0.7008078902877591,0.7008078902877591,0.6790694964414801,0
2003-06-25,0.6685734455129105,0.6790694964414801,0.6790694964414801,0.6685734455129105,0
2003-06-26,0.6613133073075456,0.6685734455129105,0.6685734455129105,0.6613133073075456,0
2003-06-27,0.6926249804147654,0.6613133073075456,0.6926249804147654,0.6613133073075456,0
2003-06-30,0.6746944983526033,0.6926249804147654,0.6926249804147654,0.6746944983526033,0
2003-07-01,0.6800705013623588,0.6746944983526033,0.6800705013623588,0.6746944983526033,0
2003-07-02,0.6981828107038087,0.6800705013623588,0.6981828107038087,0.6800705013623588,0
2003-07-03,0.7266548707848661,0.6981828107038087,0.7266548707848661,0.6981828107038087,0
2003-07-07,0.7082968867070683,0.7266548707848661,0.7266548707848661,0.7082968867070683,0
2003-07-08,0.7689271632368896,0.7082968867070683,0.7689271632368896,0.7082968867070683,0
2003-07-09,0.7876748505242146,0.7689271632368896,0.7876748505242146,0.7689271632368896,0
2003-07-10,0.7837098725810706,0.7876748505242146,0.7876748505242146,0.7837098725810706,0
2003-07-11,0.7544420018437423,0.7837098725810706,0.7837098725810706,0.7544420018437423,0
2003-07-14,0.7658436084483898,0.7544420018437423,0.7658436084483898,0.7544420018437423,0
2003-07-15,0.7840651119546701,0.7658436084483898,0.7840651119546701,0.7658436084483898,0
2003-07-16,0.7859508507491455,0.7840651119546701,0.7859508507491455,0.7840651119546701,0
2003-07-17,0.7810172476357155,0.7859508507491455,0.7859508507491455,0.7810172476357155,0
2003-07-18,0.7333576918467151,0.7810172476357155,0.7810172476357155,0.7333576918467151,0
2003-07-21,0.7380050399099476,0.7333576918467151,0.7380050399099476,0.7333576918467151,0
2003-07-22,0.7190729510738099,0.7380050399099476,0.7380050399099476,0.7190729510738099,0
2003-07-23,0.7404408487391768,0.7190729510738099,0.7404408487391768,0.7190729510738099,0
2003-07-24,0.7526684943374381,0.7404408487391768,0.7526684943374381,0.7404408487391768,0
2003-07-25,0.7326029330558917,0.7526684943374381,0.7526684943374381,0.7326029330558917,0
2003-07-28,0.761681749750818,0.7326029330558917,0.761681749750818,0.7326029330558917,0
2003-07-29,0.7659338339400978,0.761681749750818,0.7659338339400978,0.761681749750818,0
2003-07-30,0.7543457150878283,0.7659338339400978,0.7659338339400978,0.7543457150878283,0
2003-07-31,0.7433238373187441,0.7543457150878283,0.7543457150878283,0.7433238373187441,0
2003-08-01,0.7612466017437096,0.7433238373187441,0.7612466017437096,0.7433238373187441,0
2003-08-04,0.7449090795998627,0.7612466017437096,0.7612466017437096,0.7449090795998627,0
2003-08-05,0.7443780750362816,0.7449090795998627,0.7449090795998627,0.7443780750362816,0
2003-08-06,0.6856219360340732,0.7443780750362816,0.7443780750362816,0.6856219360340732,0
2003-08-07,0.6846610400200133,0.6856219360340732,0.6856219360340732,0.6846610400200133,0
2003-08-08,0.6900509788168356,0.6846610400200133,0.6900509788168356,0.6846610400200133,0
2003-08-11,0.6790698974586505,0.6900509788168356,0.6900509788168356,0.6790698974586505,0
2003-08-12,0.6939220523175239,0.6790698974586505,0.6939220523175239,0.6790698974586505,0
2003-08-13,0.714868688635042,0.6939220523175239,0.714868688635042,0.6939220523175239,0
2003-08-14,0.7152765817270418,0.714868688635042,0.7152765817270418,0.714868688635042,0
2003-08-15,0.7166114162458438,0.7152765817270418,0.7166114162458438,0.7152765817270418,0
2003-08-18,0.7290794233725826,0.7166114162458438,0.7290794233725826,0.7166114162458438,0
2003-08-19,0.7664471683307977,0.7290794233725826,0.7664471683307977,0.7290794233725826,0
2003-08-20,0.7855667638571554,0.7664471683307977,0.7855667638571554,0.7664471683307977,0
2003-08-21,0.7816235511663108,0.7855667638571554,0.7855667638571554,0.7816235511663108,0
2003-08-22,0.7985072820574634,0.7816235511663108,0.7985072820574634,0.7816235511663108,0
2003-08-25,0.788660050289871,0.7985072820574634,0.7985072820574634,0.788660050289871,0
2003-08-26,0.7920026288764068,0.788660050289871,0.7920026288764068,0.788660050289871,0
2003-08-27,0.7934031066556776,0.7920026288764068,0.7934031066556776,0.7920026288764068,0
2003-08-28,0.8060203695505992,0.7934031066556776,0.8060203695505992,0.7934031066556776,0
2003-08-29,0.8202111107245699,0.8060203695505992,0.8202111107245699,0.8060203695505992,0
2003-09-02,0.8350200046936962,0.8202111107245699,0.8350200046936962,0.8202111107245699,0
2003-09-03,0.8589632572515276,0.8350200046936962,0.8589632572515276,0.8350200046936962,0
2003-09-04,0.8578816394796942,0.8589632572515276,0.8589632572515276,0.8578816394796942,0
2003-09-05,0.8735288946718578,0.8578816394796942,0.8735288946718578,0.8578816394796942,0
2003-09-08,0.8622094523020424,0.8735288946718578,0.8735288946718578,0.8622094523020424,0
2003-09-09,0.890595515854859,0.8622094523020424,0.890595515854859,0.8622094523020424,0
2003-09-10,0.8693582667361262,0.890595515854859,0.890595515854859,0.8693582667361262,0
2003-09-11,0.8274678776059969,0.8693582667361262,0.8693582667361262,0.8274678776059969,0
2003-09-12,0.8458086214123995,0.8274678776059969,0.8458086214123995,0.8274678776059969,0
2003-09-15,0.8547954279852541,0.8458086214123995,0.8547954279852541,0.8458086214123995,0
2003-09-16,0.8380480622741687,0.8547954279852541,0.8547954279852541,0.8380480622741687,0
2003-09-17,0.883525668056602,0.8380480622741687,0.883525668056602,0.8380480622741687,0
2003-09-18,0.8762651925078792,0.883525668056602,0.883525668056602,0.8762651925078792,0
2003-09-19,0.9027983909794944,0.8762651925078792,0.9027983909794944,0.8762651925078792,0
2003-09-22,0.8923456528566297,0.9027983909794944,0.9027983909794944,0.8923456528566297,0
2003-09-23,0.8582139137209354,0.8923456528566297,0.8923456528566297,0.8582139137209354,0
2003-09-24,0.8885094034442926,0.8582139137209354,0.8885094034442926,0.8582139137209354,0
2003-09-25,0.8215187095854509,0.8885094034442926,0.8885094034442926,0.8215187095854509,0
2003-09-26,0.8001879743674878,0.8215187095854509,0.8215187095854509,0.8001879743674878,0
2003-09-29,0.7898760199038903,0.8001879743674878,0.8001879743674878,0.7898760199038903,0
2003-09-30,0.8169683212750367,0.7898760199038903,0.8169683212750367,0.7898760199038903,0
2003-10-01,0.7814060747226759,0.8169683212750367,0.8169683212750367,0.7814060747226759,0
2003-10-02,0.8165363894793426,0.7814060747226759,0.8165363894793426,0.7814060747226759,0
2003-10-03,0.8218911230537242,0.8165363894793426,0.8218911230537242,0.8165363894793426,0
2003-10-06,0.867790998540024,0.8218911230537242,0.867790998540024,0.8218911230537242,0
2003-10-07,0.880413653337856,0.867790998540024,0.880413653337856,0.867790998540024,0
2003-10-08,0.8910827973324517,0.880413653337856,0.8910827973324517,0.880413653337856,0
2003-10-09,0.8796982017338363,0.8910827973324517,0.8910827973324517,0.8796982017338363,0
2003-10-10,0.8929166887969443,0.8796982017338363,0.8929166887969443,0.8796982017338363,0
2003-10-13,0.9093209199794692,0.8929166887969443,0.9093209199794692,0.8929166887969443,0
2003-10-14,0.9211979581790759,0.9093209199794692,0.9211979581790759,0.9093209199794692,0
2003-10-15,0.9258319392429508,0.9211979581790759,0.9258319392429508,0.9211979581790759,0
2003-10-16,0.9178994911553633,0.9258319392429508,0.9258319392429508,0.9178994911553633,0
2003-10-17,0.932438954653048,0.9178994911553633,0.932438954653048,0.9178994911553633,0
2003-10-20,0.8876650104190986,0.932438954653048,0.932438954653048,0.8876650104190986,0
2003-10-21,0.9096530730092622,0.8876650104190986,0.9096530730092622,0.8876650104190986,0
2003-10-22,0.9204865837020128,0.9096530730092622,0.9204865837020128,0.9096530730092622,0
2003-10-23,0.8849007039770138,0.9204865837020128,0.9204865837020128,0.8849007039770138,0
2003-10-24,0.8643546168774922,0.8849007039770138,0.8849007039770138,0.8643546168774922,0
2003-10-27,0.8658054174449261,0.8643546168774922,0.8658054174449261,0.8643546168774922,0
2003-10-28,0.8662443000567152,0.8658054174449261,0.8662443000567152,0.8658054174449261,0
2003-10-29,0.9244171382745409,0.8662443000567152,0.9244171382745409,0.8662443000567152,0
2003-10-30,0.9222532581219037,0.9244171382745409,0.9244171382745409,0.9222532581219037,0
2003-10-31,0.9258382128102938,0.9222532581219037,0.9258382128102938,0.9222532581219037,0
2003-11-03,0.9147793641670313,0.9258382128102938,0.9258382128102938,0.9147793641670313,0
2003-11-04,0.9448716789606989,0.9147793641670313,0.9448716789606989,0.9147793641670313,0
2003-11-05,0.932115370131037,0.9448716789606989,0.9448716789606989,0.932115370131037,0
2003-11-06,0.9488377915379146,0.932115370131037,0.9488377915379146,0.932115370131037,0
2003-11-07,0.9540594222860938,0.9488377915379146,0.9540594222860938,0.9488377915379146,0
2003-11-10,0.9375276069398024,0.9540594222860938,0.9540594222860938,0.9375276069398024,0
2003-11-11,0.9142997051705763,0.9375276069398024,0.9375276069398024,0.9142997051705763,0
2003-11-12,0.907472729259633,0.9142997051705763,0.9142997051705763,0.907472729259633,0
2003-11-13,0.9462284025065076,0.907472729259633,0.9462284025065076,0.907472729259633,0
2003-11-14,0.9440409778321353,0.9462284025065076,0.9462284025065076,0.9440409778321353,0
2003-11-17,0.905435988478698,0.9440409778321353,0.9440409778321353,0.905435988478698,0
2003-11-18,0.8867603812282973,0.905435988478698,0.905435988478698,0.8867603812282973,0
2003-11-19,0.8457807518686838,0.8867603812282973,0.8867603812282973,0.8457807518686838,0
2003-11-20,0.8621910381576952,0.8457807518686838,0.8621910381576952,0.8457807518686838,0
2003-11-21,0.8454909250068248,0.8621910381576952,0.8621910381576952,0.8454909250068248,0
2003-11-24,0.8628940694835622,0.8454909250068248,0.8628940694835622,0.8454909250068248,0
2003-11-25,0.9107244974502199,0.8628940694835622,0.9107244974502199,0.8628940694835622,0
2003-11-26,0.9106540247212506,0.9107244974502199,0.9107244974502199,0.9106540247212506,0
2003-11-28,0.918866541266712,0.9106540247212506,0.918866541266712,0.9106540247212506,0
2003-12-01,0.9208759293777702,0.918866541266712,0.9208759293777702,0.918866541266712,0
2003-12-02,0.9478734192562931,0.9208759293777702,0.9478734192562931,0.9208759293777702,0
2003-12-03,0.9372381742429642,0.9478734192562931,0.9478734192562931,0.9372381742429642,0
2003-12-04,0.9135390446625535,0.9372381742429642,0.9372381742429642,0.9135390446625535,0
2003-12-05,0.9331641889589684,0.9135390446625535,0.9331641889589684,0.9135390446625535,0
2003-12-08,0.9021870979850063,0.9331641889589684,0.9331641889589684,0.9021870979850063,0
2003-12-09,0.9124159105418864,0.9021870979850063,0.9124159105418864,0.9021870979850063,0
2003-12-10,0.8704011697759548,0.9124159105418864,0.9124159105418864,0.8704011697759548,0
2003-12-11,0.8769066016043585,0.8704011697759548,0.8769066016043585,0.8704011697759548,0
2003-12-12,0.9143916047785656,0.8769066016043585,0.9143916047785656,0.8769066016043585,0
2003-12-15,0.9112123184941074,0.9143916047785656,0.9143916047785656,0.9112123184941074,0
2003-12-16,0.8873532253462775,0.9112123184941074,0.9112123184941074,0.8873532253462775,0
2003-12-17,0.8908566748988075,0.8873532253462775,0.8908566748988075,0.8873532253462775,0
2003-12-18,0.8938542089018485,0.8908566748988075,0.8938542089018485,0.8908566748988075,0
2003-12-19,0.9270720775936363,0.8938542089018485,0.9270720775936363,0.8938542089018485,0
2003-12-22,0.9217856629665064,0.9270720775936363,0.9270720775936363,0.9217856629665064,0
2003-12-23,0.9274344088126185,0.9217856629665064,0.9274344088126185,0.9217856629665064,0
2003-12-24,0.9414410823732939,0.9274344088126185,0.9414410823732939,0.9274344088126185,0
2003-12-26,0.9452581429158888,0.9414410823732939,0.9452581429158888,0.9414410823732939,0
2003-12-29,0.9425509911044773,0.9452581429158888,0.9452581429158888,0.9425509911044773,0
2003-12-30,0.973502521509376,0.9425509911044773,0.973502521509376,0.9425509911044773,0
2003-12-31,0.9798386338518423,0.973502521509376,0.9798386338518423,0.973502521509376,0
2004-01-02,0.9744027187376687,0.9798386338518423,0.9798386338518423,0.9744027187376687,0
2004-01-05,0.9689829459695706,0.9744027187376687,0.9744027187376687,0.9689829459695706,0
2004-01-06,1.0078153107837546,0.9689829459695706,1.0078153107837546,0.9689829459695706,0
2004-01-07,1.0213232824059526,1.0078153107837546,1.0213232824059526,1.0078153107837546,0
2004-01-08,1.0398444691112507,1.0213232824059526,1.0398444691112507,1.0213232824059526,0
2004-01-09,1.0563224336360935,1.0398444691112507,1.0563224336360935,1.0398444691112507,0
2004-01-12,1.0423345276657834,1.0563224336360935,1.0563224336360935,1.0423345276657834,0
2004-01-13,1.075404781063914,1.0423345276657834,1.075404781063914,1.0423345276657834,0
2004-01-14,1.0539985566223373,1.075404781063914,1.075404781063914,1.0539985566223373,0
2004-01-15,1.061138282230364,1.0539985566223373,1.061138282230364,1.0539985566223373,0
2004-01-16,1.066629172010321,1.061138282230364,1.066629172010321,1.061138282230364,0
2004-01-20,1.0883377775485783,1.066629172010321,1.0883377775485783,1.066629172010321,0
2004-01-21,1.0865598497336773,1.0883377775485783,1.0883377775485783,1.0865598497336773,0
2004-01-22,1.0774543757438397,1.0865598497336773,1.0865598497336773,1.0774543757438397,0
2004-01-23,1.064456750037021,1.0774543757438397,1.0774543757438397,1.064456750037021,0
2004-01-26,1.0565623398913828,1.064456750037021,1.064456750037021,1.0565623398913828,0
2004-01-27,1.0887259897658945,1.0565623398913828,1.0887259897658945,1.0565623398913828,0
2004-01-28,1.0406786962702828,1.0887259897658945,1.0887259897658945,1.0406786962702828,0
2004-01-29,1.0053023326265353,1.0406786962702828,1.0406786962702828,1.0053023326265353,0
2004-01-30,1.0128127292133775,1.0053023326265353,1.0128127292133775,1.0053023326265353,0
2004-02-02,1.0034868626512201,1.0128127292133775,1.0128127292133775,1.0034868626512201,0
2004-02-03,0.9979947861377549,1.0034868626512201,1.0034868626512201,0.9979947861377549,0
2004-02-04,0.9957581343458027,0.9979947861377549,0.9979947861377549,0.9957581343458027,0
2004-02-05,0.9633255741214825,0.9957581343458027,0.9957581343458027,0.9633255741214825,0
2004-02-06,0.970676241777183,0.9633255741214825,0.970676241777183,0.9633255741214825,0
2004-02-09,1.0057346139578818,0.970676241777183,1.0057346139578818,0.970676241777183,0
2004-02-10,1.0051134055071753,1.0057346139578818,1.0057346139578818,1.0051134055071753,0
2004-02-11,1.008284137536675,1.0051134055071753,1.008284137536675,1.0051134055071753,0
2004-02-12,1.0299018754219755,1.008284137536675,1.0299018754219755,1.008284137536675,0
2004-02-13,1.0117338139357797,1.0299018754219755,1.0299018754219755,1.0117338139357797,0
2004-02-17,0.9948164624900223,1.0117338139357797,1.0117338139357797,0.9948164624900223,0
2004-02-18,1.0216705688981271,0.9948164624900223,1.0216705688981271,0.9948164624900223,0
2004-02-19,1.0275950185998366,1.0216705688981271,1.0275950185998366,1.0216705688981271,0
2004-02-20,0.9963188329732652,1.0275950185998366,1.0275950185998366,0.9963188329732652,0
2004-02-23,0.9897746283164871,0.9963188329732652,0.9963188329732652,0.9897746283164871,0
2004-02-24,0.9676788139723805,0.9897746283164871,0.9897746283164871,0.9676788139723805,0
2004-02-25,0.9628261192715099,0.9676788139723805,0.9676788139723805,0.9628261192715099,0
2004-02-26,0.9744020931901227,0.9628261192715099,0.9744020931901227,0.9628261192715099,0
2004-02-27,0.9791210879504751,0.9744020931901227,0.9791210879504751,0.9744020931901227,0
2004-03-01,0.9737073942356042,0.9791210879504751,0.9791210879504751,0.9737073942356042,0
2004-03-02,0.9991916495181207,0.9737073942356042,0.9991916495181207,0.9737073942356042,0
2004-03-03,0.9759216032771805,0.9991916495181207,0.9991916495181207,0.9759216032771805,0
2004-03-04,0.9651849250228048,0.9759216032771805,0.9759216032771805,0.9651849250228048,0
2004-03-05,0.9831322188136793,0.9651849250228048,0.9831322188136793,0.9651849250228048,0
2004-03-08,0.9761028211229674,0.9831322188136793,0.9831322188136793,0.9761028211229674,0
2004-03-09,0.9301928033207664,0.9761028211229674,0.9761028211229674,0.9301928033207664,0
2004-03-10,0.9244001349419935,0.9301928033207664,0.9301928033207664,0.9244001349419935,0
2004-03-11,0.8999610522520057,0.9244001349419935,0.9244001349419935,0.8999610522520057,0
2004-03-12,0.8835233677581824,0.8999610522520057,0.8999610522520057,0.8835233677581824,0
2004-03-15,0.9158868456426736,0.8835233677581824,0.9158868456426736,0.8835233677581824,0
2004-03-16,0.8838332895065402,0.9158868456426736,0.9158868456426736,0.8838332895065402,0
2004-03-17,0.8868059572749093,0.8838332895065402,0.8868059572749093,0.8838332895065402,0
2004-03-18,0.9146481465422318,0.8868059572749093,0.9146481465422318,0.8868059572749093,0
2004-03-19,0.9063326535251155,0.9146481465422318,0.9146481465422318,0.9063326535251155,0
2004-03-22,0.8759998099761912,0.9063326535251155,0.9063326535251155,0.8759998099761912,0
2004-03-23,0.8537483966762548,0.8759998099761912,0.8759998099761912,0.8537483966762548,0
2004-03-24,0.8397480638033006,0.8537483966762548,0.8537483966762548,0.8397480638033006,0
2004-03-25,0.8589304702635996,0.8397480638033006,0.8589304702635996,0.8397480638033006,0
2004-03-26,0.9047804850780998,0.8589304702635996,0.9047804850780998,0.8589304702635996,0
2004-03-29,0.8985660390353338,0.9047804850780998,0.9047804850780998,0.8985660390353338,0
2004-03-30,0.9275805703568402,0.8985660390353338,0.9275805703568402,0.8985660390353338,0
2004-03-31,0.9337298011332388,0.9275805703568402,0.9337298011332388,0.9275805703568402,0
2004-04-01,0.9300166804253995,0.9337298011332388,0.9337298011332388,0.9300166804253995,0
2004-04-02,0.9465520433846446,0.9300166804253995,0.9465520433846446,0.9300166804253995,0
2004-04-05,0.9956908058829512,0.9465520433846446,0.9956908058829512,0.9465520433846446,0
2004-04-06,1.0144013970901735,0.9956908058829512,1.0144013970901735,0.9956908058829512,0
2004-04-07,0.9888617117357911,1.0144013970901735,1.0144013970901735,0.9888617117357911,0
2004-04-08,0.9866447774885624,0.9888617117357911,0.9888617117357911,0.9866447774885624,0
2004-04-12,0.9865684299760186,0.9866447774885624,0.9866447774885624,0.9865684299760186,0
2004-04-13,0.9987775895214865,0.9865684299760186,0.9987775895214865,0.9865684299760186,0
2004-04-14,0.9696808959880688,0.9987775895214865,0.9987775895214865,0.9696808959880688,0
2004-04-15,0.979135639634826,0.9696808959880688,0.979135639634826,0.9696808959880688,0
2004-04-16,0.9439480156363536,0.979135639634826,0.979135639634826,0.9439480156363536,0
2004-04-19,0.9407416964469426,0.9439480156363536,0.9439480156363536,0.9407416964469426,0
2004-04-20,0.9636061975871278,0.9407416964469426,0.9636061975871278,0.9407416964469426,0
2004-04-21,0.9186883825546105,0.9636061975871278,0.9636061975871278,0.9186883825546105,0
2004-04-22,0.9345820579234808,0.9186883825546105,0.9345820579234808,0.9186883825546105,0
2004-04-23,0.9828102186614768,0.9345820579234808,0.9828102186614768,0.9345820579234808,0
2004-04-26,0.9981725224964216,0.9828102186614768,0.9981725224964216,0.9828102186614768,0
2004-04-27,0.9836099539098437,0.9981725224964216,0.9981725224964216,0.9836099539098437,0
2004-04-28,0.979806381130999,0.9836099539098437,0.9836099539098437,0.979806381130999,0
2004-04-29,0.9441205206432629,0.979806381130999,0.979806381130999,0.9441205206432629,0
2004-04-30,0.9148366842055001,0.9441205206432629,0.9441205206432629,0.9148366842055001,0
2004-05-03,0.8701023525144591,0.9148366842055001,0.9148366842055001,0.8701023525144591,0
2004-05-04,0.8865509184783028,0.8701023525144591,0.8865509184783028,0.8701023525144591,0
2004-05-05,0.894060543088679,0.8865509184783028,0.894060543088679,0.8865509184783028,0
2004-05-06,0.9081932973867933,0.894060543088679,0.9081932973867933,0.894060543088679,0
2004-05-07,0.8943206167669754,0.9081932973867933,0.9081932973867933,0.8943206167669754,0
2004-05-10,0.8795410111350671,0.8943206167669754,0.8943206167669754,0.8795410111350671,0
2004-05-11,0.8643829490864297,0.8795410111350671,0.8795410111350671,0.8643829490864297,0
2004-05-12,0.8902443476988303,0.8643829490864297,0.8902443476988303,0.8643829490864297,0
2004-05-13,0.8937166460105629,0.8902443476988303,0.8937166460105629,0.8902443476988303,0
2004-05-14,0.8809743678106304,0.8937166460105629,0.8937166460105629,0.8809743678106304,0
2004-05-17,0.8678214664506512,0.8809743678106304,0.8809743678106304,0.8678214664506512,0
2004-05-18,0.8512718945827764,0.8678214664506512,0.8678214664506512,0.8512718945827764,0
2004-05-19,0.8665402023715308,0.8512718945827764,0.8665402023715308,0.8512718945827764,0
2004-05-20,0.8644768893601755,0.8665402023715308,0.8665402023715308,0.8644768893601755,0
2004-05-21,0.8723841907682592,0.8644768893601755,0.8723841907682592,0.8644768893601755,0
2004-05-24,0.8808283690238805,0.8723841907682592,0.8808283690238805,0.8723841907682592,0
2004-05-25,0.8928322751440892,0.8808283690238805,0.8928322751440892,0.8808283690238805,0
2004-05-26,0.9282134553082914,0.8928322751440892,0.9282134553082914,0.8928322751440892,0
2004-05-27,0.9400163904116049,0.9282134553082914,0.9400163904116049,0.9282134553082914,0
2004-05-28,0.9518903881400764,0.9400163904116049,0.9518903881400764,0.9400163904116049,0
2004-06-01,0.958613126544491,0.9518903881400764,0.958613126544491,0.9518903881400764,0
2004-06-02,0.9559154689190349,0.958613126544491,0.958613126544491,0.9559154689190349,0
2004-06-03,0.9516510050005546,0.9559154689190349,0.9559154689190349,0.9516510050005546,0
2004-06-04,0.9285839548651396,0.9516510050005546,0.9516510050005546,0.9285839548651396,0
2004-06-07,0.9393522087063956,0.9285839548651396,0.9393522087063956,0.9285839548651396,0
2004-06-08,0.9839232998200799,0.9393522087063956,0.9839232998200799,0.9393522087063956,0
2004-06-09,0.9865021282892831,0.9839232998200799,0.9865021282892831,0.9839232998200799,0
2004-06-10,0.9587718389126023,0.9865021282892831,0.9865021282892831,0.9587718389126023,0
2004-06-14,0.9723279915747363,0.9587718389126023,0.9723279915747363,0.9587718389126023,0
2004-06-15,0.9448036632320916,0.9723279915747363,0.9723279915747363,0.9448036632320916,0
2004-06-16,0.9691830211619205,0.9448036632320916,0.9691830211619205,0.9448036632320916,0
2004-06-17,0.9659465924056803,0.9691830211619205,0.9691830211619205,0.9659465924056803,0
2004-06-18,0.9479887092777685,0.9659465924056803,0.9659465924056803,0.9479887092777685,0
2004-06-21,0.950520220240565,0.9479887092777685,0.950520220240565,0.9479887092777685,0
2004-06-22,0.9353179090924421,0.950520220240565,0.950520220240565,0.9353179090924421,0
2004-06-23,0.962670852601646,0.9353179090924421,0.962670852601646,0.9353179090924421,0
2004-06-24,0.985692338371903,0.962670852601646,0.985692338371903,0.962670852601646,0
2004-06-25,0.9818985866716262,0.985692338371903,0.985692338371903,0.9818985866716262,0
2004-06-28,0.9966638713537336,0.9818985866716262,0.9966638713537336,0.9818985866716262,0
2004-06-29,0.98003273659157,0.9966638713537336,0.9966638713537336,0.98003273659157,0
2004-06-30,0.998488450094114,0.98003273659157,0.998488450094114,0.98003273659157,0
2004-07-01,1.018182658793339,0.998488450094114,1.018182658793339,0.998488450094114,0
2004-07-02,0.9803351816150627,1.018182658793339,1.018182658793339,0.9803351816150627,0
2004-07-06,0.968612961965539,0.9803351816150627,0.9803351816150627,0.968612961965539,0
2004-07-07,0.9269734563742039,0.968612961965539,0.968612961965539,0.9269734563742039,0
2004-07-08,0.9305036293653721,0.9269734563742039,0.9305036293653721,0.9269734563742039,0
2004-07-09,0.9098102854868481,0.9305036293653721,0.9305036293653721,0.9098102854868481,0
2004-07-12,0.9122894327421648,0.9098102854868481,0.9122894327421648,0.9098102854868481,0
2004-07-13,0.9045614661281985,0.9122894327421648,0.9122894327421648,0.9045614661281985,0
2004-07-14,0.9019515781032841,0.9045614661281985,0.9045614661281985,0.9019515781032841,0
2004-07-15,0.883614775867276,0.9019515781032841,0.9019515781032841,0.883614775867276,0
2004-07-16,0.8775200129421143,0.883614775867276,0.883614775867276,0.8775200129421143,0
2004-07-19,0.8574352756927865,0.8775200129421143,0.8775200129421143,0.8574352756927865,0
2004-07-20,0.8539057502916464,0.8574352756927865,0.8574352756927865,0.8539057502916464,0
2004-07-21,0.8948072297019813,0.8539057502916464,0.8948072297019813,0.8539057502916464,0
2004-07-22,0.8427106632063739,0.8948072297019813,0.8948072297019813,0.8427106632063739,0
2004-07-23,0.8656735362429341,0.8427106632063739,0.8656735362429341,0.8427106632063739,0
2004-07-26,0.832836571692869,0.8656735362429341,0.8656735362429341,0.832836571692869,0
2004-07-27,0.8254691628954122,0.832836571692869,0.832836571692869,0.8254691628954122,0
2004-07-28,0.8481861773194409,0.8254691628954122,0.8481861773194409,0.8254691628954122,0
2004-07-29,0.8407524643910578,0.8481861773194409,0.8481861773194409,0.8407524643910578,0
2004-07-30,0.860250665178345,0.8407524643910578,0.860250665178345,0.8407524643910578,0
2004-08-02,0.8656247887841718,0.860250665178345,0.8656247887841718,0.860250665178345,0
2004-08-03,0.869031567961884,0.8656247887841718,0.869031567961884,0.8656247887841718,0
2004-08-04,0.8326724752052135,0.869031567961884,0.869031567961884,0.8326724752052135,0
2004-08-05,0.8330940562426221,0.8326724752052135,0.8330940562426221,0.8326724752052135,0
2004-08-06,0.801886643929995,0.8330940562426221,0.8330940562426221,0.801886643929995,0
2004-08-09,0.7598206290665902,0.801886643929995,0.801886643929995,0.7598206290665902,0
2004-08-10,0.7634771809902061,0.7598206290665902,0.7634771809902061,0.7598206290665902,0
2004-08-11,0.7825054532639473,0.7634771809902061,0.7825054532639473,0.7634771809902061,0
2004-08-12,0.7687780285083969,0.7825054532639473,0.7825054532639473,0.7687780285083969,0
2004-08-13,0.7477012532774823,0.7687780285083969,0.7687780285083969,0.7477012532774823,0
2004-08-16,0.7499462647517121,0.7477012532774823,0.7499462647517121,0.7477012532774823,0
2004-08-17,0.7669535588872876,0.7499462647517121,0.7669535588872876,0.7499462647517121,0
2004-08-18,0.7841496835305837,0.7669535588872876,0.7841496835305837,0.7669535588872876,0
2004-08-19,0.8119089927283728,0.7841496835305837,0.8119089927283728,0.7841496835305837,0
2004-08-20,0.8032118320369865,0.8119089927283728,0.8119089927283728,0.8032118320369865,0
2004-08-23,0.8193711349224385,0.8032118320369865,0.8193711349224385,0.8032118320369865,0
2004-08-24,0.8231625174344082,0.8193711349224385,0.8231625174344082,0.8193711349224385,0
2004-08-25,0.8226159467656831,0.8231625174344082,0.8231625174344082,0.8226159467656831,0
2004-08-26,0.8452416653187935,0.8226159467656831,0.8452416653187935,0.8226159467656831,0
2004-08-27,0.8378362397000115,0.8452416653187935,0.8452416653187935,0.8378362397000115,0
2004-08-30,0.8455659000779466,0.8378362397000115,0.8455659000779466,0.8378362397000115,0
2004-08-31,0.8171198181825083,0.8455659000779466,0.8455659000779466,0.8171198181825083,0
2004-09-01,0.8189792397982318,0.8171198181825083,0.8189792397982318,0.8171198181825083,0
2004-09-02,0.8309530357835452,0.8189792397982318,0.8309530357835452,0.8189792397982318,0
2004-09-03,0.8556211889109842,0.8309530357835452,0.8556211889109842,0.8309530357835452,0
2004-09-07,0.8240657497224334,0.8556211889109842,0.8556211889109842,0.8240657497224334,0
2004-09-08,0.8380018980216313,0.8240657497224334,0.8380018980216313,0.8240657497224334,0
2004-09-09,0.8316085381943134,0.8380018980216313,0.8380018980216313,0.8316085381943134,0
2004-09-10,0.8456066744345985,0.8316085381943134,0.8456066744345985,0.8316085381943134,0
2004-09-13,0.8714544066424132,0.8456066744345985,0.8714544066424132,0.8456066744345985,0
2004-09-14,0.8942160900091443,0.8714544066424132,0.8942160900091443,0.8714544066424132,0
2004-09-15,0.8966606260844507,0.8942160900091443,0.8966606260844507,0.8942160900091443,0
2004-09-16,0.8774647565559528,0.8966606260844507,0.8966606260844507,0.8774647565559528,0
2004-09-17,0.8808813805389133,0.8774647565559528,0.8808813805389133,0.8774647565559528,0
2004-09-20,0.8862998883608201,0.8808813805389133,0.8862998883608201,0.8808813805389133,0
2004-09-21,0.8862313056313634,0.8862998883608201,0.8862998883608201,0.8862313056313634,0
2004-09-22,0.8931671147021685,0.8862313056313634,0.8931671147021685,0.8862313056313634,0
2004-09-23,0.8619614308667388,0.8931671147021685,0.8931671147021685,0.8619614308667388,0
2004-09-24,0.8604144879622699,0.8619614308667388,0.8619614308667388,0.8604144879622699,0
2004-09-27,0.8544349342591834,0.8604144879622699,0.8604144879622699,0.8544349342591834,0
2004-09-28,0.8396372772143846,0.8544349342591834,0.8544349342591834,0.8396372772143846,0
2004-09-29,0.842979205411998,0.8396372772143846,0.842979205411998,0.8396372772143846,0
2004-09-30,0.8677867423106312,0.842979205411998,0.8677867423106312,0.842979205411998,0
2004-10-01,0.870687474023997,0.8677867423106312,0.870687474023997,0.8677867423106312,0
2004-10-04,0.9181934724281481,0.870687474023997,0.9181934724281481,0.870687474023997,0
2004-10-05,0.9288047982161742,0.9181934724281481,0.9288047982161742,0.9181934724281481,0
2004-10-06,0.9312912823253781,0.9288047982161742,0.9312912823253781,0.9288047982161742,0
2004-10-07,0.9460745327491861,0.9312912823253781,0.9460745327491861,0.9312912823253781,0
2004-10-08,0.9248346230081221,0.9460745327491861,0.9460745327491861,0.9248346230081221,0
2004-10-11,0.8910767002440163,0.9248346230081221,0.9248346230081221,0.8910767002440163,0
2004-10-12,0.8995229783800152,0.8910767002440163,0.8995229783800152,0.8910767002440163,0
2004-10-13,0.8964331264036896,0.8995229783800152,0.8995229783800152,0.8964331264036896,0
2004-10-14,0.8923455159566307,0.8964331264036896,0.8964331264036896,0.8923455159566307,0
2004-10-15,0.8842577464411108,0.8923455159566307,0.8923455159566307,0.8842577464411108,0
2004-10-18,0.8931696415721775,0.8842577464411108,0.8931696415721775,0.8842577464411108,0
2004-10-19,0.9186693728121912,0.8931696415721775,0.9186693728121912,0.8931696415721775,0
2004-10-20,0.9053795169514024,0.9186693728121912,0.9186693728121912,0.9053795169514024,0
2004-10-21,0.9138885726141888,0.9053795169514024,0.9138885726141888,0.9053795169514024,0
2004-10-22,0.941705124961307,0.9138885726141888,0.941705124961307,0.9138885726141888,0
2004-10-25,0.9004634364488177,0.941705124961307,0.941705124961307,0.9004634364488177,0
2004-10-26,0.8918428418555421,0.9004634364488177,0.9004634364488177,0.8918428418555421,0
2004-10-27,0.9012846130725175,0.8918428418555421,0.9012846130725175,0.8918428418555421,0
2004-10-28,0.9470090051886075,0.9012846130725175,0.9470090051886075,0.9012846130725175,0
2004-10-29,0.958796023612267,0.9470090051886075,0.958796023612267,0.9470090051886075,0
2004-11-01,0.9556078440578136,0.958796023612267,0.958796023612267,0.9556078440578136,0
2004-11-02,0.9627869003249785,0.9556078440578136,0.9627869003249785,0.9556078440578136,0
2004-11-03,0.9689496104175528,0.9627869003249785,0.9689496104175528,0.9627869003249785,0
2004-11-04,0.9819118100953625,0.9689496104175528,0.9819118100953625,0.9689496104175528,0
2004-11-05,0.9928602013093024,0.9819118100953625,0.9928602013093024,0.9819118100953625,0
2004-11-08,1.0107299181840121,0.9928602013093024,1.0107299181840121,0.9928602013093024,0
2004-11-09,1.01278080795479,1.0107299181840121,1.01278080795479,1.0107299181840121,0
2004-11-10,1.0084385169818426,1.01278080795479,1.01278080795479,1.0084385169818426,0
2004-11-11,1.001446719972677,1.0084385169818426,1.0084385169818426,1.001446719972677,0
2004-11-12,1.0278685670975065,1.001446719972677,1.0278685670975065,1.001446719972677,0
2004-11-15,1.0476550681006087,1.0278685670975065,1.0476550681006087,1.0278685670975065,0
2004-11-16,1.0567879041412889,1.0476550681006087,1.0567879041412889,1.0476550681006087,0
2004-11-17,1.043642750146311,1.0567879041412889,1.0567879041412889,1.043642750146311,0
2004-11-18,1.0716872595666616,1.043642750146311,1.0716872595666616,1.043642750146311,0
2004-11-19,1.0814694890543204,1.0716872595666616,1.0814694890543204,1.0716872595666616,0
2004-11-22,1.047804337942827,1.0814694890543204,1.0814694890543204,1.047804337942827,0
2004-11-23,1.0677679564821114,1.047804337942827,1.0677679564821114,1.047804337942827,0
2004-11-24,1.0644052555190493,1.0677679564821114,1.0677679564821114,1.0644052555190493,0
2004-11-26,1.082887614670628,1.0644052555190493,1.082887614670628,1.0644052555190493,0
2004-11-29,1.0761951568262829,1.082887614670628,1.082887614670628,1.0761951568262829,0
2004-11-30,1.0755628862723474,1.0761951568262829,1.0761951568262829,1.0755628862723474,0
2004-12-01,1.0710889219250304,1.0755628862723474,1.0755628862723474,1.0710889219250304,0
2004-12-02,1.1148132555496355,1.0710889219250304,1.1148132555496355,1.0710889219250304,0
2004-12-03,1.1231071957195666,1.1148132555496355,1.1231071957195666,1.1148132555496355,0
2004-12-06,1.126382025998962,1.1231071957195666,1.126382025998962,1.1231071957195666,0
2004-12-07,1.1341535072018718,1.126382025998962,1.1341535072018718,1.126382025998962,0
2004-12-08,1.0952002625178563,1.1341535072018718,1.1341535072018718,1.0952002625178563,0
2004-12-09,1.1078437272135244,1.0952002625178563,1.1078437272135244,1.0952002625178563,0
2004-12-10,1.1211151384394205,1.1078437272135244,1.1211151384394205,1.1078437272135244,0
2004-12-13,1.114310943864931,1.1211151384394205,1.1211151384394205,1.114310943864931,0
2004-12-14,1.1337602714000081,1.114310943864931,1.1337602714000081,1.114310943864931,0
2004-12-15,1.1449309144712907,1.1337602714000081,1.1449309144712907,1.1337602714000081,0
2004-12-16,1.1363568311772234,1.1449309144712907,1.1449309144712907,1.1363568311772234,0
2004-12-17,1.11485419384474,1.1363568311772234,1.1363568311772234,1.11485419384474,0
2004-12-20,1.1090762553354736,1.11485419384474,1.11485419384474,1.1090762553354736,0
2004-12-21,1.093816981015633,1.1090762553354736,1.1090762553354736,1.093816981015633,0
2004-12-22,1.1205203597362265,1.093816981015633,1.1205203597362265,1.093816981015633,0
2004-12-23,1.1232568545921118,1.1205203597362265,1.1232568545921118,1.1205203597362265,0
2004-12-27,1.1248660601026277,1.1232568545921118,1.1248660601026277,1.1232568545921118,0
2004-12-28,1.1151604621530593,1.1248660601026277,1.1248660601026277,1.1151604621530593,0
2004-12-29,1.1364826787965,1.1151604621530593,1.1364826787965,1.1151604621530593,0
2004-12-30,1.1392383996603366,1.1364826787965,1.1392383996603366,1.1364826787965,0
2004-12-31,1.1374409235866967,1.1392383996603366,1.1392383996603366,1.1374409235866967,0
2005-01-03,1.1333694954512603,1.1374409235866967,1.1374409235866967,1.1333694954512603,0
2005-01-04,1.1094355351370506,1.1333694954512603,1.1333694954512603,1.1094355351370506,0
2005-01-05,1.0689039625330214,1.1094355351370506,1.1094355351370506,1.0689039625330214,0
2005-01-06,1.055590551571657,1.0689039625330214,1.0689039625330214,1.055590551571657,0
2005-01-07,1.0451015921835056,1.055590551571657,1.055590551571657,1.0451015921835056,0
2005-01-10,1.0559216547342118,1.0451015921835056,1.0559216547342118,1.0451015921835056,0
2005-01-11,1.05474403590573,1.0559216547342118,1.0559216547342118,1.05474403590573,0
2005-01-12,1.03987902938373,1.05474403590573,1.05474403590573,1.03987902938373,0
2005-01-13,1.057194217367043,1.03987902938373,1.057194217367043,1.03987902938373,0
2005-01-14,1.0291625001847458,1.057194217367043,1.057194217367043,1.0291625001847458,0
2005-01-18,1.0485464269209914,1.0291625001847458,1.0485464269209914,1.0291625001847458,0
2005-01-19,1.0642902407897517,1.0485464269209914,1.0642902407897517,1.0485464269209914,0
2005-01-20,1.0290233883910855,1.0642902407897517,1.0642902407897517,1.0290233883910855,0
2005-01-21,0.9894910068374514,1.0290233883910855,1.0290233883910855,0.9894910068374514,0
2005-01-24,0.9735199135419444,0.9894910068374514,0.9894910068374514,0.9735199135419444,0
2005-01-25,0.9461166890198414,0.9735199135419444,0.9735199135419444,0.9461166890198414,0
2005-01-26,0.9553672593940198,0.9461166890198414,0.9553672593940198,0.9461166890198414,0
2005-01-27,0.9781968176823987,0.9553672593940198,0.9781968176823987,0.9553672593940198,0
2005-01-28,0.9754864258669309,0.9781968176823987,0.9781968176823987,0.9754864258669309,0
2005-01-31,0.9659463667404316,0.9754864258669309,0.9754864258669309,0.9659463667404316,0
2005-02-01,0.9909876393448416,0.9659463667404316,0.9909876393448416,0.9659463667404316,0
2005-02-02,0.9972697975195255,0.9909876393448416,0.9972697975195255,0.9909876393448416,0
2005-02-03,1.0003832224705516,0.9972697975195255,1.0003832224705516,0.9972697975195255,0
2005-02-04,0.9774131651380416,1.0003832224705516,1.0003832224705516,0.9774131651380416,0
2005-02-07,1.0089090030031331,0.9774131651380416,1.0089090030031331,0.9774131651380416,0
2005-02-08,1.0045539396919978,1.0089090030031331,1.0089090030031331,1.0045539396919978,0
2005-02-09,1.0082094691598922,1.0045539396919978,1.0082094691598922,1.0045539396919978,0
2005-02-10,0.9744720060499432,1.0082094691598922,1.0082094691598922,0.9744720060499432,0
2005-02-11,0.9764977255758154,0.9744720060499432,0.9764977255758154,0.9744720060499432,0
2005-02-14,1.005335239012603,0.9764977255758154,1.005335239012603,0.9764977255758154,0
2005-02-15,1.014324350057193,1.005335239012603,1.014324350057193,1.005335239012603,0
2005-02-16,1.027637653684482,1.014324350057193,1.027637653684482,1.014324350057193,0
2005-02-17,1.0200082690463617,1.027637653684482,1.027637653684482,1.0200082690463617,0
2005-02-18,0.9925363851668981,1.0200082690463617,1.0200082690463617,0.9925363851668981,0
2005-02-22,0.9861025794057982,0.9925363851668981,0.9925363851668981,0.9861025794057982,0
2005-02-23,0.9617363671385438,0.9861025794057982,0.9861025794057982,0.9617363671385438,0
2005-02-24,0.9642696345825842,0.9617363671385438,0.9642696345825842,0.9617363671385438,0
2005-02-25,0.9887328403351877,0.9642696345825842,0.9887328403351877,0.9642696345825842,0
2005-02-28,0.9997558667797046,0.9887328403351877,0.9997558667797046,0.9887328403351877,0
2005-03-01,0.9784194309996095,0.9997558667797046,0.9997558667797046,0.9784194309996095,0
2005-03-02,0.9998991417767368,0.9784194309996095,0.9998991417767368,0.9784194309996095,0
2005-03-03,0.9987595827296798,0.9998991417767368,0.9998991417767368,0.9987595827296798,0
2005-03-04,0.9822186796404586,0.9987595827296798,0.9987595827296798,0.9822186796404586,0
2005-03-07,0.9937269646933449,0.9822186796404586,0.9937269646933449,0.9822186796404586,0
2005-03-08,1.0222546235796879,0.9937269646933449,1.0222546235796879,0.9937269646933449,0
2005-03-09,1.001762397242401,1.0222546235796879,1.0222546235796879,1.001762397242401,0
2005-03-10,0.9958359231655651,1.001762397242401,1.001762397242401,0.9958359231655651,0
2005-03-11,0.9931080653545757,0.9958359231655651,0.9958359231655651,0.9931080653545757,0
2005-03-14,0.9745039268317387,0.9931080653545757,0.9931080653545757,0.9745039268317387,0
2005-03-15,0.9833419763488261,0.9745039268317387,0.9833419763488261,0.9745039268317387,0
2005-03-16,0.9674666126101524,0.9833419763488261,0.9833419763488261,0.9674666126101524,0
2005-03-17,0.9454503702081667,0.9674666126101524,0.9674666126101524,0.9454503702081667,0
2005-03-18,0.9500233827513433,0.9454503702081667,0.9500233827513433,0.9454503702081667,0
2005-03-21,0.9395995775282217,0.9500233827513433,0.9500233827513433,0.9395995775282217,0
2005-03-22,0.943128991181429,0.9395995775282217,0.943128991181429,0.9395995775282217,0
2005-03-23,0.919852449766634,0.943128991181429,0.943128991181429,0.919852449766634,0
2005-03-24,0.9263999930334376,0.919852449766634,0.9263999930334376,0.919852449766634,0
2005-03-28,0.9268397542488526,0.9263999930334376,0.9268397542488526,0.9263999930334376,0
2005-03-29,0.9303444068664392,0.9268397542488526,0.9303444068664392,0.9268397542488526,0
2005-03-30,0.9154248919471994,0.9303444068664392,0.9303444068664392,0.9154248919471994,0
2005-03-31,0.9498887397458498,0.9154248919471994,0.9498887397458498,0.9154248919471994,0
2005-04-01,0.9415412454048138,0.9498887397458498,0.9498887397458498,0.9415412454048138,0
2005-04-04,0.9224140811429069,0.9415412454048138,0.9415412454048138,0.9224140811429069,0
2005-04-05,0.9355928347303961,0.9224140811429069,0.9355928347303961,0.9224140811429069,0
2005-04-06,0.9406527245372518,0.9355928347303961,0.9406527245372518,0.9355928347303961,0
2005-04-07,0.9374921477906246,0.9406527245372518,0.9406527245372518,0.9374921477906246,0
2005-04-08,0.96002236808761,0.9374921477906246,0.96002236808761,0.9374921477906246,0
2005-04-11,0.9443550624098013,0.96002236808761,0.96002236808761,0.9443550624098013,0
2005-04-12,0.9360348357212566,0.9443550624098013,0.9443550624098013,0.9360348357212566,0
2005-04-13,0.945199009402254,0.9360348357212566,0.945199009402254,0.9360348357212566,0
2005-04-14,0.9141866220730492,0.945199009402254,0.945199009402254,0.9141866220730492,0
2005-04-15,0.8882568465625164,0.9141866220730492,0.9141866220730492,0.8882568465625164,0
2005-04-18,0.8477109339697477,0.8882568465625164,0.8882568465625164,0.8477109339697477,0
2005-04-19,0.8481330526840596,0.8477109339697477,0.8481330526840596,0.8477109339697477,0
2005-04-20,0.8597828209584409,0.8481330526840596,0.8597828209584409,0.8481330526840596,0
2005-04-21,0.8454643702796607,0.8597828209584409,0.8597828209584409,0.8454643702796607,0
2005-04-22,0.8902303836109391,0.8454643702796607,0.8902303836109391,0.8454643702796607,0
2005-04-25,0.8636689820793915,0.8902303836109391,0.8902303836109391,0.8636689820793915,0
2005-04-26,0.8778784668994323,0.8636689820793915,0.8778784668994323,0.8636689820793915,0
2005-04-27,0.8614344370778914,0.8778784668994323,0.8778784668994323,0.8614344370778914,0
2005-04-28,0.86382435625165,0.8614344370778914,0.86382435625165,0.8614344370778914,0
2005-04-29,0.8465307009482507,0.86382435625165,0.86382435625165,0.8465307009482507,0
2005-05-02,0.8576715633690105,0.8465307009482507,0.8576715633690105,0.8465307009482507,0
2005-05-03,0.864470108650466,0.8576715633690105,0.864470108650466,0.8576715633690105,0
2005-05-04,0.8732647431868387,0.864470108650466,0.8732647431868387,0.864470108650466,0
2005-05-05,0.8944720275688882,0.8732647431868387,0.8944720275688882,0.8732647431868387,0
2005-05-06,0.8959052379601177,0.8944720275688882,0.8959052379601177,0.8944720275688882,0
2005-05-09,0.9008463522876655,0.8959052379601177,0.9008463522876655,0.8959052379601177,0
2005-05-10,0.9093176108534363,0.9008463522876655,0.9093176108534363,0.9008463522876655,0
2005-05-11,0.8961239527721773,0.9093176108534363,0.9093176108534363,0.8961239527721773,0
2005-05-12,0.9050725661732483,0.8961239527721773,0.9050725661732483,0.8961239527721773,0
2005-05-13,0.899967457338567,0.9050725661732483,0.9050725661732483,0.899967457338567,0
2005-05-16,0.9194798588181261,0.899967457338567,0.9194798588181261,0.899967457338567,0
2005-05-17,0.9315869748634855,0.9194798588181261,0.9315869748634855,0.9194798588181261,0
2005-05-18,0.942750720057162,0.9315869748634855,0.942750720057162,0.9315869748634855,0
2005-05-19,0.9683661983968279,0.942750720057162,0.9683661983968279,0.942750720057162,0
2005-05-20,0.9844307437495046,0.9683661983968279,0.9844307437495046,0.9683661983968279,0
2005-05-23,0.9922276343922145,0.9844307437495046,0.9922276343922145,0.9844307437495046,0
2005-05-24,1.0021639000512108,0.9922276343922145,1.0021639000512108,0.9922276343922145,0
2005-05-25,1.0084389065655737,1.0021639000512108,1.0084389065655737,1.0021639000512108,0
2005-05-26,0.9998620732971655,1.0084389065655737,1.0084389065655737,0.9998620732971655,0
2005-05-27,1.0198829310980522,0.9998620732971655,1.0198829310980522,0.9998620732971655,0
2005-05-31,1.0208720182605728,1.0198829310980522,1.0208720182605728,1.0198829310980522,0
2005-06-01,1.013845846932916,1.0208720182605728,1.0208720182605728,1.013845846932916,0
2005-06-02,1.030274750435901,1.013845846932916,1.030274750435901,1.013845846932916,0
2005-06-03,1.0446883605125963,1.030274750435901,1.0446883605125963,1.030274750435901,0
2005-06-06,1.014341392545928,1.0446883605125963,1.0446883605125963,1.014341392545928,0
2005-06-07,1.0147956162799987,1.014341392545928,1.0147956162799987,1.014341392545928,0
2005-06-08,0.9976749496290489,1.0147956162799987,1.0147956162799987,0.9976749496290489,0
2005-06-09,0.9933742746725834,0.9976749496290489,0.9976749496290489,0.9933742746725834,0
2005-06-10,1.0059411505874576,0.9933742746725834,1.0059411505874576,0.9933742746725834,0
2005-06-13,0.9846576536404337,1.0059411505874576,1.0059411505874576,0.9846576536404337,0
2005-06-14,0.994021818670839,0.9846576536404337,0.994021818670839,0.9846576536404337,0
2005-06-15,0.9860414807226695,0.994021818670839,0.994021818670839,0.9860414807226695,0
2005-06-16,0.9922623292805753,0.9860414807226695,0.9922623292805753,0.9860414807226695,0
2005-06-17,1.0027133140504412,0.9922623292805753,1.0027133140504412,0.9922623292805753,0
2005-06-20,1.0029008907238353,1.0027133140504412,1.0029008907238353,1.0027133140504412,0
2005-06-21,1.0028232852977672,1.0029008907238353,1.0029008907238353,1.0028232852977672,0
2005-06-22,1.001687411204476,1.0028232852977672,1.0028232852977672,1.001687411204476,0
2005-06-23,0.9994924983002296,1.001687411204476,1.001687411204476,0.9994924983002296,0
2005-06-24,0.9772086344046106,0.9994924983002296,0.9994924983002296,0.9772086344046106,0
2005-06-27,0.95517980052679,0.9772086344046106,0.9772086344046106,0.95517980052679,0
2005-06-28,0.9463214682383904,0.95517980052679,0.95517980052679,0.9463214682383904,0
2005-06-29,0.9642483969197724,0.9463214682383904,0.9642483969197724,0.9463214682383904,0
2005-06-30,0.9600220715651279,0.9642483969197724,0.9642483969197724,0.9600220715651279,0
2005-07-01,0.9449254092658181,0.9600220715651279,0.9600220715651279,0.9449254092658181,0
2005-07-05,0.9422843197137515,0.9449254092658181,0.9449254092658181,0.9422843197137515,0
2005-07-06,0.9617070344145049,0.9422843197137515,0.9617070344145049,0.9422843197137515,0
2005-07-07,0.9523041563824699,0.9617070344145049,0.9617070344145049,0.9523041563824699,0
2005-07-08,0.9589348808927005,0.9523041563824699,0.9589348808927005,0.9523041563824699,0
2005-07-11,0.9956043900724473,0.9589348808927005,0.9956043900724473,0.9589348808927005,0
2005-07-12,1.0139778657589975,0.9956043900724473,1.0139778657589975,0.9956043900724473,0
2005-07-13,1.02347524158036,1.0139778657589975,1.02347524158036,1.0139778657589975,0
2005-07-14,1.028206575124014,1.02347524158036,1.028206575124014,1.02347524158036,0
2005-07-15,1.0484824099322019,1.028206575124014,1.0484824099322019,1.028206575124014,0
2005-07-18,1.0548912485538715,1.0484824099322019,1.0548912485538715,1.0484824099322019,0
2005-07-19,1.0461306178477585,1.0548912485538715,1.0548912485538715,1.0461306178477585,0
2005-07-20,1.0703598410182886,1.0461306178477585,1.0703598410182886,1.0461306178477585,0
2005-07-21,1.0855748858576366,1.0703598410182886,1.0855748858576366,1.0703598410182886,0
2005-07-22,1.0860410965783902,1.0855748858576366,1.0860410965783902,1.0855748858576366,0
2005-07-25,1.0832050129250719,1.0860410965783902,1.0860410965783902,1.0832050129250719,0
2005-07-26,1.0748786338732483,1.0832050129250719,1.0832050129250719,1.0748786338732483,0
2005-07-27,1.0830058977902945,1.0748786338732483,1.0830058977902945,1.0748786338732483,0
2005-07-28,1.09940688943633,1.0830058977902945,1.09940688943633,1.0830058977902945,0
2005-07-29,1.1098400200048757,1.09940688943633,1.1098400200048757,1.09940688943633,0
2005-08-01,1.091400298245512,1.1098400200048757,1.1098400200048757,1.091400298245512,0
2005-08-02,1.0951760201930194,1.091400298245512,1.0951760201930194,1.091400298245512,0
2005-08-03,1.1188455771130856,1.0951760201930194,1.1188455771130856,1.0951760201930194,0
2005-08-04,1.1176423911672322,1.1188455771130856,1.1188455771130856,1.1176423911672322,0
2005-08-05,1.095795095124393,1.1176423911672322,1.1176423911672322,1.095795095124393,0
2005-08-08,1.0852134411979293,1.095795095124393,1.095795095124393,1.0852134411979293,0
2005-08-09,1.0691866704362256,1.0852134411979293,1.0852134411979293,1.0691866704362256,0
2005-08-10,1.0832898599824337,1.0691866704362256,1.0832898599824337,1.0691866704362256,0
2005-08-11,1.0645341542390965,1.0832898599824337,1.0832898599824337,1.0645341542390965,0
2005-08-12,1.081871374849279,1.0645341542390965,1.081871374849279,1.0645341542390965,0
2005-08-15,1.0697153241647819,1.081871374849279,1.081871374849279,1.0697153241647819,0
2005-08-16,1.0827272293803714,1.0697153241647819,1.0827272293803714,1.0697153241647819,0
2005-08-17,1.047513737065665,1.0827272293803714,1.0827272293803714,1.047513737065665,0
2005-08-18,1.0598476885958066,1.047513737065665,1.0598476885958066,1.047513737065665,0
2005-08-19,1.0489066150346196,1.0598476885958066,1.0598476885958066,1.0489066150346196,0
2005-08-22,1.0477464290147447,1.0489066150346196,1.0489066150346196,1.0477464290147447,0
2005-08-23,1.0487437352014277,1.0477464290147447,1.0487437352014277,1.0477464290147447,0
2005-08-24,1.042722965415656,1.0487437352014277,1.0487437352014277,1.042722965415656,0
2005-08-25,1.0302577987814376,1.042722965415656,1.042722965415656,1.0302577987814376,0
2005-08-26,1.0349941303232506,1.0302577987814376,1.0349941303232506,1.0302577987814376,0
2005-08-29,1.0279405535238064,1.0349941303232506,1.0349941303232506,1.0279405535238064,0
2005-08-30,1.0438979548228269,1.0279405535238064,1.0438979548228269,1.0279405535238064,0
2005-08-31,1.036275178021749,1.0438979548228269,1.0438979548228269,1.036275178021749,0
2005-09-01,1.0555163340085747,1.036275178021749,1.0555163340085747,1.036275178021749,0
2005-09-02,1.0521850176371421,1.0555163340085747,1.0555163340085747,1.0521850176371421,0
2005-09-06,1.0439925335240774,1.0521850176371421,1.0521850176371421,1.0439925335240774,0
2005-09-07,1.0746086683598646,1.0439925335240774,1.0746086683598646,1.0439925335240774,0
2005-09-08,1.0783507119952414,1.0746086683598646,1.0783507119952414,1.0746086683598646,0
2005-09-09,1.077720022740538,1.0783507119952414,1.0783507119952414,1.077720022740538,0
2005-09-12,1.0896717951076187,1.077720022740538,1.0896717951076187,1.077720022740538,0
2005-09-13,1.0956383787469277,1.0896717951076187,1.0956383787469277,1.0896717951076187,0
2005-09-14,1.0900379472539699,1.0956383787469277,1.0956383787469277,1.0900379472539699,0
2005-09-15,1.065199826769533,1.0900379472539699,1.0900379472539699,1.065199826769533,0
2005-09-16,1.0640286936070587,1.065199826769533,1.065199826769533,1.0640286936070587,0
2005-09-19,1.0769890356828506,1.0640286936070587,1.0769890356828506,1.0640286936070587,0
2005-09-20,1.0599591892047644,1.0769890356828506,1.0769890356828506,1.0599591892047644,0
2005-09-21,1.0511998814778383,1.0599591892047644,1.0599591892047644,1.0511998814778383,0
2005-09-22,1.027896154852344,1.0511998814778383,1.0511998814778383,1.027896154852344,0
2005-09-23,1.0352910019472517,1.027896154852344,1.0352910019472517,1.027896154852344,0
2005-09-26,1.0411077867971603,1.0352910019472517,1.0411077867971603,1.0352910019472517,0
2005-09-27,1.0415628842027986,1.0411077867971603,1.0415628842027986,1.0411077867971603,0
2005-09-28,1.03664484202267,1.0415628842027986,1.0415628842027986,1.03664484202267,0
2005-09-29,1.0371012534353488,1.03664484202267,1.0371012534353488,1.03664484202267,0
2005-09-30,1.0649055030578969,1.0371012534353488,1.0649055030578969,1.0371012534353488,0
2005-10-03,1.078949840198145,1.0649055030578969,1.078949840198145,1.0649055030578969,0
2005-10-04,1.0843346620995904,1.078949840198145,1.0843346620995904,1.078949840198145,0
2005-10-05,1.0699971743400367,1.0843346620995904,1.0843346620995904,1.0699971743400367,0
2005-10-06,1.0405104492642423,1.0699971743400367,1.0699971743400367,1.0405104492642423,0
2005-10-07,1.0130476873536378,1.0405104492642423,1.0405104492642423,1.0130476873536378,0
2005-10-10,1.017736328268584,1.0130476873536378,1.017736328268584,1.0130476873536378,0
2005-10-11,1.0065096471596882,1.017736328268584,1.017736328268584,1.0065096471596882,0
2005-10-12,0.9963995974641411,1.0065096471596882,1.0065096471596882,0.9963995974641411,0
2005-10-13,0.9726883004195375,0.9963995974641411,0.9963995974641411,0.9726883004195375,0
2005-10-14,0.9876606538829831,0.9726883004195375,0.9876606538829831,0.9726883004195375,0
2005-10-17,1.0022232305899013,0.9876606538829831,1.0022232305899013,0.9876606538829831,0
2005-10-18,1.008465982183571,1.0022232305899013,1.008465982183571,1.0022232305899013,0
2005-10-19,0.9941244868733475,1.008465982183571,1.008465982183571,0.9941244868733475,0
2005-10-20,1.033906581850863,0.9941244868733475,1.033906581850863,0.9941244868733475,0
2005-10-21,1.0145769594646017,1.033906581850863,1.033906581850863,1.0145769594646017,0
2005-10-24,1.0272097016000605,1.0145769594646017,1.0272097016000605,1.0145769594646017,0
2005-10-25,1.0596386781982416,1.0272097016000605,1.0596386781982416,1.0272097016000605,0
2005-10-26,1.051439429014712,1.0596386781982416,1.0596386781982416,1.051439429014712,0
2005-10-27,1.040577115202712,1.051439429014712,1.051439429014712,1.040577115202712,0
2005-10-28,0.9986696425296258,1.040577115202712,1.040577115202712,0.9986696425296258,0
2005-10-31,1.0138229054111236,0.9986696425296258,1.0138229054111236,0.9986696425296258,0
2005-11-01,1.0428482134089163,1.0138229054111236,1.0428482134089163,1.0138229054111236,0
2005-11-02,1.0411560933638127,1.0428482134089163,1.0428482134089163,1.0411560933638127,0
2005-11-03,1.0684178528726644,1.0411560933638127,1.0684178528726644,1.0411560933638127,0
2005-11-04,1.100373552619834,1.0684178528726644,1.100373552619834,1.0684178528726644,0
2005-11-07,1.10800380298266,1.100373552619834,1.10800380298266,1.100373552619834,0
2005-11-08,1.1106825358729826,1.10800380298266,1.1106825358729826,1.10800380298266,0
2005-11-09,1.11114938693028,1.1106825358729826,1.11114938693028,1.1106825358729826,0
2005-11-10,1.112171667458862,1.11114938693028,1.112171667458862,1.11114938693028,0
2005-11-11,1.1364565619276317,1.112171667458862,1.1364565619276317,1.112171667458862,0
2005-11-14,1.142526487040371,1.1364565619276317,1.142526487040371,1.1364565619276317,0
2005-11-15,1.1424380772526834,1.142526487040371,1.142526487040371,1.1424380772526834,0
2005-11-16,1.1316853324251968,1.1424380772526834,1.1424380772526834,1.1316853324251968,0
2005-11-17,1.1455617411914332,1.1316853324251968,1.1455617411914332,1.1316853324251968,0
2005-11-18,1.1758192579192037,1.1455617411914332,1.1758192579192037,1.1455617411914332,0
2005-11-21,1.183698737053774,1.1758192579192037,1.183698737053774,1.1758192579192037,0
2005-11-22,1.1893183186770309,1.183698737053774,1.1893183186770309,1.183698737053774,0
2005-11-23,1.197813650720839,1.1893183186770309,1.197813650720839,1.1893183186770309,0
2005-11-25,1.2034661092681262,1.197813650720839,1.2034661092681262,1.197813650720839,0
2005-11-28,1.2085543235096632,1.2034661092681262,1.2085543235096632,1.2034661092681262,0
2005-11-29,1.188265921056139,1.2085543235096632,1.2085543235096632,1.188265921056139,0
2005-11-30,1.1767316182374783,1.188265921056139,1.188265921056139,1.1767316182374783,0
2005-12-01,1.1709476362899216,1.1767316182374783,1.1767316182374783,1.1709476362899216,0
2005-12-02,1.2145831130177882,1.1709476362899216,1.2145831130177882,1.1709476362899216,0
2005-12-05,1.2202714600540476,1.2145831130177882,1.2202714600540476,1.2145831130177882,0
2005-12-06,1.202211138495268,1.2202714600540476,1.2202714600540476,1.202211138495268,0
2005-12-07,1.2101703970871958,1.202211138495268,1.2101703970871958,1.202211138495268,0
2005-12-08,1.205460516784615,1.2101703970871958,1.2101703970871958,1.205460516784615,0
2005-12-09,1.18808883871159,1.205460516784615,1.205460516784615,1.18808883871159,0
2005-12-12,1.1971442996607367,1.18808883871159,1.1971442996607367,1.18808883871159,0
2005-12-13,1.2056600550292964,1.1971442996607367,1.2056600550292964,1.1971442996607367,0
2005-12-14,1.2153571362982618,1.2056600550292964,1.2153571362982618,1.2056600550292964,0
2005-12-15,1.2071692226262485,1.2153571362982618,1.2153571362982618,1.2071692226262485,0
2005-12-16,1.2111090390032093,1.2071692226262485,1.2111090390032093,1.2071692226262485,0
2005-12-19,1.1942948698328029,1.2111090390032093,1.2111090390032093,1.1942948698328029,0
2005-12-20,1.1562880665214696,1.1942948698328029,1.1942948698328029,1.1562880665214696,0
2005-12-21,1.1578965083303723,1.1562880665214696,1.1578965083303723,1.1562880665214696,0
2005-12-22,1.1679851780437565,1.1578965083303723,1.1679851780437565,1.1578965083303723,0
2005-12-23,1.1832282148343045,1.1679851780437565,1.1832282148343045,1.1679851780437565,0
2005-12-27,1.1831366555081566,1.1832282148343045,1.1832282148343045,1.1831366555081566,0
2005-12-28,1.1624703878661866,1.1831366555081566,1.1831366555081566,1.1624703878661866,0
2005-12-29,1.1595473920921398,1.1624703878661866,1.1624703878661866,1.1595473920921398,0
2005-12-30,1.144180499833708,1.1595473920921398,1.1595473920921398,1.144180499833708,0
2006-01-03,1.1266710445465427,1.144180499833708,1.144180499833708,1.1266710445465427,0
2006-01-04,1.1767702990041182,1.1266710445465427,1.1767702990041182,1.1266710445465427,0
2006-01-05,1.201177242552282,1.1767702990041182,1.201177242552282,1.1767702990041182,0
2006-01-06,1.211445751922676,1.201177242552282,1.211445751922676,1.201177242552282,0
2006-01-09,1.2552771755476506,1.211445751922676,1.2552771755476506,1.211445751922676,0
2006-01-10,1.2651799849746117,1.2552771755476506,1.2651799849746117,1.2552771755476506,0
2006-01-11,1.266852527985415,1.2651799849746117,1.266852527985415,1.2651799849746117,0
2006-01-12,1.2862565373901917,1.266852527985415,1.2862565373901917,1.266852527985415,0
2006-01-13,1.2736517847210582,1.2862565373901917,1.2862565373901917,1.2736517847210582,0
2006-01-17,1.2723689087796899,1.2736517847210582,1.2736517847210582,1.2723689087796899,0
2006-01-18,1.255693419196856,1.2723689087796899,1.2723689087796899,1.255693419196856,0
2006-01-19,1.2267755709961397,1.255693419196856,1.255693419196856,1.2267755709961397,0
2006-01-20,1.2447002988162443,1.2267755709961397,1.2447002988162443,1.2267755709961397,0
2006-01-23,1.1702503408200657,1.2447002988162443,1.2447002988162443,1.1702503408200657,0
2006-01-24,1.170727586947363,1.1702503408200657,1.170727586947363,1.1702503408200657,0
2006-01-25,1.1808517527373739,1.170727586947363,1.1808517527373739,1.170727586947363,0
2006-01-26,1.1705020374784445,1.1808517527373739,1.1808517527373739,1.1705020374784445,0
2006-01-27,1.186864571291094,1.1705020374784445,1.186864571291094,1.1705020374784445,0
2006-01-30,1.2187657304894686,1.186864571291094,1.2187657304894686,1.186864571291094,0
2006-01-31,1.223302429407235,1.2187657304894686,1.223302429407235,1.2187657304894686,0
2006-02-01,1.2121900244738997,1.223302429407235,1.223302429407235,1.2121900244738997,0
2006-02-02,1.2207542296564386,1.2121900244738997,1.2207542296564386,1.2121900244738997,0
2006-02-03,1.1789541216879489,1.2207542296564386,1.2207542296564386,1.1789541216879489,0
2006-02-06,1.1498364904867773,1.1789541216879489,1.1789541216879489,1.1498364904867773,0
2006-02-07,1.1435659311632123,1.1498364904867773,1.1498364904867773,1.1435659311632123,0
2006-02-08,1.1333901474856096,1.1435659311632123,1.1435659311632123,1.1333901474856096,0
2006-02-09,1.159524241351685,1.1333901474856096,1.159524241351685,1.1333901474856096,0
2006-02-10,1.137428536404244,1.159524241351685,1.159524241351685,1.137428536404244,0
2006-02-13,1.151310950460292,1.137428536404244,1.151310950460292,1.137428536404244,0
2006-02-14,1.124801312137254,1.151310950460292,1.151310950460292,1.124801312137254,0
2006-02-15,1.147493352693635,1.124801312137254,1.147493352693635,1.124801312137254,0
2006-02-16,1.1619928956639929,1.147493352693635,1.1619928956639929,1.147493352693635,0
2006-02-17,1.1833588869708962,1.1619928956639929,1.1833588869708962,1.1619928956639929,0
2006-02-21,1.1644652521597698,1.1833588869708962,1.1833588869708962,1.1644652521597698,0
2006-02-22,1.1383778547064087,1.1644652521597698,1.1644652521597698,1.1383778547064087,0
2006-02-23,1.1667853675271973,1.1383778547064087,1.1667853675271973,1.1383778547064087,0
2006-02-24,1.1604725554273387,1.1667853675271973,1.1667853675271973,1.1604725554273387,0
2006-02-27,1.1665881624177228,1.1604725554273387,1.1665881624177228,1.1604725554273387,0
2006-02-28,1.1925097481044336,1.1665881624177228,1.1925097481044336,1.1665881624177228,0
2006-03-01,1.1569738586144194,1.1925097481044336,1.1925097481044336,1.1569738586144194,0
2006-03-02,1.1884117993541838,1.1569738586144194,1.1884117993541838,1.1569738586144194,0
2006-03-03,1.1900308700483269,1.1884117993541838,1.1900308700483269,1.1884117993541838,0
2006-03-06,1.1762394514766457,1.1900308700483269,1.1900308700483269,1.1762394514766457,0
2006-03-07,1.155716065105841,1.1762394514766457,1.1762394514766457,1.155716065105841,0
2006-03-08,1.142125549481137,1.155716065105841,1.155716065105841,1.142125549481137,0
2006-03-09,1.1431553343167278,1.142125549481137,1.1431553343167278,1.142125549481137,0
2006-03-10,1.1234882032830236,1.1431553343167278,1.1431553343167278,1.1234882032830236,0
2006-03-13,1.1256187687322736,1.1234882032830236,1.1256187687322736,1.1234882032830236,0
2006-03-14,1.1321929454826314,1.1256187687322736,1.1321929454826314,1.1256187687322736,0
2006-03-15,1.1705117616595198,1.1321929454826314,1.1705117616595198,1.1321929454826314,0
2006-03-16,1.1902276177790736,1.1705117616595198,1.1902276177790736,1.1705117616595198,0
2006-03-17,1.1701644370387143,1.1902276177790736,1.1902276177790736,1.1701644370387143,0
2006-03-20,1.176245782053986,1.1701644370387143,1.176245782053986,1.1701644370387143,0
2006-03-21,1.1818293310987142,1.176245782053986,1.1818293310987142,1.176245782053986,0
2006-03-22,1.1567084260622669,1.1818293310987142,1.1818293310987142,1.1567084260622669,0
2006-03-23,1.1622451336136124,1.1567084260622669,1.1622451336136124,1.1567084260622669,0
2006-03-24,1.1553883854108031,1.1622451336136124,1.1622451336136124,1.1553883854108031,0
2006-03-27,1.1671069160962448,1.1553883854108031,1.1671069160962448,1.1553883854108031,0
2006-03-28,1.167582303000529,1.1671069160962448,1.167582303000529,1.1671069160962448,0
2006-03-29,1.1578815650592245,1.167582303000529,1.167582303000529,1.1578815650592245,0
2006-03-30,1.201699745324425,1.1578815650592245,1.201699745324425,1.1578815650592245,0
2006-03-31,1.2090601629467879,1.201699745324425,1.2090601629467879,1.201699745324425,0
2006-04-03,1.2020647707521381,1.2090601629467879,1.2090601629467879,1.2020647707521381,0
2006-04-04,1.204837868745563,1.2020647707521381,1.204837868745563,1.2020647707521381,0
2006-04-05,1.217947238362253,1.204837868745563,1.217947238362253,1.204837868745563,0
2006-04-06,1.2409371983085677,1.217947238362253,1.2409371983085677,1.217947238362253,0
2006-04-07,1.2478305786962895,1.2409371983085677,1.2478305786962895,1.2409371983085677,0
2006-04-10,1.2237890057540857,1.2478305786962895,1.2478305786962895,1.2237890057540857,0
2006-04-11,1.2202226040235036,1.2237890057540857,1.2237890057540857,1.2202226040235036,0
2006-04-12,1.2004949751219198,1.2202226040235036,1.2202226040235036,1.2004949751219198,0
2006-04-13,1.200973821026051,1.2004949751219198,1.200973821026051,1.2004949751219198,0
2006-04-17,1.2106186765329414,1.200973821026051,1.2106186765329414,1.200973821026051,0
2006-04-18,1.1852194936708662,1.2106186765329414,1.2106186765329414,1.1852194936708662,0
2006-04-19,1.2306487463391054,1.1852194936708662,1.2306487463391054,1.1852194936708662,0
2006-04-20,1.241567764772127,1.2306487463391054,1.241567764772127,1.2306487463391054,0
2006-04-21,1.2327373295276172,1.241567764772127,1.241567764772127,1.2327373295276172,0
2006-04-24,1.2036371806123736,1.2327373295276172,1.2327373295276172,1.2036371806123736,0
2006-04-25,1.201251619341043,1.2036371806123736,1.2036371806123736,1.201251619341043,0
2006-04-26,1.1960051996195513,1.201251619341043,1.201251619341043,1.1960051996195513,0
2006-04-27,1.1953400727123422,1.1960051996195513,1.1960051996195513,1.1953400727123422,0
2006-04-28,1.218092992063343,1.1953400727123422,1.218092992063343,1.1953400727123422,0
2006-05-01,1.194363112148174,1.218092992063343,1.218092992063343,1.194363112148174,0
2006-05-02,1.1708687270477869,1.194363112148174,1.194363112148174,1.1708687270477869,0
2006-05-03,1.1769939735414465,1.1708687270477869,1.1769939735414465,1.1708687270477869,0
2006-05-04,1.1735058575954183,1.1769939735414465,1.1769939735414465,1.1735058575954183,0
2006-05-05,1.1926467388256656,1.1735058575954183,1.1926467388256656,1.1735058575954183,0
2006-05-08,1.21137148835631,1.1926467388256656,1.21137148835631,1.1926467388256656,0
2006-05-09,1.2135764058990042,1.21137148835631,1.2135764058990042,1.21137148835631,0
2006-05-10,1.204279618338307,1.2135764058990042,1.2135764058990042,1.204279618338307,0
2006-05-11,1.1829882700874548,1.204279618338307,1.204279618338307,1.1829882700874548,0
2006-05-12,1.1300927648060706,1.1829882700874548,1.1829882700874548,1.1300927648060706,0
2006-05-15,1.099492756898866,1.1300927648060706,1.1300927648060706,1.099492756898866,0
2006-05-16,1.0977669415423867,1.099492756898866,1.099492756898866,1.0977669415423867,0
2006-05-17,1.0812801073283815,1.0977669415423867,1.0977669415423867,1.0812801073283815,0
2006-05-18,1.0518991070688222,1.0812801073283815,1.0812801073283815,1.0518991070688222,0
2006-05-19,1.037371731181674,1.0518991070688222,1.0518991070688222,1.037371731181674,0
2006-05-22,1.053231318180066,1.037371731181674,1.053231318180066,1.037371731181674,0
2006-05-23,1.0328070699265355,1.053231318180066,1.053231318180066,1.0328070699265355,0
2006-05-24,1.012585073337982,1.0328070699265355,1.0328070699265355,1.012585073337982,0
2006-05-25,1.0261519838266344,1.012585073337982,1.0261519838266344,1.012585073337982,0
2006-05-26,1.0530135020525675,1.0261519838266344,1.0530135020525675,1.0261519838266344,0
2006-05-30,1.0598887286020224,1.0530135020525675,1.0598887286020224,1.0530135020525675,0
2006-05-31,1.014179225807883,1.0598887286020224,1.0598887286020224,1.014179225807883,0
2006-06-01,1.0235497719905038,1.014179225807883,1.0235497719905038,1.014179225807883,0
2006-06-02,1.0719843868393537,1.0235497719905038,1.0719843868393537,1.0235497719905038,0
2006-06-05,1.0665068413369194,1.0719843868393537,1.0719843868393537,1.0665068413369194,0
2006-06-06,1.0201465777849537,1.0665068413369194,1.0665068413369194,1.0201465777849537,0
2006-06-07,1.0184901913798738,1.0201465777849537,1.0201465777849537,1.0184901913798738,0
2006-06-08,1.0031673394443406,1.0184901913798738,1.0184901913798738,1.0031673394443406,0
2006-06-09,0.999959889216522,1.0031673394443406,1.0031673394443406,0.999959889216522,0
2006-06-12,0.9868610644059737,0.999959889216522,0.999959889216522,0.9868610644059737,0
2006-06-13,0.9479842664598391,0.9868610644059737,0.9868610644059737,0.9479842664598391,0
2006-06-14,0.9403059608042116,0.9479842664598391,0.9479842664598391,0.9403059608042116,0
2006-06-15,0.9594184984353228,0.9403059608042116,0.9594184984353228,0.9403059608042116,0
2006-06-16,1.0113566809632304,0.9594184984353228,1.0113566809632304,0.9594184984353228,0
2006-06-19,0.9964047884264428,1.0113566809632304,1.0113566809632304,0.9964047884264428,0
2006-06-20,0.9802139431825838,0.9964047884264428,0.9964047884264428,0.9802139431825838,0
2006-06-21,0.9827170968055724,1.1401560306549072,1.140625,1.127344012260437,1523200
2006-06-22,0.9595946669578552,1.125,1.1270309686660769,1.090312957763672,13612800
2006-06-23,0.9567387104034424,1.097656011581421,1.1181249618530271,1.0856250524520874,3411200
2006-06-26,0.9602742195129396,1.1015629768371582,1.109375,1.09375,3622400
2006-06-27,0.9243661761283876,1.104688048362732,1.104688048362732,1.0618749856948853,6393600
2006-06-28,0.935655951499939,1.066406011581421,1.0771880149841309,1.0534379482269287,6374400
2006-06-29,0.992238461971283,1.0882810354232788,1.1398439407348633,1.0832810401916504,11289600
2006-06-30,0.9827170968055724,1.1484379768371582,1.1484379768371582,1.1278129816055298,15168000
2006-07-03,0.9941422343254088,1.1375000476837158,1.142969012260437,1.1353130340576172,2380800
2006-07-05,0.9549697637557985,1.121093988418579,1.121562957763672,1.093906044960022,9900800
2006-07-06,0.9493931531906128,1.102344036102295,1.1109379529953003,1.086719036102295,5369600
2006-07-07,0.9285831451416016,1.071094036102295,1.092188000679016,1.060155987739563,4588800
2006-07-10,0.9132131338119508,1.076563000679016,1.0807809829711914,1.039687991142273,7987200
2006-07-11,0.9281747341156006,1.0412499904632568,1.069218993186951,1.033750057220459,10604800
2006-07-12,0.8914507627487183,1.0596879720687866,1.0625,1.0187499523162842,14598400
2006-07-13,0.8630228042602539,1.028905987739563,1.028905987739563,0.989063024520874,26745600
2006-07-14,0.8453407883644104,0.987500011920929,0.989844024181366,0.9609379768371582,13856000
2006-07-17,0.8494211435317993,0.978905975818634,0.984375,0.9631249904632568,9868800
2006-07-18,0.854181706905365,0.984375,0.987500011920929,0.9484379887580872,26054400
2006-07-19,0.872680127620697,0.978905975818634,1.0167189836502075,0.978281021118164,16940800
2006-07-20,0.8488768935203552,1.014063000679016,1.014063000679016,0.974219024181366,12019200
2006-07-21,0.829698920249939,0.9582809805870056,0.96875,0.9518749713897704,18630400
2006-07-24,0.8603023886680603,0.9607809782028198,0.9915630221366882,0.9607809782028198,15334400
2006-07-25,0.8687357306480408,0.99296897649765,1.009374976158142,0.9807810187339784,21683200
2006-07-26,0.870503842830658,0.993749976158142,1.015468955039978,0.981249988079071,23500800
2006-07-27,0.8616630434989929,1.0210939645767212,1.0234379768371582,0.981249988079071,12038400
2006-07-28,0.8960747718811035,1.0007810592651367,1.0293749570846558,0.994530975818634,6752000
2006-07-31,0.8943067789077759,1.021875023841858,1.038280963897705,1.0148439407348633,9958400
2006-08-01,0.8637033700942993,1.008594036102295,1.008594036102295,0.981249988079071,15609600
2006-08-02,0.8796170353889465,1.003906011581421,1.026563048362732,1.0015629529953003,13939200
2006-08-03,0.8943067789077759,0.99296897649765,1.037500023841858,0.9921879768371582,19961600
2006-08-04,0.886146068572998,1.0464060306549072,1.0546879768371582,0.9985939860343932,18816000
2006-08-07,0.8754004240036011,1.010938048362732,1.0148439407348633,0.9960939884185792,17017600
2006-08-08,0.8643831014633179,1.009374976158142,1.015625,0.982813000679016,28838400
2006-08-09,0.8639749884605408,1.0064059495925903,1.0343749523162842,0.989063024520874,28825600
2006-08-10,0.8749921321868896,0.9932810068130492,1.0128129720687866,0.982813000679016,23283200
2006-08-11,0.8664236664772034,0.9953129887580872,1.0007810592651367,0.985155999660492,13305600
2006-08-14,0.8743123412132263,1.0076559782028198,1.03125,1.0018750429153442,19321600
2006-08-15,0.9198779463768004,1.037343978881836,1.0703129768371582,1.0232809782028198,22054400
2006-08-16,0.9636746048927308,1.0703129768371582,1.1081249713897705,1.0640629529953003,31040000
2006-08-17,0.9697959423065186,1.1085939407348633,1.129688024520874,1.100000023841858,44345600
2006-08-18,0.968435287475586,1.1101560592651367,1.117812991142273,1.089843988418579,16934400
2006-08-21,0.9507535696029664,1.0943750143051147,1.1029690504074097,1.086719036102295,16275200
2006-08-22,0.9532015919685364,1.1035939455032349,1.1168750524520874,1.0857809782028198,16268800
2006-08-23,0.9371520280838012,1.0978130102157593,1.1087499856948853,1.068750023841858,18598400
2006-08-24,0.9443609118461608,1.089063048362732,1.089843988418579,1.067188024520874,18432000
2006-08-25,0.9480334520339966,1.073438048362732,1.1060940027236938,1.073438048362732,15257600
2006-08-28,0.961635172367096,1.0859379768371582,1.1109379529953003,1.0859379768371582,16588800
2006-08-29,0.9677554965019226,1.103124976158142,1.113281011581421,1.0807809829711914,26617600
2006-08-30,0.9763249158859252,1.1128129959106443,1.122655987739563,1.103124976158142,22585600
2006-08-31,0.975236713886261,1.121093988418579,1.127187967300415,1.113281011581421,9395200
2006-09-01,0.98407781124115,1.135938048362732,1.136718988418579,1.1201560497283936,18496000
2006-09-05,1.00175940990448,1.1318750381469729,1.1526559591293335,1.115625023841858,21452800
2006-09-06,0.9627233147621156,1.129688024520874,1.1356250047683716,1.1015629768371582,23398400
2006-09-07,0.954154133796692,1.100000023841858,1.1176559925079346,1.087499976158142,27027200
2006-09-08,0.9636746048927308,1.1015629768371582,1.1139060258865356,1.09375,13990400
2006-09-11,0.976596474647522,1.0910940170288086,1.1323440074920654,1.084375023841858,26662400
2006-09-12,1.014545440673828,1.1257810592651367,1.1715630292892456,1.123438000679016,19027200
2006-09-13,1.0262421369552612,1.1687500476837158,1.1820310354232788,1.158594012260437,22579200
2006-09-14,1.0251539945602417,1.1678129434585571,1.184999942779541,1.1678129434585571,15187200
2006-09-15,1.0350840091705322,1.205469012260437,1.2754689455032349,1.1823439598083496,15891200
2006-09-18,1.0342673063278198,1.191406011581421,1.2048439979553225,1.176563024520874,13184000
2006-09-19,1.0217539072036743,1.1875,1.192188024520874,1.1543749570846558,20812800
2006-09-20,1.0520853996276855,1.199687957763672,1.214843988418579,1.1932810544967651,21785600
2006-09-21,1.038483500480652,1.2156250476837158,1.221094012260437,1.1875,50976000
2006-09-22,1.0205297470092771,1.1890629529953003,1.1890629529953003,1.1640629768371582,18214400
2006-09-25,1.05820631980896,1.1856249570846558,1.21875,1.162968993186951,37670400
2006-09-26,1.066911220550537,1.212499976158142,1.2289060354232788,1.2051559686660769,24934400
2006-09-27,1.06147038936615,1.2237499952316284,1.2348439693450928,1.2085939645767212,27929600
2006-09-28,1.0677272081375122,1.2293750047683716,1.232030987739563,1.2037500143051147,14444800
2006-09-29,1.059566855430603,1.232813000679016,1.2332810163497925,1.2156250476837158,12473600
2006-10-02,1.03372323513031,1.211719036102295,1.219688057899475,1.1821880340576172,22822400
2006-10-03,1.0410683155059814,1.176563024520874,1.205469012260437,1.169374942779541,20364800
2006-10-04,1.088809370994568,1.193750023841858,1.253906011581421,1.186094045639038,27206400
2006-10-05,1.103092074394226,1.253906011581421,1.269531011581421,1.2478129863739014,21580800
2006-10-06,1.0969706773757937,1.2520309686660769,1.269531011581421,1.2504689693450928,21766400
2006-10-09,1.1024112701416016,1.259531021118164,1.279688000679016,1.254688024520874,12217600
2006-10-10,1.1085326671600342,1.270313024520874,1.2804689407348633,1.2542190551757812,16710400
2006-10-11,1.1044518947601318,1.259374976158142,1.2843749523162842,1.240468978881836,23334400
2006-10-12,1.1411765813827517,1.2828129529953003,1.310938000679016,1.2779690027236938,26284800
2006-10-13,1.1498817205429075,1.310938000679016,1.3273439407348633,1.303905963897705,21683200
2006-10-16,1.1520577669143677,1.324218988418579,1.3335939645767212,1.3206249475479126,17868800
2006-10-17,1.129614233970642,1.3115630149841309,1.3115630149841309,1.279688000679016,35289600
2006-10-18,1.113972783088684,1.3120310306549072,1.313438057899475,1.2725000381469729,36768000
2006-10-19,1.123494029045105,1.2737499475479126,1.300781011581421,1.2687499523162842,36089600
2006-10-20,1.1262141466140747,1.2917189598083496,1.2939059734344482,1.2728129625320437,21696000
2006-10-23,1.146344780921936,1.2843749523162842,1.3287500143051147,1.2828129529953003,34579200
2006-10-24,1.1354633569717407,1.3132810592651367,1.3200000524520874,1.2876559495925903,31315200
2006-10-25,1.1493372917175293,1.303593993186951,1.3237500190734863,1.295313000679016,24864000
2006-10-26,1.167698860168457,1.326563000679016,1.3485939502716064,1.305469036102295,30323200
2006-10-27,1.1346476078033447,1.3360940217971802,1.3409379720687866,1.295313000679016,31724800
2006-10-30,1.1479768753051758,1.301563024520874,1.3296879529953003,1.2937500476837158,28748800
2006-10-31,1.154778242111206,1.332031011581421,1.3359379768371582,1.308750033378601,27744000
2006-11-01,1.123494029045105,1.3359379768371582,1.337656021118164,1.278749942779541,37939200
2006-11-02,1.124582052230835,1.287500023841858,1.2979689836502075,1.274531006813049,29440000
2006-11-03,1.118052959442139,1.301563024520874,1.301563024520874,1.2649999856948853,42656000
2006-11-06,1.1432160139083862,1.2976560592651367,1.330312967300415,1.295469045639038,28524800
2006-11-07,1.1663392782211304,1.3250000476837158,1.3548439741134644,1.317188024520874,34387200
2006-11-08,1.1821173429489136,1.3231250047683716,1.363281011581421,1.3159379959106443,41382400
2006-11-09,1.1656591892242432,1.367969036102295,1.371093988418579,1.3289060592651367,32851200
2006-11-10,1.1785800457000732,1.3410940170288086,1.3539060354232788,1.3296879529953003,24953600
2006-11-13,1.1976224184036257,1.3524999618530271,1.3826559782028198,1.3493750095367432,28505600
2006-11-14,1.228226900100708,1.3781249523162842,1.410938024520874,1.3645310401916504,32083200
2006-11-15,1.2359797954559326,1.4098440408706665,1.4375,1.4078129529953003,40307200
2006-11-16,1.248628854751587,1.426563024520874,1.4379689693450928,1.4140629768371582,26201600
2006-11-17,1.2459087371826172,1.415624976158142,1.431249976158142,1.408750057220459,24064000
2006-11-20,1.2506691217422483,1.419530987739563,1.4424999952316284,1.4134379625320437,20883200
2006-11-21,1.254069209098816,1.4382810592651367,1.4426560401916504,1.4278130531311035,25177600
2006-11-22,1.269847393035889,1.4462499618530271,1.460155963897705,1.427968978881836,20697600
2006-11-24,1.26182222366333,1.435155987739563,1.464843988418579,1.435155987739563,15078400
2006-11-27,1.204967975616455,1.435155987739563,1.4476560354232788,1.3828129768371582,55340800
2006-11-28,1.2085036039352417,1.375,1.396718978881836,1.3648439645767212,44339200
2006-11-29,1.228226900100708,1.412500023841858,1.4192190170288086,1.3856250047683716,36140800
2006-11-30,1.2244185209274292,1.412500023841858,1.4234379529953003,1.3946880102157593,44883200
2006-12-01,1.2080965042114258,1.4098440408706665,1.413280963897705,1.359531044960022,59769600
2006-12-04,1.2384274005889893,1.3934379816055298,1.433593988418579,1.386875033378601,33427200
2006-12-05,1.2444123029708862,1.4309380054473877,1.4395309686660769,1.417188048362732,24160000
2006-12-06,1.235299825668335,1.426563024520874,1.4292190074920654,1.4096879959106443,23872000
2006-12-07,1.205103874206543,1.426563024520874,1.433593988418579,1.383594036102295,42233600
2006-12-08,1.2173457145690918,1.3757810592651367,1.419530987739563,1.3701560497283936,46950400
2006-12-11,1.2268661260604858,1.392969012260437,1.425624966621399,1.3878129720687866,27724800
2006-12-12,1.2108169794082642,1.40625,1.4104690551757812,1.375,53401600
2006-12-13,1.2139445543289185,1.4081250429153442,1.408594012260437,1.379688024520874,31980800
2006-12-14,1.239788293838501,1.4021879434585571,1.4382810592651367,1.4007810354232788,39392000
2006-12-15,1.2479487657546997,1.4489059448242188,1.454063057899475,1.428905963897705,40691200
2006-12-18,1.2193849086761477,1.4439059495925903,1.453125,1.393125057220459,45081600
2006-12-19,1.2146254777908323,1.3815629482269287,1.4089059829711914,1.3653130531311035,58912000
2006-12-20,1.2062406539916992,1.34375,1.34375,1.3003129959106443,31494400
2006-12-21,1.1895875930786133,1.3023439645767212,1.305469036102295,1.2712500095367432,36409600
2006-12-22,1.1671425104141235,1.2801560163497925,1.2804689407348633,1.256250023841858,48979200
2006-12-26,1.172934651374817,1.256250023841858,1.2667189836502075,1.2515629529953003,16716800
2006-12-27,1.1843745708465576,1.2660939693450928,1.281093955039978,1.2623440027236938,22560000
2006-12-28,1.1743834018707275,1.274219036102295,1.2781250476837158,1.2581249475479126,18995200
2006-12-29,1.1735140085220337,1.2671879529953003,1.2937500476837158,1.263280987739563,24550400
2007-01-03,1.1772794723510742,1.293125033378601,1.3165630102157593,1.2312500476837158,75315200
2007-01-04,1.2195630073547363,1.2710939645767212,1.3251559734344482,1.261718988418579,43257600
2007-01-05,1.2018964290618896,1.3021880388259888,1.307813048362732,1.282655954360962,34419200
2007-01-08,1.209425926208496,1.307813048362732,1.319530963897705,1.2890629768371582,32780800
2007-01-09,1.2241967916488647,1.3128130435943604,1.330469012260437,1.2909380197525024,50169600
2007-01-10,1.2561986446380615,1.3117189407348633,1.355468988418579,1.303905963897705,39436800
2007-01-11,1.2771953344345093,1.355468988418579,1.3875000476837158,1.354688048362732,47155200
2007-01-12,1.2902288436889648,1.3754689693450928,1.395313024520874,1.3717190027236938,38764800
2007-01-16,1.2902288436889648,1.3921879529953003,1.3971879482269287,1.3807810544967651,40505600
2007-01-17,1.2667696475982666,1.3909380435943604,1.3909380435943604,1.361875057220459,31340800
2007-01-18,1.2149291038513184,1.360313057899475,1.3614059686660769,1.3071880340576172,90720000
2007-01-19,1.2185487747192385,1.3067189455032349,1.3250000476837158,1.303905963897705,59116800
2007-01-22,1.1946563720703125,1.321874976158142,1.321874976158142,1.279688000679016,64390400
2007-01-23,1.189008712768555,1.2923439741134644,1.3070310354232788,1.278905987739563,46195200
2007-01-24,1.2250651121139526,1.2985939979553225,1.325780987739563,1.2937500476837158,38483200
2007-01-25,1.1917601823806765,1.3293750286102295,1.335155963897705,1.2825000286102295,61868800
2007-01-26,1.183505296707153,1.2959380149841309,1.2959380149841309,1.2671879529953003,55136000
2007-01-29,1.1904560327529907,1.2757810354232788,1.3017189502716064,1.271718978881836,51174400
2007-01-30,1.193642258644104,1.2868750095367432,1.293437957763672,1.278905987739563,24473600
2007-01-31,1.2084122896194458,1.2817189693450928,1.3157809972763062,1.2676559686660769,71808000
2007-02-01,1.2098608016967771,1.3198440074920654,1.329530954360962,1.296875,55014400
2007-02-02,1.2202866077423096,1.312656044960022,1.3196879625320437,1.3004690408706665,38931200
2007-02-05,1.2160876989364624,1.312343955039978,1.3240629434585571,1.3032809495925903,31225600
2007-02-06,1.2105847597122192,1.3151559829711914,1.3179689645767212,1.2815630435943604,49286400
2007-02-07,1.2394009828567505,1.3240629434585571,1.3428130149841309,1.3118749856948853,54099200
2007-02-08,1.2398359775543213,1.328281044960022,1.3393750190734863,1.3170310258865356,28684800
2007-02-09,1.2011722326278689,1.3378130197525024,1.3464059829711914,1.288280963897705,61971200
2007-02-12,1.191614866256714,1.2948440313339231,1.2960939407348633,1.279688000679016,40531200
2007-02-13,1.2046480178833008,1.2946879863739014,1.3028130531311035,1.2862499952316284,40096000
2007-02-14,1.2407045364379885,1.305469036102295,1.3445310592651367,1.3049999475479126,51052800
2007-02-15,1.2538821697235107,1.3404690027236938,1.3529690504074097,1.3354690074920654,27660800
2007-02-16,1.249683141708374,1.3424999713897705,1.350468993186951,1.3359379768371582,19801600
2007-02-20,1.2641634941101074,1.342188000679016,1.3685940504074097,1.326563000679016,35174400
2007-02-21,1.272417426109314,1.3539060354232788,1.3742189407348633,1.350468993186951,71372800
2007-02-22,1.2858843803405762,1.3826559782028198,1.3926559686660769,1.3642189502716064,37625600
2007-02-23,1.2742992639541626,1.384374976158142,1.384374976158142,1.363281011581421,23622400
2007-02-26,1.262714982032776,1.3887499570846558,1.3887499570846558,1.3445310592651367,39673600
2007-02-27,1.1410772800445557,1.312656044960022,1.3264060020446775,1.2293750047683716,143776000
2007-02-28,1.165549397468567,1.247655987739563,1.2820310592651367,1.2265629768371582,87148800
2007-03-01,1.1533857583999634,1.2195310592651367,1.2714060544967651,1.1934380531311035,109964800
2007-03-02,1.1129852533340454,1.2348439693450928,1.2451560497283936,1.2009379863739014,124332800
2007-03-05,1.09763503074646,1.187343955039978,1.2237499952316284,1.1832809448242188,134688000
2007-03-06,1.1377465724945068,1.203125,1.2337499856948853,1.203125,109542400
2007-03-07,1.127320647239685,1.225780963897705,1.2335939407348633,1.2151559591293335,84012800
2007-03-08,1.1483182907104492,1.2420309782028198,1.2482810020446775,1.225468993186951,76480000
2007-03-09,1.1442633867263794,1.252344012260437,1.2531249523162842,1.2156250476837158,65689600
2007-03-12,1.1548340320587158,1.2270309925079346,1.2495310306549072,1.2270309925079346,41395200
2007-03-13,1.1111019849777222,1.2315629720687866,1.246093988418579,1.191406011581421,104352000
2007-03-14,1.1419463157653809,1.2004690170288086,1.2321879863739014,1.1817189455032349,152550400
2007-03-15,1.1387604475021362,1.2251559495925903,1.2350000143051147,1.217188000679016,68441600
2007-03-16,1.1345611810684204,1.2289060354232788,1.2348439693450928,1.2110940217971802,71257600
2007-03-19,1.157440423965454,1.2374999523162842,1.254688024520874,1.2300000190734863,64025600
2007-03-20,1.172934651374817,1.2468750476837158,1.265781044960022,1.2450000047683716,51993600
2007-03-21,1.216377019882202,1.2671879529953003,1.316249966621399,1.252344012260437,119865600
2007-03-22,1.209137201309204,1.3140629529953003,1.3140629529953003,1.2956249713897705,85292800
2007-03-23,1.1985654830932615,1.3010940551757812,1.310938000679016,1.2920310497283936,46451200
2007-03-26,1.207833170890808,1.297031044960022,1.3082809448242188,1.2673439979553225,62470400
2007-03-27,1.1949732303619385,1.2999999523162842,1.300624966621399,1.2860939502716064,41369600
2007-03-28,1.170207381248474,1.2768750190734863,1.2892190217971802,1.2599999904632568,92390400
2007-03-29,1.168759822845459,1.2782809734344482,1.2782809734344482,1.2362500429153442,134150400
2007-03-30,1.1728148460388184,1.2648439407348633,1.2793749570846558,1.2421879768371582,75686400
2007-04-02,1.1684694290161133,1.269531011581421,1.272655963897705,1.247499942779541,63814400
2007-04-03,1.2022141218185425,1.2764060497283936,1.3037500381469729,1.2743749618530271,67308800
2007-04-04,1.2093112468719482,1.2939059734344482,1.3076560497283936,1.2937500476837158,52313600
2007-04-05,1.222345232963562,1.300624966621399,1.320937991142273,1.2984379529953003,40307200
2007-04-09,1.2164075374603271,1.328125,1.328125,1.3067189455032349,51251200
2007-04-10,1.2258212566375732,1.311094045639038,1.3239059448242188,1.310938000679016,37568000
2007-04-11,1.2007662057876587,1.319530963897705,1.319530963897705,1.2884379625320437,65952000
2007-04-12,1.22162127494812,1.2951560020446775,1.3200000524520874,1.2815630435943604,60236800
2007-04-13,1.225965976715088,1.314844012260437,1.3253129720687866,1.2999999523162842,52838400
2007-04-16,1.2474008798599243,1.332031011581421,1.350000023841858,1.332031011581421,45024000
2007-04-17,1.2524694204330444,1.3485939502716064,1.3534380197525024,1.339063048362732,48000000
2007-04-18,1.2476904392242432,1.3404690027236938,1.3542189598083496,1.3310940265655518,36531200
2007-04-19,1.2487043142318726,1.3298439979553225,1.3553129434585571,1.324218988418579,62374400
2007-04-20,1.2675317525863647,1.363124966621399,1.3779690265655518,1.352656006813049,53209600
2007-04-23,1.2681108713150024,1.3674999475479126,1.375,1.360780954360962,29760000
2007-04-24,1.2782493829727173,1.3760939836502075,1.3898439407348633,1.359375,48864000
2007-04-25,1.315035104751587,1.3896880149841309,1.419374942779541,1.381718993186951,53702400
2007-04-26,1.3287936449050903,1.435155987739563,1.4390629529953003,1.4198440313339231,61510400
2007-04-27,1.3302416801452637,1.422031044960022,1.4362499713897705,1.4178129434585571,105958400
2007-04-30,1.2954832315444946,1.4267189502716064,1.4310940504074097,1.3935940265655518,50624000
2007-05-01,1.3034485578536987,1.3984379768371582,1.40625,1.3778129816055298,75372800
2007-05-02,1.3201043605804443,1.4035940170288086,1.4334379434585571,1.4035940170288086,49568000
2007-05-03,1.3302416801452637,1.4296879768371582,1.4410940408706665,1.4235939979553225,55737600
2007-05-04,1.3334287405014038,1.4440629482269287,1.4509379863739014,1.4235939979553225,54489600
2007-05-07,1.3303868770599363,1.4368749856948853,1.443750023841858,1.4315630197525024,31603200
2007-05-08,1.3296626806259155,1.4225000143051147,1.4429689645767212,1.414687991142273,57024000
2007-05-09,1.339510798454285,1.426563024520874,1.4546879529953003,1.4249999523162842,56448000
2007-05-10,1.3059107065200806,1.4367189407348633,1.4432810544967651,1.399999976158142,97267200
2007-05-11,1.3366142511367798,1.408594012260437,1.4424999952316284,1.4068750143051147,70611200
2007-05-14,1.3173521757125854,1.4426560401916504,1.4482810497283936,1.4067189693450928,78387200
2007-05-15,1.298379898071289,1.4198440313339231,1.4370310306549072,1.392969012260437,89324800
2007-05-16,1.322566270828247,1.4065630435943604,1.428125023841858,1.3887499570846558,71763200
2007-05-17,1.3083733320236206,1.421718955039978,1.4278130531311035,1.4106249809265137,48966400
2007-05-18,1.329807996749878,1.421875,1.434999942779541,1.4154690504074097,54425600
2007-05-21,1.3483458757400513,1.4371880292892456,1.4670310020446775,1.433750033378601,94963200
2007-05-22,1.3499382734298706,1.4539060592651367,1.4704689979553225,1.4454690217971802,48595200
2007-05-23,1.3380630016326904,1.4654690027236938,1.4759379625320437,1.4410940408706665,54054400
2007-05-24,1.3002630472183228,1.439844012260437,1.4559379816055298,1.3903130292892456,123494400
2007-05-25,1.3141666650772097,1.407655954360962,1.424375057220459,1.4021879434585571,52275200
2007-05-29,1.330966830253601,1.421718955039978,1.4418749809265137,1.4145309925079346,60640000
2007-05-30,1.3545725345611572,1.415781021118164,1.4628130197525024,1.409999966621399,72908800
2007-05-31,1.3716628551483154,1.4682810306549072,1.4815629720687866,1.4628130197525024,60012800
2007-06-01,1.3705042600631714,1.4854689836502075,1.4959379434585571,1.472499966621399,51859200
2007-06-04,1.3744149208068848,1.467188000679016,1.4879690408706665,1.4639060497283936,35552000
2007-06-05,1.3762975931167605,1.475000023841858,1.4848439693450928,1.4564059972763062,86380800
2007-06-06,1.34486985206604,1.4698439836502075,1.471094012260437,1.445937991142273,93094400
2007-06-07,1.2999730110168457,1.444530963897705,1.4634380340576172,1.402500033378601,156672000
2007-06-08,1.3348760604858398,1.4075000286102295,1.4426560401916504,1.3960939645767212,104294400
2007-06-11,1.3295177221298218,1.4404690265655518,1.4574999809265137,1.4318749904632568,55513600
2007-06-12,1.3115590810775757,1.418437957763672,1.447031021118164,1.4126559495925903,96966400
2007-06-13,1.3374837636947632,1.426563024520874,1.450780987739563,1.4190629720687866,89619200
2007-06-14,1.3610907793045044,1.4542189836502075,1.475000023841858,1.4542189836502075,51564800
2007-06-15,1.3867251873016355,1.4812500476837158,1.5007810592651367,1.4812500476837158,42892800
2007-06-18,1.385276436805725,1.4993749856948853,1.501405954360962,1.4885940551757812,30707200
2007-06-19,1.3835383653640747,1.4856250286102295,1.5004689693450928,1.4789060354232788,49184000
2007-06-20,1.3587734699249268,1.4940630197525024,1.5032809972763062,1.462499976158142,69433600
2007-06-21,1.384263277053833,1.466405987739563,1.4956250190734863,1.4518749713897705,97856000
2007-06-22,1.357180118560791,1.4824999570846558,1.4900000095367432,1.454530954360962,127193600
2007-06-25,1.3505173921585083,1.4660940170288086,1.4801559448242188,1.4348440170288086,94553600
2007-06-26,1.3353108167648315,1.4635939598083496,1.4635939598083496,1.4296879768371582,103520000
2007-06-27,1.3657251596450806,1.4293750524520874,1.4784380197525024,1.4273439645767212,100000000
2007-06-28,1.3692009449005127,1.4742189645767212,1.4957809448242188,1.472656011581421,84198400
2007-06-29,1.3777450323104858,1.491405963897705,1.4979690313339231,1.4571880102157593,98572800
2007-07-02,1.3952699899673462,1.486719012260437,1.5068750381469729,1.4850000143051147,60780800
2007-07-03,1.41134512424469,1.5107810497283936,1.5228129625320437,1.506718993186951,37523200
2007-07-05,1.4274210929870603,1.5228129625320437,1.5512499809265137,1.5214060544967651,69324800
2007-07-06,1.4446563720703125,1.5484379529953003,1.5596879720687866,1.5345309972763062,49600000
2007-07-09,1.445959210395813,1.557813048362732,1.565000057220459,1.548280954360962,41664000
2007-07-10,1.4223524332046509,1.545313000679016,1.5596879720687866,1.5309380292892456,69132800
2007-07-11,1.446394443511963,1.5264060497283936,1.5604690313339231,1.5231250524520874,72134400
2007-07-12,1.4837591648101809,1.562656044960022,1.607030987739563,1.5604690313339231,63712000
2007-07-13,1.50562846660614,1.6043750047683716,1.6265629529953003,1.6015629768371582,59699200
2007-07-16,1.5040348768234253,1.621093988418579,1.634531021118164,1.6129690408706665,57894400
2007-07-17,1.5190969705581665,1.6254689693450928,1.6471879482269287,1.6228129863739014,52633600
2007-07-18,1.5206903219223022,1.6242189407348633,1.640625,1.6040630340576172,82022400
2007-07-19,1.5273524522781372,1.6551560163497925,1.6696879863739014,1.6454689502716064,63494400
2007-07-20,1.5144625902175903,1.6459380388259888,1.6503130197525024,1.6106250286102295,92166400
2007-07-23,1.512000560760498,1.639063000679016,1.645313024520874,1.621093988418579,62291200
2007-07-24,1.4708694219589231,1.6060940027236938,1.632030963897705,1.564687967300415,145600000
2007-07-25,1.4728978872299194,1.597656011581421,1.603281021118164,1.5657809972763062,100384000
2007-07-26,1.440310835838318,1.580469012260437,1.5893750190734863,1.5004689693450928,212934400
2007-07-27,1.382959008216858,1.5528130531311035,1.5682810544967651,1.4920309782028198,217145600
2007-07-30,1.421918272972107,1.5112500190734863,1.5420310497283936,1.4948439598083496,214092800
2007-07-31,1.3613803386688232,1.555469036102295,1.5571880340576172,1.4612499475479126,228902400
2007-08-01,1.377890944480896,1.4582810401916504,1.4895310401916504,1.4329689741134644,324076800
2007-08-02,1.4051183462142944,1.4921879768371582,1.519531011581421,1.480625033378601,120908800
2007-08-03,1.3493589162826538,1.509374976158142,1.5134379863739014,1.4375,161267200
2007-08-06,1.375862717628479,1.459218978881836,1.4918750524520874,1.432813048362732,187257600
2007-08-07,1.3928074836730957,1.4807809591293335,1.5078129768371582,1.4590630531311035,139993600
2007-08-08,1.4336491823196411,1.5235940217971802,1.556249976158142,1.515625,137734400
2007-08-09,1.362103819847107,1.528905987739563,1.550624966621399,1.4600000381469729,223526400
2007-08-10,1.336469054222107,1.4410940408706665,1.4785939455032349,1.4056249856948853,273875200
2007-08-13,1.3538490533828735,1.4714059829711914,1.4807809591293335,1.457031011581421,117228800
2007-08-14,1.3106904029846191,1.465000033378601,1.4723440408706665,1.412500023841858,161376000
2007-08-15,1.2621731758117676,1.4065630435943604,1.4315630197525024,1.356874942779541,190828800
2007-08-16,1.2332074642181396,1.3501559495925903,1.3606250286102295,1.2715630531311035,437721600
2007-08-17,1.2770909070968628,1.3609379529953003,1.399531006813049,1.3407809734344482,189926400
2007-08-20,1.285345196723938,1.392969012260437,1.404688000679016,1.3673440217971802,153952000
2007-08-21,1.321552038192749,1.3926559686660769,1.4287500381469729,1.3849999904632568,120620800
2007-08-22,1.3524011373519895,1.4401559829711914,1.4629689455032349,1.4378130435943604,110560000
2007-08-23,1.3468972444534302,1.46875,1.4740630388259888,1.4353129863739014,138361600
2007-08-24,1.3867251873016355,1.4462499618530271,1.4968750476837158,1.441406011581421,93126400
2007-08-27,1.359497308731079,1.485780954360962,1.493749976158142,1.4659379720687866,72812800
2007-08-28,1.301276445388794,1.459375023841858,1.4684380292892456,1.4034379720687866,178016000
2007-08-29,1.3728220462799072,1.4226560592651367,1.484531044960022,1.4215630292892456,131680000
2007-08-30,1.3939658403396606,1.4760940074920654,1.5231250524520874,1.461719036102295,196979200
2007-08-31,1.4182971715927124,1.53125,1.5437500476837158,1.5160939693450928,143507200
2007-09-04,1.4678282737731934,1.5387500524520874,1.602344036102295,1.5387500524520874,119251200
2007-09-05,1.4375592470169067,1.5835939645767212,1.5835939645767212,1.5307810306549072,164499200
2007-09-06,1.4337937831878662,1.555781006813049,1.5607810020446775,1.527500033378601,128972800
2007-09-07,1.3864343166351318,1.5110939741134644,1.5139060020446775,1.4721879959106443,201273600
2007-09-10,1.384263277053833,1.5137499570846558,1.5209380388259888,1.4635939598083496,178432000
2007-09-11,1.4193109273910522,1.5054689645767212,1.5348440408706665,1.5015629529953003,141196800
2007-09-12,1.4255387783050537,1.5257810354232788,1.5579689741134644,1.521718978881836,114886400
2007-09-13,1.4317667484283447,1.553905963897705,1.555781006813049,1.53125,111219200
2007-09-14,1.4316210746765137,1.5234379768371582,1.553593993186951,1.5175000429153442,86931200
2007-09-17,1.4075798988342283,1.5323439836502075,1.540156006813049,1.509374976158142,100806400
2007-09-18,1.4810084104537964,1.5390629768371582,1.600780963897705,1.524062991142273,165324800
2007-09-19,1.489842414855957,1.6165629625320437,1.6332809925079346,1.5948439836502075,145990400
2007-09-20,1.48028302192688,1.5996880531311035,1.611875057220459,1.5901559591293335,96998400
2007-09-21,1.4982417821884155,1.6142189502716064,1.6293749809265137,1.6087499856948853,74963200
2007-09-24,1.5144625902175903,1.6254689693450928,1.6570310592651367,1.6176559925079346,102547200
2007-09-25,1.5408216714859009,1.6195310354232788,1.6649999618530271,1.6184380054473877,82636800
2007-09-26,1.5545804500579834,1.6799999475479126,1.6929689645767212,1.6670310497283936,99923200
2007-09-27,1.5750007629394531,1.700780987739563,1.7009379863739014,1.6832809448242188,71392000
2007-09-28,1.5655875205993652,1.696406006813049,1.7034380435943604,1.6707810163497925,90483200
2007-10-01,1.592380166053772,1.6917190551757812,1.734218955039978,1.6915630102157593,89824000
2007-10-02,1.5960006713867188,1.722656011581421,1.7268749475479126,1.705625057220459,72844800
2007-10-03,1.571380615234375,1.714843988418579,1.727656006813049,1.6906249523162842,78572800
2007-10-04,1.5786212682724,1.706874966621399,1.7104690074920654,1.6799999475479126,70720000
2007-10-05,1.6516144275665283,1.7323440313339231,1.7818750143051147,1.7270309925079346,120684800
2007-10-08,1.6640700101852417,1.7743749618530271,1.7981250286102295,1.7689059972763062,80102400
2007-10-09,1.6828970909118652,1.806406021118164,1.8184380531311035,1.7910939455032349,99353600
2007-10-10,1.6923110485076904,1.8129689693450928,1.825780987739563,1.801563024520874,102982400
2007-10-11,1.643069624900818,1.841405987739563,1.8501559495925903,1.7376559972763062,207078400
2007-10-12,1.6905730962753296,1.7804689407348633,1.8239059448242188,1.772343993186951,105504000
2007-10-15,1.66233229637146,1.8248440027236936,1.831094026565552,1.7646880149841309,119532800
2007-10-16,1.6546553373336792,1.772655963897705,1.8032809495925903,1.764219045639038,129670400
2007-10-17,1.6899937391281128,1.825000047683716,1.828281044960022,1.763124942779541,154982400
2007-10-18,1.7014354467391968,1.806249976158142,1.8431249856948853,1.792188048362732,142662400
2007-10-19,1.6200424432754517,1.8356250524520876,1.83578097820282,1.7420309782028198,293971200
2007-10-22,1.6542216539382937,1.7215629816055298,1.7881250381469729,1.7167190313339231,272115200
2007-10-23,1.711573839187622,1.8206249475479128,1.8609379529953003,1.8037500381469729,173945600
2007-10-24,1.701000452041626,1.828281044960022,1.8428130149841309,1.752500057220459,341177600
2007-10-25,1.6817389726638794,1.8359379768371584,1.844688057899475,1.761718988418579,259436800
2007-10-26,1.7028838396072388,1.8509379625320437,1.8601560592651367,1.8082809448242188,192032000
2007-10-29,1.7195384502410889,1.8565629720687864,1.86703097820282,1.8359379768371584,182022400
2007-10-30,1.719828486442566,1.8431249856948853,1.8821879625320437,1.838750004768372,148761600
2007-10-31,1.7737046480178833,1.871875047683716,1.917968988418579,1.8426560163497925,211872000
2007-11-01,1.7205525636672974,1.890625,1.901563048362732,1.842344045639038,318470400
2007-11-02,1.73880136013031,1.8692189455032349,1.878749966621399,1.816406011581421,273952000
2007-11-05,1.717656135559082,1.8520309925079343,1.8690630197525024,1.814375042915344,210304000
2007-11-06,1.745897650718689,1.875938057899475,1.8879690170288088,1.8278130292892456,196921600
2007-11-07,1.6642149686813354,1.8409379720687864,1.8804689645767207,1.790156006813049,251430400
2007-11-08,1.545311689376831,1.801563024520874,1.801563024520874,1.6262500286102295,478278400
2007-11-09,1.4574010372161863,1.620313048362732,1.651563048362732,1.5703129768371582,403564800
2007-11-12,1.380931735038757,1.566406011581421,1.587499976158142,1.4874999523162842,346969600
2007-11-13,1.492738962173462,1.5384379625320437,1.618749976158142,1.531093955039978,286867200
2007-11-14,1.4724624156951904,1.660156011581421,1.660156011581421,1.5612499713897705,293459200
2007-11-15,1.4446563720703125,1.566249966621399,1.6020309925079346,1.5284379720687866,276947200
2007-11-16,1.473042607307434,1.578125,1.5970309972763062,1.526563048362732,282041600
2007-11-19,1.4355320930480957,1.5707809925079346,1.5950000286102295,1.5304689407348633,321907200
2007-11-20,1.4462493658065796,1.5703129768371582,1.6145310401916504,1.4995310306549072,462284800
2007-11-21,1.401931881904602,1.5340629816055298,1.5759379863739014,1.4943749904632568,405222400
2007-11-23,1.4361108541488647,1.546875,1.5615630149841309,1.5257810354232788,116320000
2007-11-26,1.3975876569747925,1.5701559782028198,1.587656021118164,1.496093988418579,315123200
2007-11-27,1.4407453536987305,1.5295310020446775,1.5654690265655518,1.5081249475479126,361331200
2007-11-28,1.5272071361541748,1.6009379625320437,1.6676559448242188,1.5940630435943604,313740800
2007-11-29,1.5387933254241943,1.640625,1.6795309782028198,1.6325000524520874,288147200
2007-11-30,1.5273524522781372,1.732030987739563,1.732030987739563,1.6206250190734863,439148800
2007-12-03,1.4994008541107178,1.6290630102157593,1.6570310592651367,1.6120309829711914,186739200
2007-12-04,1.485063076019287,1.5907809734344482,1.618906021118164,1.5840630531311035,284204800
2007-12-05,1.5376348495483398,1.645313024520874,1.6707810163497925,1.6326559782028198,294969600
2007-12-06,1.5719596147537231,1.6706249713897705,1.7090630531311035,1.660938024520874,244672000
2007-12-07,1.5825320482254028,1.7265629768371582,1.7265629768371582,1.689844012260437,246080000
2007-12-10,1.5918006896972656,1.7100000381469729,1.7293750047683716,1.7060940265655518,188812800
2007-12-11,1.5231521129608154,1.722656011581421,1.7407809495925903,1.634374976158142,340819200
2007-12-12,1.5435738563537598,1.6879689693450928,1.7096879482269287,1.6124999523162842,303686400
2007-12-13,1.520835041999817,1.640468955039978,1.658750057220459,1.617812991142273,317657600
2007-12-14,1.497517704963684,1.6256250143051147,1.6570310592651367,1.6142189502716064,254803200
2007-12-17,1.4288699626922607,1.6084380149841309,1.6135940551757812,1.5367189645767212,345606400
2007-12-18,1.431476593017578,1.570937991142273,1.570937991142273,1.503749966621399,362284800
2007-12-19,1.4446563720703125,1.545469045639038,1.564844012260437,1.529844045639038,329580800
2007-12-20,1.5044496059417725,1.511718988418579,1.5415630340576172,1.4859379529953003,328115200
2007-12-21,1.5566425323486328,1.5723439455032349,1.59375,1.5657809972763062,217875200
2007-12-24,1.5749558210372925,1.5881249904632568,1.622499942779541,1.5881249904632568,62067200
2007-12-26,1.5909801721572876,1.6082810163497925,1.6349999904632568,1.5948439836502075,111123200
2007-12-27,1.5467228889465332,1.6176559925079346,1.626405954360962,1.5778130292892456,156108800
2007-12-28,1.542449951171875,1.5981249809265137,1.604688048362732,1.560938000679016,190265600
2007-12-31,1.514216661453247,1.562656044960022,1.5810940265655518,1.5462499856948853,148998400
2008-01-02,1.465838074684143,1.553125023841858,1.5625,1.4815629720687866,474828800
2008-01-03,1.4742320775985718,1.497655987739563,1.518125057220459,1.4823440313339231,330675200
2008-01-04,1.3466484546661377,1.460155963897705,1.462031006813049,1.367969036102295,620403200
2008-01-07,1.3292508125305176,1.3795310258865356,1.3885940313339231,1.322031021118164,848998400
2008-01-08,1.2680529356002808,1.3681249618530271,1.3970309495925903,1.2940629720687866,790464000
2008-01-09,1.3086481094360352,1.3004690408706665,1.3506250381469729,1.2684379816055298,1060332800
2008-01-10,1.3094111680984497,1.321094036102295,1.3743749856948853,1.3129689693450928,1146156800
2008-01-11,1.2732421159744265,1.3406250476837158,1.3406250476837158,1.278905987739563,668806400
2008-01-14,1.306511163711548,1.3284380435943604,1.350000023841858,1.3125,574457600
2008-01-15,1.2468405961990356,1.3132810592651367,1.3224999904632568,1.2581249475479126,679347200
2008-01-16,1.2102138996124268,1.249843955039978,1.288280963897705,1.209375023841858,968864000
2008-01-17,1.1769437789916992,1.252500057220459,1.2698440551757812,1.1956249475479126,962131200
2008-01-18,1.1705347299575806,1.221250057220459,1.2450000047683716,1.1829689741134644,866348800
2008-01-22,1.106894612312317,1.0712499618530271,1.1714060306549072,1.0523439645767212,1192723200
2008-01-23,1.1166616678237915,1.0575000047683716,1.1462500095367432,1.0082809925079346,1652576000
2008-01-24,1.1491687297821045,1.144374966621399,1.1790629625320437,1.1337499618530271,814208000
2008-01-25,1.098806381225586,1.227187991142273,1.227187991142273,1.123594045639038,944288000
2008-01-28,1.1155942678451538,1.1279690265655518,1.151563048362732,1.107969045639038,713836800
2008-01-29,1.1207826137542725,1.1590629816055298,1.1635940074920654,1.1309380531311035,500620800
2008-01-30,1.119409441947937,1.140625,1.196874976158142,1.1376559734344482,832857600
2008-01-31,1.1453527212142944,1.1198439598083496,1.209375023841858,1.117812991142273,986067200
2008-02-01,1.1827435493469238,1.203281044960022,1.224843978881836,1.1735939979553225,750764800
2008-02-04,1.141385555267334,1.2096879482269287,1.2118749618530271,1.165624976158142,466259200
2008-02-05,1.087055802345276,1.134531021118164,1.158437967300415,1.107030987739563,784569600
2008-02-06,1.0408140420913696,1.1214059591293335,1.1351560354232788,1.0575000047683716,638035200
2008-02-07,1.0621795654296875,1.040781021118164,1.1139060258865356,1.0332809686660769,1040883200
2008-02-08,1.0759150981903076,1.084375023841858,1.113281011581421,1.0717190504074097,685952000
2008-02-11,1.100027561187744,1.1159379482269287,1.1360939741134644,1.1017190217971802,561113600
2008-02-12,1.0919393301010132,1.140781044960022,1.1551560163497925,1.0993750095367432,661849600
2008-02-13,1.1308554410934448,1.1410939693450928,1.167968988418579,1.1318750381469729,470393600
2008-02-14,1.0951436758041382,1.1662499904632568,1.1662499904632568,1.1176559925079346,708710400
2008-02-15,1.0911760330200195,1.1100000143051147,1.1214059591293335,1.0956250429153442,494227200
2008-02-19,1.080798625946045,1.142969012260437,1.146875023841858,1.0857809782028198,607513600
2008-02-20,1.090718150138855,1.085155963897705,1.126405954360962,1.0846879482269287,685689600
2008-02-21,1.0740840435028076,1.139063000679016,1.1442190408706665,1.0889060497283936,594752000
2008-02-22,1.083545804023743,1.1048439741134644,1.109375,1.0603129863739014,707392000
2008-02-25,1.087970733642578,1.1028130054473877,1.1245310306549072,1.0881249904632568,601376000
2008-02-26,1.0980440378189087,1.1029690504074097,1.1457810401916504,1.089843988418579,669926400
2008-02-27,1.1050631999969482,1.109218955039978,1.1437499523162842,1.1043750047683716,607328000
2008-02-28,1.0812560319900513,1.1265629529953003,1.146718978881836,1.107030987739563,550195200
2008-02-29,1.0490554571151731,1.1014059782028198,1.107969045639038,1.0618749856948853,793939200
2008-03-03,1.0263153314590454,1.0651559829711914,1.0682810544967651,1.032188057899475,770668800
2008-03-04,1.0347095727920532,1.0385940074920654,1.0698440074920654,1.0207810401916504,1067334400
2008-03-05,1.0545494556427002,1.0684380531311035,1.09375,1.0567189455032349,991846400
2008-03-06,1.0008301734924316,1.0726560354232788,1.0815629959106443,1.0221879482269287,798937600
2008-03-07,0.9954885840415956,1.014063000679016,1.049062967300415,0.989063024520874,1026643200
2008-03-10,0.9558093547821044,1.0192190408706665,1.0248440504074097,0.9784380197525024,865478400
2008-03-11,1.0424927473068235,1.0112500190734863,1.068750023841858,0.9946879744529724,963321600
2008-03-12,1.0221956968307495,1.0665630102157593,1.0859379768371582,1.044530987739563,734310400
2008-03-13,1.0386778116226196,1.0262500047683716,1.0793750286102295,1.0064059495925903,1361625600
2008-03-14,0.9968618154525756,1.0824999809265137,1.082813024520874,1.002187967300415,1296870400
2008-03-17,0.9712228775024414,0.9792190194129944,1.015468955039978,0.9689059853553772,1173900800
2008-03-18,1.0553117990493774,1.025156021118164,1.082813024520874,1.0176559686660769,964576000
2008-03-19,1.0026614665985107,1.0862499475479126,1.0917190313339231,1.0234379768371582,1051552000
2008-03-20,1.0310468673706057,1.0318750143051147,1.066406011581421,1.0192190408706665,781843200
2008-03-24,1.1155942678451538,1.0754690170288086,1.1481250524520874,1.0748440027236938,675667200
2008-03-25,1.1239876747131348,1.1440629959106443,1.163280963897705,1.1239060163497925,666425600
2008-03-26,1.1018589735031128,1.1442190408706665,1.152500033378601,1.1200000047683716,616620800
2008-03-27,1.0792723894119265,1.131093978881836,1.1354689598083496,1.09375,647513600
2008-03-28,1.0629425048828125,1.114063024520874,1.127500057220459,1.0754690170288086,655161600
2008-03-31,1.067521095275879,1.0893750190734863,1.109375,1.0823440551757812,513881600
2008-04-01,1.157257318496704,1.132030963897705,1.1906249523162842,1.128906011581421,625817600
2008-04-02,1.1651928424835205,1.1918749809265137,1.2104690074920654,1.1665630340576172,643724800
2008-04-03,1.167176365852356,1.1675000190734863,1.204063057899475,1.1645309925079346,605100800
2008-04-04,1.1729763746261597,1.2010940313339231,1.2265629768371582,1.177968978881836,755507200
2008-04-07,1.1664137840270996,1.2145309448242188,1.2295310497283936,1.1904690265655518,670982400
2008-04-08,1.1560364961624146,1.178593993186951,1.1939059495925903,1.165781021118164,531545600
2008-04-09,1.1308554410934448,1.1792190074920654,1.181406021118164,1.1375000476837158,801152000
2008-04-10,1.1577153205871582,1.1534379720687866,1.199218988418579,1.1534379720687866,785804800
2008-04-11,1.095602035522461,1.1565630435943604,1.1607810258865356,1.110780954360962,1047289600
2008-04-14,1.07973051071167,1.115468978881836,1.1279690265655518,1.102656006813049,834406400
2008-04-15,1.0812560319900513,1.117969036102295,1.121093988418579,1.0879689455032349,934470400
2008-04-16,1.161224603652954,1.1385940313339231,1.1895309686660769,1.136718988418579,908249600
2008-04-17,1.1636661291122437,1.1751559972763062,1.196874976158142,1.152812957763672,775168000
2008-04-18,1.210060715675354,1.2317190170288086,1.252344012260437,1.216249942779541,1033152000
2008-04-21,1.2262381315231323,1.2351560592651367,1.2601560354232788,1.2298439741134644,628748800
2008-04-22,1.2025824785232544,1.240625023841858,1.2445310354232788,1.199218988418579,728972800
2008-04-23,1.2154020071029663,1.2384380102157593,1.2582809925079346,1.225780963897705,718752000
2008-04-24,1.2318845987319946,1.250938057899475,1.2973439693450928,1.2231249809265137,963091200
2008-04-25,1.2331053018569946,1.2728129625320437,1.2737499475479126,1.232030987739563,660928000
2008-04-28,1.2373781204223633,1.2690629959106443,1.2878129482269287,1.2623440027236938,462329600
2008-04-29,1.2526392936706543,1.2615629434585571,1.2956249713897705,1.258437991142273,662572800
2008-04-30,1.233867645263672,1.2928129434585571,1.3115630149841309,1.2559380531311035,844825600
2008-05-01,1.3110902309417725,1.2646880149841309,1.346250057220459,1.2646880149841309,1120076800
2008-05-02,1.3254350423812866,1.371562957763672,1.371562957763672,1.3254690170288086,1012832000
2008-05-05,1.308342695236206,1.3465629816055298,1.363281011581421,1.328281044960022,642604800
2008-05-06,1.3370333909988403,1.3321880102157593,1.368906021118164,1.3143750429153442,889068800
2008-05-07,1.284993052482605,1.3582810163497925,1.373438000679016,1.2987500429153442,1013568000
2008-05-08,1.2866721153259275,1.3190629482269287,1.34375,1.3095309734344482,1090342400
2008-05-09,1.2859092950820925,1.3056249618530271,1.3300000429153442,1.2995309829711914,889708800
2008-05-12,1.3339813947677612,1.3203129768371582,1.3696880340576172,1.3159379959106443,755699200
2008-05-13,1.3417646884918213,1.3665629625320437,1.377344012260437,1.3457809686660769,888793600
2008-05-14,1.330624222755432,1.382030963897705,1.410156011581421,1.3606250286102295,893184000
2008-05-15,1.382664680480957,1.3651560544967651,1.415624976158142,1.357813000679016,880646400
2008-05-16,1.382664680480957,1.4187500476837158,1.4201560020446775,1.3832809925079346,776800000
2008-05-19,1.3692348003387451,1.4168750047683716,1.4404690265655518,1.3770309686660769,1040748800
2008-05-20,1.344359040260315,1.383437991142273,1.3842190504074097,1.352344036102295,926176000
2008-05-21,1.289113998413086,1.375938057899475,1.3917189836502075,1.303905963897705,1023104000
2008-05-22,1.2865201234817505,1.3184380531311035,1.339063048362732,1.308750033378601,946060800
2008-05-23,1.282246708869934,1.3117189407348633,1.3212499618530271,1.292188048362732,738931200
2008-05-27,1.3255882263183594,1.3181250095367432,1.3621879816055298,1.3174999952316284,792563200
2008-05-28,1.341002106666565,1.372499942779541,1.375938057899475,1.3432810306549072,839865600
2008-05-29,1.365419626235962,1.3709379434585571,1.4093749523162842,1.3698439598083496,882828800
2008-05-30,1.381139039993286,1.404688000679016,1.424219012260437,1.3975000381469729,730227200
2008-06-02,1.35015869140625,1.4057810306549072,1.40625,1.3524999618530271,987193600
2008-06-03,1.3336763381958008,1.3873440027236938,1.404688000679016,1.336719036102295,1074073600
2008-06-04,1.3564152717590332,1.353281021118164,1.415624976158142,1.3518749475479126,982099200
2008-06-05,1.4076931476593018,1.4021879434585571,1.446094036102295,1.3937499523162842,902118400
2008-06-06,1.3144471645355225,1.4167189598083496,1.422813057899475,1.3457809686660769,1139174400
2008-06-09,1.3118529319763184,1.3581249713897705,1.3623440265655518,1.294374942779541,1036710400
2008-06-10,1.2947602272033691,1.3135939836502075,1.3485939502716064,1.3071880340576172,933209600
2008-06-11,1.2353945970535278,1.3221880197525024,1.3259379863739014,1.261718988418579,1009939200
2008-06-12,1.23768413066864,1.28125,1.3026560544967651,1.2426559925079346,923110400
2008-06-13,1.284077763557434,1.2807810306549072,1.3203129768371582,1.2671879529953003,803302400
2008-06-16,1.3025435209274292,1.302968978881836,1.3506250381469729,1.2996879816055298,713766400
2008-06-17,1.2961333990097046,1.3471879959106443,1.3529690504074097,1.3204690217971802,659014400
2008-06-18,1.2674427032470703,1.3089059591293335,1.319530963897705,1.2853130102157593,866617600
2008-06-19,1.3033069372177124,1.290781021118164,1.3495310544967651,1.2737499475479126,1059968000
2008-06-20,1.2392096519470217,1.314687967300415,1.315000057220459,1.252344012260437,1279577600
2008-06-23,1.2115869522094729,1.2743749618530271,1.2817189693450928,1.239063024520874,924038400
2008-06-24,1.2039995193481443,1.2323440313339231,1.2606250047683716,1.2103129625320437,938208000
2008-06-25,1.2299542427062988,1.2417190074920654,1.293125033378601,1.2378129959106443,971648000
2008-06-26,1.1429295539855957,1.2221879959106443,1.2242189645767212,1.1664060354232788,1457721600
2008-06-27,1.146135687828064,1.1665630340576172,1.1799999475479126,1.1328129768371582,1126060800
2008-06-30,1.1198753118515017,1.160938024520874,1.1771880388259888,1.1421879529953003,830841600
2008-07-01,1.1491888761520386,1.1254689693450928,1.1773439645767212,1.117969036102295,1242892800
2008-07-02,1.0928517580032349,1.1815630197525024,1.1918749809265137,1.1150000095367432,1203097600
2008-07-03,1.0870496034622192,1.1321879625320437,1.1360939741134644,1.0964059829711914,739436800
2008-07-07,1.1035386323928833,1.1360939741134644,1.1553130149841309,1.094688057899475,1230918400
2008-07-08,1.142624020576477,1.131250023841858,1.1826560497283936,1.121250033378601,1523456000
2008-07-09,1.0991113185882568,1.1795309782028198,1.1846879720687866,1.1174999475479126,1279372800
2008-07-10,1.118043065071106,1.1221879720687866,1.1514060497283936,1.0993750095367432,1150080000
2008-07-11,1.083538293838501,1.121250033378601,1.1439059972763062,1.0731250047683716,1525894400
2008-07-14,1.067813277244568,1.1375000476837158,1.1393749713897705,1.084375023841858,1135936000
2008-07-15,1.0632320642471311,1.0798439979553225,1.1260939836502075,1.0459380149841309,1623366400
2008-07-16,1.1140730381011963,1.0967190265655518,1.1475000381469729,1.0768749713897705,1204550400
2008-07-17,1.1093409061431885,1.1578129529953003,1.170313000679016,1.1278129816055298,1253017600
2008-07-18,1.0952943563461304,1.1364059448242188,1.1364059448242188,1.1123440265655518,938035200
2008-07-21,1.0962103605270386,1.1290630102157593,1.1385940313339231,1.1037499904632568,710099200
2008-07-22,1.0952943563461304,1.080312967300415,1.1209379434585571,1.0724999904632568,1166649600
2008-07-23,1.120333552360535,1.1198439598083496,1.172031044960022,1.114063024520874,1333984000
2008-07-24,1.0820116996765137,1.1575000286102295,1.157655954360962,1.1015629768371582,1001952000
2008-07-25,1.111019253730774,1.1257810592651367,1.1507810354232788,1.1151560544967651,740652800
2008-07-28,1.0772784948349,1.140781044960022,1.1520309448242188,1.0871880054473877,948441600
2008-07-29,1.109493374824524,1.1074999570846558,1.1520309448242188,1.105468988418579,920275200
2008-07-30,1.128577470779419,1.1484379768371582,1.1662499904632568,1.1190630197525024,979865600
2008-07-31,1.124760389328003,1.1315629482269287,1.1815630197525024,1.1262500286102295,1066112000
2008-08-01,1.0975840091705322,1.151563048362732,1.1529690027236938,1.0950000286102295,961113600
2008-08-04,1.0755987167358398,1.1200000047683716,1.1207809448242188,1.0901559591293335,695328000
2008-08-05,1.1417080163955688,1.1193749904632568,1.1726560592651367,1.1165629625320437,883315200
2008-08-06,1.1759074926376345,1.169530987739563,1.214843988418579,1.1520309448242188,861612800
2008-08-07,1.1636934280395508,1.1904690265655518,1.216405987739563,1.1770310401916504,841401600
2008-08-08,1.2093424797058103,1.185938000679016,1.246093988418579,1.1809380054473877,954188800
2008-08-11,1.232091784477234,1.2396880388259888,1.2904690504074097,1.230937957763672,997164800
2008-08-12,1.2369778156280518,1.2629690170288086,1.2839059829711914,1.25,819052800
2008-08-13,1.2310229539871216,1.2612500190734863,1.2820310592651367,1.2362500429153442,958009600
2008-08-14,1.2604891061782837,1.2507810592651367,1.3001559972763062,1.2489060163497925,985248000
2008-08-15,1.2612520456314087,1.2937500476837158,1.305469036102295,1.2732809782028198,829344000
2008-08-18,1.2339242696762085,1.290781021118164,1.292188048362732,1.2360939979553225,825510400
2008-08-19,1.2030831575393677,1.2420309782028198,1.2534379959106443,1.2089060544967651,831500800
2008-08-20,1.1962130069732666,1.2409379482269287,1.2506250143051147,1.2087500095367432,1024723200
2008-08-21,1.1820141077041626,1.207813024520874,1.2264059782028198,1.1903129816055298,808377600
2008-08-22,1.2152971029281616,1.2267190217971802,1.257030963897705,1.2253129482269287,689868800
2008-08-25,1.170105218887329,1.2289060354232788,1.232813000679016,1.1892189979553225,795360000
2008-08-26,1.1653718948364258,1.1962499618530271,1.2095309495925903,1.1759380102157593,838393600
2008-08-27,1.1769756078720093,1.192188024520874,1.224843978881836,1.1832809448242188,805478400
2008-08-28,1.1833882331848145,1.2154690027236938,1.234531044960022,1.2095309495925903,680716800
2008-08-29,1.14628803730011,1.1995309591293335,1.2064059972763062,1.1642190217971802,879635200
2008-09-02,1.1174323558807373,1.212031006813049,1.2220309972763062,1.134374976158142,1141542400
2008-09-03,1.096973180770874,1.1395310163497925,1.1493749618530271,1.107030987739563,1236364800
2008-09-04,1.026285171508789,1.109218955039978,1.113281011581421,1.0473439693450928,1763404800
2008-09-05,1.0227736234664917,1.0329689979553225,1.0565630197525024,1.0092190504074097,1602617600
2008-09-08,1.0111703872680664,1.0717190504074097,1.076563000679016,1.0031249523162842,1637305600
2008-09-09,0.9731543064117432,1.0343749523162842,1.0559380054473877,0.9862499833106996,1255411200
2008-09-10,0.9820088744163512,1.0110939741134644,1.0260939598083496,0.9920309782028198,890912000
2008-09-11,1.0217047929763794,0.9790629744529724,1.0495309829711914,0.978124976158142,1328108800
2008-09-12,1.0256744623184204,1.027343988418579,1.050624966621399,1.0125000476837158,977753600
2008-09-15,0.9586498141288756,0.9900000095367432,1.0306249856948853,0.969530999660492,1582764800
2008-09-16,0.9649093747138976,0.94609397649765,1.007030963897705,0.9439060091972352,2132230400
2008-09-17,0.8687243461608887,0.963280975818634,0.971875011920929,0.885155975818634,2326515200
2008-09-18,0.931473195552826,0.9248440265655518,0.9609379768371582,0.8543750047683716,2372896000
2008-09-19,0.9670473337173462,1.043437957763672,1.046875,0.9704689979553224,1062764800
2008-09-22,0.8939155340194702,0.997655987739563,1.0007810592651367,0.9140629768371582,1072889600
2008-09-23,0.8763574361801147,0.9292190074920654,0.9504690170288086,0.8931249976158142,1784864000
2008-09-24,0.8945260643959045,0.907030999660492,0.92890602350235,0.895937979221344,1331500800
2008-09-25,0.903686821460724,0.926563024520874,0.9631249904632568,0.9189059734344482,1528147200
2008-09-26,0.897732138633728,0.8840630054473877,0.9293749928474426,0.8814060091972351,1254144000
2008-09-29,0.724445104598999,0.8845310211181641,0.8909379839897156,0.731249988079071,2718585600
2008-09-30,0.7997148036956787,0.7651559710502625,0.824999988079071,0.760155975818634,1554534400
2008-10-01,0.7787976264953613,0.8062499761581421,0.8135939836502075,0.7753130197525024,1620377600
2008-10-02,0.7160487771034241,0.7837499976158142,0.7846879959106445,0.7170310020446777,1964652800
2008-10-03,0.6832231283187866,0.7410939931869507,0.7793750166893005,0.6946880221366882,2824569600
2008-10-06,0.6192519664764404,0.6654689908027649,0.6696879863739014,0.5729690194129944,3916358400
2008-10-07,0.5572660565376282,0.6581249833106995,0.6610940098762512,0.5693749785423279,3110828800
2008-10-08,0.5430666208267212,0.5451560020446777,0.6187499761581421,0.5387499928474426,4987097600
2008-10-09,0.5010815262794495,0.582813024520874,0.6026560068130493,0.5060939788818359,4425280000
2008-10-10,0.5085625648498535,0.4926559925079345,0.5592190027236938,0.455469012260437,4740928000
2008-10-13,0.6336038708686829,0.5684379935264587,0.6484379768371582,0.5537499785423279,2673683200
2008-10-14,0.5748231410980225,0.6779689788818359,0.6798440217971802,0.5739060044288635,3801804800
2008-10-15,0.4697823524475097,0.5742189884185791,0.5792189836502075,0.4807809889316559,3394016000
2008-10-16,0.523219108581543,0.4906249940395355,0.5354689955711365,0.4417189955711365,5613836800
2008-10-17,0.5221501588821411,0.515625,0.581250011920929,0.5089060068130493,4111097600
2008-10-20,0.5572660565376282,0.5543749928474426,0.5703129768371582,0.5165629982948303,2546252800
2008-10-21,0.5012341141700745,0.5459380149841309,0.567812979221344,0.5087500214576721,2752345600
2008-10-22,0.4673394858837127,0.503125011920929,0.5114060044288635,0.450780987739563,2978137600
2008-10-23,0.463064581155777,0.4753130078315735,0.4942190051078796,0.4265629947185516,3661382400
2008-10-24,0.4363471269607544,0.3996880054473877,0.4676559865474701,0.3990629911422729,3145766400
2008-10-27,0.4108500778675079,0.4337500035762787,0.465624988079071,0.4118750095367431,2875110400
2008-10-28,0.4968066811561584,0.4489060044288635,0.5140630006790161,0.4246880114078522,3720396800
2008-10-29,0.5021495223045349,0.5145310163497925,0.5518749952316284,0.4926559925079345,3313126400
2008-10-30,0.5282573103904724,0.5392190217971802,0.5514060258865356,0.5167189836502075,3164121600
2008-10-31,0.5310059189796448,0.5279690027236938,0.5639060139656067,0.5193750262260437,2557939200
2008-11-03,0.5334489345550537,0.5428130030632019,0.5535939931869507,0.5332810282707214,1531443200
2008-11-04,0.563830554485321,0.5657809972763062,0.5826560258865356,0.5490630269050598,2004947200
2008-11-05,0.5023029446601868,0.5653129816055298,0.5687500238418579,0.5117189884185791,2146412800
2008-11-06,0.4548206329345703,0.4982810020446777,0.5093749761581421,0.46281298995018,3151692800
2008-11-07,0.474668025970459,0.4793750047683716,0.4959380030632019,0.4690630137920379,2520390400
2008-11-10,0.4667288959026336,0.5107809901237488,0.5115630030632019,0.4621880054473877,2019488000
2008-11-11,0.4482553005218506,0.463593989610672,0.4732809960842132,0.4414060115814209,2901536000
2008-11-12,0.4029109477996826,0.4396879971027374,0.4445309937000274,0.4096879959106445,2894784000
2008-11-13,0.4500874578952789,0.4092189967632293,0.4625000059604645,0.3701559901237488,4739315200
2008-11-14,0.405811995267868,0.4409379959106445,0.4596880078315735,0.4124999940395355,4017075200
2008-11-17,0.3900862038135528,0.4015629887580871,0.4229690134525299,0.3946880102157593,3202387200
2008-11-18,0.386574387550354,0.4035939872264862,0.4089060127735138,0.3710939884185791,4219782400
2008-11-19,0.3465739786624908,0.3984380066394806,0.4093750119209289,0.3524999916553497,3621836800
2008-11-20,0.3149698674678802,0.3465630114078522,0.3710939884185791,0.3182809948921203,5974124800
2008-11-21,0.3397028148174286,0.3314059972763061,0.3518750071525574,0.3081249892711639,5362598400
2008-11-24,0.3801625370979309,0.3621880114078522,0.3996880054473877,0.356249988079071,3662035200
2008-11-25,0.3775662779808044,0.3993749916553497,0.4000000059604645,0.3692190051078796,3014950400
2008-11-26,0.4087120294570923,0.3799999952316284,0.4199999868869781,0.377344012260437,2864876800
2008-11-28,0.4036740660667419,0.4110940098762512,0.4154689908027649,0.4053129851818084,649408000
2008-12-01,0.3436728715896606,0.395781010389328,0.395781010389328,0.3503130078315735,2601382400
2008-12-02,0.3656581938266754,0.3601559996604919,0.3756250143051147,0.3485940098762512,2950828800
2008-12-03,0.3839791715145111,0.3549999892711639,0.3970310091972351,0.3532809913158417,3620761600
2008-12-04,0.3633677363395691,0.3812499940395355,0.3990629911422729,0.3590629994869232,3048198400
2008-12-05,0.3925289809703827,0.3646880090236664,0.4053129851818084,0.3496879935264587,3368147200
2008-12-08,0.4236748218536377,0.419530987739563,0.4449999928474426,0.4165630042552948,2821516800
2008-12-09,0.4203154146671295,0.4221880137920379,0.4557810127735138,0.4192189872264862,2766342400
2008-12-10,0.4198581874370575,0.4353129863739013,0.4449999928474426,0.421094000339508,2192640000
2008-12-11,0.3966514766216278,0.4265629947185516,0.439530998468399,0.4017190039157867,1909267200
2008-12-12,0.4120714664459228,0.3946880102157593,0.427031010389328,0.3884379863739013,2646476800
2008-12-15,0.3977195024490356,0.4235939979553222,0.4246880114078522,0.395000010728836,1780428800
2008-12-16,0.4351257383823395,0.4453130066394806,0.4487499892711639,0.4140630066394806,2131968000
2008-12-17,0.4248961806297302,0.4370310008525848,0.44718798995018,0.4246880114078522,1832435200
2008-12-18,0.4111549258232116,0.4356249868869781,0.4410940110683441,0.411406010389328,1739680000
2008-12-19,0.4157356917858124,0.4293749928474426,0.4410940110683441,0.4237500131130218,1661164800
2008-12-22,0.3995515704154968,0.4267190098762512,0.4287500083446502,0.3942190110683441,1603526400
2008-12-23,0.3945135176181793,0.4101560115814209,0.4192189872264862,0.3985939919948578,1478828800
2008-12-24,0.3955824971199035,0.4074999988079071,0.407813012599945,0.4014059901237488,361849600
2008-12-26,0.3958874046802521,0.408280998468399,0.408280998468399,0.4012500047683716,294259200
2008-12-29,0.3858112692832947,0.4074999988079071,0.4084379971027374,0.3867189884185791,872089600
2008-12-30,0.4033692181110382,0.3998439908027649,0.4168750047683716,0.3990629911422729,1143532800
2008-12-31,0.410544216632843,0.4132809937000274,0.4310939908027649,0.4128130078315735,1261484800
2009-01-02,0.4467290639877319,0.4231249988079071,0.4606249928474426,0.4204689860343933,1475475200
2009-01-05,0.4467290639877319,0.452344000339508,0.4676559865474701,0.4459379911422729,1725651200
2009-01-06,0.4558896124362945,0.465938001871109,0.4757809937000274,0.4609380066394806,2101619200
2009-01-07,0.4303925931453705,0.4515630006790161,0.4542190134525299,0.4335939884185791,1636352000
2009-01-08,0.4397055208683014,0.4373440146446228,0.450780987739563,0.4306249916553497,1744870400
2009-01-09,0.420163094997406,0.4510940015316009,0.4512499868869781,0.4259380102157593,1596710400
2009-01-12,0.4045905768871307,0.4309380054473877,0.4317190051078796,0.4056249856948852,1513324800
2009-01-13,0.4041323661804199,0.4142189919948578,0.4265629947185516,0.4042190015316009,1681273600
2009-01-14,0.3798567056655884,0.403124988079071,0.4070309996604919,0.3843750059604645,1874438400
2009-01-15,0.3910017907619476,0.3867189884185791,0.407813012599945,0.3739059865474701,2477337600
2009-01-16,0.4007730185985565,0.4131250083446502,0.4151560068130493,0.3907809853553772,2330841600
2009-01-20,0.3626045882701874,0.4064059853553772,0.4099999964237213,0.3693749904632568,2157945600
2009-01-21,0.3903910219669342,0.3812499940395355,0.4012500047683716,0.3728129863739013,2047974400
2009-01-22,0.3821471929550171,0.3832809925079345,0.4023439884185791,0.3762499988079071,2054265600
2009-01-23,0.3836732804775238,0.3778130114078522,0.405469000339508,0.3729690015316009,2100006400
2009-01-26,0.3894754946231842,0.3953129947185516,0.4123440086841583,0.3895309865474701,1928780800
2009-01-27,0.3958874046802521,0.3996880054473877,0.4115630090236664,0.3992190062999725,1643763200
2009-01-28,0.4223009943962097,0.419063001871109,0.4414060115814209,0.4184379875659942,2317088000
2009-01-29,0.401994377374649,0.4223439991474151,0.4245310127735138,0.408594012260437,1822316800
2009-01-30,0.3867268562316894,0.4176560044288635,0.4207809865474701,0.3934380114078522,1857670400
2009-02-02,0.3968038856983185,0.3884379863739013,0.4117189943790436,0.3879689872264862,1807820800
2009-02-03,0.4094762206077575,0.4076560139656067,0.421875,0.3960939943790436,1952128000
2009-02-04,0.4097811579704284,0.4203130006790161,0.439530998468399,0.416718989610672,2168153600
2009-02-05,0.4284079372882843,0.4070309996604919,0.4440630078315735,0.4070309996604919,2627801600
2009-02-06,0.4502399265766144,0.4428130090236664,0.4654690027236938,0.439063012599945,2390707200
2009-02-09,0.4552789032459259,0.4620310068130493,0.470313012599945,0.4562500119209289,1966048000
2009-02-10,0.4210795760154724,0.4593749940395355,0.4704689979553222,0.4243749976158142,3138188800
2009-02-11,0.4180259704589844,0.4307810068130493,0.4360939860343933,0.4140630066394806,2021523200
2009-02-12,0.4274914562702179,0.4168750047683716,0.4382809996604919,0.4112499952316284,2845056000
2009-02-13,0.422911673784256,0.434374988079071,0.4432809948921203,0.4296880066394806,2116345600
2009-02-17,0.3908492624759674,0.4059379994869232,0.4117189943790436,0.3946880102157593,2483891200
2009-02-18,0.3897803723812103,0.4045310020446777,0.4110940098762512,0.3893750011920929,2430355200
2009-02-19,0.3786353170871734,0.4042190015316009,0.4093750119209289,0.3851560056209564,2036998400
2009-02-20,0.3797042667865753,0.3782809972763061,0.3970310091972351,0.376563012599945,2976972800
2009-02-23,0.3535965383052826,0.3937500119209289,0.3942190110683441,0.358594000339508,2659417600
2009-02-24,0.3755817711353302,0.3657810091972351,0.3909380137920379,0.3646880090236664,2595270400
2009-02-25,0.3713068068027496,0.3817189931869507,0.3959380090236664,0.3685939908027649,3262988800
2009-02-26,0.3511536717414856,0.38468798995018,0.389844000339508,0.3590629994869232,2592627200
2009-02-27,0.3438253104686737,0.3517189919948578,0.3640629947185516,0.3487499952316284,2482489600
2009-03-02,0.3221457898616791,0.3417190015316009,0.3515630066394806,0.3251560032367706,2789760000
2009-03-03,0.3215351104736328,0.3351559937000274,0.3425000011920929,0.3240630030632019,2486412800
2009-03-04,0.3378707468509674,0.338593989610672,0.3557809889316559,0.3365629911422729,2718470400
2009-03-05,0.3183281421661377,0.338593989610672,0.3442189991474151,0.3234379887580871,2543084800
2009-03-06,0.3134424686431885,0.3292190134525299,0.3334380090236664,0.3062500059604645,2782803200
2009-03-09,0.2992440462112427,0.314530998468399,0.3326559960842132,0.3040629923343658,2662112000
2009-03-10,0.3357336819171905,0.3190630078315735,0.345313012599945,0.3165630102157593,2659622400
2009-03-11,0.3458097875118255,0.3529689908027649,0.360938012599945,0.3431249856948852,2692896000
2009-03-12,0.3691699206829071,0.3545309901237488,0.3803130090236664,0.3470309972763061,2623270400
2009-03-13,0.371917575597763,0.3789060115814209,0.3829689919948578,0.36906298995018,2145433600
2009-03-16,0.3583296537399292,0.3842189908027649,0.3865630030632019,0.3651559948921203,2177203200
2009-03-17,0.3853529095649719,0.3715629875659942,0.3946880102157593,0.3684380054473877,1769350400
2009-03-18,0.3951241970062256,0.392188012599945,0.4185940027236938,0.3884379863739013,3108902400
2009-03-19,0.3949718773365021,0.4170309901237488,0.4171879887580871,0.3987500071525574,2050752000
2009-03-20,0.3835208714008331,0.4053129851818084,0.4153130054473877,0.3867189884185791,1976985600
2009-03-23,0.4287129342556,0.410625010728836,0.4389060139656067,0.4040629863739013,2146688000
2009-03-24,0.4135977625846863,0.4314059913158417,0.4378130137920379,0.421875,1861984000
2009-03-25,0.416346400976181,0.4290629923343658,0.4417189955711365,0.4037500023841858,2333324800
2009-03-26,0.4424540996551513,0.4381250143051147,0.453125,0.4339059889316559,2657696000
2009-03-27,0.4247437715530395,0.4423440098762512,0.4453130066394806,0.4318749904632568,1868876800
2009-03-30,0.4032158255577087,0.4201560020446777,0.4206250011920929,0.4017190039157867,1966278400
2009-03-31,0.4123763144016266,0.421094000339508,0.4382809996604919,0.4196879863739013,1843731200
2009-04-01,0.423827201128006,0.4101560115814209,0.4359380006790161,0.40625,1945958400
2009-04-02,0.4510039687156677,0.4492189884185791,0.4751560091972351,0.4460940062999725,2867379200
2009-04-03,0.4674928486347198,0.4695309996604919,0.479218989610672,0.4629690051078796,1767468800
2009-04-06,0.464744359254837,0.4665629863739013,0.4774999916553497,0.457500010728836,1833568000
2009-04-07,0.4392472505569458,0.4650000035762787,0.4650000035762787,0.4445309937000274,1613017600
2009-04-08,0.4558896124362945,0.4593749940395355,0.471094012260437,0.4528129994869232,1609676800
2009-04-09,0.4832178056240082,0.4829689860343933,0.4965629875659942,0.4801560044288635,1943648000
2009-04-13,0.4819963872432709,0.4898439943790436,0.4984380006790161,0.4823440015316009,1383603200
2009-04-14,0.4696299731731415,0.4870310127735138,0.4926559925079345,0.4748440086841583,1497120000
2009-04-15,0.4690192341804504,0.473906010389328,0.4799999892711639,0.4625000059604645,1583974400
2009-04-16,0.4922258853912353,0.4909380078315735,0.5085939764976501,0.482030987739563,1849260800
2009-04-17,0.4925317168235779,0.5006250143051147,0.5106250047683716,0.4937500059604645,1452729600
2009-04-20,0.4607751667499542,0.4862500131130218,0.4901559948921203,0.4671880006790161,1469632000
2009-04-21,0.4740572571754455,0.467969000339508,0.4870310127735138,0.4671880006790161,1668038400
2009-04-22,0.4783322215080261,0.4799999892711639,0.5106250047683716,0.4768750071525574,2092883200
2009-04-23,0.4882568717002868,0.4953129887580871,0.4996879994869232,0.4798440039157867,1472755200
2009-04-24,0.5044400095939636,0.5056250095367432,0.5226560235023499,0.497188001871109,1593561600
2009-04-27,0.5048983693122864,0.5068749785423279,0.5268750190734863,0.505469024181366,1499513600
2009-04-28,0.4978747963905334,0.5099999904632568,0.5224999785423279,0.505312979221344,1285670400
2009-04-29,0.5111576914787292,0.5170310139656067,0.5371879935264587,0.515625,1645292800
2009-04-30,0.5209288597106934,0.536719024181366,0.5526559948921204,0.5260940194129944,1807251200
2009-05-01,0.5236776471138,0.5337499976158142,0.5412499904632568,0.5249999761581421,1289958400
2009-05-04,0.5458152294158936,0.5462499856948853,0.5590630173683167,0.5410940051078796,1297952000
2009-05-05,0.5441355109214783,0.5557810068130493,0.5575000047683716,0.5440629720687866,1117676800
2009-05-06,0.5439830422401428,0.565625011920929,0.5664060115814209,0.5389059782028198,1682528000
2009-05-07,0.5180277824401855,0.5635939836502075,0.5645310282707214,0.5206249952316284,1719552000
2009-05-08,0.5198599696159363,0.5356249809265137,0.546875,0.5207809805870056,1620915200
2009-05-11,0.5230668187141418,0.5168750286102295,0.5460940003395081,0.5140630006790161,1182342400
2009-05-12,0.5100885033607483,0.5378130078315735,0.5390629768371582,0.5090630054473877,1319705600
2009-05-13,0.4818439781665802,0.5129690170288086,0.5134379863739014,0.4925000071525574,1499219200
2009-05-14,0.4922258853912353,0.4962500035762787,0.5139060020446777,0.4956249892711639,1184128000
2009-05-15,0.4911568760871887,0.503125011920929,0.5174999833106995,0.4998440146446228,1045017600
2009-05-18,0.5172646641731262,0.5107809901237488,0.5310940146446228,0.5048440098762512,923884800
2009-05-19,0.523219108581543,0.5270310044288635,0.5454689860343933,0.5214059948921204,1040729600
2009-05-20,0.5189443826675415,0.5395309925079346,0.5551559925079346,0.5284379720687866,1440819200
2009-05-21,0.5000125765800476,0.524062991142273,0.5301560163497925,0.5015630125999451,1177772800
2009-05-22,0.4961958825588226,0.5159379839897156,0.5215629935264587,0.5017189979553223,789382400
2009-05-26,0.5340596437454224,0.4975000023841858,0.5473440289497375,0.4973439872264862,1449804800
2009-05-27,0.5252037644386292,0.5429689884185791,0.5585939884185791,0.5350000262260437,1290848000
2009-05-28,0.5394023656845093,0.5459380149841309,0.5548440217971802,0.5284379720687866,1210444800
2009-05-29,0.5511589646339417,0.552344024181366,0.5651559829711914,0.5451560020446777,1094265600
2009-06-01,0.5844417214393616,0.5762500166893005,0.6007810235023499,0.572655975818634,1440185600
2009-06-02,0.5844417214393616,0.5903130173683167,0.6101559996604919,0.588280975818634,1315769600
2009-06-03,0.5829157829284668,0.5942190289497375,0.5965629816055298,0.5820310115814209,1234854400
2009-06-04,0.594671368598938,0.5976560115814209,0.6095309853553772,0.5956249833106995,1252921600
2009-06-05,0.5961975455284119,0.6157810091972351,0.6196879744529724,0.5976560115814209,1269100800
2009-06-08,0.5916180610656738,0.6018750071525574,0.6150000095367432,0.5879690051078796,1068640000
2009-06-09,0.6015415787696838,0.6118749976158142,0.6225000023841858,0.6059380173683167,1092236800
2009-06-10,0.5968083143234253,0.6228129863739014,0.6232810020446777,0.5934380292892456,1295692800
2009-06-11,0.5961975455284119,0.6087499856948853,0.6246880292892456,0.6087499856948853,1083513600
2009-06-12,0.5919227004051208,0.6057810187339783,0.6073439717292786,0.5904690027236938,968550400
2009-06-15,0.566426694393158,0.5939059853553772,0.5945309996604919,0.5703129768371582,1067923200
2009-06-16,0.5565020442008972,0.5856249928474426,0.5896880030632019,0.5682809948921204,1090803200
2009-06-17,0.5658158659934998,0.5728129744529724,0.5903130173683167,0.5657809972763062,1480448000
2009-06-18,0.5629150867462158,0.5778130292892456,0.5853130221366882,0.5698440074920654,898086400
2009-06-19,0.5755871534347534,0.5851560235023499,0.5962499976158142,0.5820310115814209,957408000
2009-06-22,0.5430666208267212,0.578125,0.5810940265655518,0.5526559948921204,1129862400
2009-06-23,0.5400130748748779,0.5589060187339783,0.5604689717292786,0.5450000166893005,1088000000
2009-06-24,0.5575708746910095,0.5617190003395081,0.5793750286102295,0.5609380006790161,989632000
2009-06-25,0.580319344997406,0.5642189979553223,0.5953130125999451,0.5609380006790161,1075027200
2009-06-26,0.5824573636054993,0.5873439908027649,0.5995309948921204,0.5854690074920654,890060800
2009-06-29,0.5841370820999146,0.5976560115814209,0.6078130006790161,0.5876560211181641,800243200
2009-06-30,0.5816941857337952,0.6018750071525574,0.6076560020446777,0.5870310068130493,1058643200
2009-07-01,0.5826095938682556,0.6009380221366882,0.6110939979553223,0.596094012260437,907660800
2009-07-02,0.5575708746910095,0.586562991142273,0.586562991142273,0.567188024520874,689958400
2009-07-06,0.552380383014679,0.5637500286102295,0.5684379935264587,0.5526559948921204,716096000
2009-07-07,0.5247455835342407,0.5645310282707214,0.5667189955711365,0.5360940098762512,1064294400
2009-07-08,0.529478907585144,0.5423439741134644,0.5465630292892456,0.5293750166893005,1116870400
2009-07-09,0.5305476784706116,0.5448439717292786,0.5510939955711365,0.5400000214576721,738579200
2009-07-10,0.5358914732933044,0.5398439764976501,0.5548440217971802,0.5373439788818359,918297600
2009-07-13,0.5557389259338379,0.5496879816055298,0.5693749785423279,0.5345309972763062,700371200
2009-07-14,0.5597088932991028,0.567188024520874,0.5756250023841858,0.5634379982948303,594323200
2009-07-15,0.5969617962837219,0.5923439860343933,0.6121879816055298,0.5870310068130493,867648000
2009-07-16,0.6113128066062927,0.6060940027236938,0.6287500262260437,0.6056249737739563,900710400
2009-07-17,0.6178780794143677,0.6260939836502075,0.633437991142273,0.6201559901237488,669363200
2009-07-20,0.6299397349357605,0.6392189860343933,0.6481249928474426,0.6349999904632568,854054400
2009-07-21,0.6397111415863037,0.6503130197525024,0.6546880006790161,0.6356250047683716,904377600
2009-07-22,0.6488713622093201,0.6554690003395081,0.6715630292892456,0.6523439884185791,907430400
2009-07-23,0.678184986114502,0.6626560091972351,0.6992189884185791,0.6612499952316284,1230208000
2009-07-24,0.6775743365287781,0.6795309782028198,0.6946880221366882,0.6740630269050598,875334400
2009-07-27,0.6786425113677979,0.6932809948921204,0.6967189908027649,0.6776559948921204,850739200
2009-07-28,0.683070719242096,0.6879690289497375,0.7026559710502625,0.6795309782028198,1101216000
2009-07-29,0.6775743365287781,0.6926559805870056,0.6967189908027649,0.6818749904632568,737420800
2009-07-30,0.6853602528572083,0.7081249952316284,0.723438024520874,0.6998440027236938,1027475200
2009-07-31,0.6806277632713318,0.7018749713897705,0.7117189764976501,0.6960939764976501,804672000
2009-08-03,0.7012384533882141,0.7129690051078796,0.7192190289497375,0.7046880125999451,821120000
2009-08-04,0.7007813453674316,0.7121880054473877,0.723438024520874,0.7087500095367432,738816000
2009-08-05,0.6911621689796448,0.7215629816055298,0.721875011920929,0.697655975818634,918073600
2009-08-06,0.6791008114814758,0.7098439931869507,0.7145310044288635,0.6899999976158142,815564800
2009-08-07,0.6946739554405212,0.7139059901237488,0.7190629839897156,0.7023440003395081,834496000
2009-08-10,0.6871922016143799,0.7068750262260437,0.7109379768371582,0.6932809948921204,613286400
2009-08-11,0.6748257875442505,0.6957809925079346,0.6989060044288635,0.6828129887580872,802438400
2009-08-12,0.6955897212028503,0.6890630125999451,0.7239059805870056,0.6882809996604919,865497600
2009-08-13,0.7026129961013794,0.7198439836502075,0.7220309972763062,0.7032809853553772,734745600
2009-08-14,0.6865816712379456,0.7129690051078796,0.7151560187339783,0.6904690265655518,659929600
2009-08-17,0.6465811133384705,0.6804689764976501,0.6804689764976501,0.6614059805870056,836396800
2009-08-18,0.6647496223449707,0.6700000166893005,0.6834380030632019,0.6667190194129944,552870400
2009-08-19,0.6740625500679016,0.6656249761581421,0.6935939788818359,0.6637499928474426,616915200
2009-08-20,0.6903992891311646,0.6895310282707214,0.7092189788818359,0.6870309710502625,541452800
2009-08-21,0.7074988484382629,0.7153130173683167,0.7279689908027649,0.706250011920929,713913600
2009-08-24,0.7064298391342163,0.7278130054473877,0.7353129982948303,0.71875,703827200
2009-08-25,0.7111631631851196,0.7278130054473877,0.7418749928474426,0.7239059805870056,714003200
2009-08-26,0.7093310356140137,0.7254689931869507,0.7365630269050598,0.7178130149841309,665760000
2009-08-27,0.7122311592102051,0.7259380221366882,0.7314059734344482,0.7029690146446228,697203200
2009-08-28,0.7139107584953308,0.7462499737739563,0.7537500262260437,0.7207810282707214,834809600
2009-08-31,0.698795735836029,0.7198439836502075,0.721875011920929,0.7071880102157593,605267200
2009-09-01,0.6728411912918091,0.7101560235023499,0.7357810139656067,0.6850000023841858,1140915200
2009-09-02,0.6714673638343811,0.6825000047683716,0.6954690217971802,0.6806250214576721,685971200
2009-09-03,0.6806277632713318,0.6942189931869507,0.6989060044288635,0.6800000071525574,508556800
2009-09-04,0.7093310356140137,0.6990630030632019,0.7276560068130493,0.6973440051078796,589465600
2009-09-08,0.7235293984413147,0.7378129959106445,0.7417190074920654,0.7304689884185791,450502400
2009-09-09,0.7355911135673523,0.7406250238418579,0.7603129744529724,0.7351559996604919,695750400
2009-09-10,0.749331533908844,0.7539060115814209,0.768750011920929,0.7498440146446228,523660800
2009-09-11,0.750552773475647,0.7689059972763062,0.7721880078315735,0.7576559782028198,577024000
2009-09-14,0.7565075755119324,0.7579690217971802,0.7754690051078796,0.7573440074920654,530265600
2009-09-15,0.7615454196929932,0.7739059925079346,0.7848439812660217,0.7707809805870056,651955200
2009-09-16,0.7838366031646729,0.7857810258865356,0.8045309782028198,0.7807809710502625,640851200
2009-09-17,0.7832260131835938,0.7985939979553223,0.8114060163497925,0.794530987739563,708736000
2009-09-18,0.7870424389839172,0.8092190027236938,0.8109380006790161,0.7962499856948853,465196800
2009-09-21,0.7904008626937866,0.7965630292892456,0.8140630125999451,0.793749988079071,515968000
2009-09-22,0.7937602996826172,0.8187500238418579,0.8192189931869507,0.8065630197525024,544307200
2009-09-23,0.785515308380127,0.8190630078315735,0.8323439955711365,0.8020309805870056,875520000
2009-09-24,0.7720798850059509,0.8110939860343933,0.8139060139656067,0.7792189717292786,662336000
2009-09-25,0.7586444020271301,0.7793750166893005,0.7906249761581421,0.7723439931869507,590489600
2009-09-28,0.7842941284179688,0.7848439812660217,0.8118749856948853,0.7832810282707214,446092800
2009-09-29,0.7777295708656311,0.802344024181366,0.8109380006790161,0.7885940074920654,533849600
2009-09-30,0.7781866788864136,0.8020309805870056,0.8098440170288086,0.7723439931869507,874406400
2009-10-01,0.7328425645828247,0.7910940051078796,0.7921879887580872,0.75,764659200
2009-10-02,0.7278045415878296,0.739687979221344,0.7582809925079346,0.7392190098762512,680972800
2009-10-05,0.7398661375045776,0.7528129816055298,0.7640630006790161,0.7434380054473877,556038400
2009-10-06,0.7655155658721924,0.7649999856948853,0.7909380197525024,0.7648440003395081,782726400
2009-10-07,0.7699429988861084,0.7818750143051147,0.7889059782028198,0.7779690027236938,514700800
2009-10-08,0.7769656181335449,0.7976559996604919,0.8092190027236938,0.7917190194129944,578201600
2009-10-09,0.7849047780036926,0.791405975818634,0.8067190051078796,0.7885940074920654,382720000
2009-10-12,0.7887222766876221,0.8107810020446777,0.8189060091972351,0.796875,377670400
2009-10-13,0.7885688543319702,0.8059380054473877,0.8140630125999451,0.800000011920929,437312000
2009-10-14,0.8102493286132812,0.8274999856948853,0.8317189812660217,0.8184379935264587,567334400
2009-10-15,0.8073481321334839,0.8203129768371582,0.8284379839897156,0.8185939788818359,500947200
2009-10-16,0.7969661355018616,0.8204690217971802,0.8229690194129944,0.8040630221366882,632384000
2009-10-19,0.8116229772567749,0.8167189955711365,0.8331249952316284,0.8081250190734863,553945600
2009-10-20,0.8125395178794861,0.8404690027236938,0.8409379720687866,0.8214060068130493,606630400
2009-10-21,0.8093327283859253,0.8309379816055298,0.8543750047683716,0.8256250023841858,752947200
2009-10-22,0.8165086507797241,0.825780987739563,0.8418750166893005,0.8153129816055298,638124800
2009-10-23,0.809943437576294,0.8500000238418579,0.8514059782028198,0.8239060044288635,797702400
2009-10-26,0.8041421175003052,0.8293750286102295,0.8523439764976501,0.8153129816055298,875782400
2009-10-27,0.7803248167037964,0.820937991142273,0.8273440003395081,0.7920309901237488,1075820800
2009-10-28,0.7447515726089478,0.7921879887580872,0.7967190146446228,0.7589060068130493,975084800
2009-10-29,0.7693321704864502,0.7721880078315735,0.7912499904632568,0.7676560282707214,686060800
2009-10-30,0.7282625436782837,0.786562979221344,0.7900000214576721,0.7440630197525024,1137433600
2009-11-02,0.7340639233589172,0.7470309734344482,0.7674999833106995,0.7339059710502625,1087539200
2009-11-03,0.7391018867492676,0.7457810044288635,0.758437991142273,0.7409380078315735,779769600
2009-11-04,0.741544783115387,0.7646880149841309,0.7784379720687866,0.7570310235023499,772992000
2009-11-05,0.7774236798286438,0.7760940194129944,0.7981250286102295,0.7751560211181641,564224000
2009-11-06,0.7870424389839172,0.7890629768371582,0.8073440194129944,0.7860940098762512,545548800
2009-11-09,0.8207835555076599,0.8173440098762512,0.8399999737739563,0.8162500262260437,539545600
2009-11-10,0.8233789205551147,0.8379690051078796,0.8495309948921204,0.8357809782028198,562867200
2009-11-11,0.8346774578094482,0.856249988079071,0.8642190098762512,0.8440629839897156,626726400
2009-11-12,0.8259750604629517,0.8559380173683167,0.8653129935264587,0.841405987739563,650150400
2009-11-13,0.8398680090904236,0.8500000238418579,0.8637499809265137,0.8446879982948303,488224000
2009-11-16,0.8569673895835876,0.8667190074920654,0.8843749761581421,0.8637499809265137,540908800
2009-11-17,0.8615480661392212,0.8720309734344482,0.8820310235023499,0.8681250214576721,521804800
2009-11-18,0.8526924848556519,0.8768749833106995,0.878125011920929,0.8606250286102295,541766400
2009-11-19,0.8252109289169312,0.8607810139656067,0.8610939979553223,0.832813024520874,722201600
2009-11-20,0.8180359601974487,0.8354690074920654,0.8404690027236938,0.8299999833106995,402931200
2009-11-23,0.8427687287330627,0.852187991142273,0.8717190027236938,0.852187991142273,552499200
2009-11-24,0.8374249935150146,0.862500011920929,0.8631250262260437,0.8470309972763062,463801600
2009-11-25,0.8444483876228333,0.8626559972763062,0.8659380078315735,0.8578130006790161,264486400
2009-11-27,0.8192570805549622,0.817969024181366,0.8506249785423279,0.814844012260437,394336000
2009-11-30,0.8201729655265808,0.8342189788818359,0.8424999713897705,0.8232809901237488,459718400
2009-12-01,0.8375784754753113,0.8526560068130493,0.8685939908027649,0.852187991142273,465657600
2009-12-02,0.8404784798622131,0.8629689812660217,0.8759379982948303,0.8565629720687866,475456000
2009-12-03,0.8336083292961121,0.8668749928474426,0.8764060139656067,0.852187991142273,494963200
2009-12-04,0.841853141784668,0.8745309710502625,0.885155975818634,0.84375,768160000
2009-12-07,0.8336083292961121,0.8600000143051147,0.8679689764976501,0.8498439788818359,384108800
2009-12-08,0.8233789205551147,0.8443750143051147,0.8567190170288086,0.8289059996604919,519616000
2009-12-09,0.8398680090904236,0.841405987739563,0.8614060282707214,0.8306249976158142,546700800
2009-12-10,0.8484176993370056,0.8662499785423279,0.8778129816055298,0.8662499785423279,416896000
2009-12-11,0.8423106074333191,0.877344012260437,0.8795310258865356,0.8550000190734863,403827200
2009-12-14,0.8577315211296082,0.8734380006790161,0.8799999952316284,0.864063024520874,308512000
2009-12-15,0.8487235307693481,0.872655987739563,0.8826559782028198,0.8631250262260437,294547200
2009-12-16,0.8510137796401978,0.875,0.8837500214576721,0.8676559925079346,326617600
2009-12-17,0.8305549621582031,0.8632810115814209,0.8645309805870056,0.8471879959106445,382662400
2009-12-18,0.8565101623535156,0.864844024181366,0.877344012260437,0.859375,371008000
2009-12-21,0.8763574361801147,0.8853129744529724,0.903124988079071,0.8853129744529724,373286400
2009-12-22,0.8867394328117371,0.9018750190734864,0.9112499952316284,0.8998439908027649,303424000
2009-12-23,0.8992592096328735,0.9112499952316284,0.9209380149841307,0.9064059853553772,303033600
2009-12-24,0.9157482981681824,0.9234380125999452,0.9375,0.9225000143051147,163264000
2009-12-28,0.9249087572097778,0.9415630102157592,0.9503129720687866,0.9357810020446776,257932800
2009-12-29,0.917732834815979,0.947031021118164,0.9487500190734864,0.9381250143051147,185433600
2009-12-30,0.9230768084526062,0.9375,0.9484379887580872,0.936719000339508,328441600
2009-12-31,0.9081138968467712,0.9484379887580872,0.9493749737739564,0.9251559972763062,245497600
2010-01-04,0.9323896169662476,0.9504690170288086,0.9570310115814208,0.9485939741134644,328230400
2010-01-05,0.9330002069473268,0.9540629982948304,0.9582809805870056,0.94453102350235,325196800
2010-01-06,0.9227709770202636,0.953905999660492,0.9603130221366882,0.940625011920929,440864000
2010-01-07,0.9229232668876648,0.9456250071525574,0.9482809901237488,0.9342190027236938,328576000
2010-01-08,0.9378859996795654,0.9393749833106996,0.96015602350235,0.9350000023841858,322451200
2010-01-11,0.9310157299041748,0.962656021118164,0.9640629887580872,0.9424999952316284,412710400
2010-01-12,0.9078091979026794,0.9404690265655518,0.9432809948921204,0.9182810187339784,566784000
2010-01-13,0.929488718509674,0.934374988079071,0.9570310115814208,0.9214059710502625,566483200
2010-01-14,0.9307098984718324,0.9471880197525024,0.9582809805870056,0.94609397649765,367180800
2010-01-15,0.9099460244178772,0.9556249976158142,0.9595310091972352,0.9231250286102296,603424000
2010-01-19,0.9384968876838684,0.9348440170288086,0.962499976158142,0.9345309734344482,341350400
2010-01-20,0.9122363328933716,0.9473440051078796,0.9479690194129944,0.913124978542328,603532800
2010-01-21,0.8943737149238586,0.9385939836502076,0.950780987739563,0.9081249833106996,999916800
2010-01-22,0.8429213762283325,0.9096879959106444,0.9151560068130492,0.8575000166893005,964006400
2010-01-25,0.847806990146637,0.8712499737739563,0.8790630102157593,0.8604689836502075,584448000
2010-01-26,0.8496390581130981,0.8668749928474426,0.8904690146446228,0.8578130006790161,503206400
2010-01-27,0.8623114228248596,0.8668749928474426,0.8885939717292786,0.8557810187339783,632224000
2010-01-28,0.8192570805549622,0.8712499737739563,0.8728129863739014,0.8285940289497375,932531200
2010-01-29,0.7899437546730042,0.8503130078315735,0.8556249737739563,0.802187979221344,986380800
2010-02-01,0.8064326047897339,0.8128129839897156,0.8267189860343933,0.8118749856948853,573958400
2010-02-02,0.8212419152259827,0.8282809853553772,0.8456249833106995,0.817188024520874,474022400
2010-02-03,0.8307072520256042,0.8329690098762512,0.8532810211181641,0.8317189812660217,507424000
2010-02-04,0.7835307717323303,0.8379690051078796,0.8410940170288086,0.8010939955711365,839059200
2010-02-05,0.7946760058403015,0.8059380054473877,0.8154690265655518,0.7820309996604919,1072064000
2010-02-08,0.7845997214317322,0.8125,0.8218749761581421,0.8014060258865356,682425600
2010-02-09,0.8007828593254089,0.8214060068130493,0.8339059948921204,0.8059380054473877,816217600
2010-02-10,0.79742431640625,0.8195310235023499,0.8268749713897705,0.8054689764976501,485977600
2010-02-11,0.8207835555076599,0.8159379959106445,0.8445309996604919,0.8059380054473877,557747200
2010-02-12,0.8247536420822144,0.8251559734344482,0.8481249809265137,0.8217189908027649,661081600
2010-02-16,0.8455175161361694,0.8553130030632019,0.8664060235023499,0.8470309972763062,337004800
2010-02-17,0.854524552822113,0.8725000023841858,0.8748440146446228,0.8628129959106445,354073600
2010-02-18,0.865517258644104,0.8735939860343933,0.8890630006790161,0.8703129887580872,313619200
2010-02-19,0.8644493818283081,0.8829690217971802,0.893750011920929,0.8767189979553223,400153600
2010-02-22,0.860785186290741,0.8926560282707214,0.8928130269050598,0.875,348697600
2010-02-23,0.8389521837234497,0.879688024520874,0.8814060091972351,0.8504689931869507,473395200
2010-02-24,0.8554412126541138,0.8673440217971802,0.8829690217971802,0.864687979221344,398432000
2010-02-25,0.8572732210159302,0.857030987739563,0.8793749809265137,0.8454689979553223,528851200
2010-02-26,0.8623114228248596,0.8753129839897156,0.8856250047683716,0.8675000071525574,403936000
2010-03-01,0.8865871429443359,0.8890630006790161,0.9107810258865356,0.8890630006790161,348070400
2010-03-02,0.8919307589530945,0.91328102350235,0.9248440265655518,0.9092190265655518,506035200
2010-03-03,0.8940678238868713,0.9175000190734864,0.9237499833106996,0.9082810282707214,345363200
2010-03-04,0.8997166156768799,0.9167190194129944,0.9231250286102296,0.907030999660492,292128000
2010-03-05,0.926282525062561,0.9356250166893004,0.951563000679016,0.9309380054473876,413708800
2010-03-08,0.9305574893951416,0.9496880173683168,0.9567189812660216,0.9489060044288636,282956800
2010-03-09,0.9432299733161926,0.9467189908027648,0.973438024520874,0.9467189908027648,471680000
2010-03-10,0.9560545682907104,0.9635940194129944,0.9829689860343932,0.9634379744529724,436076800
2010-03-11,0.9629247188568116,0.9745309948921204,0.9857810139656068,0.9706249833106996,371385600
2010-03-12,0.9642985463142396,0.9925000071525574,0.9925000071525574,0.9784380197525024,391430400
2010-03-15,0.960329532623291,0.9818750023841858,0.9868749976158142,0.967969000339508,318368000
2010-03-16,0.9720852375030518,0.9871879816055298,0.9967190027236938,0.981249988079071,357785600
2010-03-17,0.9755972027778624,0.9962499737739564,1.0087499618530271,0.993125021457672,386912000
2010-03-18,0.9824671149253844,1.0010939836502075,1.0078129768371582,0.9962499737739564,339347200
2010-03-19,0.971168577671051,0.993906021118164,1.0129690170288086,0.9865630269050598,445228800
2010-03-22,0.9885740876197816,0.9859380125999452,1.019531011581421,0.9837499856948853,368710400
2010-03-23,1.0027726888656616,1.015625,1.0271879434585571,1.0053130388259888,371296000
2010-03-24,0.993153989315033,1.021875023841858,1.0220309495925903,1.0112500190734863,317388800
2010-03-25,0.9888792037963868,1.0323439836502075,1.040156006813049,1.010938048362732,499904000
2010-03-26,0.9923908114433287,1.0207810401916504,1.0285940170288086,1.003906011581421,408416000
2010-03-29,1.001246452331543,1.024999976158142,1.0317189693450928,1.0192190408706665,274681600
2010-03-30,1.00765860080719,1.029688000679016,1.0378129482269287,1.0175000429153442,277843200
2010-03-31,0.9991088509559632,1.024219036102295,1.0331250429153442,1.0173439979553225,349491200
2010-04-01,0.9981933236122132,1.0292190313339231,1.0440629720687866,1.0054689645767212,415923200
2010-04-05,1.015903353691101,1.0253130197525024,1.0446879863739014,1.0204689502716064,266483200
2010-04-06,1.0215517282485962,1.034999966621399,1.0521880388259888,1.0307810306549072,311129600
2010-04-07,1.017735719680786,1.0435940027236938,1.0512499809265137,1.029844045639038,550726400
2010-04-08,1.020635724067688,1.0353130102157593,1.0487500429153442,1.024062991142273,359904000
2010-04-09,1.0333079099655151,1.046875,1.058593988418579,1.0410939455032349,287219200
2010-04-12,1.0348351001739502,1.0592190027236938,1.0651559829711914,1.0543750524520874,269728000
2010-04-13,1.0455222129821775,1.0571880340576172,1.0715630054473877,1.050781011581421,307072000
2010-04-14,1.0707130432128906,1.080625057220459,1.096094012260437,1.078281044960022,381024000
2010-04-15,1.0800271034240725,1.0943750143051147,1.1081249713897705,1.0940630435943604,393657600
2010-04-16,1.0545300245285034,1.097656011581421,1.1050000190734863,1.064687967300415,999302400
2010-04-19,1.0526981353759766,1.071406006813049,1.084375023841858,1.0514060258865356,598419200
2010-04-20,1.0636903047561646,1.0889060497283936,1.093593955039978,1.0745309591293335,424723200
2010-04-21,1.0755987167358398,1.102344036102295,1.1076560020446775,1.0873440504074097,548140800
2010-04-22,1.086897373199463,1.0796879529953003,1.1146880388259888,1.0670310258865356,721132800
2010-04-23,1.0962103605270386,1.1124999523162842,1.1240630149841309,1.1035939455032349,537888000
2010-04-26,1.0908664464950562,1.122655987739563,1.1279690265655518,1.1126559972763062,439411200
2010-04-27,1.045980453491211,1.1085939407348633,1.1176559925079346,1.0640629529953003,973030400
2010-04-28,1.046895980834961,1.0812499523162842,1.0821880102157593,1.0540629625320437,747993600
2010-04-29,1.0821640491485596,1.0814059972763062,1.1121879816055298,1.0814059972763062,405158400
2010-04-30,1.0412468910217283,1.1065629720687866,1.1109379529953003,1.062656044960022,484979200
2010-05-03,1.069186806678772,1.0728130340576172,1.1045310497283936,1.0726560354232788,361849600
2010-05-04,1.0046049356460571,1.066406011581421,1.0674999952316284,1.013280987739563,715129600
2010-05-05,0.9948338270187378,1.0087499618530271,1.031093955039978,0.9950000047683716,731417600
2010-05-06,0.9290302991867064,1.0059380531311035,1.0237499475479126,0.7521880269050598,1123078400
2010-05-07,0.8842966556549072,0.9353129863739014,0.9589059948921204,0.8642190098762512,1490803200
2010-05-10,0.9725435376167296,0.9817190170288086,0.997655987739563,0.9778130054473876,589920000
2010-05-11,0.9714747071266174,0.97734397649765,1.021875023841858,0.9725000262260436,573747200
2010-05-12,1.00765860080719,1.0042190551757812,1.0331250429153442,1.0012500286102295,476441600
2010-05-13,0.9762077927589417,1.0231250524520874,1.0390629768371582,0.9942190051078796,530073600
2010-05-14,0.939565658569336,0.984375,0.985155999660492,0.9378129839897156,768224000
2010-05-17,0.94536691904068,0.9654690027236938,0.9745309948921204,0.9254689812660216,538035200
2010-05-18,0.9192590117454528,0.9826560020446776,0.9870309829711914,0.9315630197525024,705484800
2010-05-19,0.9030758142471312,0.9331250190734864,0.9481250047683716,0.9042189717292786,779827200
2010-05-20,0.8378832340240479,0.8892189860343933,0.8934379816055298,0.8523439764976501,1186252800
2010-05-21,0.855135440826416,0.8289059996604919,0.8873440027236938,0.8228129744529724,1011052800
2010-05-24,0.8473496437072754,0.8739060163497925,0.893750011920929,0.8671879768371582,668179200
2010-05-25,0.8493340611457825,0.8299999833106995,0.8717190027236938,0.8125,869248000
2010-05-26,0.8287226557731628,0.8807809948921204,0.9029690027236938,0.846875011920929,659609600
2010-05-27,0.8937631249427795,0.8879690170288086,0.91484397649765,0.8842189908027649,600940800
2010-05-28,0.8823121190071106,0.9170309901237488,0.9185940027236938,0.887499988079071,505446400
2010-06-01,0.8653648495674133,0.8976560235023499,0.9290630221366882,0.8843749761581421,613779200
2010-06-02,0.9078091979026794,0.8970310091972351,0.9296879768371582,0.8848440051078796,454592000
2010-06-03,0.9238398671150208,0.9337499737739564,0.9498440027236938,0.921875,489971200
2010-06-04,0.8630743622779846,0.9067190289497375,0.9301559925079346,0.875,932800000
2010-06-07,0.8308607339859009,0.8909379839897156,0.8956249952316284,0.8471879959106445,568774400
2010-06-08,0.8273490071296692,0.8529689908027649,0.8573439717292786,0.8232809901237488,793881600
2010-06-09,0.812691867351532,0.8576560020446777,0.8737499713897705,0.8267189860343933,502067200
2010-06-10,0.8589528799057007,0.8529689908027649,0.8809379935264587,0.8476560115814209,377747200
2010-06-11,0.8749836683273315,0.8623440265655518,0.8976560235023499,0.8618749976158142,392499200
2010-06-14,0.8751361966133118,0.912500023841858,0.925000011920929,0.892969012260437,416998400
2010-06-15,0.921701967716217,0.9048439860343932,0.945937991142273,0.9034379720687866,344870400
2010-06-16,0.9305574893951416,0.938280999660492,0.9606249928474426,0.9350000023841858,455020800
2010-06-17,0.935901403427124,0.96171897649765,0.9628130197525024,0.9409379959106444,422809600
2010-06-18,0.9384968876838684,0.9620310068130492,0.9726560115814208,0.9534379839897156,312044800
2010-06-21,0.9249087572097778,0.9832810163497924,0.9865630269050598,0.9315630197525024,515155200
2010-06-22,0.9067401885986328,0.9506250023841858,0.9645310044288636,0.9245309829711914,460352000
2010-06-23,0.9003274440765381,0.9301559925079346,0.9370309710502625,0.9057809710502625,485587200
2010-06-24,0.8722350001335144,0.9121879935264589,0.9181249737739564,0.8862500190734863,555456000
2010-06-25,0.8687243461608887,0.8982809782028198,0.904688000679016,0.8765630125999451,475219200
2010-06-28,0.8633802533149719,0.8899999856948853,0.8999999761581421,0.8710939884185791,369177600
2010-06-29,0.7968138456344604,0.856249988079071,0.8571879863739014,0.8029689788818359,779296000
2010-06-30,0.7725380063056946,0.8100000023841858,0.825780987739563,0.786719024181366,528710400
2010-07-01,0.7679583430290222,0.7943750023841858,0.7987499833106995,0.755312979221344,787232000
2010-07-02,0.7635301351547241,0.7881249785423279,0.7960940003395081,0.7668750286102295,488972800
2010-07-06,0.7675001621246338,0.8037499785423279,0.8137500286102295,0.7724999785423279,528659200
2010-07-07,0.816203773021698,0.7907810211181641,0.8373439908027649,0.7892190217971802,507372800
2010-07-08,0.8247536420822144,0.8487499952316284,0.8517190217971802,0.824999988079071,404166400
2010-07-09,0.8412426114082336,0.8443750143051147,0.8610939979553223,0.8403130173683167,346713600
2010-07-12,0.8458223938941956,0.8595309853553772,0.8765630125999451,0.8545309901237488,376147200
2010-07-13,0.866586446762085,0.880469024181366,0.8949999809265137,0.8679689764976501,490700800
2010-07-14,0.876663327217102,0.8917189836502075,0.907030999660492,0.8843749761581421,426745600
2010-07-15,0.8788003325462341,0.8931249976158142,0.903905987739563,0.8746880292892456,472128000
2010-07-16,0.8304023146629333,0.8918750286102295,0.8946880102157593,0.8475000262260437,554016000
2010-07-19,0.8438377380371094,0.8545309901237488,0.8668749928474426,0.8398439884185791,374937600
2010-07-20,0.863227903842926,0.8348439931869507,0.8842189908027649,0.8301560282707214,453990400
2010-07-21,0.8407843112945557,0.9035940170288086,0.9037500023841858,0.857030987739563,551955200
2010-07-22,0.882922887802124,0.8845310211181641,0.911719024181366,0.8831250071525574,441241600
2010-07-23,0.8942201137542725,0.8920310139656067,0.916405975818634,0.888280987739563,457235200
2010-07-26,0.9081138968467712,0.9182810187339784,0.9309380054473876,0.9090629816055298,417894400
2010-07-27,0.9075031280517578,0.9396880269050598,0.9412500262260436,0.921094000339508,385216000
2010-07-28,0.8936097025871277,0.927344024181366,0.9357810020446776,0.9078130125999452,337273600
2010-07-29,0.8801739811897278,0.924219012260437,0.9285939931869508,0.8828129768371582,471974400
2010-07-30,0.884602427482605,0.887499988079071,0.9160940051078796,0.8757809996604919,494995200
2010-08-02,0.9169695377349854,0.9275000095367432,0.9434379935264589,0.9206249713897704,276499200
2010-08-03,0.9097935557365416,0.9368749856948853,0.9399999976158142,0.921875,295987200
2010-08-04,0.9282671213150024,0.9395310282707214,0.951563000679016,0.9317190051078796,324870400
2010-08-05,0.9238398671150208,0.9407809972763062,0.9485939741134644,0.9328129887580872,214611200
2010-08-06,0.9207865595817566,0.924219012260437,0.945937991142273,0.9135940074920654,395404800
2010-08-09,0.9325419664382936,0.9518749713897704,0.959375023841858,0.9434379935264589,227161600
2010-08-10,0.9180377125740052,0.9401559829711914,0.9493749737739564,0.922655999660492,435065600
2010-08-11,0.8671968579292297,0.9079689979553224,0.9079689979553224,0.8795310258865356,441561600
2010-08-12,0.8525400757789612,0.8540629744529724,0.880469024181366,0.8496879935264587,439008000
2010-08-13,0.8406317830085754,0.8668749928474426,0.8735939860343933,0.8603129982948303,275264000
2010-08-16,0.8438377380371094,0.8512499928474426,0.8754690289497375,0.8443750143051147,314867200
2010-08-17,0.8652123212814331,0.8757809996604919,0.9012500047683716,0.872655987739563,326419200
2010-08-18,0.871624231338501,0.8828129768371582,0.903124988079071,0.8753129839897156,334668800
2010-08-19,0.8455175161361694,0.8821880221366882,0.8889060020446777,0.8535940051078796,435212800
2010-08-20,0.847654402256012,0.8626559972763062,0.8717190027236938,0.8531249761581421,342144000
2010-08-23,0.8310129642486572,0.8801559805870056,0.8839060068130493,0.8503130078315735,343635200
2010-08-24,0.8009363412857056,0.8326560258865356,0.8370310068130493,0.8120309710502625,515264000
2010-08-25,0.8151348829269409,0.8076559901237488,0.8418750166893005,0.8048440217971802,487040000
2010-08-26,0.796355664730072,0.8410940170288086,0.8442190289497375,0.8129690289497375,465657600
2010-08-27,0.8163564205169678,0.8268749713897705,0.8379690051078796,0.7932810187339783,565452800
2010-08-30,0.7986459136009216,0.8270310163497925,0.8412500023841858,0.8168749809265137,343564800
2010-08-31,0.7942184805870056,0.8085939884185791,0.825780987739563,0.8012499809265137,620857600
2010-09-01,0.8397154211997986,0.8349999785423279,0.8653129935264587,0.8342189788818359,467296000
2010-09-02,0.859257698059082,0.8626559972763062,0.879688024520874,0.8584380149841309,312345600
2010-09-03,0.888571560382843,0.8973439931869507,0.909375011920929,0.8904690146446228,395308800
2010-09-07,0.8754419684410095,0.900780975818634,0.9087499976158142,0.892969012260437,337491200
2010-09-08,0.8962056636810303,0.9012500047683716,0.9251559972763062,0.9006249904632568,337536000
2010-09-09,0.9029232859611512,0.9339060187339784,0.9353129863739014,0.920313000679016,295078400
2010-09-10,0.9094879627227784,0.9268749952316284,0.9337499737739564,0.9176560044288636,242131200
2010-09-13,0.9355956315994264,0.94609397649765,0.96171897649765,0.9451559782028198,272281600
2010-09-14,0.9430763721466064,0.9546880125999452,0.975000023841858,0.9503129720687866,358387200
2010-09-15,0.9551379680633544,0.9604690074920654,0.9792190194129944,0.9545310139656068,304512000
2010-09-16,0.9624666571617126,0.9746879935264589,0.9865630269050598,0.96875,286163200
2010-09-17,0.9687259197235109,0.9978129863739014,0.9981250166893004,0.9821879863739014,450144000
2010-09-20,1.002468228340149,0.999219000339508,1.0303130149841309,0.9970309734344482,360742400
2010-09-21,1.0001777410507202,1.0268750190734863,1.040624976158142,1.0175000429153442,645292800
2010-09-22,0.9968186020851136,1.0175000429153442,1.0343749523162842,1.009374976158142,479168000
2010-09-23,0.9960549473762512,1.0076559782028198,1.040156006813049,1.0053130388259888,544032000
2010-09-24,1.036209225654602,1.043125033378601,1.0621880292892456,1.039844036102295,392294400
2010-09-27,1.0255210399627686,1.0604690313339231,1.064844012260437,1.0481250286102295,381331200
2010-09-28,1.0270484685897827,1.0548440217971802,1.0559380054473877,1.015781044960022,636076800
2010-09-29,1.021093726158142,1.045469045639038,1.055312991142273,1.0378129482269287,341593600
2010-09-30,1.0120859146118164,1.0567189455032349,1.068750023841858,1.022343993186951,517926400
2010-10-01,1.0099488496780396,1.0528130531311035,1.055469036102295,1.0239059925079346,369107200
2010-10-04,0.9878109693527222,1.027343988418579,1.0346879959106443,0.9993749856948853,388454400
2010-10-05,1.0352928638458252,1.0340629816055298,1.063905954360962,1.0325000286102295,366233600
2010-10-06,1.0188034772872925,1.0573439598083496,1.0620310306549072,1.0284379720687866,479635200
2010-10-07,1.0244532823562622,1.0542190074920654,1.0549999475479126,1.0320310592651367,370163200
2010-10-08,1.036971926689148,1.050624966621399,1.068750023841858,1.0357810258865356,446214400
2010-10-11,1.0400255918502808,1.0645309686660769,1.0750000476837158,1.0581250190734863,250835200
2010-10-12,1.0552929639816284,1.0612499713897705,1.0834380388259888,1.042968988418579,415667200
2010-10-13,1.071629762649536,1.091405987739563,1.1065629720687866,1.0860940217971802,349728000
2010-10-14,1.067507266998291,1.097656011581421,1.1017190217971802,1.0814059972763062,357203200
2010-10-15,1.112546682357788,1.1195310354232788,1.1385940313339231,1.1015629768371582,483948800
2010-10-18,1.1093409061431885,1.1399999856948853,1.1484379768371582,1.131250023841858,383520000
2010-10-19,1.0829273462295532,1.1082810163497925,1.127344012260437,1.091405987739563,562809600
2010-10-20,1.0988054275512695,1.115468978881836,1.1414060592651367,1.1112500429153442,411257600
2010-10-21,1.1032339334487915,1.139063000679016,1.1481250524520874,1.1074999570846558,427968000
2010-10-22,1.1185011863708496,1.1301560401916504,1.1470309495925903,1.1260939836502075,251724800
2010-10-25,1.1276620626449585,1.1534379720687866,1.1706249713897705,1.1534379720687866,336550400
2010-10-26,1.134379744529724,1.1432809829711914,1.1670310497283936,1.1346880197525024,317593600
2010-10-27,1.1424708366394043,1.150156021118164,1.1706249713897705,1.1457810401916504,347468800
2010-10-28,1.146898627281189,1.1787500381469729,1.180312991142273,1.153905987739563,349484800
2010-10-29,1.143081545829773,1.1725000143051147,1.1821880340576172,1.167968988418579,281113600
2010-11-01,1.143386960029602,1.1775000095367432,1.1940629482269287,1.1596879959106443,355564800
2010-11-02,1.1673576831817627,1.190000057220459,1.201719045639038,1.186094045639038,269388800
2010-11-03,1.1788073778152466,1.1978130340576172,1.207031011581421,1.1760940551757812,482003200
2010-11-04,1.206594944000244,1.2334380149841309,1.2445310354232788,1.228124976158142,448454400
2010-11-05,1.2068997621536257,1.236562967300415,1.2420309782028198,1.2285939455032349,332531200
2010-11-08,1.2099529504776,1.2312500476837158,1.2420309782028198,1.2253129482269287,171699200
2010-11-09,1.1946853399276731,1.2481249570846558,1.2526559829711914,1.2143750190734863,302252800
2010-11-10,1.1908690929412842,1.2287499904632568,1.2400000095367432,1.209218978881836,310252800
2010-11-11,1.1937706470489502,1.2000000476837158,1.2260940074920654,1.1890629529953003,301350400
2010-11-12,1.1536163091659546,1.2096879482269287,1.2192189693450928,1.1637500524520874,396966400
2010-11-15,1.1464402675628662,1.1939059495925903,1.1985939741134644,1.1721880435943604,227020800
2010-11-16,1.1079659461975098,1.1553130149841309,1.1696879863739014,1.1245310306549072,441824000
2010-11-17,1.1140730381011963,1.1354689598083496,1.1526559591293335,1.1298439502716064,332787200
2010-11-18,1.1497994661331177,1.1654690504074097,1.1931250095367432,1.1643749475479126,310598400
2010-11-19,1.1514790058135986,1.1739059686660769,1.1846879720687866,1.1645309925079346,284230400
2010-11-22,1.1716322898864746,1.1696879863739014,1.1990629434585571,1.165624976158142,387603200
2010-11-23,1.1349904537200928,1.1748440265655518,1.177968978881836,1.1475000381469729,390035200
2010-11-24,1.1797239780426023,1.183750033378601,1.2134380340576172,1.1825000047683716,253817600
2010-11-26,1.163845777511597,1.1931250095367432,1.2076560258865356,1.1870310306549072,118848000
2010-11-29,1.1633872985839844,1.1879689693450928,1.1971880197525024,1.1610939502716064,345734400
2010-11-30,1.1334631443023682,1.1649999618530271,1.1754690408706665,1.151563048362732,450963200
2010-12-01,1.1815558671951294,1.1957809925079346,1.2217190265655518,1.194218993186951,319737600
2010-12-02,1.2064427137374878,1.2134380340576172,1.238124966621399,1.2112499475479126,276473600
2010-12-03,1.2119390964508057,1.2240630388259888,1.243749976158142,1.2240630388259888,241017600
2010-12-06,1.2108697891235352,1.240625023841858,1.2445310354232788,1.2323440313339231,209593600
2010-12-07,1.2133125066757202,1.2689059972763062,1.2698440551757812,1.2384380102157593,341574400
2010-12-08,1.2227778434753418,1.2479690313339231,1.2534379959106443,1.231874942779541,271334400
2010-12-09,1.2238469123840332,1.2651560306549072,1.2671879529953003,1.2445310354232788,268787200
2010-12-10,1.2401834726333618,1.2596880197525024,1.271718978881836,1.2510939836502075,274688000
2010-12-13,1.2319384813308716,1.2793749570846558,1.2803130149841309,1.258906006813049,296960000
2010-12-14,1.2345348596572876,1.2660939693450928,1.274999976158142,1.257030963897705,254560000
2010-12-15,1.2249161005020142,1.2637499570846558,1.2790629863739014,1.247499942779541,233241600
2010-12-16,1.2423206567764282,1.2556250095367432,1.276563048362732,1.2495310306549072,231820800
2010-12-17,1.246138334274292,1.2759380340576172,1.282655954360962,1.2704689502716064,209881600
2010-12-20,1.2487332820892334,1.2792190313339231,1.2865630388259888,1.258906006813049,289990400
2010-12-21,1.261863112449646,1.287343978881836,1.2920310497283936,1.2804689407348633,141920000
2010-12-22,1.2630844116210938,1.2910939455032349,1.2957810163497925,1.287500023841858,129344000
2010-12-23,1.256366729736328,1.2870310544967651,1.2914060354232788,1.2795310020446775,136089600
2010-12-27,1.2565199136734009,1.2804689407348633,1.290781021118164,1.2604689598083496,159072000
2010-12-28,1.252855658531189,1.2915630340576172,1.2940629720687866,1.2760939598083496,108262400
2010-12-29,1.257893681526184,1.2890629768371582,1.2923439741134644,1.2848440408706665,81356800
2010-12-30,1.2514809370040894,1.2878129482269287,1.2878129482269287,1.276563048362732,109811200
2010-12-31,1.2432371377944946,1.2781250476837158,1.2792190313339231,1.2603130340576172,111283200
2011-01-03,1.2814055681228638,1.2956249713897705,1.329063057899475,1.295313000679016,231584000
2011-01-04,1.2791157960891724,1.3217190504074097,1.3228130340576172,1.2932809591293335,282304000
2011-01-05,1.3014063835144043,1.3021880388259888,1.3323440551757812,1.3003129959106443,259660800
2011-01-06,1.309345245361328,1.3345309495925903,1.342344045639038,1.329063057899475,214099200
2011-01-07,1.3076658248901367,1.344688057899475,1.345937967300415,1.3120310306549072,232908800
2011-01-10,1.316368818283081,1.3309379816055298,1.352187991142273,1.324218988418579,214297600
2011-01-11,1.3198797702789309,1.3589060306549072,1.3612500429153442,1.3417190313339231,201600000
2011-01-12,1.3385066986083984,1.3642189502716064,1.3709379434585571,1.3534380197525024,180627200
2011-01-13,1.341560125350952,1.3721879720687866,1.378906011581421,1.3639060258865356,200313600
2011-01-14,1.3607968091964722,1.372499942779541,1.3932809829711914,1.3659379482269287,199692800
2011-01-18,1.3681252002716064,1.368906021118164,1.4034379720687866,1.3673440217971802,229184000
2011-01-19,1.337437868118286,1.403905987739563,1.4053130149841309,1.3587499856948853,280384000
2011-01-20,1.3165212869644165,1.3567190170288086,1.3609379529953003,1.327968955039978,308268800
2011-01-21,1.296826720237732,1.3621879816055298,1.3665629625320437,1.3264060020446775,219827200
2011-01-24,1.3333152532577517,1.3314059972763062,1.3650000095367432,1.328125,240300800
2011-01-25,1.3362160921096802,1.3514059782028198,1.3692189455032349,1.3454689979553225,267814400
2011-01-26,1.3517892360687256,1.373438000679016,1.3903130292892456,1.3643749952316284,258854400
2011-01-27,1.3679726123809814,1.391563057899475,1.4078129529953003,1.3873440027236938,253420800
2011-01-28,1.298505187034607,1.3984379768371582,1.401563048362732,1.316406011581421,471219200
2011-01-31,1.3114832639694214,1.3324999809265137,1.3492189645767212,1.312656044960022,261798400
2011-02-01,1.3597290515899658,1.3610939979553225,1.3982809782028198,1.3590630292892456,277062400
2011-02-02,1.3554539680480957,1.3854689598083496,1.397655963897705,1.381718993186951,237203200
2011-02-03,1.3594226837158203,1.3823440074920654,1.3959380388259888,1.360313057899475,224467200
2011-02-04,1.3759115934371948,1.393125057220459,1.4095309972763062,1.3848439455032349,207417600
2011-02-07,1.3891948461532593,1.413280963897705,1.4364060163497925,1.4090629816055298,230598400
2011-02-08,1.4088900089263916,1.4212499856948853,1.4418749809265137,1.4167189598083496,187001600
2011-02-09,1.40263032913208,1.4343750476837158,1.4440629482269287,1.425781011581421,212659200
2011-02-10,1.4076683521270752,1.417968988418579,1.4429689645767212,1.412968993186951,349913600
2011-02-11,1.4267524480819702,1.4309380054473877,1.4614059925079346,1.4267189502716064,282272000
2011-02-14,1.4336236715316772,1.4596879482269287,1.4706250429153442,1.457031011581421,137292800
2011-02-15,1.4301118850708008,1.4612499475479126,1.4659379720687866,1.449375033378601,176262400
2011-02-16,1.4490433931350708,1.469688057899475,1.4898439645767212,1.4693750143051147,256160000
2011-02-17,1.4478226900100708,1.467344045639038,1.486562967300415,1.4651559591293335,205248000
2011-02-18,1.441867709159851,1.4814059734344482,1.4860939979553225,1.4631249904632568,169043200
2011-02-22,1.3565216064453125,1.436094045639038,1.443750023841858,1.3842190504074097,346508800
2011-02-23,1.33453631401062,1.386875033378601,1.3978129625320437,1.3443750143051147,460089600
2011-02-24,1.3475146293640137,1.3717190027236938,1.388124942779541,1.3453129529953003,402124800
2011-02-25,1.3858354091644287,1.3949999809265137,1.4221880435943604,1.392969012260437,247705600
2011-02-28,1.3928592205047607,1.4298440217971802,1.4381250143051147,1.4078129529953003,274624000
2011-03-01,1.3484303951263428,1.434999942779541,1.4368749856948853,1.371250033378601,545312000
2011-03-02,1.3615608215332031,1.377344012260437,1.4110939502716064,1.3756250143051147,486470400
2011-03-03,1.4149967432022097,1.4190629720687866,1.4524999856948853,1.4190629720687866,271564800
2011-03-04,1.3994243144989014,1.4474999904632568,1.4479689598083496,1.4145309925079346,289286400
2011-03-07,1.3632395267486572,1.4443750381469729,1.446874976158142,1.368906021118164,308518400
2011-03-08,1.3734688758850098,1.3898439407348633,1.417968988418579,1.3737499713897705,315264000
2011-03-09,1.3542324304580688,1.3949999809265137,1.3982809782028198,1.3714059591293335,336588800
2011-03-10,1.3133152723312378,1.3550000190734863,1.3612500429153442,1.332031011581421,515859200
2011-03-11,1.3282774686813354,1.328125,1.3676559925079346,1.326563000679016,324524800
2011-03-14,1.3186581134796145,1.345155954360962,1.3648439645767212,1.329530954360962,322336000
2011-03-15,1.2827805280685425,1.2707810401916504,1.3274999856948853,1.2628129720687866,474329600
2011-03-16,1.2209457159042358,1.2899999618530271,1.3045309782028198,1.2303129434585571,709523200
2011-03-17,1.2421679496765137,1.287500023841858,1.2981250286102295,1.269531011581421,315584000
2011-03-18,1.2371299266815186,1.300781011581421,1.300781011581421,1.2637499570846558,273683200
2011-03-21,1.2824745178222656,1.303905963897705,1.3270310163497925,1.299375057220459,217376000
2011-03-22,1.2809479236602783,1.317188024520874,1.3190629482269287,1.3032809495925903,159833600
2011-03-23,1.2937724590301514,1.2996879816055298,1.3312499523162842,1.2823439836502075,208262400
2011-03-24,1.3427813053131104,1.3429689407348633,1.3765629529953003,1.3293750286102295,195564800
2011-03-25,1.3461397886276243,1.3795310258865356,1.3959380388259888,1.3739060163497925,219187200
2011-03-28,1.3301093578338623,1.3893749713897705,1.3901560306549072,1.3612500429153442,147897600
2011-03-29,1.3562170267105105,1.3564059734344482,1.3879690170288086,1.3481249809265137,122169600
2011-03-30,1.3695001602172852,1.4007810354232788,1.4059380292892456,1.3889060020446775,169632000
2011-03-31,1.3736213445663452,1.3970309495925903,1.408437967300415,1.3925000429153442,144960000
2011-04-01,1.3746905326843262,1.4207810163497925,1.428905963897705,1.399062991142273,171475200
2011-04-04,1.3664462566375732,1.4145309925079346,1.4176559448242188,1.385938048362732,168844800
2011-04-05,1.3580490350723269,1.3923439979553225,1.408594012260437,1.3849999904632568,168787200
2011-04-06,1.3646143674850464,1.4114060401916504,1.420313000679016,1.3809380531311035,207411200
2011-04-07,1.3640036582946775,1.3959380388259888,1.4137500524520874,1.3754689693450928,231155200
2011-04-08,1.3507206439971924,1.4082809686660769,1.4118750095367432,1.3671879768371582,157676800
2011-04-11,1.3417127132415771,1.3925000429153442,1.3987499475479126,1.3634380102157593,182732800
2011-04-12,1.3238497972488403,1.3609379529953003,1.3673440217971802,1.3434380292892456,247161600
2011-04-13,1.3456823825836182,1.3729690313339231,1.3837499618530271,1.3553129434585571,251180800
2011-04-14,1.339880347251892,1.3574999570846558,1.375156044960022,1.346250057220459,211500800
2011-04-15,1.335605502128601,1.3609379529953003,1.377344012260437,1.3489060401916504,192992000
2011-04-18,1.316368818283081,1.3401559591293335,1.3482810258865356,1.302968978881836,336262400
2011-04-19,1.333009958267212,1.3545310497283936,1.3642189502716064,1.3407809734344482,183955200
2011-04-20,1.392400860786438,1.4120310544967651,1.4282809495925903,1.408750057220459,226995200
2011-04-21,1.4145385026931765,1.4550000429153442,1.4550000429153442,1.439844012260437,168262400
2011-04-25,1.4226309061050415,1.4510940313339231,1.4574999809265137,1.4456249475479126,126009600
2011-04-26,1.437592387199402,1.4632810354232788,1.4823440313339231,1.456874966621399,147200000
2011-04-27,1.4577460289001465,1.477344036102295,1.4954689741134644,1.4642189741134644,159257600
2011-04-28,1.4540815353393557,1.4834380149841309,1.4918750524520874,1.4746880531311035,193920000
2011-04-29,1.4528603553771973,1.4824999570846558,1.4950000047683716,1.4795310497283936,131334400
2011-05-02,1.4466009140014648,1.490468978881836,1.498438000679016,1.4723440408706665,219321600
2011-05-03,1.4316381216049194,1.4785939455032349,1.480937957763672,1.4478130340576172,240217600
2011-05-04,1.4285846948623655,1.467188000679016,1.474843978881836,1.4364060163497925,283552000
2011-05-05,1.4113324880599976,1.447031021118164,1.4795310497283936,1.4353129863739014,299654400
2011-05-06,1.4223253726959229,1.4745310544967651,1.491093993186951,1.447031021118164,284672000
2011-05-09,1.4325544834136963,1.4589060544967651,1.4765629768371582,1.4481250047683716,155622400
2011-05-10,1.4560662508010864,1.4742189645767212,1.4943749904632568,1.4695310592651367,228844800
2011-05-11,1.4346919059753418,1.4859379529953003,1.496562957763672,1.4481250047683716,284064000
2011-05-12,1.4508755207061768,1.4573440551757812,1.4893749952316284,1.442188024520874,236800000
2011-05-13,1.417286992073059,1.4785939455032349,1.4835939407348633,1.449687957763672,263264000
2011-05-16,1.3679726123809814,1.4378130435943604,1.4456249475479126,1.3937499523162842,279456000
2011-05-17,1.3749960660934448,1.385938048362732,1.4089059829711914,1.3804689645767212,345625600
2011-05-18,1.3992713689804075,1.4043749570846558,1.436094045639038,1.4006249904632568,196480000
2011-05-19,1.406905174255371,1.4409379959106443,1.446094036102295,1.4226560592651367,259456000
2011-05-20,1.3855301141738892,1.436094045639038,1.439687967300415,1.4142190217971802,274259200
2011-05-23,1.3459874391555786,1.3803130388259888,1.3875000476837158,1.363281011581421,307392000
2011-05-24,1.328735589981079,1.3829690217971802,1.383437991142273,1.359218955039978,289401600
2011-05-25,1.3386590480804443,1.3551559448242188,1.382030963897705,1.3542189598083496,205920000
2011-05-26,1.3557586669921875,1.3614059686660769,1.3942190408706665,1.3609379529953003,232396800
2011-05-27,1.3690415620803833,1.3917189836502075,1.4032809734344482,1.3887499570846558,130086400
2011-05-31,1.411484956741333,1.4267189502716064,1.4450000524520874,1.412343978881836,182912000
2011-06-01,1.3507206439971924,1.438905954360962,1.4457809925079346,1.381250023841858,361216000
2011-06-02,1.3571325540542605,1.3878129720687866,1.3987499475479126,1.373594045639038,296288000
2011-06-03,1.3168258666992188,1.3571879863739014,1.3778129816055298,1.3432810306549072,244384000
2011-06-06,1.293925642967224,1.3415629863739014,1.3553129434585571,1.3240629434585571,275699200
2011-06-07,1.290261149406433,1.3321880102157593,1.342188000679016,1.318593978881836,183795200
2011-06-08,1.2707188129425049,1.314844012260437,1.318593978881836,1.2937500476837158,291296000
2011-06-09,1.274382710456848,1.3003129959106443,1.3176560401916504,1.2932809591293335,167129600
2011-06-10,1.2368241548538208,1.293437957763672,1.2987500429153442,1.263124942779541,212140800
2011-06-13,1.2349920272827148,1.2687499523162842,1.2785940170288086,1.256250023841858,286105600
2011-06-14,1.265985369682312,1.2840629816055298,1.303905963897705,1.283750057220459,162387200
2011-06-15,1.221556544303894,1.2735940217971802,1.2889059782028198,1.243906021118164,301126400
2011-06-16,1.2111743688583374,1.2506250143051147,1.258594036102295,1.2174999713897705,307782400
2011-06-17,1.2029308080673218,1.2615629434585571,1.2651560306549072,1.2242189645767212,244172800
2011-06-20,1.2146865129470823,1.2251559495925903,1.2517189979553225,1.2243750095367432,181664000
2011-06-21,1.2664437294006348,1.2531249523162842,1.2996879816055298,1.2423440217971802,245536000
2011-06-22,1.2494959831237793,1.2862499952316284,1.3009380102157593,1.277500033378601,193638400
2011-06-23,1.2727030515670776,1.251405954360962,1.3032809495925903,1.2426559925079346,350662400
2011-06-24,1.2282739877700806,1.2889059782028198,1.2920310497283936,1.252187967300415,237824000
2011-06-27,1.2681233882904053,1.2592190504074097,1.3095309734344482,1.2545310258865356,214291200
2011-06-28,1.304765701293945,1.3032809495925903,1.3360940217971802,1.299219012260437,187424000
2011-06-29,1.3162153959274292,1.3428130149841309,1.3518749475479126,1.3274999856948853,217228800
2011-06-30,1.3501099348068235,1.3564059734344482,1.3840630054473877,1.354688048362732,181779200
2011-07-01,1.391485333442688,1.384531021118164,1.4271880388259888,1.3760939836502075,223680000
2011-07-05,1.4046146869659424,1.4260940551757812,1.4404690265655518,1.4201560020446775,235436800
2011-07-06,1.412706732749939,1.4353129863739014,1.4518749713897705,1.4253129959106443,225888000
2011-07-07,1.4534709453582764,1.4684380292892456,1.4948439598083496,1.464843988418579,203776000
2011-07-08,1.4444630146026611,1.461719036102295,1.4785939455032349,1.4454690217971802,202688000
2011-07-11,1.3937745094299316,1.4473439455032349,1.4621880054473877,1.414844036102295,306022400
2011-07-12,1.3705679178237915,1.4249999523162842,1.4306249618530271,1.4007810354232788,287379200
2011-07-13,1.3824771642684937,1.4235939979553225,1.4434380531311035,1.4049999713897705,294278400
2011-07-14,1.3507206439971924,1.4231250286102295,1.4357810020446775,1.3718750476837158,309606400
2011-07-15,1.3862940073013306,1.412968993186951,1.4189059734344482,1.393125057220459,222656000
2011-07-18,1.3719427585601809,1.4043749570846558,1.4159380197525024,1.3765629529953003,257024000
2011-07-19,1.4346919059753418,1.4321880340576172,1.4706250429153442,1.430469036102295,157337600
2011-07-20,1.4212560653686523,1.4835939407348633,1.4850000143051147,1.4504690170288086,195539200
2011-07-21,1.4420201778411863,1.4581249952316284,1.4907809495925903,1.4424999952316284,167936000
2011-07-22,1.470723032951355,1.4735939502716064,1.509374976158142,1.471250057220459,166470400
2011-07-25,1.4656851291656494,1.4815629720687866,1.5153130292892456,1.475468993186951,201280000
2011-07-26,1.4708764553070068,1.496562957763672,1.5168750286102295,1.4909379482269287,184896000
2011-07-27,1.396522879600525,1.486719012260437,1.4889060258865356,1.4215630292892456,263609600
2011-07-28,1.4009506702423096,1.4292190074920654,1.4698439836502075,1.4190629720687866,285440000
2011-07-29,1.3910268545150757,1.4104690551757812,1.4537500143051147,1.3965630531311035,242419200
2011-08-01,1.3809497356414795,1.456874966621399,1.4642189741134644,1.3765629529953003,297760000
2011-08-02,1.3096511363983154,1.3984379768371582,1.4103130102157593,1.337031006813049,391955200
2011-08-03,1.3328578472137451,1.3442189693450928,1.368281006813049,1.2960939407348633,579257600
2011-08-04,1.2107172012329102,1.3260940313339231,1.330469012260437,1.239063024520874,667404800
2011-08-05,1.1943809986114502,1.266563057899475,1.277500033378601,1.153905987739563,1010163200
2011-08-08,1.0545300245285034,1.1485940217971802,1.1903129816055298,1.076719045639038,886297600
2011-08-09,1.152090072631836,1.1053129434585571,1.1809380054473877,1.0476560592651367,622208000
2011-08-10,1.057736039161682,1.1260939836502075,1.159999966621399,1.0801559686660769,704128000
2011-08-11,1.1507153511047363,1.1129690408706665,1.203125,1.103124976158142,532646400
2011-08-12,1.1699527502059937,1.192188024520874,1.2128130197525024,1.167968988418579,450003200
2011-08-15,1.204304814338684,1.2076560258865356,1.2332810163497925,1.1967190504074097,247948800
2011-08-16,1.1839988231658936,1.2085939645767212,1.232969045639038,1.1801559925079346,391424000
2011-08-17,1.1710221767425537,1.2159379720687866,1.235780954360962,1.1734379529953003,366169600
2011-08-18,1.0569725036621094,1.1331249475479126,1.1337499618530271,1.0598440170288086,450176000
2011-08-19,1.018346071243286,1.059062957763672,1.1112500429153442,1.0403130054473877,312012800
2011-08-22,1.0249104499816897,1.0907809734344482,1.0924999713897705,1.0428129434585571,410553600
2011-08-23,1.1082719564437866,1.0637500286102295,1.1356250047683716,1.0548440217971802,473881600
2011-08-24,1.125371336936951,1.131093978881836,1.157655954360962,1.1109379529953003,455878400
2011-08-25,1.0899509191513062,1.1510939598083496,1.1626559495925903,1.1071879863739014,446668800
2011-08-26,1.143081545829773,1.1085939407348633,1.1795309782028198,1.0859379768371582,427737600
2011-08-29,1.2091901302337646,1.194530963897705,1.2389060258865356,1.1943750381469729,255494400
2011-08-30,1.2236946821212769,1.227187991142273,1.267969012260437,1.2134380340576172,342342400
2011-08-31,1.229343295097351,1.2675000429153442,1.287968993186951,1.2359379529953003,412832000
2011-09-01,1.2052210569381714,1.2635940313339231,1.283437967300415,1.2292189598083496,249267200
2011-09-02,1.1488832235336304,1.1907809972763062,1.200780987739563,1.162968993186951,272672000
2011-09-06,1.149341106414795,1.1214059591293335,1.1796879768371582,1.1157809495925903,393312000
2011-09-07,1.2070529460906982,1.2090630531311035,1.236562967300415,1.2034380435943604,299020800
2011-09-08,1.1959071159362793,1.2237499952316284,1.2598439455032349,1.2167190313339231,375699200
2011-09-09,1.1427761316299438,1.206874966621399,1.2174999713897705,1.1557810306549072,420704000
2011-09-12,1.1731586456298828,1.1446880102157593,1.2009379863739014,1.143125057220459,431276800
2011-09-13,1.2032358646392822,1.2090630531311035,1.2370309829711914,1.1971880197525024,350265600
2011-09-14,1.2377407550811768,1.2443749904632568,1.2951560020446775,1.2200000286102295,341222400
2011-09-15,1.274382710456848,1.2948440313339231,1.308750033378601,1.2685940265655518,423833600
2011-09-16,1.2960621118545532,1.3121880292892456,1.3309379816055298,1.305469036102295,379180800
2011-09-19,1.298963189125061,1.2962499856948853,1.3432810306549072,1.2739059925079346,399872000
2011-09-20,1.2878185510635376,1.3431249856948853,1.3642189502716064,1.312343955039978,384742400
2011-09-21,1.242473840713501,1.330312967300415,1.3448439836502075,1.2715630531311035,447129600
2011-09-22,1.162165880203247,1.205469012260437,1.229688048362732,1.1518750190734863,821017600
2011-09-23,1.1861357688903809,1.1699999570846558,1.224843978881836,1.167968988418579,474790400
2011-09-26,1.2133125066757202,1.227187991142273,1.2467190027236938,1.1725000143051147,395289600
2011-09-27,1.2386564016342163,1.2848440408706665,1.3068749904632568,1.251405954360962,387289600
2011-09-28,1.2020142078399658,1.278905987739563,1.2964060306549072,1.225468993186951,356844800
2011-09-29,1.1742277145385742,1.2671879529953003,1.2712500095367432,1.1604690551757812,512838400
2011-09-30,1.1137683391571045,1.1714060306549072,1.1940629482269287,1.1384379863739014,522976000
2011-10-03,1.0555992126464844,1.1193749904632568,1.1553130149841309,1.0796879529953003,422918400
2011-10-04,1.0988054275512695,1.058750033378601,1.129688024520874,1.0370310544967651,844800000
2011-10-05,1.1552958488464355,1.1196880340576172,1.1892189979553225,1.102344036102295,623596800
2011-10-06,1.193464279174805,1.180781006813049,1.222499966621399,1.1690629720687866,403289600
2011-10-07,1.1785022020339966,1.221250057220459,1.2331249713897705,1.1907809972763062,429734400
2011-10-10,1.25911545753479,1.2467190027236938,1.2890629768371582,1.2435940504074097,199020800
2011-10-11,1.2749931812286377,1.2831250429153442,1.3137500286102295,1.2793749570846558,214009600
2011-10-12,1.2896509170532229,1.331874966621399,1.3492189645767212,1.3181250095367432,263923200
2011-10-13,1.3137727975845337,1.314844012260437,1.3478130102157593,1.3125,256140800
2011-10-14,1.3611024618148804,1.3782809972763062,1.394531011581421,1.363281011581421,201920000
2011-10-17,1.3214068412780762,1.3804689645767212,1.3896880149841309,1.336719036102295,243449600
2011-10-18,1.352246880531311,1.3473440408706665,1.3987499475479126,1.321874976158142,351449600
2011-10-19,1.300185203552246,1.3704689741134644,1.3778129816055298,1.3223439455032349,264595200
2011-10-20,1.288581132888794,1.3287500143051147,1.3334380388259888,1.2806249856948853,275187200
2011-10-21,1.3197273015975952,1.3457809686660769,1.3676559925079346,1.3268749713897705,198899200
2011-10-24,1.374232053756714,1.3610939979553225,1.4143749475479126,1.357969045639038,256755200
2011-10-25,1.3211016654968262,1.3964060544967651,1.3987499475479126,1.3456250429153442,262771200
2011-10-26,1.3172844648361206,1.3671879768371582,1.3718750476837158,1.299219012260437,344857600
2011-10-27,1.390721082687378,1.412968993186951,1.4387500286102295,1.3846880197525024,324787200
2011-10-28,1.3936219215393066,1.4054689407348633,1.4299999475479126,1.4054689407348633,178976000
2011-10-31,1.3476670980453491,1.4006249904632568,1.4121880531311035,1.3770309686660769,198496000
2011-11-01,1.2766729593276978,1.3135939836502075,1.332031011581421,1.292188048362732,396505600
2011-11-02,1.2972835302352903,1.3335939645767212,1.3409379720687866,1.3049999475479126,259494400
2011-11-03,1.3517892360687256,1.350780963897705,1.3878129720687866,1.319530963897705,260204800
2011-11-04,1.3383538722991943,1.3692189455032349,1.381250023841858,1.342188000679016,168108800
2011-11-07,1.356827735900879,1.3668750524520874,1.3914060592651367,1.340000033378601,202124800
2011-11-08,1.3879735469818115,1.408437967300415,1.4259380102157593,1.3781249523162842,266240000
2011-11-09,1.2920929193496704,1.3650000095367432,1.3698439598083496,1.312656044960022,295443200
2011-11-10,1.288581132888794,1.3479690551757812,1.3495310544967651,1.294530987739563,219596800
2011-11-11,1.3366742134094238,1.3429689407348633,1.3768750429153442,1.3392189741134644,183942400
2011-11-14,1.3214068412780762,1.3620309829711914,1.3765629529953003,1.342188000679016,161331200
2011-11-15,1.3501099348068235,1.343593955039978,1.392969012260437,1.3415629863739014,155987200
2011-11-16,1.304307460784912,1.363124966621399,1.3823440074920654,1.331874966621399,224742400
2011-11-17,1.24659526348114,1.330312967300415,1.3307809829711914,1.2578129768371582,349638400
2011-11-18,1.225374460220337,1.275156021118164,1.2776559591293335,1.2503130435943604,234368000
2011-11-21,1.1789605617523191,1.2220309972763062,1.2243750095367432,1.1810940504074097,320736000
2011-11-22,1.184914469718933,1.1998440027236938,1.221250057220459,1.185938000679016,261612800
2011-11-23,1.1313263177871704,1.1965630054473877,1.1989059448242188,1.1578129529953003,258707200
2011-11-25,1.1149896383285522,1.149531006813049,1.175781011581421,1.1410939693450928,103091200
2011-11-28,1.1916325092315674,1.1965630054473877,1.2235939502716064,1.1956249475479126,236576000
2011-11-29,1.1774333715438845,1.2179689407348633,1.2376559972763062,1.1989059448242188,238483200
2011-11-30,1.2643057107925415,1.2701560258865356,1.2965630292892456,1.2626559734344482,223404800
2011-12-01,1.2820161581039429,1.2937500476837158,1.3189059495925903,1.2926559448242188,221132800
2011-12-02,1.2727030515670776,1.3389060497283936,1.3389060497283936,1.3025000095367432,166988800
2011-12-05,1.3020166158676147,1.344688057899475,1.350780963897705,1.318593978881836,181081600
2011-12-06,1.295757293701172,1.3356250524520874,1.3429689407348633,1.3170310258865356,179238400
2011-12-07,1.2969789505004885,1.318750023841858,1.337656021118164,1.2920310497283936,205849600
2011-12-08,1.2525497674942017,1.3098440170288086,1.3298439979553225,1.2767189741134644,259174400
2011-12-09,1.2920929193496704,1.287968993186951,1.330312967300415,1.2868750095367432,206336000
2011-12-12,1.2638483047485352,1.294374942779541,1.2959380149841309,1.2704689502716064,189075200
2011-12-13,1.234687089920044,1.3098440170288086,1.3200000524520874,1.253906011581421,244780800
2011-12-14,1.1975868940353394,1.2540630102157593,1.256718993186951,1.2103129625320437,289203200
2011-12-15,1.1899535655975342,1.2473440170288086,1.248438000679016,1.2143750190734863,205100800
2011-12-16,1.200792908668518,1.2315629720687866,1.2635940313339231,1.2262500524520874,219481600
2011-12-19,1.1794183254241943,1.2398439645767212,1.2450000047683716,1.1995309591293335,152716800
2011-12-20,1.2481223344802856,1.2451560497283936,1.2801560163497925,1.243906021118164,204902400
2011-12-21,1.2116326093673706,1.2620309591293335,1.2623440027236938,1.211562991142273,263955200
2011-12-22,1.232396960258484,1.2459379434585571,1.2628129720687866,1.242969036102295,125043200
2011-12-23,1.2540770769119265,1.2664060592651367,1.2839059829711914,1.261718988418579,83904000
2011-12-27,1.2614057064056396,1.2799999713897705,1.2995309829711914,1.277343988418579,79788800
2011-12-28,1.2345348596572876,1.2884379625320437,1.2914060354232788,1.2549999952316284,158092800
2011-12-29,1.2496494054794312,1.2659380435943604,1.2815630435943604,1.2578129768371582,126259200
2011-12-30,1.2436952590942385,1.2737499475479126,1.2854690551757812,1.271875023841858,80992000
2012-01-03,1.2890396118164062,1.321094036102295,1.3340630531311035,1.3145309686660769,189516800
2012-01-04,1.300185203552246,1.3157809972763062,1.3353129625320437,1.305312991142273,125881600
2012-01-05,1.3223224878311155,1.3268749713897705,1.3557809591293335,1.316406011581421,145849600
2012-01-06,1.3307199478149414,1.3543750047683716,1.368749976158142,1.3440630435943604,173971200
2012-01-09,1.323086857795715,1.3698439598083496,1.3709379434585571,1.3454689979553225,169088000
2012-01-10,1.3421710729599,1.3837499618530271,1.3910939693450928,1.3667190074920654,133561600
2012-01-11,1.3482774496078491,1.3732810020446775,1.3853130340576172,1.3629690408706665,140518400
2012-01-12,1.359270691871643,1.3857810497283936,1.3935940265655518,1.3651560544967651,197670400
2012-01-13,1.349651575088501,1.3762500286102295,1.3814059495925903,1.356874942779541,193600000
2012-01-17,1.3717893362045288,1.4054689407348633,1.417188048362732,1.3949999809265137,157452800
2012-01-18,1.4084312915802002,1.4115630388259888,1.4424999952316284,1.4056249856948853,211724800
2012-01-19,1.427058219909668,1.4551559686660769,1.4656250476837158,1.4504690170288086,187814400
2012-01-20,1.4232418537139893,1.4479689598083496,1.4573440551757812,1.445937991142273,153158400
2012-01-23,1.423546552658081,1.4571880102157593,1.4770309925079346,1.4401559829711914,231923200
2012-01-24,1.418508529663086,1.4448440074920654,1.459375023841858,1.438438057899475,178534400
2012-01-25,1.4536232948303225,1.480937957763672,1.495313048362732,1.4595309495925903,227187200
2012-01-26,1.4430893659591677,1.5007810592651367,1.506093978881836,1.4637500047683716,326771200
2012-01-27,1.453318476676941,1.471094012260437,1.4918750524520874,1.470155954360962,177049600
2012-01-30,1.4549981355667114,1.462031006813049,1.492969036102295,1.4500000476837158,263756800
2012-01-31,1.458509087562561,1.5028129816055298,1.508906006813049,1.4737499952316284,220172800
2012-02-01,1.4814108610153198,1.5082809925079346,1.527812957763672,1.4993749856948853,232448000
2012-02-02,1.4916404485702517,1.526563048362732,1.5360939502716064,1.5145310163497925,187366400
2012-02-03,1.5322515964508057,1.5543750524520874,1.5715630054473877,1.5496879816055298,146758400
2012-02-06,1.530877709388733,1.556249976158142,1.5667190551757812,1.5487500429153442,149721600
2012-02-07,1.536832571029663,1.5628130435943604,1.577968955039978,1.549375057220459,227776000
2012-02-08,1.5510307550430298,1.5729689598083496,1.5885939598083496,1.560938000679016,241804800
2012-02-09,1.5748482942581177,1.600000023841858,1.6151560544967651,1.582031011581421,231404800
2012-02-10,1.5527105331420898,1.589063048362732,1.597656011581421,1.5776560306549072,180582400
2012-02-13,1.5800385475158691,1.6129690408706665,1.6223440170288086,1.598438024520874,171155200
2012-02-14,1.5887422561645508,1.609531044960022,1.6268750429153442,1.6003129482269287,185171200
2012-02-15,1.565840244293213,1.6421879529953003,1.6598440408706665,1.5989060401916504,352332800
2012-02-16,1.6099629402160645,1.6057809591293335,1.6514060497283936,1.5968749523162842,299283200
2012-02-17,1.6000397205352783,1.6489059925079346,1.6506249904632568,1.623594045639038,151673600
2012-02-21,1.607978343963623,1.6409380435943604,1.6607810258865356,1.625938057899475,133996800
2012-02-22,1.5942384004592896,1.6403130292892456,1.6496880054473877,1.6270309686660769,163104000
2012-02-23,1.6156128644943235,1.6353130340576172,1.6565630435943604,1.6201560497283936,223916800
2012-02-24,1.6262996196746826,1.662343978881836,1.670313000679016,1.65625,208902400
2012-02-27,1.6302697658538818,1.6454689502716064,1.6796879768371582,1.6315629482269287,242604800
2012-02-28,1.6632475852966309,1.6714060306549072,1.7021880149841309,1.667968988418579,276857600
2012-02-29,1.6496591567993164,1.705312967300415,1.7167190313339231,1.6767189502716064,336422400
2012-03-01,1.6739343404769895,1.7003129720687866,1.7174999713897705,1.6906249523162842,221427200
2012-03-02,1.672101974487305,1.7095309495925903,1.722656011581421,1.700624942779541,209164800
2012-03-05,1.638513207435608,1.7089060544967651,1.7134380340576172,1.6654690504074097,258227200
2012-03-06,1.6056880950927734,1.6454689502716064,1.6510939598083496,1.625938057899475,280025600
2012-03-07,1.629353165626526,1.6573439836502075,1.675781011581421,1.6535940170288086,201158400
2012-03-08,1.6652321815490725,1.6870310306549072,1.7137500047683716,1.680781006813049,167379200
2012-03-09,1.6792781352996826,1.7087500095367432,1.7245310544967651,1.707813024520874,130419200
2012-03-12,1.680652379989624,1.716405987739563,1.7232810258865356,1.7026560306549072,174617600
2012-03-13,1.7423330545425415,1.7392189502716064,1.7842190265655518,1.7317190170288086,242240000
2012-03-14,1.7559210062026978,1.7878129482269287,1.8098440170288088,1.774531006813049,280025600
2012-03-15,1.7641658782958984,1.8071880340576167,1.8140629529953003,1.7890629768371582,218937600
2012-03-16,1.7612649202346802,1.8120310306549072,1.8125,1.795469045639038,168396800
2012-03-19,1.7888985872268677,1.8089059591293333,1.8378130197525024,1.8012499809265137,168576000
2012-03-20,1.7940901517868042,1.810624957084656,1.840312957763672,1.8009380102157593,205926400
2012-03-21,1.7950057983398438,1.836562991142273,1.856874942779541,1.8317190408706665,150438400
2012-03-22,1.786609768867493,1.8135939836502075,1.837188005447388,1.8132810592651367,252243200
2012-03-23,1.7861511707305908,1.8332810401916504,1.834218978881836,1.805938005447388,216089600
2012-03-26,1.8473738431930544,1.8506250381469729,1.890625,1.8478130102157595,201772800
2012-03-27,1.8519545793533323,1.892500042915344,1.9112499952316284,1.8909380435943604,175948800
2012-03-28,1.8372976779937744,1.89828097820282,1.912343978881836,1.8582810163497925,252966400
2012-03-29,1.8253884315490725,1.8628129959106443,1.879688024520874,1.839843988418579,182297600
2012-03-30,1.816075325012207,1.8831249475479128,1.8842190504074097,1.8442189693450928,156454400
2012-04-02,1.853176236152649,1.854375004768372,1.9020309448242188,1.848281025886536,183846400
2012-04-03,1.853480577468872,1.9009380340576167,1.9137500524520876,1.875,242092800
2012-04-04,1.8032509088516235,1.867812991142273,1.8698439598083496,1.823438048362732,292652800
2012-04-05,1.8240150213241575,1.8384380340576167,1.870937943458557,1.8353129625320437,162201600
2012-04-09,1.7976020574569702,1.8196879625320437,1.8542189598083496,1.8145309686660769,327385600
2012-04-10,1.7382105588912964,1.8382810354232788,1.85140597820282,1.7692190408706665,407417600
2012-04-11,1.7565315961837769,1.8117189407348635,1.8206249475479128,1.787968993186951,331948800
2012-04-12,1.7951592206954956,1.8040629625320437,1.8417190313339236,1.799219012260437,291372800
2012-04-13,1.7418745756149292,1.8245309591293333,1.8264060020446775,1.7807810306549072,288684800
2012-04-16,1.70477557182312,1.8009380102157593,1.8018749952316284,1.7315629720687866,237664000
2012-04-17,1.7716466188430786,1.7581249475479126,1.824375033378601,1.7520309686660769,135564800
2012-04-18,1.7617231607437134,1.8023439645767207,1.8253129720687864,1.7937500476837158,158099200
2012-04-19,1.725385665893555,1.7909380197525024,1.834375023841858,1.7504689693450928,250995200
2012-04-20,1.7136297225952148,1.7820310592651367,1.797813057899475,1.7482810020446775,215340800
2012-04-23,1.6843162775039673,1.7218749523162842,1.7267190217971802,1.690000057220459,222835200
2012-04-24,1.6641632318496704,1.7156250476837158,1.7289060354232788,1.6885939836502075,221664000
2012-04-25,1.7525625228881836,1.772343993186951,1.7951560020446775,1.7676559686660769,207820800
2012-04-26,1.773478865623474,1.7915630340576172,1.8221880197525024,1.787968993186951,102976000
2012-04-27,1.794548511505127,1.829530954360962,1.847499966621399,1.810624957084656,129600000
2012-04-30,1.7693564891815186,1.824062943458557,1.832031011581421,1.8070310354232788,117510400
2012-05-01,1.7745479345321655,1.805469036102295,1.856405973434448,1.8001559972763062,133696000
2012-05-02,1.7827917337417605,1.7973439693450928,1.8284380435943604,1.7892190217971802,118969600
2012-05-03,1.7456923723220823,1.8284380435943604,1.830625057220459,1.777343988418579,190444800
2012-05-04,1.6591250896453855,1.7543749809265137,1.7590630054473877,1.6979689598083496,221401600
2012-05-07,1.661415457725525,1.6778130531311035,1.717344045639038,1.6767189502716064,171616000
2012-05-08,1.6488953828811646,1.678593993186951,1.6998440027236938,1.6337499618530271,222617600
2012-05-09,1.643399357795715,1.6489059925079346,1.696406006813049,1.6356250047683716,248121600
2012-05-10,1.6311851739883425,1.693750023841858,1.694530963897705,1.6589059829711914,356230400
2012-05-11,1.6321014165878296,1.658437967300415,1.7059379816055298,1.6565630435943604,95542400
2012-05-14,1.602177381515503,1.6425000429153442,1.6653130054473877,1.6340630054473877,108832000
2012-05-15,1.5905736684799194,1.6503130197525024,1.6749999523162842,1.622499942779541,141740800
2012-05-16,1.568893551826477,1.640625,1.6493749618530271,1.600000023841858,125353600
2012-05-17,1.5026328563690186,1.6071879863739014,1.611875057220459,1.5378129482269287,112902400
2012-05-18,1.46476948261261,1.5471880435943604,1.5556249618530271,1.454063057899475,150716800
2012-05-21,1.5435501337051392,1.5031249523162842,1.5846879482269287,1.5003130435943604,112732800
2012-05-22,1.5408014059066772,1.5893750190734863,1.6037499904632568,1.555312991142273,88070400
2012-05-23,1.5493513345718384,1.5528130531311035,1.5918749570846558,1.5243749618530271,185600000
2012-05-24,1.529198169708252,1.591249942779541,1.592188000679016,1.5399999618530271,102384000
2012-05-25,1.5230908393859863,1.5656249523162842,1.5724999904632568,1.5503129959106443,51385600
2012-05-29,1.5612608194351196,1.5878130197525024,1.6134380102157593,1.5703129768371582,117417600
2012-05-30,1.5359156131744385,1.5703129768371582,1.5834380388259888,1.5525000095367432,105878400
2012-05-31,1.5227861404418943,1.5678130388259888,1.5759379863739014,1.534999966621399,114307200
2012-06-01,1.440951943397522,1.503749966621399,1.5206249952316284,1.4743750095367432,135331200
2012-06-04,1.4623265266418457,1.4840630292892456,1.5018750429153442,1.456874966621399,117708800
2012-06-05,1.4751514196395874,1.4878129959106443,1.5153130292892456,1.4859379529953003,101417600
2012-06-06,1.5438549518585205,1.533750057220459,1.5815629959106443,1.529688000679016,126076800
2012-06-07,1.5301142930984497,1.611875057220459,1.611875057220459,1.5637500286102295,93830400
2012-06-08,1.5612608194351196,1.5606249570846558,1.6006250381469729,1.551563024520874,80960000
2012-06-11,1.5114877223968506,1.620313048362732,1.6228129863739014,1.5409380197525024,118960000
2012-06-12,1.5435501337051392,1.5565630197525024,1.5815629959106443,1.5368750095367432,100153600
2012-06-13,1.5227861404418943,1.570937991142273,1.5953129529953003,1.5475000143051147,91203200
2012-06-14,1.534389615058899,1.5575000047683716,1.5821880102157593,1.5418750047683716,118316800
2012-06-15,1.5719469785690308,1.5787500143051147,1.613124966621399,1.5774999856948853,77667200
2012-06-18,1.6015666723251345,1.5971879959106443,1.6471879482269287,1.5906250476837158,103148800
2012-06-19,1.6342389583587646,1.6556249856948853,1.6865630149841309,1.6534379720687866,104080000
2012-06-20,1.638819456100464,1.6787500381469729,1.689687967300415,1.6509380340576172,182857600
2012-06-21,1.5554580688476562,1.6709380149841309,1.676563024520874,1.5887500047683716,151052800
2012-06-22,1.5875205993652344,1.6015629768371582,1.6293749809265137,1.5940630435943604,86742400
2012-06-25,1.525839924812317,1.5987499952316284,1.5990630388259888,1.5537500381469729,129110400
2012-06-26,1.546603441238403,1.5715630054473877,1.5909379720687866,1.558750033378601,109488000
2012-06-27,1.5646188259124756,1.5950000286102295,1.6150000095367432,1.5906250476837158,77593600
2012-06-28,1.5310300588607788,1.5774999856948853,1.5796879529953003,1.5328129529953003,136025600
2012-06-29,1.6256893873214722,1.6246880292892456,1.6640629768371582,1.6168750524520874,102950400
2012-07-02,1.6360710859298706,1.6687500476837158,1.6753129959106443,1.649062991142273,70396800
2012-07-03,1.6629416942596436,1.6753129959106443,1.7018749713897705,1.6706249713897705,44665600
2012-07-05,1.66477370262146,1.6981250047683716,1.720937967300415,1.6806249618530271,105907200
2012-07-06,1.622941255569458,1.689687967300415,1.691249966621399,1.6378129720687866,104723200
2012-07-09,1.6183602809906006,1.6565630435943604,1.669374942779541,1.639063000679016,89248000
2012-07-10,1.5859932899475098,1.672813057899475,1.681249976158142,1.6106250286102295,134803200
2012-07-11,1.5676722526550293,1.618749976158142,1.627187967300415,1.5784380435943604,131379200
2012-07-12,1.5398859977722168,1.5812499523162842,1.5878130197525024,1.5459380149841309,124108800
2012-07-13,1.5844671726226809,1.5821880102157593,1.629688024520874,1.5812499523162842,109612800
2012-07-16,1.576527714729309,1.6150000095367432,1.6290630102157593,1.6009379625320437,98345600
2012-07-17,1.5914896726608276,1.6325000524520874,1.640625,1.584375023841858,126051200
2012-07-18,1.6354601383209229,1.6228129863739014,1.683750033378601,1.6228129863739014,146134400
2012-07-19,1.670880675315857,1.6962499618530271,1.7215629816055298,1.6909379959106443,137782400
2012-07-20,1.6284373998641968,1.7096879482269287,1.7103129625320437,1.6643749475479126,107200000
2012-07-23,1.58996319770813,1.6012500524520874,1.636875033378601,1.5759379863739014,109763200
2012-07-24,1.5627868175506592,1.6318750381469729,1.6356250047683716,1.5793750286102295,125699200
2012-07-25,1.541107177734375,1.5768749713897705,1.598438024520874,1.559062957763672,126812800
2012-07-26,1.5808026790618896,1.6253130435943604,1.6387499570846558,1.5996880531311035,124224000
2012-07-27,1.6601938009262085,1.642812967300415,1.7018749713897705,1.6337499618530271,124211200
2012-07-30,1.6550025939941406,1.705625057220459,1.7193750143051147,1.6825000047683716,121913600
2012-07-31,1.652254939079285,1.6987500190734863,1.712499976158142,1.6893750429153442,140627200
2012-08-01,1.6437052488327026,1.7168749570846558,1.717188000679016,1.670313000679016,114822400
2012-08-02,1.63240647315979,1.65625,1.704063057899475,1.6465630531311035,141529600
2012-08-03,1.692561388015747,1.722499966621399,1.7487499713897705,1.7134380340576172,130505600
2012-08-06,1.71973717212677,1.752500057220459,1.7756249904632568,1.7440630197525024,85302400
2012-08-07,1.7487457990646362,1.776563048362732,1.8037500381469729,1.7699999809265137,83692800
2012-08-08,1.7453864812850952,1.7793749570846558,1.7959380149841309,1.7746880054473877,70172800
2012-08-09,1.7560744285583496,1.7884379625320437,1.803125023841858,1.7809380292892456,61443200
2012-08-10,1.759738564491272,1.7862499952316284,1.801563024520874,1.7771879434585571,64825600
2012-08-13,1.7673721313476562,1.801563024520874,1.809062957763672,1.78125,57510400
2012-08-14,1.7695099115371704,1.823125004768372,1.830312967300415,1.8009380102157593,74710400
2012-08-15,1.778364181518555,1.807813048362732,1.824687957763672,1.8071880340576167,48051200
2012-08-16,1.8198920488357544,1.834375023841858,1.871875047683716,1.8293750286102293,93657600
2012-08-17,1.8357701301574707,1.870313048362732,1.879688024520874,1.8628129959106443,49180800
2012-08-20,1.8418772220611568,1.8762500286102293,1.8853130340576167,1.861875057220459,58902400
2012-08-21,1.827831506729126,1.8975000381469729,1.9103130102157595,1.855312943458557,115910400
2012-08-22,1.8415731191635127,1.8600000143051147,1.892812967300415,1.8515629768371584,102854400
2012-08-23,1.81256365776062,1.8690630197525024,1.8799999952316284,1.8450000286102293,95843200
2012-08-24,1.8333277702331543,1.845625042915344,1.8862500190734863,1.840000033378601,82118400
2012-08-27,1.8397409915924072,1.894374966621399,1.8984379768371584,1.875,62364800
2012-08-28,1.8397409915924072,1.879688024520874,1.8934379816055296,1.8674999475479128,64476800
2012-08-29,1.8394343852996824,1.8837499618530276,1.892812967300415,1.8674999475479128,46963200
2012-08-30,1.80279278755188,1.8671879768371584,1.868749976158142,1.839687943458557,57337600
2012-08-31,1.8281370401382449,1.872499942779541,1.8853130340576167,1.832813024520874,103340800
2012-09-04,1.8235565423965452,1.8646880388259888,1.879688024520874,1.8293750286102293,80265600
2012-09-05,1.818976879119873,1.8637499809265137,1.8803130388259888,1.8518749475479128,62284800
2012-09-06,1.8986729383468628,1.884374976158142,1.9450000524520876,1.884374976158142,106201600
2012-09-07,1.893482208251953,1.935938000679016,1.9456249475479128,1.9284379482269287,64566400
2012-09-10,1.8464579582214355,1.930312991142273,1.9368749856948853,1.886875033378601,68544000
2012-09-11,1.8403512239456177,1.8899999856948853,1.9040629863739011,1.877187967300415,70592000
2012-09-12,1.8519545793533323,1.8971879482269287,1.9040629863739011,1.871250033378601,87795200
2012-09-13,1.8992836475372317,1.8987499475479128,1.961562991142273,1.893125057220459,103171200
2012-09-14,1.9350100755691528,1.961562991142273,1.9943749904632568,1.9584380388259888,109203200
2012-09-17,1.9362313747406008,1.9821879863739011,1.982499957084656,1.9678130149841309,50809600
2012-09-18,1.939895868301392,1.9715629816055296,1.986562967300415,1.971250057220459,46108800
2012-09-19,1.94600248336792,1.9856250286102293,2.002500057220459,1.9731249809265137,58841600
2012-09-20,1.9429494142532349,1.9715629816055296,1.9912500381469729,1.962499976158142,72864000
2012-09-21,1.944475531578064,2.0065629482269287,2.0112500190734863,1.9856250286102293,48915200
2012-09-24,1.91882586479187,1.955625057220459,1.972499966621399,1.948125004768372,54489600
2012-09-25,1.866000413894653,1.9774999618530276,1.9846880435943604,1.908437967300415,75536000
2012-09-26,1.8369919061660769,1.9049999713897705,1.9068750143051147,1.8600000143051147,82028800
2012-09-27,1.8864588737487795,1.8884379863739011,1.939687967300415,1.8825000524520876,69936000
2012-09-28,1.8574509620666504,1.9175000190734863,1.9296879768371584,1.8956249952316284,87712000
2012-10-01,1.8489011526107788,1.918750047683716,1.9409379959106443,1.8815629482269287,85872000
2012-10-02,1.861725926399231,1.909999966621399,1.9209380149841309,1.875,83744000
2012-10-03,1.8827943801879885,1.915624976158142,1.934999942779541,1.8987499475479128,98425600
2012-10-04,1.8968406915664675,1.935938000679016,1.9524999856948853,1.922813057899475,70044800
2012-10-05,1.8757719993591309,1.9600000381469729,1.966874957084656,1.9115630388259888,76176000
2012-10-08,1.8440150022506716,1.899062991142273,1.90625,1.877187967300415,70921600
2012-10-09,1.785692811012268,1.875,1.8765629529953003,1.8174999952316284,123305600
2012-10-10,1.7673721313476562,1.825000047683716,1.8350000381469729,1.8012499809265137,108448000
2012-10-11,1.7536317110061646,1.8346879482269287,1.8368749618530276,1.7937500476837158,87644800
2012-10-12,1.7527148723602295,1.7975000143051147,1.815000057220459,1.787500023841858,90560000
2012-10-15,1.7774488925933838,1.808437943458557,1.825000047683716,1.7862499952316284,91878400
2012-10-16,1.829052686691284,1.8253129720687864,1.875938057899475,1.8253129720687864,92608000
2012-10-17,1.827831506729126,1.8518749475479128,1.881250023841858,1.847499966621399,83411200
2012-10-18,1.7859984636306765,1.857499957084656,1.8693749904632568,1.8125,110323200
2012-10-19,1.6998897790908811,1.8228130340576167,1.8237500190734863,1.7346880435943604,127084800
2012-10-22,1.7182108163833618,1.7362500429153442,1.765625,1.729688048362732,131088000
2012-10-23,1.684011459350586,1.7287499904632568,1.7531249523162842,1.712499976158142,132508800
2012-10-24,1.6693549156188965,1.7424999475479126,1.747499942779541,1.7059379816055298,101766400
2012-10-25,1.671491622924805,1.735313057899475,1.7403130531311035,1.7003129720687866,99580800
2012-10-26,1.6812626123428345,1.7109379768371582,1.7350000143051147,1.6846879720687866,95478400
2012-10-31,1.6601938009262085,1.7181249856948853,1.7218749523162842,1.6875,69708800
2012-11-01,1.7078288793563845,1.719688057899475,1.7543749809265137,1.7112499475479126,67859200
2012-11-02,1.6669117212295532,1.763124942779541,1.765625,1.7059379816055298,92390400
2012-11-05,1.692561388015747,1.709375023841858,1.739063024520874,1.7034380435943604,62732800
2012-11-06,1.6998897790908811,1.7387499809265137,1.7628129720687866,1.7259379625320437,109587200
2012-11-07,1.6183602809906006,1.7034380435943604,1.7059379816055298,1.642812967300415,175779200
2012-11-08,1.570725679397583,1.665624976158142,1.6737500429153442,1.6065629720687866,129654400
2012-11-09,1.5826352834701538,1.6074999570846558,1.6531250476837158,1.6050000190734863,151385600
2012-11-12,1.579886555671692,1.6375000476837158,1.6409380435943604,1.6087499856948853,78038400
2012-11-13,1.560038685798645,1.5909379720687866,1.625938057899475,1.5859379768371582,107510400
2012-11-14,1.5215651988983154,1.610313057899475,1.6137499809265137,1.5528130531311035,147760000
2012-11-15,1.5102660655975342,1.5606249570846558,1.5700000524520874,1.5356249809265137,160185600
2012-11-16,1.5230908393859863,1.5487500429153442,1.5690629482269287,1.5106250047683716,165094400
2012-11-19,1.5963752269744873,1.59375,1.6365629434585571,1.59375,113724800
2012-11-20,1.5972918272018433,1.634374976158142,1.6399999856948853,1.6040630340576172,117488000
2012-11-21,1.6049251556396484,1.6384379863739014,1.646875023841858,1.6256250143051147,79276800
2012-11-23,1.652560114860535,1.6628129482269287,1.6918749809265137,1.6590629816055298,61795200
2012-11-26,1.669048547744751,1.684999942779541,1.7081249952316284,1.6731250286102295,81590400
2012-11-27,1.6559195518493652,1.704063057899475,1.7174999713897705,1.6890629529953003,105158400
2012-11-28,1.6843162775039673,1.6793750524520874,1.7265629768371582,1.6575000286102295,120524800
2012-11-29,1.7041648626327517,1.740625023841858,1.756250023841858,1.7274999618530271,120460800
2012-11-30,1.7001947164535522,1.7456250190734863,1.747499942779541,1.7287499904632568,78684800
2012-12-03,1.6943933963775637,1.7662500143051147,1.7687499523162842,1.730937957763672,84460800
2012-12-04,1.6873699426651,1.7321879863739014,1.736562967300415,1.7074999809265137,87072000
2012-12-05,1.6519490480422974,1.7253129482269287,1.7253129482269287,1.6725000143051147,128528000
2012-12-06,1.6730189323425293,1.6818749904632568,1.7215629816055298,1.671875,95811200
2012-12-07,1.6528654098510742,1.7300000190734863,1.7337499856948853,1.6809380054473877,84918400
2012-12-10,1.6632475852966309,1.6843750476837158,1.7200000286102295,1.6831250190734863,68291200
2012-12-11,1.706912398338318,1.7259379625320437,1.765625,1.7231249809265137,106784000
2012-12-12,1.697751760482788,1.7637499570846558,1.7653130292892456,1.729688048362732,97667200
2012-12-13,1.6717973947525024,1.7334380149841309,1.7565629482269287,1.6965630054473877,109872000
2012-12-14,1.6406513452529907,1.6903129816055298,1.699375033378601,1.6678129434585571,83673600
2012-12-17,1.6855374574661257,1.6809380054473877,1.725000023841858,1.6775000095367432,72534400
2012-12-18,1.7353105545043943,1.746250033378601,1.78125,1.731874942779541,193382400
2012-12-19,1.720043063163757,1.7862499952316284,1.787500023841858,1.759374976158142,87712000
2012-12-20,1.7188217639923096,1.7668750286102295,1.7687499523162842,1.7431249618530271,94310400
2012-12-21,1.684927225112915,1.7065629959106443,1.7278130054473877,1.691249966621399,89622400
2012-12-24,1.6757664680480957,1.714063048362732,1.719688057899475,1.7087500095367432,17148800
2012-12-26,1.6492234468460083,1.7134380340576172,1.7193750143051147,1.672813057899475,36294400
2012-12-27,1.6431070566177368,1.6862499713897705,1.6906249523162842,1.6362500190734863,121686400
2012-12-28,1.610996961593628,1.6534379720687866,1.6790629625320437,1.6449999809265137,83398400
2012-12-31,1.6761345863342283,1.640625,1.722499966621399,1.635938048362732,182608000
2013-01-02,1.7843908071517944,1.7984379529953003,1.8253129720687864,1.7862499952316284,169932800
2013-01-03,1.7678766250610352,1.824062943458557,1.8321880102157595,1.7946879863739014,78960000
2013-01-04,1.7550328969955444,1.806249976158142,1.8065630197525024,1.784999966621399,59609600
2013-01-07,1.7583961486816406,1.783750057220459,1.800624966621399,1.7731250524520874,80233600
2013-01-08,1.7535033226013184,1.793437957763672,1.8037500381469729,1.769374966621399,89875200
2013-01-09,1.7614543437957764,1.7925000190734863,1.810938000679016,1.7903130054473877,70227200
2013-01-10,1.7831671237945557,1.825000047683716,1.8284380435943604,1.7893749475479126,109206400
2013-01-11,1.7889773845672607,1.8206249475479128,1.829063057899475,1.8131250143051147,52985600
2013-01-14,1.772157907485962,1.8081250190734863,1.821563005447388,1.7956249713897705,67878400
2013-01-15,1.7553383111953735,1.7937500476837158,1.7984379529953003,1.7771879434585571,75315200
2013-01-16,1.7687938213348389,1.799062967300415,1.8193750381469729,1.7918750047683716,72732800
2013-01-17,1.7850021123886108,1.823438048362732,1.838750004768372,1.816249966621399,87804800
2013-01-18,1.7785797119140625,1.8128130435943604,1.8200000524520876,1.7999999523162842,60041600
2013-01-22,1.7850021123886108,1.8206249475479128,1.824687957763672,1.7981250286102295,73785600
2013-01-23,1.8027390241622925,1.8428130149841309,1.8550000190734863,1.837188005447388,91958400
2013-01-24,1.7556445598602295,1.795313000679016,1.8271880149841309,1.7878129482269287,96988800
2013-01-25,1.7733814716339111,1.8056249618530276,1.821874976158142,1.797813057899475,78489600
2013-01-28,1.7807207107543943,1.8128130435943604,1.831874966621399,1.8081250190734863,92531200
2013-01-29,1.7739931344985962,1.814687967300415,1.8278130292892456,1.7912499904632568,95520000
2013-01-30,1.7755216360092163,1.8259379863739011,1.8378130197525024,1.8040629625320437,96940800
2013-01-31,1.7651240825653076,1.8112499713897705,1.830000042915344,1.801563024520874,74070400
2013-02-01,1.806408762931824,1.830000042915344,1.852813005447388,1.815000057220459,76403200
2013-02-04,1.7431061267852783,1.824375033378601,1.8356250524520876,1.78125,115728000
2013-02-05,1.7972345352172852,1.7965630292892456,1.845625042915344,1.7893749475479126,73308800
2013-02-06,1.7837789058685305,1.8228130340576167,1.8393750190734863,1.8118749856948853,75728000
2013-02-07,1.7874486446380615,1.826249957084656,1.830000042915344,1.785938024520874,79718400
2013-02-08,1.8238390684127808,1.8453129529953003,1.871250033378601,1.8431249856948853,64883200
2013-02-11,1.8241453170776367,1.8650000095367432,1.867812991142273,1.852187991142273,52332800
2013-02-12,1.809160590171814,1.860313057899475,1.8668750524520876,1.845937967300415,54332800
2013-02-13,1.8220044374465945,1.859375,1.875938057899475,1.8509379625320437,42649600
2013-02-14,1.8198643922805784,1.84375,1.8665629625320437,1.8431249856948853,46646400
2013-02-15,1.8109955787658687,1.8600000143051147,1.8696880340576167,1.839687943458557,61129600
2013-02-19,1.83637809753418,1.857499957084656,1.877187967300415,1.8565629720687864,40140800
2013-02-20,1.7798031568527222,1.876875042915344,1.876875042915344,1.818750023841858,81913600
2013-02-21,1.741577386856079,1.8049999475479128,1.808750033378601,1.766563057899475,129289600
2013-02-22,1.7761331796646118,1.799062967300415,1.8153129816055296,1.7865630388259888,61004800
2013-02-25,1.7317914962768557,1.8393750190734863,1.8512500524520876,1.7675000429153442,153708800
2013-02-26,1.7443293333053589,1.774999976158142,1.7903130054473877,1.752187967300415,128537600
2013-02-27,1.7794976234436035,1.783437967300415,1.841874957084656,1.778749942779541,130291200
2013-02-28,1.773686766624451,1.8196879625320437,1.8471879959106443,1.8125,98643200
2013-03-01,1.788060188293457,1.8003129959106443,1.8337500095367432,1.7825000286102295,65846400
2013-03-04,1.804574012756348,1.8153129816055296,1.8440630435943604,1.810938000679016,86352000
2013-03-05,1.859007716178894,1.8668750524520876,1.903125047683716,1.8659379482269287,97840000
2013-03-06,1.8486101627349851,1.9112499952316284,1.9112499952316284,1.8837499618530276,56294400
2013-03-07,1.859007716178894,1.8921879529953003,1.9049999713897705,1.8862500190734863,45395200
2013-03-08,1.8611478805541992,1.910938024520874,1.917188048362732,1.888749957084656,46614400
2013-03-11,1.8739914894104004,1.8987499475479128,1.915313005447388,1.886875033378601,42518400
2013-03-12,1.86084258556366,1.9034379720687864,1.9118750095367432,1.8825000524520876,64576000
2013-03-13,1.854419827461243,1.9034379720687864,1.909999966621399,1.8828129768371584,63180800
2013-03-14,1.867570161819458,1.908437967300415,1.9159380197525024,1.899999976158142,52873600
2013-03-15,1.857172966003418,1.909999966621399,1.9128129482269287,1.8878129720687864,66950400
2013-03-18,1.8473868370056152,1.8628129959106443,1.903749942779541,1.8537499904632568,54707200
2013-03-19,1.8421876430511477,1.9003130197525024,1.907188057899475,1.8481249809265137,110000000
2013-03-20,1.8652046918869016,1.903125047683716,1.9112499952316284,1.8862500190734863,52937600
2013-03-21,1.8256698846817017,1.870000004768372,1.878124952316284,1.8515629768371584,88086400
2013-03-22,1.859687566757202,1.875,1.8987499475479128,1.871562957763672,46230400
2013-03-25,1.845284104347229,1.907188057899475,1.9159380197525024,1.8643749952316284,86172800
2013-03-26,1.8667372465133667,1.896875023841858,1.9034379720687864,1.8884379863739011,44544000
2013-03-27,1.871333599090576,1.877500057220459,1.9103130102157595,1.871875047683716,47273600
2013-03-28,1.8814477920532229,1.9075000286102293,1.9215630292892456,1.8984379768371584,45878400
2013-04-01,1.8544782400131223,1.919999957084656,1.9231250286102293,1.881250023841858,71558400
2013-04-02,1.883900046348572,1.908437967300415,1.932813048362732,1.9056249856948853,70921600
2013-04-03,1.8495745658874512,1.9221880435943604,1.9278130531311035,1.8765629529953003,86080000
2013-04-04,1.8511062860488887,1.884063005447388,1.895313024520874,1.8662500381469729,59216000
2013-04-05,1.81954026222229,1.8271880149841309,1.8606250286102293,1.8181250095367432,86979200
2013-04-08,1.8391547203063965,1.855312943458557,1.8753130435943604,1.8453129529953003,45264000
2013-04-09,1.862446665763855,1.8846880197525024,1.9143749475479128,1.8668750524520876,86963200
2013-04-10,1.9360004663467407,1.9112499952316284,1.9787499904632568,1.9112499952316284,57779200
2013-04-11,1.932322978973389,1.9631249904632568,1.980937957763672,1.9600000381469729,64160000
2013-04-12,1.9307897090911863,1.9634380340576167,1.971874952316284,1.939687967300415,55929600
2013-04-15,1.855091214179993,1.9546879529953003,1.9603129625320437,1.887500047683716,69660800
2013-04-16,1.9047400951385496,1.9137500524520876,1.945937991142273,1.9049999713897705,45411200
2013-04-17,1.8302661180496216,1.9065630435943604,1.908437967300415,1.84375,122806400
2013-04-18,1.7787785530090332,1.875938057899475,1.8762500286102293,1.7981250286102295,109776000
2013-04-19,1.828121542930603,1.820937991142273,1.871250033378601,1.815624952316284,109193600
2013-04-22,1.863365650177002,1.8765629529953003,1.914687991142273,1.863124966621399,65868800
2013-04-23,1.8995295763015747,1.9246879816055296,1.9509379863739011,1.902812957763672,91984000
2013-04-24,1.8979971408843996,1.928125023841858,1.9503129720687864,1.9190629720687864,90688000
2013-04-25,1.918224573135376,1.9456249475479128,1.9715629816055296,1.9456249475479128,83571200
2013-04-26,1.9074976444244385,1.9462499618530276,1.955312967300415,1.9278130531311035,78204800
2013-04-29,1.9421299695968628,1.956874966621399,1.995000004768372,1.955625057220459,71712000
2013-04-30,1.9690998792648315,1.9846880435943604,2.009687900543213,1.970625042915344,83516800
2013-05-01,1.9525498151779173,2.009687900543213,2.016562938690185,1.982499957084656,114310400
2013-05-02,2.0009727478027344,1.996875047683716,2.04843807220459,1.993438005447388,46361600
2013-05-03,2.048475980758667,2.078749895095825,2.1006250381469727,2.077500104904175,60713600
2013-05-06,2.0634937286376958,2.095937967300415,2.11093807220459,2.0924999713897705,60169600
2013-05-07,2.061042070388794,2.111562967300415,2.114687919616699,2.0865631103515625,57040000
2013-05-08,2.081575393676758,2.098750114440918,2.125624895095825,2.093125104904175,41248000
2013-05-09,2.077591896057129,2.1128129959106445,2.1449999809265137,2.108438014984131,60803200
2013-05-10,2.0996577739715576,2.124687910079956,2.143749952316284,2.1178131103515625,49872000
2013-05-13,2.1067068576812744,2.135313034057617,2.157500028610229,2.130625009536743,40915200
2013-05-14,2.1278531551361084,2.1475000381469727,2.182499885559082,2.1468749046325684,43753600
2013-05-15,2.136127471923828,2.160938024520874,2.182499885559082,2.150624990463257,35145600
2013-05-16,2.1324501037597656,2.1828129291534424,2.203125,2.171250104904175,50179200
2013-05-17,2.171373128890991,2.1940629482269287,2.2171878814697266,2.182188034057617,71779200
2013-05-20,2.16524338722229,2.202812910079956,2.2228128910064697,2.1912500858306885,60352000
2013-05-21,2.169227600097656,2.2068750858306885,2.2296879291534424,2.1912500858306885,64400000
2013-05-22,2.1345956325531006,2.21875,2.2537500858306885,2.1518750190734863,166185600
2013-05-23,2.1211109161376958,2.135624885559082,2.1784379482269287,2.128124952316284,130096000
2013-05-24,2.1208038330078125,2.134999990463257,2.1624999046325684,2.1234378814697266,66115200
2013-05-28,2.1477744579315186,2.211874961853028,2.228125095367432,2.177187919616699,82128000
2013-05-29,2.1269335746765137,2.172812938690185,2.184999942779541,2.1443750858306885,99123200
2013-05-30,2.1489999294281006,2.170938014984131,2.211874961853028,2.170938014984131,67289600
2013-05-31,2.1091580390930176,2.1753129959106445,2.207813024520874,2.148437976837158,79737600
2013-06-03,2.1180458068847656,2.1543750762939453,2.1600000858306885,2.104063034057617,107315200
2013-06-04,2.095980405807495,2.166249990463257,2.184999942779541,2.119374990463257,124944000
2013-06-05,2.042654037475586,2.1237499713897705,2.1387500762939453,2.078125,97526400
2013-06-06,2.0576705932617188,2.086874961853028,2.100938081741333,2.047499895095825,89244800
2013-06-07,2.1159005165100098,2.119374990463257,2.1628129482269287,2.1078128814697266,77740800
2013-06-10,2.1189656257629395,2.166874885559082,2.180000066757202,2.150938034057617,56844800
2013-06-11,2.0763657093048096,2.117187976837158,2.155625104904175,2.102499961853028,88905600
2013-06-12,2.0279431343078613,2.141562938690185,2.143125057220459,2.061875104904175,96025600
2013-06-13,2.077591896057129,2.0625,2.1287500858306885,2.0509378910064697,83049600
2013-06-14,2.0521535873413086,2.1206250190734863,2.125,2.085937976837158,57596800
2013-06-17,2.089850425720215,2.125624895095825,2.15625,2.110625028610229,72758400
2013-06-18,2.124481678009033,2.137813091278076,2.1753129959106445,2.137500047683716,67235200
2013-06-19,2.0769784450531006,2.168750047683716,2.172812938690185,2.114687919616699,101926400
2013-06-20,1.97553551197052,2.070312976837158,2.0840630531311035,2.004688024520874,160064000
2013-06-21,1.9583728313446045,2.01718807220459,2.027812957763672,1.964063048362732,88009600
2013-06-24,1.9188380241394043,1.964687943458557,1.987499952316284,1.924375057220459,106896000
2013-06-25,1.9455008506774905,1.995000004768372,2.001250028610229,1.9612499475479128,76316800
2013-06-26,1.978599548339844,2.01843810081482,2.027812957763672,2.005000114440918,72160000
2013-06-27,1.998214602470398,2.040937900543213,2.063437938690185,2.0356249809265137,68038400
2013-06-28,2.0000529289245605,2.023750066757202,2.067188024520874,2.015625,78371200
2013-07-01,2.028861284255981,2.0709381103515625,2.1006250381469727,2.063750028610229,81539200
2013-07-02,2.0294747352600098,2.065624952316284,2.095000028610229,2.048125028610229,44448000
2013-07-03,2.046637535095215,2.054687976837158,2.105937957763672,2.052187919616699,27404800
2013-07-05,2.0763657093048096,2.11093807220459,2.119062900543213,2.0768749713897705,59292800
2013-07-08,2.0800435543060303,2.140312910079956,2.140625,2.1071879863739014,38166400
2013-07-09,2.1054797172546387,2.1409380435943604,2.156874895095825,2.122499942779541,36035200
2013-07-10,2.130918025970459,2.143125057220459,2.1781249046325684,2.142812967300415,37033600
2013-07-11,2.2188756465911865,2.21875,2.262500047683716,2.2168750762939453,54336000
2013-07-12,2.235119581222534,2.262813091278076,2.28125,2.25,43164800
2013-07-15,2.245539903640747,2.283437967300415,2.291563034057617,2.270937919616699,40771200
2013-07-16,2.2397167682647705,2.2925000190734863,2.296250104904175,2.2715630531311035,49744000
2013-07-17,2.249830484390259,2.296875,2.305000066757202,2.2815630435943604,46243200
2013-07-18,2.238490343093872,2.2928130626678467,2.305000066757202,2.275624990463257,57660800
2013-07-19,2.193132162094116,2.243750095367432,2.244374990463257,2.2221879959106445,56723200
2013-07-22,2.2038590908050537,2.2540628910064697,2.2584381103515625,2.234999895095825,34041600
2013-07-23,2.1735177040100098,2.257499933242798,2.257499933242798,2.211874961853028,45657600
2013-07-24,2.186696529388428,2.259063005447388,2.260624885559082,2.219687938690185,46150400
2013-07-25,2.2127461433410645,2.251250028610229,2.262500047683716,2.226875066757202,41510400
2013-07-26,2.236651659011841,2.2406249046325684,2.2815630435943604,2.2321879863739014,33664000
2013-07-29,2.2286839485168457,2.2721879482269287,2.2921879291534424,2.2609379291534424,46835200
2013-07-30,2.251361846923828,2.289062976837158,2.315624952316284,2.280313014984131,51635200
2013-07-31,2.261169195175171,2.305624961853028,2.3318750858306885,2.296875,55315200
2013-08-01,2.305915117263794,2.337188005447388,2.359062910079956,2.3324999809265137,42681600
2013-08-02,2.3328845500946045,2.354374885559082,2.379688024520874,2.3424999713897705,36521600
2013-08-05,2.336256504058838,2.3731250762939453,2.385624885559082,2.367187976837158,27232000
2013-08-06,2.308366298675537,2.375,2.379688024520874,2.3343749046325684,50659200
2013-08-07,2.299785614013672,2.340938091278076,2.352499961853028,2.3109378814697266,64249600
2013-08-08,2.3206255435943604,2.371562957763672,2.378124952316284,2.336874961853028,55721600
2013-08-09,2.3037710189819336,2.361562967300415,2.375937938690185,2.335313081741333,40556800
2013-08-12,2.312350988388061,2.330312967300415,2.367500066757202,2.32968807220459,65683200
2013-08-13,2.338096141815185,2.364375114440918,2.3965630531311035,2.3315629959106445,70147200
2013-08-14,2.3218514919281006,2.383749961853028,2.390312910079956,2.3612499237060547,71340800
2013-08-15,2.244619607925415,2.3165628910064697,2.3165628910064697,2.274688005447388,57756800
2013-08-16,2.240329504013061,2.2881250381469727,2.3081250190734863,2.2774999141693115,57670400
2013-08-19,2.233281373977661,2.286875009536743,2.3240630626678467,2.275938034057617,57177600
2013-08-20,2.2528955936431885,2.286562919616699,2.318125009536743,2.2815630435943604,45008000
2013-08-21,2.2372639179229736,2.2831249237060547,2.321563005447388,2.264688014984131,63923200
2013-08-22,2.2795581817626958,2.3006250858306885,2.3284380435943604,2.299062967300415,55203200
2013-08-23,2.312044620513916,2.359062910079956,2.362499952316284,2.3415629863739014,61897600
2013-08-26,2.312656879425049,2.359999895095825,2.3943750858306885,2.3496880531311035,78521600
2013-08-27,2.217036724090576,2.3037500381469727,2.3259379863739014,2.252500057220459,118259200
2013-08-28,2.2369580268859863,2.258125066757202,2.299375057220459,2.257499933242798,59622400
2013-08-29,2.267298936843872,2.278125047683716,2.3340630531311035,2.2721879482269287,64089600
2013-08-30,2.237571477890014,2.3162500858306885,2.3162500858306885,2.266249895095825,68828800
2013-09-03,2.2608642578125,2.320312976837158,2.3399999141693115,2.2874999046325684,62048000
2013-09-04,2.3117384910583496,2.323124885559082,2.364063024520874,2.3106250762939453,65494400
2013-09-05,2.319706916809082,2.3596880435943604,2.378124952316284,2.358438014984131,45568000
2013-09-06,2.324916362762451,2.380000114440918,2.3946878910064697,2.317500114440918,91158400
2013-09-09,2.378242492675781,2.390312910079956,2.434062957763672,2.390312910079956,49776000
2013-09-10,2.402454137802124,2.453749895095825,2.456249952316284,2.432499885559082,70390400
2013-09-11,2.393566608428955,2.4181249141693115,2.443125009536743,2.411562919616699,46428800
2013-09-12,2.3889694213867188,2.43906307220459,2.452188014984131,2.427187919616699,51107200
2013-09-13,2.3932604789733887,2.4437499046325684,2.444688081741333,2.414375066757202,32937600
2013-09-16,2.379469156265259,2.479063034057617,2.480937957763672,2.416249990463257,38761600
2013-09-17,2.411954641342163,2.436875104904175,2.4646880626678467,2.436875104904175,35030400
2013-09-18,2.4692656993865967,2.4668750762939453,2.527812957763672,2.456249952316284,45824000
2013-09-19,2.480604887008667,2.5331249237060547,2.541249990463257,2.5218749046325684,30729600
2013-09-20,2.462829828262329,2.5421879291534424,2.546875,2.509375095367432,37628800
2013-09-23,2.4524099826812744,2.5353128910064697,2.538749933242798,2.478749990463257,39772800
2013-09-24,2.453329801559448,2.5115630626678467,2.528438091278076,2.484999895095825,33462400
2013-09-25,2.4386191368103027,2.5043749809265137,2.512187957763672,2.4749999046325684,54444800
2013-09-26,2.474782466888428,2.5043749809265137,2.5353128910064697,2.503124952316284,40940800
2013-09-27,2.4692656993865967,2.4959380626678467,2.525938034057617,2.486875057220459,52864000
2013-09-30,2.451491117477417,2.4649999141693115,2.51718807220459,2.4484379291534424,79593600
2013-10-01,2.5063486099243164,2.505000114440918,2.5578129291534424,2.5018749237060547,49129600
2013-10-02,2.503591299057007,2.520625114440918,2.5606250762939453,2.5159380435943604,52505600
2013-10-03,2.445974349975586,2.5471880435943604,2.5581250190734863,2.4671878814697266,59833600
2013-10-04,2.4867351055145264,2.4928131103515625,2.543437957763672,2.489063024520874,39856000
2013-10-07,2.4456675052642822,2.493438005447388,2.533750057220459,2.4906249046325684,51856000
2013-10-08,2.354337692260742,2.494999885559082,2.4978129863739014,2.3968749046325684,89462400
2013-10-09,2.337175130844116,2.4096879959106445,2.411250114440918,2.344374895095825,85142400
2013-10-10,2.43402099609375,2.4337499141693115,2.494374990463257,2.4337499141693115,87622400
2013-10-11,2.474170207977295,2.471874952316284,2.5265629291534424,2.471250057220459,66112000
2013-10-14,2.508187770843506,2.491563081741333,2.5578129291534424,2.4878129959106445,57417600
2013-10-15,2.4894933700561523,2.5537500381469727,2.5784380435943604,2.532500028610229,113964800
2013-10-16,2.54557728767395,2.5603129863739014,2.598438024520874,2.5581250190734863,88153600
2013-10-17,2.574693202972412,2.571563005447388,2.627187967300415,2.5684380531311035,78169600
2013-10-18,2.657747268676758,2.672812938690185,2.712188005447388,2.658437967300415,86137600
2013-10-21,2.6687798500061035,2.7206249237060547,2.735312938690185,2.706249952316284,74185600
2013-10-22,2.673378229141236,2.7412500381469727,2.759687900543213,2.696249961853028,107747200
2013-10-23,2.645488977432251,2.703749895095825,2.713749885559082,2.671250104904175,109894400
2013-10-24,2.6675546169281006,2.7009379863739014,2.731874942779541,2.692500114440918,60364800
2013-10-25,2.704638719558716,2.7718749046325684,2.783750057220459,2.733750104904175,95027200
2013-10-28,2.7073960304260254,2.759375095367432,2.7690629959106445,2.73593807220459,82665600
2013-10-29,2.7150590419769287,2.7771880626678467,2.78281307220459,2.7456250190734863,132425600
2013-10-30,2.7104616165161133,2.789062976837158,2.797499895095825,2.7378129959106445,137129600
2013-10-31,2.698202133178711,2.750937938690185,2.7853128910064697,2.731250047683716,118224000
2013-11-01,2.699122428894043,2.7674999237060547,2.775938034057617,2.725938081741333,85600000
2013-11-04,2.705557584762573,2.770313024520874,2.770313024520874,2.7409379482269287,39737600
2013-11-05,2.713220357894897,2.73718810081482,2.789062976837158,2.723438024520874,54521600
2013-11-06,2.711686849594116,2.788438081741333,2.791249990463257,2.747499942779541,71820800
2013-11-07,2.6102447509765625,2.7643749713897705,2.773437976837158,2.656874895095825,105452800
2013-11-08,2.6807334423065186,2.6787500381469727,2.733750104904175,2.665937900543213,87696000
2013-11-11,2.672458410263061,2.721874952316284,2.7384378910064697,2.70593810081482,56755200
2013-11-12,2.679508209228516,2.7068750858306885,2.740000009536743,2.704375028610229,93792000
2013-11-13,2.7450926303863525,2.697499990463257,2.799062967300415,2.696249961853028,95593600
2013-11-14,2.7601091861724854,2.781874895095825,2.8193750381469727,2.772813081741333,94236800
2013-11-15,2.770838022232056,2.8168749809265137,2.8265628814697266,2.802500009536743,82048000
2013-11-18,2.7199628353118896,2.8237500190734863,2.835937976837158,2.7609379291534424,99974400
2013-11-19,2.701267004013061,2.7690629959106445,2.794063091278076,2.7456250190734863,126345600
2013-11-20,2.690847396850586,2.770313024520874,2.790625095367432,2.7253129482269287,172729600
2013-11-21,2.7417213916778564,2.7618749141693115,2.801875114440918,2.759687900543213,127251200
2013-11-22,2.772982358932495,2.8078129291534424,2.829375028610229,2.802500009536743,128771200
2013-11-25,2.785240888595581,2.8481249809265137,2.853125095367432,2.8265628814697266,93516800
2013-11-26,2.814356803894043,2.8421878814697266,2.884063005447388,2.829375028610229,91990400
2013-11-27,2.8529727458953857,2.882188081741333,2.911875009536743,2.877187967300415,97398400
2013-11-29,2.8845386505126958,2.931562900543213,2.952812910079956,2.9284379482269287,46563200
2013-12-02,2.869828224182129,2.9518749713897705,2.960313081741333,2.919063091278076,75283200
2013-12-03,2.865231275558472,2.92343807220459,2.938124895095825,2.900312900543213,88048000
2013-12-04,2.8707475662231445,2.898750066757202,2.947187900543213,2.879688024520874,92038400
2013-12-05,2.865537166595459,2.934375047683716,2.9393749237060547,2.905625104904175,84457600
2013-12-06,2.9056856632232666,2.969687938690185,2.9749999046325684,2.934375047683716,95856000
2013-12-09,2.928364992141724,2.984375,2.999063014984131,2.976249933242798,94905600
2013-12-10,2.924992561340332,2.9753129482269287,2.993438005447388,2.970937967300415,74976000
2013-12-11,2.8502137660980225,2.9821879863739014,2.990000009536743,2.8975000381469727,106236800
2013-12-12,2.836422204971313,2.90906310081482,2.921875,2.8865630626678467,103916800
2013-12-13,2.827228307723999,2.916249990463257,2.919374942779541,2.8712499141693115,64057600
2013-12-16,2.85818099975586,2.911562919616699,2.947499990463257,2.907187938690185,57100800
2013-12-17,2.8480687141418457,2.916249990463257,2.9281249046325684,2.89218807220459,43561600
2013-12-18,2.914268016815185,2.9096879959106445,2.9753129482269287,2.825624942779541,166835200
2013-12-19,2.895266056060791,2.958750009536743,2.960313081741333,2.927187919616699,114192000
2013-12-20,2.953495740890503,2.962188005447388,3.025624990463257,2.960937976837158,93168000
2013-12-23,3.016016721725464,3.0612499713897705,3.0762500762939453,3.044374942779541,67436800
2013-12-24,3.020000457763672,3.0784380435943604,3.0824999809265137,3.0665628910064697,31331200
2013-12-26,3.038695335388184,3.088438034057617,3.103749990463257,3.078125,61670400
2013-12-27,3.0230655670166016,3.1053130626678467,3.1096880435943604,3.0759379863739014,75680000
2013-12-30,3.013871192932129,3.0734379291534424,3.0821878910064697,3.056874990463257,55686400
2013-12-31,3.0524868965148926,3.082813024520874,3.112499952316284,3.082813024520874,55052800
2014-01-02,3.00559663772583,3.0850000381469727,3.086250066757202,3.0471880435943604,70310400
2014-01-03,2.962996244430542,3.065624952316284,3.070312976837158,3.0190629959106445,92188800
2014-01-06,2.9387853145599365,3.0218749046325684,3.028125047683716,2.975938081741333,131728000
2014-01-07,2.992417573928833,3.024374961853028,3.061563014984131,3.014688014984131,132166400
2014-01-08,3.007741928100586,3.0528130531311035,3.082813024520874,3.040937900543213,117705600
2014-01-09,2.98628830909729,3.087188005447388,3.0896880626678467,3.025000095367432,109100800
2014-01-10,3.00559663772583,3.062187910079956,3.071875095367432,3.015000104904175,104531200
2014-01-13,2.914573431015014,3.054687976837158,3.077812910079956,2.9509379863739014,146083200
2014-01-14,3.028275489807129,2.994374990463257,3.0915629863739014,2.994374990463257,113846400
2014-01-15,3.076392412185669,3.1112499237060547,3.150624990463257,3.1071879863739014,104457600
2014-01-16,3.079763889312744,3.1318750381469727,3.148124933242798,3.1231250762939453,72393600
2014-01-17,3.0435991287231445,3.1206250190734863,3.137813091278076,3.088438034057617,73616000
2014-01-21,3.0895700454711914,3.14343810081482,3.152812957763672,3.0978128910064697,81907200
2014-01-22,3.107652425765991,3.165313005447388,3.181562900543213,3.1475000381469727,69168000
2014-01-23,3.085279941558838,3.1465630531311035,3.1471879482269287,3.101249933242798,101129600
2014-01-24,2.959625005722046,3.1153130531311035,3.1231250762939453,3.017812967300415,152416000
2014-01-27,2.906604766845703,3.023124933242798,3.030937910079956,2.9175000190734863,204976000
2014-01-28,2.9023146629333496,2.930938005447388,2.9643750190734863,2.921875,94243200
2014-01-29,2.8407132625579834,2.907187938690185,2.950624942779541,2.8834381103515625,196211200
2014-01-30,2.940623998641968,2.9671878814697266,3.0215630531311035,2.9600000381469727,97337600
2014-01-31,2.92805814743042,2.9359378814697266,3.0143749713897705,2.929063081741333,121593600
2014-02-03,2.7965803146362305,2.976562976837158,3.001250028610229,2.833437919616699,177078400
2014-02-04,2.8342769145965576,2.877187967300415,2.9131250381469727,2.860312938690185,121347200
2014-02-05,2.819566249847412,2.8706250190734863,2.895625114440918,2.8103129863739014,108406400
2014-02-06,2.888828992843628,2.891562938690185,2.95468807220459,2.890625,83212800
2014-02-07,2.992111921310425,2.9825000762939453,3.056562900543213,2.9640629291534424,109321600
2014-02-10,3.027355909347534,3.049375057220459,3.090625047683716,3.048125028610229,87689600
2014-02-11,3.096006393432617,3.0999999046325684,3.1703128814697266,3.094687938690185,117619200
2014-02-12,3.1082653999328613,3.171250104904175,3.184375047683716,3.1515629291534424,98265600
2014-02-13,3.153623342514038,3.1231250762939453,3.221874952316284,3.1231250762939453,104150400
2014-02-14,3.167721509933472,3.213438034057617,3.244374990463257,3.196249961853028,84371200
2014-02-18,3.198676347732544,3.2378129959106445,3.273750066757202,3.2249999046325684,64608000
2014-02-19,3.155156135559082,3.247499942779541,3.2637500762939453,3.203125,115001600
2014-02-20,3.1809003353118896,3.220937967300415,3.258125066757202,3.1940629482269287,111888000
2014-02-21,3.1720120906829834,3.266249895095825,3.276249885559082,3.2300000190734863,91769600
2014-02-24,3.210014820098877,3.251250028610229,3.3012499809265137,3.2456250190734863,70592000
2014-02-25,3.200207471847534,3.280313014984131,3.294374942779541,3.243750095367432,112841600
2014-02-26,3.194997549057007,3.283437967300415,3.302187919616699,3.2328128814697266,116316800
2014-02-27,3.2372913360595703,3.259687900543213,3.306874990463257,3.249375104904175,82201600
2014-02-28,3.228402853012085,3.299062967300415,3.338124990463257,3.235625028610229,106700800
2014-03-03,3.181205987930298,3.229374885559082,3.260624885559082,3.1859378814697266,104294400
2014-03-04,3.2624220848083496,3.31406307220459,3.338749885559082,3.3084380626678467,130777600
2014-03-05,3.280503511428833,3.337188005447388,3.356250047683716,3.3237500190734863,85004800
2014-03-06,3.2728428840637207,3.358750104904175,3.364687919616699,3.314687967300415,90723200
2014-03-07,3.240968704223633,3.36093807220459,3.3659379482269287,3.2721879482269287,124304000
2014-03-10,3.245872259140014,3.302500009536743,3.3143749237060547,3.268749952316284,77929600
2014-03-11,3.219515562057495,3.327188014984131,3.34375,3.2634379863739014,135974400
2014-03-12,3.2418880462646484,3.2537500858306885,3.309688091278076,3.228749990463257,110128000
2014-03-13,3.1520912647247314,3.3321878910064697,3.333750009536743,3.1834380626678467,176160000
2014-03-14,3.106734037399292,3.1912500858306885,3.220937967300415,3.1671879291534424,129161600
2014-03-17,3.163430690765381,3.2090630531311035,3.2768750190734863,3.2065629959106445,93056000
2014-03-18,3.23913049697876,3.2321879863739014,3.309375047683716,3.231250047683716,108176000
2014-03-19,3.205418586730957,3.305000066757202,3.311563014984131,3.223438024520874,128336000
2014-03-20,3.221047878265381,3.246875047683716,3.304063081741333,3.2328128814697266,98176000
2014-03-21,3.142590284347534,3.320312976837158,3.325313091278076,3.193125009536743,169881600
2014-03-24,3.089876890182495,3.228749990463257,3.233438014984131,3.0918750762939453,196688000
2014-03-25,3.107959270477295,3.182499885559082,3.2221879959106445,3.1178131103515625,171043200
2014-03-26,3.0279688835144043,3.2018749713897705,3.2146880626678467,3.086874961853028,162048000
2014-03-27,2.9942569732666016,3.08093810081482,3.106874942779541,3.020313024520874,136320000
2014-03-28,3.0068225860595703,3.072813034057617,3.1318750381469727,3.048125028610229,103923200
2014-03-31,3.0478901863098145,3.1112499237060547,3.148750066757202,3.1050000190734863,107219200
2014-04-01,3.154236316680908,3.137500047683716,3.2206249237060547,3.1368749141693115,111977600
2014-04-02,3.1710925102233887,3.244062900543213,3.250624895095825,3.204375028610229,107459200
2014-04-03,3.1214442253112797,3.2412500381469727,3.2503130435943604,3.1468749046325684,103200000
2014-04-04,2.952882766723633,3.2228128910064697,3.230937957763672,2.996875047683716,228656000
2014-04-07,2.900170087814331,2.9756250381469727,3.0296878814697266,2.914062976837158,183072000
2014-04-08,2.9510440826416016,2.961874961853028,3.01718807220459,2.9415628910064697,135984000
2014-04-09,3.0530993938446045,3.032187938690185,3.116563081741333,3.016249895095825,105782400
2014-04-10,2.8646185398101807,3.114375114440918,3.1162500381469727,2.903438091278076,244662400
2014-04-11,2.7981131076812744,2.8678131103515625,2.943125009536743,2.838438034057617,173683200
2014-04-14,2.8407132625579834,2.900624990463257,2.926563024520874,2.842813014984131,149254400
2014-04-15,2.858795404434204,2.915937900543213,2.948124885559082,2.793750047683716,180780800
2014-04-16,2.9332683086395264,2.9668750762939453,2.9928131103515625,2.918437957763672,89075200
2014-04-17,2.935108184814453,2.971250057220459,3.022813081741333,2.955312967300415,69481600
2014-04-21,2.979546546936035,3.0084381103515625,3.038438081741333,2.9803130626678467,70403200
2014-04-22,3.0276637077331543,3.056874990463257,3.100938081741333,3.048125028610229,55772800
2014-04-23,2.973110675811768,3.0865631103515625,3.088124990463257,3.027812957763672,64211200
2014-04-24,3.031033992767334,3.132812976837158,3.132812976837158,3.023750066757202,94345600
2014-04-25,2.9332683086395264,3.052500009536743,3.059375047683716,2.976562976837158,84854400
2014-04-28,2.9544148445129395,3.0174999237060547,3.0537500381469727,2.915313005447388,147641600
2014-04-29,2.998854637145996,3.028749942779541,3.0687499046325684,2.999063014984131,62643200
2014-04-30,3.014791250228882,3.0315630435943604,3.079375028610229,3.0140628814697266,65504000
2014-05-01,3.0340981483459477,3.0815629959106445,3.12656307220459,3.0684380531311035,69664000
2014-05-02,3.0224525928497314,3.111562967300415,3.124063014984131,3.0662500858306885,92012800
2014-05-05,3.0530993938446045,3.0450000762939453,3.114063024520874,3.0296878814697266,59558400
2014-05-06,2.9734160900115967,3.104374885559082,3.106563091278076,3.0293750762939453,79705600
2014-05-07,2.9553351402282715,3.045938014984131,3.0506250858306885,2.9437499046325684,105225600
2014-05-08,2.9507369995117188,2.9928131103515625,3.080625057220459,2.9796879291534424,110300800
2014-05-09,2.9734160900115967,3.0034379959106445,3.034374952316284,2.965312957763672,88915200
2014-05-12,3.068730354309082,3.067188024520874,3.132188081741333,3.061875104904175,48515200
2014-05-13,3.072713851928711,3.1362500190734863,3.157187938690185,3.1231250762939453,48579200
2014-05-14,3.0405349731445312,3.1156249046325684,3.1393749713897705,3.087500095367432,37392000
2014-05-15,2.9945638179779053,3.1003129482269287,3.11093807220459,3.0140628814697266,81430400
2014-05-16,3.033179998397827,3.059375047683716,3.09656310081482,3.020313024520874,52339200
2014-05-19,3.0770046710968018,3.075624942779541,3.1449999809265137,3.06406307220459,45942400
2014-05-20,3.0540194511413574,3.1318750381469727,3.155313014984131,3.086874961853028,58121600
2014-05-21,3.1116368770599365,3.124063014984131,3.174999952316284,3.1206250190734863,44745600
2014-05-22,3.1370739936828613,3.1787500381469727,3.2171878814697266,3.1700000762939453,46982400
2014-05-23,3.1842708587646484,3.206249952316284,3.247499942779541,3.1918749809265137,26233600
2014-05-27,3.2645671367645264,3.276249885559082,3.328749895095825,3.2696878910064697,33321600
2014-05-28,3.242807626724243,3.3243749141693115,3.3350000381469727,3.3012499809265137,55068800
2014-05-29,3.283568859100342,3.330625057220459,3.3496880531311035,3.3165628910064697,39878400
2014-05-30,3.2857143878936768,3.3506250381469727,3.360625028610229,3.315000057220459,32217600
2014-06-02,3.277439832687378,3.3578128814697266,3.359375,3.3009378910064697,31388800
2014-06-03,3.275907516479492,3.320625066757202,3.3503129482269287,3.3125,26681600
2014-06-04,3.2979729175567627,3.323124885559082,3.375,3.313124895095825,28883200
2014-06-05,3.3546714782714844,3.3703129291534424,3.4334380626678467,3.3478128910064697,39452800
2014-06-06,3.392673969268799,3.447499990463257,3.4593749046325684,3.4328129291534424,36284800
2014-06-09,3.3874638080596924,3.462188005447388,3.4721879959106445,3.4356250762939453,30595200
2014-06-10,3.3978846073150635,3.4487500190734863,3.470000028610229,3.4409379959106445,30547200
2014-06-11,3.396045207977295,3.442188024520874,3.4746880531311035,3.436563014984131,36630400
2014-06-12,3.338120937347412,3.450624942779541,3.458125114440918,3.378124952316284,58752000
2014-06-13,3.356203079223633,3.431562900543213,3.43906307220459,3.3924999237060547,37555200
2014-06-16,3.361412763595581,3.411250114440918,3.447813034057617,3.395625114440918,28521600
2014-06-17,3.3647851943969727,3.424375057220459,3.449687957763672,3.410938024520874,31670400
2014-06-18,3.4058525562286377,3.43906307220459,3.479063034057617,3.400312900543213,36428800
2014-06-19,3.398496627807617,3.4800000190734863,3.484999895095825,3.434688091278076,31721600
2014-06-20,3.4049322605133057,3.469374895095825,3.478749990463257,3.4549999237060547,25084800
2014-06-23,3.406771183013916,3.471874952316284,3.476249933242798,3.454062938690185,27811200
2014-06-24,3.400641918182373,3.473750114440918,3.532187938690185,3.447813034057617,60083200
2014-06-25,3.4445388317108154,3.446563005447388,3.5174999237060547,3.445312976837158,47814400
2014-06-26,3.4473023414611816,3.509687900543213,3.512500047683716,3.455625057220459,55641600
2014-06-27,3.476156711578369,3.4987499713897705,3.540937900543213,3.4987499713897705,41836800
2014-06-30,3.490278482437134,3.536875009536743,3.569688081741333,3.5346879959106445,30547200
2014-07-01,3.567328453063965,3.575313091278076,3.648437976837158,3.5734379291534424,32204800
2014-07-02,3.578071594238281,3.634063005447388,3.652499914169312,3.6278131008148193,34329600
2014-07-03,3.620127439498901,3.6649999618530273,3.685937881469727,3.645937919616699,32624000
2014-07-07,3.59925389289856,3.6787500381469727,3.688124895095825,3.651249885559082,54601600
2014-07-08,3.5142221450805664,3.6518750190734863,3.6549999713897705,3.546562910079956,67916800
2014-07-09,3.56579327583313,3.595937967300415,3.636563062667847,3.574687957763672,50086400
2014-07-10,3.543691396713257,3.538749933242798,3.6362500190734863,3.528125047683716,43686400
2014-07-11,3.585747003555298,3.623437881469727,3.6518750190734863,3.602813005447388,36265600
2014-07-14,3.632713079452514,3.685625076293945,3.712500095367432,3.6731250286102295,27360000
2014-07-15,3.607541561126709,3.708750009536743,3.71875,3.6181249618530273,59190400
2014-07-16,3.6348628997802734,3.7231249809265137,3.731250047683716,3.692500114440918,27206400
2014-07-17,3.5390868186950684,3.6787500381469727,3.705625057220459,3.5784380435943604,64441600
2014-07-18,3.647448062896729,3.640625,3.719374895095825,3.630312919616699,43590400
2014-07-21,3.639160394668579,3.6984379291534415,3.717813014984131,3.671562910079956,24688000
2014-07-22,3.6885826587677,3.739375114440918,3.764062881469727,3.732812881469727,25222400
2014-07-23,3.733706951141357,3.7799999713897705,3.809375047683716,3.76593804359436,31715200
2014-07-24,3.726340532302856,3.8137500286102295,3.823124885559082,3.78156304359436,40937600
2014-07-25,3.693494558334351,3.755625009536743,3.772813081741333,3.723750114440918,31808000
2014-07-28,3.697791576385498,3.768749952316284,3.783437967300415,3.706875085830689,30073600
2014-07-29,3.6867406368255615,3.779687881469727,3.79718804359436,3.7453129291534415,57894400
2014-07-30,3.714982032775879,3.791563034057617,3.807499885559082,3.7528131008148193,38521600
2014-07-31,3.563337802886963,3.72031307220459,3.7300000190734863,3.616874933242798,63817600
2014-08-01,3.5378592014312744,3.6137499809265137,3.652499914169312,3.552500009536743,73062400
2014-08-04,3.584211587905884,3.619062900543213,3.678124904632568,3.5896880626678467,44748800
2014-08-05,3.5311059951782227,3.6203129291534415,3.641249895095825,3.5603129863739014,69804800
2014-08-06,3.524044990539551,3.54843807220459,3.631249904632568,3.544374942779541,53731200
2014-08-07,3.503171443939209,3.618750095367432,3.634375095367432,3.540313005447388,58691200
2014-08-08,3.5519795417785645,3.577812910079956,3.624375104904175,3.545938014984131,47734400
2014-08-11,3.594956159591675,3.64218807220459,3.681874990463257,3.640312910079956,29232000
2014-08-12,3.5897371768951416,3.650624990463257,3.674375057220459,3.618438005447388,34995200
2014-08-13,3.668015241622925,3.6875,3.73593807220459,3.681562900543213,31372800
2014-08-14,3.705772638320923,3.742187976837158,3.772813081741333,3.7331249713897705,34316800
2014-08-15,3.740153551101685,3.8134379386901855,3.825937986373901,3.737812995910645,49251200
2014-08-18,3.7993993759155273,3.844374895095825,3.874063014984131,3.837188005447388,27491200
2014-08-19,3.8411476612091056,3.885624885559082,3.914375066757202,3.881249904632568,18812800
2014-08-20,3.843296051025391,3.902499914169312,3.925625085830689,3.897813081741333,22620800
2014-08-21,3.856496572494507,3.916249990463257,3.931562900543213,3.902188062667847,18966400
2014-08-22,3.8672397136688232,3.9284379482269287,3.953125,3.911562919616699,24585600
2014-08-25,3.89548134803772,3.974999904632568,3.987812995910645,3.946563005447388,31219200
2014-08-26,3.904690980911255,3.9771881103515625,3.982500076293945,3.955625057220459,18704000
2014-08-27,3.904998540878296,3.9756250381469727,3.983750104904175,3.958125114440918,14576000
2014-08-28,3.893639087677002,3.948124885559082,3.974375009536743,3.940000057220459,24307200
2014-08-29,3.924950838088989,3.9831249713897705,3.995938062667847,3.95468807220459,16944000
2014-09-02,3.947360038757324,4.015313148498535,4.019999980926514,3.9853129386901855,28064000
2014-09-03,3.901007413864136,4.038125038146973,4.038125038146973,3.956562995910645,42441600
2014-09-04,3.890569925308228,3.989375114440918,4.028749942779541,3.943125009536743,43699200
2014-09-05,3.934160470962525,3.976562976837158,4.006875038146973,3.934688091278076,33385600
2014-09-08,3.946747303009033,4.002500057220459,4.036874771118164,3.981563091278076,44963200
2014-09-09,3.882282018661499,4.014688014984131,4.0478129386901855,3.936563014984131,57907200
2014-09-10,3.9424490928649902,3.9615631103515625,4.018750190734863,3.939374923706055,34265600
2014-09-11,3.939378499984741,3.980313062667847,4.0134382247924805,3.950937986373901,48048000
2014-09-12,3.8976309299468994,4.002500057220459,4.003749847412109,3.943438053131104,78454400
2014-09-15,3.820887804031372,3.9756250381469727,3.9771881103515625,3.867187976837158,77958400
2014-09-16,3.8881149291992183,3.861249923706055,3.973438024520874,3.855313062667847,62556800
2014-09-17,3.902235507965088,3.9574999809265137,4.007812976837158,3.9262499809265137,39696000
2014-09-18,3.958719253540039,3.994999885559082,4.030624866485596,3.9871881008148193,21830400
2014-09-19,3.951657056808472,4.062812805175781,4.06531286239624,3.9928131103515625,42764800
2014-09-22,3.881053686141968,4.004063129425049,4.006563186645508,3.915937900543213,46976000
2014-09-23,3.85956621170044,3.919374942779541,3.963749885559082,3.912499904632568,50550400
2014-09-24,3.941835165023804,3.933438062667847,4.015625,3.910000085830689,39996800
2014-09-25,3.776683807373047,3.986249923706055,3.996875047683716,3.841562986373901,67840000
2014-09-26,3.858952760696411,3.866563081741333,3.9387500286102295,3.856250047683716,47913600
2014-09-29,3.847593545913696,3.847500085830689,3.935937881469727,3.843125104904175,60716800
2014-09-30,3.8592586517333984,3.937187910079956,3.966875076293945,3.8893749713897705,63036800
2014-10-01,3.734321594238281,3.90625,3.9106249809265137,3.775938034057617,88470400
2014-10-02,3.7318649291992183,3.800312995910645,3.8237500190734863,3.70468807220459,98915200
2014-10-03,3.806767463684082,3.841562986373901,3.90625,3.818749904632568,50595200
2014-10-06,3.7901906967163086,3.895937919616699,3.917813062667847,3.835313081741333,48710400
2014-10-07,3.6830568313598633,3.820312976837158,3.84375,3.747812986373901,69747200
2014-10-08,3.8294837474823,3.755312919616699,3.9175000190734863,3.707813024520874,66444800
2014-10-09,3.700860738754273,3.884375095367432,3.903125047683716,3.755625009536743,121603200
2014-10-10,3.5154500007629395,3.721874952316284,3.76593804359436,3.578125,78640000
2014-10-13,3.407089233398437,3.5662500858306885,3.6203129291534415,3.461250066757202,134067200
2014-10-14,3.4055535793304443,3.512187957763672,3.555938005447388,3.4484379291534424,141110400
2014-10-15,3.3644187450408936,3.36218810081482,3.450624942779541,3.2640628814697266,159776000
2014-10-16,3.319908618927002,3.2796878814697266,3.4375,3.2765629291534424,155302400
2014-10-17,3.408623218536377,3.46875,3.533437967300415,3.4284379482269287,133523200
2014-10-20,3.509310245513916,3.465625047683716,3.577500104904175,3.454375028610229,66249600
2014-10-21,3.6928799152374263,3.659687995910645,3.759375095367432,3.642812967300415,92204800
2014-10-22,3.653587102890015,3.779687881469727,3.792813062667847,3.715938091278076,67129600
2014-10-23,3.7656326293945312,3.791874885559082,3.8737499713897705,3.7825000286102295,80630400
2014-10-24,3.8230366706848153,3.8450000286102295,3.8990631103515625,3.8190629482269287,64921600
2014-10-27,3.83316707611084,3.87656307220459,3.914375066757202,3.847500085830689,57811200
2014-10-28,3.946438789367676,3.931874990463257,4.01843786239624,3.931562900543213,61228800
2014-10-29,3.916049242019653,3.990624904632568,4.011875152587891,3.930938005447388,96761600
2014-10-30,3.935081720352173,3.9518749713897705,4.022812843322754,3.934375047683716,63936000
2014-10-31,4.041600704193115,4.137813091278076,4.14218807220459,4.088125228881836,64524800
2014-11-03,4.064931392669678,4.122499942779541,4.159999847412109,4.1178131103515625,32784000
2014-11-04,4.039759635925293,4.11218786239624,4.132500171661377,4.054999828338623,56838400
2014-11-05,4.037303447723389,4.163750171661377,4.1646881103515625,4.082812786102295,55926400
2014-11-06,4.064317226409912,4.109375,4.13937520980835,4.07687520980835,49459200
2014-11-07,4.055108547210693,4.150625228881836,4.155313014984131,4.087500095367432,41660800
2014-11-10,4.086112022399902,4.132812976837158,4.1696882247924805,4.111875057220459,31795200
2014-11-11,4.109441757202148,4.162188053131104,4.183437824249268,4.1384382247924805,36137600
2014-11-12,4.124791145324707,4.151249885559082,4.207812786102295,4.150000095367432,28262400
2014-11-13,4.159172058105469,4.215938091278076,4.2665629386901855,4.196249961853027,47875200
2014-11-14,4.184035778045654,4.2321882247924805,4.260313034057617,4.205313205718994,24310400
2014-11-17,4.158250331878662,4.241562843322754,4.259687900543213,4.1959381103515625,30188800
2014-11-18,4.223021507263184,4.242499828338623,4.309688091278076,4.242499828338623,21846400
2014-11-19,4.184035778045654,4.289374828338623,4.289374828338623,4.22156286239624,36588800
2014-11-20,4.221795082092285,4.224999904632568,4.304687976837158,4.216875076293945,19459200
2014-11-21,4.237448215484619,4.375312805175781,4.381563186645508,4.287813186645508,39462400
2014-11-24,4.304981708526611,4.337812900543213,4.385313034057617,4.330625057220459,25868800
2014-11-25,4.317875862121582,4.3940629959106445,4.42062520980835,4.372188091278076,30569600
2014-11-26,4.374051570892334,4.403438091278076,4.457812786102295,4.394688129425049,28668800
2014-11-28,4.4130377769470215,4.476562976837158,4.513124942779541,4.47156286239624,15664000
2014-12-01,4.312349796295166,4.468124866485596,4.484375,4.35812520980835,47571200
2014-12-02,4.346730709075928,4.3990631103515625,4.441563129425049,4.381875038146973,30246400
2014-12-03,4.364229679107666,4.437812805175781,4.453750133514404,4.388124942779541,32976000
2014-12-04,4.357475757598877,4.433750152587891,4.471875190734863,4.400938034057617,40777600
2014-12-05,4.359623908996582,4.452499866485596,4.465312957763672,4.419063091278076,26636800
2014-12-08,4.294853210449219,4.418125152587891,4.453750133514404,4.328125,37024000
2014-12-09,4.32647180557251,4.270625114440918,4.4071879386901855,4.241875171661377,54467200
2014-12-10,4.188333511352539,4.387813091278076,4.406562805175781,4.246874809265137,53939200
2014-12-11,4.2285475730896,4.286874771118164,4.404687881469727,4.286250114440918,34550400
2014-12-12,4.136455059051514,4.220624923706055,4.318438053131104,4.209374904632568,48355200
2014-12-15,4.052037239074707,4.254063129425049,4.28406286239624,4.097813129425049,73699200
2014-12-16,3.9185054302215576,4.068438053131104,4.191249847412109,3.987499952316284,75068800
2014-12-17,4.057870864868164,3.994688034057617,4.15749979019165,3.984375,80835200
2014-12-18,4.258323669433594,4.254687786102295,4.335625171661377,4.230000019073486,61945600
2014-12-19,4.286870956420898,4.341249942779541,4.406875133514404,4.322187900543213,48790400
2014-12-22,4.31635856628418,4.356249809265137,4.393125057220459,4.350313186645508,38771200
2014-12-23,4.288101673126221,4.42343807220459,4.423749923706055,4.349062919616699,27267200
2014-12-24,4.293015003204346,4.369688034057617,4.400000095367432,4.364062786102295,8214400
2014-12-26,4.353831768035889,4.392813205718994,4.446562767028809,4.390937805175781,16185600
2014-12-29,4.351987361907959,4.420312881469727,4.445624828338623,4.415937900543213,20131200
2014-12-30,4.290250778198242,4.397812843322754,4.420938014984131,4.3546881675720215,28761600
2014-12-31,4.199948787689209,4.378749847412109,4.415312767028809,4.264062881469727,36044800
2015-01-02,4.182440757751465,4.315625190734863,4.353750228881836,4.209688186645508,49910400
2015-01-05,4.054975986480713,4.2140631675720215,4.223124980926514,4.102812767028809,56867200
2015-01-06,3.948086500167847,4.138124942779541,4.150938034057617,3.979063034057617,52531200
2015-01-07,4.046680927276611,4.069375038146973,4.136875152587891,4.048749923706055,52400000
2015-01-08,4.201485633850098,4.190000057220459,4.2921881675720215,4.1803131103515625,52544000
2015-01-09,4.147425651550293,4.3003129959106445,4.305624961853027,4.171563148498535,55964800
2015-01-12,4.06204080581665,4.2378129959106445,4.242187976837158,4.1103129386901855,41520000
2015-01-13,4.055896282196045,4.2115631103515625,4.299063205718994,4.062812805175781,75494400
2015-01-14,4.015658855438232,4.044063091278076,4.124688148498535,4.011250019073486,73990400
2015-01-15,3.9096932411193848,4.121250152587891,4.1334381103515625,3.966875076293945,57065600
2015-01-16,4.001837253570557,3.962812900543213,4.079999923706055,3.9540629386901855,70736000
2015-01-20,4.063574314117432,4.119688034057617,4.153124809265137,4.026875019073486,62960000
2015-01-21,4.104732990264893,4.109687805175781,4.213125228881836,4.079999923706055,58675200
2015-01-22,4.25646448135376,4.207188129425049,4.338749885559082,4.134062767028809,63420800
2015-01-23,4.274893760681152,4.33093786239624,4.375625133514404,4.304999828338623,55900800
2015-01-26,4.266292572021484,4.340312957763672,4.355312824249268,4.29562520980835,45145600
2015-01-27,4.047604084014893,4.203750133514404,4.206874847412109,4.0865631103515625,64156800
2015-01-28,4.003374099731445,4.247188091278076,4.254063129425049,4.070000171661377,67196800
2015-01-29,4.076782703399658,4.063125133514404,4.163437843322754,3.994374990463257,60240000
2015-01-30,4.017196178436279,4.143125057220459,4.20468807220459,4.074062824249268,50736000
2015-02-02,4.08538293838501,4.1021881103515625,4.163437843322754,3.977813005447388,51113600
2015-02-03,4.1637043952941895,4.185625076293945,4.240938186645508,4.131249904632568,51491200
2015-02-04,4.154184818267822,4.1984381675720215,4.28406286239624,4.181875228881836,57708800
2015-02-05,4.226977348327637,4.24875020980835,4.305937767028809,4.227812767028809,41363200
2015-02-06,4.175685405731201,4.316249847412109,4.334374904632568,4.218124866485596,41513600
2015-02-09,4.148656368255615,4.215312957763672,4.2609381675720215,4.20187520980835,32976000
2015-02-10,4.278271198272705,4.268750190734863,4.364062786102295,4.254063129425049,37068800
2015-02-11,4.310214996337891,4.3603129386901855,4.403438091278076,4.34656286239624,40476800
2015-02-12,4.408504009246826,4.440625190734863,4.489375114440918,4.427813053131104,42793600
2015-02-13,4.483753681182861,4.513124942779541,4.56374979019165,4.495625019073486,52553600
2015-02-17,4.4926605224609375,4.561874866485596,4.57687520980835,4.540937900543213,30774400
2015-02-18,4.505869388580322,4.560625076293945,4.588438034057617,4.5478129386901855,27852800
2015-02-19,4.54979133605957,4.578437805175781,4.634375095367432,4.5759382247924805,37606400
2015-02-20,4.610300064086914,4.623437881469727,4.6959381103515625,4.5946879386901855,42032000
2015-02-23,4.621048450469971,4.687812805175781,4.702188014984131,4.665312767028809,28160000
2015-02-24,4.626885890960693,4.6884379386901855,4.71750020980835,4.661250114440918,33712000
2015-02-25,4.602927684783936,4.692812919616699,4.728125095367432,4.663437843322754,32339200
2015-02-26,4.649614334106445,4.691563129425049,4.735000133514404,4.667500019073486,29814400
2015-02-27,4.60906982421875,4.7271881103515625,4.732812881469727,4.674375057220459,25292800
2015-03-02,4.691999435424805,4.705313205718994,4.776249885559082,4.70437479019165,36713600
2015-03-03,4.645928382873535,4.743750095367432,4.754063129425049,4.668749809265137,48896000
2015-03-04,4.612451076507568,4.698124885559082,4.710312843322754,4.640625,41088000
2015-03-05,4.626578330993652,4.716249942779541,4.736249923706055,4.6696882247924805,34275200
2015-03-06,4.519690990447998,4.696562767028809,4.713749885559082,4.577499866485596,46400000
2015-03-09,4.544876575469971,4.619062900543213,4.649687767028809,4.5815629959106445,29580800
2015-03-10,4.38178014755249,4.56125020980835,4.5625,4.45593786239624,58320000
2015-03-11,4.328643798828125,4.468438148498535,4.478750228881836,4.400625228881836,43008000
2015-03-12,4.387309074401856,4.396563053131104,4.472499847412109,4.39187479019165,39644800
2015-03-13,4.346766471862793,4.45468807220459,4.488749980926514,4.367499828338623,60326400
2015-03-16,4.46133279800415,4.45437479019165,4.539062976837158,4.4459381103515625,39872000
2015-03-17,4.472390174865723,4.5109381675720215,4.56406307220459,4.491250038146973,30633600
2015-03-18,4.561770439147949,4.525000095367432,4.680624961853027,4.479374885559082,36582400
2015-03-19,4.574054718017578,4.650938034057617,4.678438186645508,4.637499809265137,28147200
2015-03-20,4.637021541595459,4.728437900543213,4.759687900543213,4.713438034057617,28662400
2015-03-23,4.61398458480835,4.710000038146973,4.7353129386901855,4.692187786102295,28208000
2015-03-24,4.581120014190674,4.693124771118164,4.736875057220459,4.65906286239624,28886400
2015-03-25,4.370889186859131,4.675000190734863,4.681875228881836,4.441874980926514,73417600
2015-03-26,4.34169340133667,4.374063014984131,4.465000152587891,4.342813014984131,73030400
2015-03-27,4.377034664154053,4.412188053131104,4.47031307220459,4.400312900543213,38044800
2015-03-30,4.483670711517334,4.505000114440918,4.559374809265137,4.504687786102295,51913600
2015-03-31,4.380722999572754,4.527187824249268,4.545000076293945,4.453437805175781,37097600
2015-04-01,4.335548400878906,4.453125,4.45593786239624,4.351562976837158,47820800
2015-04-02,4.339851379394531,4.417500019073486,4.441563129425049,4.387499809265137,29948800
2015-04-06,4.411146640777588,4.361563205718994,4.510000228881836,4.348750114440918,45132800
2015-04-07,4.39578104019165,4.4821882247924805,4.5446882247924805,4.46999979019165,31840000
2015-04-08,4.465541362762451,4.474062919616699,4.553124904632568,4.4721879959106445,44048000
2015-04-09,4.521470546722412,4.537188053131104,4.600313186645508,4.505938053131104,32569600
2015-04-10,4.55773401260376,4.59531307220459,4.635624885559082,4.5734381675720215,26812800
2015-04-13,4.534378528594971,4.642813205718994,4.6884379386901855,4.601562976837158,33088000
2015-04-14,4.50917911529541,4.602499961853027,4.6284379959106445,4.533438205718994,32924800
2015-04-15,4.562036514282227,4.610000133514404,4.661250114440918,4.598750114440918,32646400
2015-04-16,4.550973415374756,4.616875171661377,4.644374847412109,4.6046881675720215,25638400
2015-04-17,4.4108405113220215,4.540937900543213,4.56531286239624,4.445312976837158,56896000
2015-04-20,4.542061805725098,4.529375076293945,4.633124828338623,4.526249885559082,42476800
2015-04-21,4.579553127288818,4.670000076293945,4.6875,4.648125171661377,31036800
2015-04-22,4.629030227661133,4.681562900543213,4.723124980926514,4.621562957763672,38540800
2015-04-23,4.666214942932129,4.677499771118164,4.78406286239624,4.6753129959106445,35187200
2015-04-24,4.789752960205078,4.84375,4.884062767028809,4.828437805175781,35782400
2015-04-27,4.767934322357178,4.909375190734863,4.926249980926514,4.827188014984131,44921600
2015-04-28,4.745502471923828,4.854063034057617,4.872499942779541,4.746562957763672,40409600
2015-04-29,4.688649654388428,4.771249771118164,4.82937479019165,4.714687824249268,52985600
2015-04-30,4.537758827209473,4.714375019073486,4.75156307220459,4.568749904632568,66310400
2015-05-01,4.661297798156738,4.652187824249268,4.743750095367432,4.651875019073486,50771200
2015-05-04,4.67389726638794,4.770312786102295,4.8125,4.74875020980835,32883200
2015-05-05,4.525466442108154,4.718124866485596,4.733749866485596,4.59499979019165,56124800
2015-05-06,4.464925289154053,4.614687919616699,4.640625,4.474062919616699,69468800
2015-05-07,4.513481616973877,4.53281307220459,4.614687919616699,4.525938034057617,59894400
2015-05-08,4.624419212341309,4.6828131675720215,4.723750114440918,4.67062520980835,46412800
2015-05-11,4.586927890777588,4.710000038146973,4.728125095367432,4.660937786102295,33456000
2015-05-12,4.5485148429870605,4.61093807220459,4.671249866485596,4.541250228881836,35318400
2015-05-13,4.5660319328308105,4.665937900543213,4.712812900543213,4.630000114440918,33769600
2015-05-14,4.698174476623535,4.717187881469727,4.786874771118164,4.684374809265137,39398400
2015-05-15,4.700326919555664,4.804687976837158,4.816249847412109,4.756249904632568,25430400
2015-05-18,4.740583896636963,4.760624885559082,4.838438034057617,4.755000114440918,19603200
2015-05-19,4.727985382080078,4.82968807220459,4.84499979019165,4.7946882247924805,23190400
2015-05-20,4.733207702636719,4.814374923706055,4.872499942779541,4.765625,20947200
2015-05-21,4.784221649169922,4.800624847412109,4.877500057220459,4.785624980926514,15408000
2015-05-22,4.778076171875,4.854374885559082,4.890625,4.847499847412109,16776000
2015-05-26,4.663755416870117,4.831874847412109,4.846875190734863,4.704999923706055,20833600
2015-05-27,4.81372594833374,4.773125171661377,4.905624866485596,4.75124979019165,19657600
2015-05-28,4.792827606201172,4.878125190734863,4.898749828338623,4.844375133514404,13361600
2015-05-29,4.738739967346191,4.866250038146973,4.880624771118164,4.794374942779541,20968000
2015-06-01,4.765169143676758,4.865624904632568,4.873125076293945,4.770625114440918,24211200
2015-06-02,4.736281394958496,4.810625076293945,4.863124847412109,4.765625,18238400
2015-06-03,4.763940334320068,4.859375,4.881249904632568,4.822500228881836,20905600
2015-06-04,4.695102691650391,4.788125038146973,4.851874828338623,4.741250038146973,28294400
2015-06-05,4.670516490936279,4.761250019073486,4.78125,4.693124771118164,30273600
2015-06-08,4.576479911804199,4.743124961853027,4.75,4.633124828338623,25294400
2015-06-09,4.5617289543151855,4.630000114440918,4.670000076293945,4.566874980926514,36558400
2015-06-10,4.6797356605529785,4.668125152587891,4.789999961853027,4.658750057220459,29083200
2015-06-11,4.696330547332764,4.796875,4.819375038146973,4.758749961853027,23548800
2015-06-12,4.619503498077393,4.725625038146973,4.745625019073486,4.68625020980835,21289600
2015-06-15,4.575864315032959,4.627500057220459,4.664999961853027,4.573750019073486,30616000
2015-06-16,4.621962070465088,4.639999866485596,4.716249942779541,4.637499809265137,19147200
2015-06-17,4.6477766036987305,4.716875076293945,4.757500171661377,4.668749809265137,30118400
2015-06-18,4.779918193817139,4.760000228881836,4.879374980926514,4.756875038146973,37004800
2015-06-19,4.734438896179199,4.869999885559082,4.87624979019165,4.813125133514404,21691200
2015-06-22,4.80450439453125,4.890625,4.916250228881836,4.865624904632568,25342400
2015-06-23,4.813108444213867,4.897500038146973,4.903124809265137,4.855625152587891,18539200
2015-06-24,4.765785217285156,4.882500171661377,4.924375057220459,4.841875076293945,20600000
2015-06-25,4.743041515350342,4.880000114440918,4.891250133514404,4.809374809265137,18832000
2015-06-26,4.685267448425293,4.821875095367432,4.84375,4.724999904632568,24121600
2015-06-29,4.465847969055176,4.653749942779541,4.708125114440918,4.533124923706055,60380800
2015-06-30,4.495965003967285,4.606249809265137,4.623125076293945,4.540625095367432,41563200
2015-07-01,4.564188480377197,4.660624980926514,4.676249980926514,4.599374771118164,35521600
2015-07-02,4.567873954772949,4.663125038146973,4.675000190734863,4.615624904632568,24888000
2015-07-06,4.546362400054932,4.585625171661377,4.673749923706055,4.565625190734863,30097600
2015-07-07,4.564188480377197,4.629374980926514,4.653124809265137,4.461249828338623,45302400
2015-07-08,4.407458782196045,4.576250076293945,4.587500095367432,4.466249942779541,34675200
2015-07-09,4.401312828063965,4.598750114440918,4.60812520980835,4.473124980926514,33920000
2015-07-10,4.53898811340332,4.595624923706055,4.646874904632568,4.563125133514404,30080000
2015-07-13,4.693258762359619,4.693749904632568,4.78249979019165,4.691874980926514,35947200
2015-07-14,4.7559494972229,4.785624980926514,4.862500190734863,4.783124923706055,27507200
2015-07-15,4.767012596130371,4.854374885559082,4.883749961853027,4.819375038146973,28744000
2015-07-16,4.899771213531494,4.925000190734863,4.984375,4.90749979019165,29054400
2015-07-17,5.04236364364624,5.0625,5.127500057220459,5.048749923706055,26270400
2015-07-20,5.081084728240967,5.15749979019165,5.203750133514404,5.120625019073486,32852800
2015-07-21,5.071251392364502,5.168125152587891,5.183750152587891,5.129374980926514,21862400
2015-07-22,4.961233615875244,5.000625133514404,5.090624809265137,5.000625133514404,25454400
2015-07-23,4.919439315795898,5.054375171661377,5.084374904632568,4.978750228881836,23305600
2015-07-24,4.826015472412109,5.056875228881836,5.0625,4.891250133514404,25414400
2015-07-27,4.743041515350342,4.849374771118164,4.89187479019165,4.803750038146973,33828800
2015-07-28,4.824787616729736,4.868124961853027,4.926249980926514,4.790625095367432,35726400
2015-07-29,4.864738464355469,4.926875114440918,4.965624809265137,4.891250133514404,22785600
2015-07-30,4.9083757400512695,4.920000076293945,5.007500171661377,4.863124847412109,29233600
2015-07-31,4.896698474884033,5.023125171661377,5.026875019073486,4.958749771118164,24971200
2015-08-03,4.869655609130859,4.980625152587891,5.007500171661377,4.883124828338623,31363200
2015-08-04,4.846913814544678,4.944375038146973,4.959374904632568,4.887499809265137,29428800
2015-08-05,4.920668125152588,4.983749866485596,5.070624828338623,4.973750114440918,31587200
2015-08-06,4.767012596130371,5.011250019073486,5.026249885559082,4.800000190734863,33689600
2015-08-07,4.751033306121826,4.821249961853027,4.855000019073486,4.753125190734863,34811200
2015-08-10,4.858591556549072,4.889999866485596,4.962500095367432,4.889999866485596,28721600
2015-08-11,4.73689603805542,4.887499809265137,4.928124904632568,4.761250019073486,34705600
2015-08-12,4.765169143676758,4.74875020980835,4.866875171661377,4.646874904632568,45950400
2015-08-13,4.747960090637207,4.857500076293945,4.903749942779541,4.81125020980835,27896000
2015-08-14,4.763325214385986,4.809374809265137,4.859375,4.789999961853027,22438400
2015-08-17,4.842609882354736,4.821875095367432,4.928750038146973,4.798749923706055,23760000
2015-08-18,4.795899868011475,4.913125038146973,4.92062520980835,4.862500190734863,18832000
2015-08-19,4.731365203857422,4.847499847412109,4.897500038146973,4.755000114440918,43784000
2015-08-20,4.471993923187256,4.721875190734863,4.753749847412109,4.543749809265137,57112000
2015-08-21,4.088468074798584,4.419374942779541,4.492499828338623,4.15749979019165,72264000
2015-08-24,3.780543327331543,3.4906249046325684,4.15625,3.4375,62776000
2015-08-25,3.736290693283081,4.112500190734863,4.160624980926514,3.795000076293945,48299200
2015-08-26,4.110595226287842,4.018125057220459,4.195624828338623,3.862499952316284,62598400
2015-08-27,4.317108631134033,4.300624847412109,4.398125171661377,4.200624942779541,77176000
2015-08-28,4.322027206420898,4.351250171661377,4.421249866485596,4.32687520980835,35776000
2015-08-31,4.210778713226318,4.341875076293945,4.388750076293945,4.260000228881836,33188800
2015-09-01,3.956325054168701,4.072500228881836,4.196875095367432,3.978125095367432,52409600
2015-09-02,4.170827865600586,4.15500020980835,4.241250038146973,4.068124771118164,34131200
2015-09-03,4.125347137451172,4.276249885559082,4.329999923706055,4.175000190734863,30068800
2015-09-04,4.028851509094238,4.081250190734863,4.153749942779541,4.050624847412109,36164800
2015-09-08,4.255032539367676,4.257500171661377,4.337500095367432,4.221250057220459,26227200
2015-09-09,4.161608695983887,4.431250095367432,4.432499885559082,4.208749771118164,33084800
2015-09-10,4.248271465301514,4.220624923706055,4.378125190734863,4.213749885559082,32974400
2015-09-11,4.296211242675781,4.281875133514404,4.368750095367432,4.258749961853027,22892800
2015-09-14,4.269783020019531,4.401249885559082,4.402500152587891,4.310625076293945,16958400
2015-09-15,4.36873722076416,4.362500190734863,4.472499847412109,4.333749771118164,25451200
2015-09-16,4.419751167297363,4.448124885559082,4.503749847412109,4.416250228881836,29134400
2015-09-17,4.424054145812988,4.491250038146973,4.632500171661377,4.461249828338623,47859200
2015-09-18,4.301130294799805,4.362500190734863,4.476250171661377,4.357500076293945,29516800
2015-09-21,4.326328754425049,4.419374942779541,4.46875,4.320624828338623,30708800
2015-09-22,4.197872161865234,4.261250019073486,4.293749809265137,4.18625020980835,33185600
2015-09-23,4.20033073425293,4.287499904632568,4.311874866485596,4.230625152587891,22238400
2015-09-24,4.174516677856445,4.18625020980835,4.273125171661377,4.118124961853027,38792000
2015-09-25,4.100761413574219,4.333749771118164,4.340000152587891,4.118124961853027,32265600
2015-09-28,3.8672051429748535,4.131249904632568,4.138750076293945,3.908124923706055,42627200
2015-09-29,3.82909893989563,3.953125,4.031875133514404,3.834374904632568,44256000
2015-09-30,3.9981203079223633,4.001874923706055,4.078750133514404,3.970624923706055,46081600
2015-10-01,4.03499698638916,4.080625057220459,4.105625152587891,3.976249933242798,33644800
2015-10-02,4.176360130310059,3.992500066757202,4.250625133514404,3.966875076293945,46131200
2015-10-05,4.299900054931641,4.308125019073486,4.393750190734863,4.293125152587891,42155200
2015-10-06,4.259335041046143,4.352499961853027,4.378749847412109,4.261875152587891,29628800
2015-10-07,4.307275772094727,4.383124828338623,4.400000095367432,4.270625114440918,43841600
2015-10-08,4.34169340133667,4.346250057220459,4.429999828338623,4.263124942779541,47060800
2015-10-09,4.377955913543701,4.421249866485596,4.472499847412109,4.396249771118164,32612800
2015-10-12,4.403156280517578,4.473750114440918,4.492499828338623,4.441249847412109,16592000
2015-10-13,4.342307567596436,4.423749923706055,4.515625,4.410624980926514,32056000
2015-10-14,4.332474231719971,4.418125152587891,4.462500095367432,4.366875171661377,24844800
2015-10-15,4.474452018737793,4.4375,4.550000190734863,4.425000190734863,32547200
2015-10-16,4.51378870010376,4.566874980926514,4.591875076293945,4.525625228881836,21331200
2015-10-19,4.564800262451172,4.574375152587891,4.645625114440918,4.554999828338623,21553600
2015-10-20,4.517477989196777,4.62624979019165,4.64187479019165,4.5625,18777600
2015-10-21,4.460315227508545,4.634375095367432,4.646874904632568,4.531875133514404,21136000
2015-10-22,4.642859935760498,4.614375114440918,4.726874828338623,4.591249942779541,37652800
2015-10-23,4.902228832244873,4.96999979019165,5.022500038146973,4.923749923706055,33454400
2015-10-26,4.909605503082275,4.974374771118164,5.009375095367432,4.940000057220459,19278400
2015-10-27,4.926199913024902,4.962500095367432,5.024374961853027,4.962500095367432,15944000
2015-10-28,5.009173393249512,5.03000020980835,5.09375,4.947500228881836,28817600
2015-10-29,4.993808269500732,5.044374942779541,5.094375133514404,5.036250114440918,17475200
2015-10-30,4.950170040130615,5.081250190734863,5.099374771118164,5.03125,21201600
2015-11-02,5.063260555267334,5.060625076293945,5.15625,5.037499904632568,16329600
2015-11-03,5.09706449508667,5.125,5.216249942779541,5.110000133514404,13467200
2015-11-04,5.098294734954834,5.215000152587891,5.221250057220459,5.13937520980835,21131200
2015-11-05,5.063876628875732,5.1875,5.215624809265137,5.099999904632568,16120000
2015-11-06,5.076168060302734,5.131249904632568,5.17312479019165,5.068124771118164,25353600
2015-11-09,4.968608379364014,5.121874809265137,5.134375095367432,4.986875057220459,22112000
2015-11-10,4.938492298126221,4.996874809265137,5.033750057220459,4.966875076293945,16998400
2015-11-11,4.928659439086914,5.053124904632568,5.099374771118164,4.994999885559082,16364800
2015-11-12,4.831547260284424,4.96875,5.017499923706055,4.90749979019165,22065600
2015-11-13,4.643474578857422,4.87375020980835,4.883124828338623,4.715624809265137,30329600
2015-11-16,4.775616645812988,4.710625171661377,4.85812520980835,4.691874980926514,21680000
2015-11-17,4.781764030456543,4.875,4.932499885559082,4.837500095367432,30881600
2015-11-18,4.962462902069092,4.900625228881836,5.058750152587891,4.891250133514404,26038400
2015-11-19,4.971068382263184,5.053124904632568,5.101874828338623,5.038125038146973,22539200
2015-11-20,5.0368332862854,5.101874828338623,5.131249904632568,5.093124866485596,16281600
2015-11-23,5.00978946685791,5.124374866485596,5.164999961853027,5.051249980926514,14972800
2015-11-24,5.003642082214356,5.027500152587891,5.108749866485596,4.977499961853027,19467200
2015-11-25,5.008559703826904,5.098124980926514,5.112500190734863,5.073124885559082,13878400
2015-11-27,5.024539470672607,5.113749980926514,5.128749847412109,5.074999809265137,6292800
2015-11-30,4.997496604919434,5.134375095367432,5.137499809265137,5.048749923706055,17892800
2015-12-01,5.097679138183594,5.120625019073486,5.183750152587891,5.109375,19022400
2015-12-02,5.037447452545166,5.191249847412109,5.23562479019165,5.103750228881836,16875200
2015-12-03,4.864123821258545,5.146249771118164,5.161874771118164,4.885000228881836,26660800
2015-12-04,5.088461399078369,4.971250057220459,5.192500114440918,4.954999923706055,25499200
2015-12-07,5.044822216033936,5.180624961853027,5.185625076293945,5.080625057220459,14718400
2015-12-08,5.046665668487549,5.023749828338623,5.161874771118164,5.017499923706055,18996800
2015-12-09,4.892395496368408,5.084374904632568,5.13937520980835,4.912499904632568,30688000
2015-12-10,4.93480396270752,4.997499942779541,5.083749771118164,4.966249942779541,25616000
2015-12-11,4.709851741790772,4.903749942779541,4.926249980926514,4.78000020980835,33006400
2015-12-14,4.782992839813232,4.804375171661377,4.863749980926514,4.664999961853027,38403200
2015-12-15,4.838308334350586,4.944375038146973,5.002500057220459,4.905624866485596,23908800
2015-12-16,4.974140644073486,4.982500076293945,5.078750133514404,4.877500057220459,32404800
2015-12-17,4.836465358734131,5.109375,5.109375,4.914999961853027,29236800
2015-12-18,4.656994819641113,4.880000114440918,4.904375076293945,4.730000019073486,34099200
2015-12-21,4.752877712249756,4.815000057220459,4.833749771118164,4.746874809265137,27478400
2015-12-22,4.814743041992188,4.879374980926514,4.905624866485596,4.829999923706055,15635200
2015-12-23,4.887313365936279,4.941249847412109,4.970624923706055,4.925624847412109,13251200
2015-12-24,4.883623123168945,4.962500095367432,4.990624904632568,4.957499980926514,7520000
2015-12-28,4.8743977546691895,4.938125133514404,4.956250190734863,4.866250038146973,18648000
2015-12-29,5.027529716491699,5.013750076293945,5.132500171661377,5.011250019073486,15214400
2015-12-30,4.940816879272461,5.099999904632568,5.105625152587891,5.018750190734863,10608000
2015-12-31,4.81904935836792,4.981249809265137,5.000625133514404,4.893750190734863,20696000
2016-01-04,4.617947578430176,4.678750038146973,4.696249961853027,4.567500114440918,35806400
2016-01-05,4.593348503112793,4.730000019073486,4.746250152587891,4.628125190734863,26548800
2016-01-06,4.5103254318237305,4.508749961853027,4.633749961853027,4.508749961853027,27740800
2016-01-07,4.229275703430176,4.386875152587891,4.5,4.290625095367432,48697600
2016-01-08,4.155476093292236,4.364375114440918,4.409999847412109,4.215000152587891,42179200
2016-01-11,4.184996128082275,4.284375190734863,4.307499885559082,4.121874809265137,41776000
2016-01-12,4.282164096832275,4.331250190734863,4.391250133514404,4.226874828338623,38926400
2016-01-13,3.983895063400269,4.381875038146973,4.402500152587891,4.033750057220459,50889600
2016-01-14,4.151170253753662,4.080625057220459,4.290625095367432,3.949374914169312,68628800
2016-01-15,3.894106864929199,3.935625076293945,4.04562520980835,3.849999904632568,65014400
2016-01-19,3.910711288452149,4.065625190734863,4.075624942779541,3.880625009536743,39897600
2016-01-20,3.888571739196777,3.853749990463257,4.033750057220459,3.674999952316284,71588800
2016-01-21,3.897796630859375,3.9800000190734863,4.074375152587891,3.876874923706055,39494400
2016-01-22,4.119807243347168,4.109375,4.18874979019165,4.088749885559082,30761600
2016-01-25,3.9998841285705566,4.161874771118164,4.202499866485596,4.054375171661377,21739200
2016-01-26,4.070608615875244,4.093124866485596,4.167500019073486,4.025625228881836,21836800
2016-01-27,3.866431713104248,4.087500095367432,4.120625019073486,3.894375085830689,35966400
2016-01-28,3.9734394550323486,4.054375171661377,4.06125020980835,3.903749942779541,42700800
2016-01-29,4.140102386474609,4.038125038146973,4.209374904632568,4.033750057220459,38099200
2016-02-01,4.1567063331604,4.164374828338623,4.261250019073486,4.135000228881836,38388800
2016-02-02,3.9808197021484375,4.190625190734863,4.193124771118164,4.021249771118164,40942400
2016-02-03,3.944535493850708,4.097499847412109,4.097499847412109,3.8681249618530273,61872000
2016-02-04,3.94330644607544,3.9856250286102295,4.068749904632568,3.911875009536743,38441600
2016-02-05,3.666560649871826,3.976875066757202,3.976875066757202,3.696875095367432,68220800
2016-02-08,3.555248498916626,3.5893750190734863,3.644375085830689,3.476875066757202,89908800
2016-02-09,3.531263828277588,3.515625,3.698124885559082,3.505000114440918,62656000
2016-02-10,3.561397790908813,3.676875114440918,3.765625,3.612499952316284,52228800
2016-02-11,3.554633378982544,3.524374961853028,3.663749933242798,3.505000114440918,64488000
2016-02-12,3.6567208766937256,3.689374923706055,3.7231249809265137,3.619999885559082,37144000
2016-02-16,3.816002607345581,3.823124885559082,3.878124952316284,3.779375076293945,39641600
2016-02-17,3.99373459815979,3.942500114440918,4.070624828338623,3.9206249713897705,51164800
2016-02-18,3.9051764011383057,4.082499980926514,4.084374904632568,3.955625057220459,37030400
2016-02-19,3.927931308746338,3.9331250190734863,4.01437520980835,3.911250114440918,21908800
2016-02-22,4.054003715515137,4.065000057220459,4.126874923706055,4.056875228881836,25412800
2016-02-23,3.92055082321167,4.070000171661377,4.09375,3.978749990463257,24014400
2016-02-24,3.9955801963806152,3.892499923706055,4.068749904632568,3.841875076293945,47172800
2016-02-25,4.07183837890625,4.078125,4.138124942779541,4.003749847412109,36518400
2016-02-26,4.0626139640808105,4.198750019073486,4.203750133514404,4.110000133514404,28660800
2016-02-29,3.99004340171814,4.121250152587891,4.181875228881836,4.054999828338623,23267200
2016-03-01,4.244034767150879,4.128125190734863,4.315625190734863,4.107500076293945,29036800
2016-03-02,4.248340129852295,4.303750038146973,4.318749904632568,4.25124979019165,33582400
2016-03-03,4.233580112457275,4.308750152587891,4.3125,4.241250038146973,27324800
2016-03-04,4.237270832061768,4.308750152587891,4.36062479019165,4.25,27908800
2016-03-07,4.186225891113281,4.261875152587891,4.310625076293945,4.190625190734863,33275200
2016-03-08,4.113042831420898,4.191249847412109,4.266250133514404,4.165625095367432,31656000
2016-03-09,4.167160987854004,4.216875076293945,4.23562479019165,4.166250228881836,33705600
2016-03-10,4.1567063331604,4.275000095367432,4.318124771118164,4.115624904632568,51094400
2016-03-11,4.298768520355225,4.315625190734863,4.368750095367432,4.286874771118164,34801600
2016-03-14,4.311683654785156,4.335625171661377,4.404375076293945,4.335000038146973,36288000
2016-03-15,4.309838771820068,4.349999904632568,4.388124942779541,4.324999809265137,18264000
2016-03-16,4.386097431182861,4.356874942779541,4.480625152587891,4.356874942779541,26411200
2016-03-17,4.3811774253845215,4.429375171661377,4.472499847412109,4.399374961853027,22763200
2016-03-18,4.397781848907471,4.472499847412109,4.488749980926514,4.421249866485596,19916800
2016-03-21,4.42976188659668,4.451250076293945,4.506875038146973,4.445000171661377,18492800
2016-03-22,4.454360961914063,4.447500228881836,4.54812479019165,4.447500228881836,20251200
2016-03-23,4.376871585845947,4.506875038146973,4.510000228881836,4.431250095367432,19715200
2016-03-24,4.379332542419434,4.401249885559082,4.453125,4.389999866485596,31988800
2016-03-28,4.368263244628906,4.476874828338623,4.476874828338623,4.422500133514404,21395200
2016-03-29,4.502328872680664,4.421875,4.585625171661377,4.40625,26508800
2016-03-30,4.552759647369385,4.633124828338623,4.681250095367432,4.605625152587891,21083200
2016-03-31,4.538614273071289,4.621874809265137,4.651249885559082,4.596875190734863,21683200
2016-04-01,4.632092475891113,4.554999828338623,4.711874961853027,4.542500019073486,27049600
2016-04-04,4.595193386077881,4.704999923706055,4.713749885559082,4.651875019073486,15491200
2016-04-05,4.512170314788818,4.598124980926514,4.634375095367432,4.571249961853027,22894400
2016-04-06,4.657306671142578,4.591249942779541,4.734375,4.591249942779541,24446400
2016-04-07,4.517089366912842,4.679999828338623,4.693749904632568,4.556875228881836,25952000
2016-04-08,4.517089366912842,4.653124809265137,4.675000190734863,4.557499885559082,20640000
2016-04-11,4.482035636901856,4.630000114440918,4.673749923706055,4.553750038146973,21836800
2016-04-12,4.558908939361572,4.558750152587891,4.648125171661377,4.505000114440918,22438400
2016-04-13,4.674526214599609,4.702499866485596,4.763750076293945,4.690625190734863,29584000
2016-04-14,4.673912048339844,4.752500057220459,4.784375190734863,4.724999904632568,17824000
2016-04-15,4.6493120193481445,4.741250038146973,4.761250019073486,4.702499866485596,13128000
2016-04-18,4.698511600494385,4.698750019073486,4.777500152587891,4.693124771118164,15134400
2016-04-19,4.640702724456787,4.786874771118164,4.804999828338623,4.664999961853027,15326400
2016-04-20,4.646237850189209,4.715624809265137,4.767499923706055,4.684999942779541,16120000
2016-04-21,4.648697853088379,4.721875190734863,4.758124828338623,4.684374809265137,15380800
2016-04-22,4.5103254318237305,4.605625152587891,4.644999980926514,4.511875152587891,20971200
2016-04-25,4.50970983505249,4.553124904632568,4.583125114440918,4.538125038146973,20844800
2016-04-26,4.468506336212158,4.599999904632568,4.616250038146973,4.510624885559082,21633600
2016-04-27,4.391632080078125,4.445000171661377,4.485000133514404,4.391250133514404,35660800
2016-04-28,4.289544105529785,4.474374771118164,4.527500152587891,4.336874961853027,28190400
2016-04-29,4.240959644317627,4.351874828338623,4.373125076293945,4.244375228881836,34160000
2016-05-02,4.319677829742432,4.32687520980835,4.403124809265137,4.297500133514404,20142400
2016-05-03,4.241575241088867,4.328125,4.367499828338623,4.287499904632568,17856000
2016-05-04,4.186225891113281,4.260000228881836,4.288750171661377,4.233749866485596,22870400
2016-05-05,4.185610294342041,4.28125,4.302499771118164,4.23562479019165,14476800
2016-05-06,4.228659152984619,4.214375019073486,4.297500133514404,4.201250076293945,18067200
2016-05-09,4.250801086425781,4.29562520980835,4.359375,4.293125152587891,18638400
2016-05-10,4.367647171020508,4.353125095367432,4.443124771118164,4.336249828338623,12568000
2016-05-11,4.290159225463867,4.425624847412109,4.45187520980835,4.355625152587891,14916800
2016-05-12,4.250801086425781,4.382500171661377,4.387499809265137,4.258749961853027,32142400
2016-05-13,4.221279144287109,4.31374979019165,4.364375114440918,4.271874904632568,16592000
2016-05-16,4.323369026184082,4.300000190734863,4.425624847412109,4.292500019073486,16824000
2016-05-17,4.2163615226745605,4.387499809265137,4.411250114440918,4.260624885559082,19136000
2016-05-18,4.245880603790283,4.26687479019165,4.361249923706055,4.247499942779541,26556800
2016-05-19,4.202830791473389,4.281875133514404,4.300000190734863,4.206874847412109,20454400
2016-05-20,4.291388034820557,4.304999828338623,4.397500038146973,4.29812479019165,15123200
2016-05-23,4.2797040939331055,4.368124961853027,4.404375076293945,4.34375,12968000
2016-05-24,4.454360961914063,4.396874904632568,4.535624980926514,4.396874904632568,18547200
2016-05-25,4.518320560455322,4.559374809265137,4.617499828338623,4.545000076293945,18772800
2016-05-26,4.543534278869629,4.605000019073486,4.628749847412109,4.578125,11008000
2016-05-27,4.590273380279541,4.623125076293945,4.666250228881836,4.621874809265137,11939200
2016-05-31,4.60872220993042,4.679999828338623,4.696875095367432,4.636875152587891,12563200
2016-06-01,4.606264114379883,4.651875019073486,4.70437479019165,4.648125171661377,13427200
2016-06-02,4.628403663635254,4.663125038146973,4.703750133514404,4.613749980926514,9129600
2016-06-03,4.582892894744873,4.684374809265137,4.6875,4.598124980926514,15198400
2016-06-06,4.614257335662842,4.675624847412109,4.715624809265137,4.659375190734863,11830400
2016-06-07,4.595807552337647,4.696249961853027,4.705625057220459,4.663750171661377,8638400
2016-06-08,4.608107566833496,4.678750038146973,4.702499866485596,4.650625228881836,10907200
2016-06-09,4.592117786407471,4.648749828338623,4.678124904632568,4.628125190734863,15601600
2016-06-10,4.489414215087891,4.582499980926514,4.600625038146973,4.530624866485596,18483200
2016-06-13,4.411311626434326,4.511875152587891,4.559999942779541,4.474999904632568,24073600
2016-06-14,4.415616512298584,4.466875076293945,4.51687479019165,4.420000076293945,19985600
2016-06-15,4.388557434082031,4.507500171661377,4.517499923706055,4.446875095367432,15638400
2016-06-16,4.415001392364502,4.414999961853027,4.491875171661377,4.359375,27001600
2016-06-17,4.312911987304688,4.46875,4.46875,4.360000133514404,24080000
2016-06-20,4.362728595733643,4.484375,4.523125171661377,4.428750038146973,17139200
2016-06-21,4.391017913818359,4.449999809265137,4.479374885559082,4.430624961853027,15651200
2016-06-22,4.369480609893799,4.466249942779541,4.516250133514404,4.431250095367432,18288000
2016-06-23,4.492547035217285,4.506249904632568,4.565625190734863,4.470624923706055,17403200
2016-06-24,4.127654075622559,4.235000133514404,4.374374866485596,4.171875,44379200
2016-06-27,3.968282461166382,4.137499809265137,4.137499809265137,3.986249923706055,34388800
2016-06-28,4.13503885269165,4.11062479019165,4.20187520980835,4.109375,25536000
2016-06-29,4.279642105102539,4.262499809265137,4.363749980926514,4.261250019073486,23608000
2016-06-30,4.3787102699279785,4.363124847412109,4.453125,4.332499980926514,19667200
2016-07-01,4.422399520874023,4.446249961853027,4.525000095367432,4.441874980926514,17614400
2016-07-05,4.367019176483154,4.449375152587891,4.454999923706055,4.389999866485596,14720000
2016-07-06,4.437781810760498,4.395625114440918,4.512499809265137,4.367499828338623,21640000
2016-07-07,4.466087341308594,4.515625,4.555624961853027,4.494375228881836,22222400
2016-07-08,4.603923320770264,4.581250190734863,4.680624961853027,4.569375038146973,23932800
2016-07-11,4.65807056427002,4.704999923706055,4.763124942779541,4.704999923706055,16667200
2016-07-12,4.702375411987305,4.787499904632568,4.800624847412109,4.766250133514404,12889600
2016-07-13,4.682070732116699,4.801875114440918,4.803124904632568,4.753125190734863,13334400
2016-07-14,4.741142272949219,4.815625190734863,4.835000038146973,4.794374942779541,13686400
2016-07-15,4.727604866027832,4.838749885559082,4.84499979019165,4.78125,11956800
2016-07-18,4.790367126464844,4.806250095367432,4.881249904632568,4.806250095367432,10432000
2016-07-19,4.754678726196289,4.833749771118164,4.858749866485596,4.813125133514404,15460800
2016-07-20,4.866670608520508,4.883749961853027,4.960625171661377,4.871250152587891,15251200
2016-07-21,4.845133304595947,4.950624942779541,4.96750020980835,4.893125057220459,10196800
2016-07-22,4.883282661437988,4.926875114440918,4.971250057220459,4.898125171661377,7872000
2016-07-25,4.885746002197266,4.948750019073486,4.962500095367432,4.928124904632568,7715200
2016-07-26,4.898050785064697,4.958125114440918,5.008124828338623,4.922500133514404,17550400
2016-07-27,4.960814476013184,5.055624961853027,5.066249847412109,4.998125076293945,19049600
2016-07-28,4.998965740203857,5.056875228881836,5.088125228881836,5.025000095367432,16355200
2016-07-29,5.018041133880615,5.098124980926514,5.124374866485596,5.066249847412109,13929600
2016-08-01,5.070345401763916,5.104374885559082,5.176249980926514,5.09250020980835,17864000
2016-08-02,4.9934282302856445,5.136250019073486,5.14187479019165,5.006875038146973,23694400
2016-08-03,5.028501987457275,5.063125133514404,5.107500076293945,5.059999942779541,13172800
2016-08-04,5.056191444396973,5.105625152587891,5.144374847412109,5.078750133514404,14243200
2016-08-05,5.152183532714844,5.189374923706055,5.255624771118164,5.176249980926514,18352000
2016-08-08,5.142338275909424,5.237500190734863,5.241250038146973,5.188125133514404,9110400
2016-08-09,5.165721416473389,5.228125095367432,5.276875019073486,5.223124980926514,12280000
2016-08-10,5.139261245727539,5.25,5.255000114440918,5.191874980926514,10563200
2016-08-11,5.182335376739502,5.252500057220459,5.285624980926514,5.232500076293945,10595200
2016-08-12,5.1891045570373535,5.244375228881836,5.270625114440918,5.23312520980835,12123200
2016-08-15,5.233408451080322,5.28249979019165,5.338125228881836,5.28125,11044800
2016-08-16,5.176181316375732,5.293749809265137,5.29562520980835,5.253749847412109,10518400
2016-08-17,5.191565990447998,5.258124828338623,5.276249885559082,5.199999809265137,19310400
2016-08-18,5.196489334106445,5.266250133514404,5.289374828338623,5.245625019073486,12105600
2016-08-19,5.192180633544922,5.260624885559082,5.296249866485596,5.230625152587891,13158400
2016-08-22,5.198334217071533,5.256249904632568,5.29812479019165,5.239375114440918,9748800
2016-08-23,5.216177940368652,5.318749904632568,5.340624809265137,5.29562520980835,10059200
2016-08-24,5.147876739501953,5.293125152587891,5.306250095367432,5.196875095367432,14985600
2016-08-25,5.130648612976074,5.202499866485596,5.244999885559082,5.190625190734863,9433600
2016-08-26,5.146645545959473,5.21750020980835,5.295000076293945,5.166874885559082,21740800
2016-08-29,5.161414623260498,5.231249809265137,5.270625114440918,5.230625152587891,7222400
2016-08-30,5.127570629119873,5.224999904632568,5.254374980926514,5.172500133514404,12595200
2016-08-31,5.114034652709961,5.191249847412109,5.207499980926514,5.153749942779541,12654400
2016-09-01,5.140492916107178,5.201250076293945,5.235000133514404,5.150000095367432,18008000
2016-09-02,5.173105239868164,5.273125171661377,5.296249866485596,5.21750020980835,9112000
2016-09-06,5.238330364227295,5.272500038146973,5.321875095367432,5.252500057220459,11809600
2016-09-07,5.246944904327393,5.329999923706055,5.345624923706055,5.288125038146973,9542400
2016-09-08,5.183565616607666,5.296249866485596,5.298749923706055,5.239375114440918,17118400
2016-09-09,4.920819282531738,5.176249980926514,5.200624942779541,4.998125076293945,28272000
2016-09-12,5.0949578285217285,4.945000171661377,5.192500114440918,4.942500114440918,32851200
2016-09-13,5.007580757141113,5.125,5.15625,5.038125038146973,27662400
2016-09-14,5.058038234710693,5.097499847412109,5.190000057220459,5.096250057220459,26166400
2016-09-15,5.214333534240723,5.139999866485596,5.307499885559082,5.135624885559082,21566400
2016-09-16,5.207563877105713,5.28249979019165,5.298749923706055,5.238749980926514,19907200
2016-09-19,5.1607985496521,5.314374923706055,5.348750114440918,5.221875190734863,20796800
2016-09-20,5.179874420166016,5.278749942779541,5.303750038146973,5.243124961853027,12260800
2016-09-21,5.280174255371094,5.303750038146973,5.378125190734863,5.244375228881836,24152000
2016-09-22,5.36631965637207,5.428750038146973,5.461874961853027,5.416874885559082,14419200
2016-09-23,5.296172618865967,5.433125019073486,5.434999942779541,5.365624904632568,18270400
2016-09-26,5.208794593811035,5.320000171661377,5.331874847412109,5.275000095367432,13180800
2016-09-27,5.309709548950195,5.286874771118164,5.398125171661377,5.274374961853027,18976000
2016-09-28,5.330016613006592,5.40500020980835,5.418749809265137,5.357500076293945,15054400
2016-09-29,5.249406337738037,5.395625114440918,5.413750171661377,5.287499904632568,25457600
2016-09-30,5.325092792510986,5.361875057220459,5.444375038146973,5.349999904632568,20096000
2016-10-03,5.312171459197998,5.393750190734863,5.409375190734863,5.355625152587891,14316800
2016-10-04,5.298018932342529,5.423749923706055,5.45187520980835,5.339375019073486,25336000
2016-10-05,5.333093166351318,5.40749979019165,5.45187520980835,5.40625,11352000
2016-10-06,5.329400062561035,5.403749942779541,5.431875228881836,5.36062479019165,15828800
2016-10-07,5.305403709411621,5.421875,5.434999942779541,5.336249828338623,18608000
2016-10-10,5.368781089782715,5.438125133514404,5.478750228881836,5.438125133514404,10912000
2016-10-11,5.214333534240723,5.443124771118164,5.447500228881836,5.253125190734863,19296000
2016-10-12,5.21064043045044,5.304375171661377,5.32687520980835,5.260000228881836,9936000
2016-10-13,5.173105239868164,5.21999979019165,5.28125,5.158124923706055,17497600
2016-10-14,5.18110466003418,5.300000190734863,5.345624923706055,5.258124828338623,15888000
2016-10-17,5.154645442962647,5.260000228881836,5.276249885559082,5.223750114440918,11208000
2016-10-18,5.245716571807861,5.356249809265137,5.376874923706055,5.322500228881836,12230400
2016-10-19,5.242638111114502,5.318124771118164,5.341875076293945,5.308750152587891,8024000
2016-10-20,5.232792377471924,5.31125020980835,5.335625171661377,5.253125190734863,14680000
2016-10-21,5.272173404693604,5.321875095367432,5.359375,5.286874771118164,10553600
2016-10-24,5.398317813873291,5.421875,5.488124847412109,5.42062520980835,12548800
2016-10-25,5.360781192779541,5.48562479019165,5.489999771118164,5.429999828338623,15875200
2016-10-26,5.29124927520752,5.375625133514404,5.431875228881836,5.343124866485596,17249600
2016-10-27,5.244485378265381,5.420000076293945,5.425624847412109,5.308750152587891,15204800
2016-10-28,5.171875953674316,5.288750171661377,5.348124980926514,5.224374771118164,25560000
2016-10-31,5.16202974319458,5.291874885559082,5.294374942779541,5.241875171661377,12478400
2016-11-01,5.088189125061035,5.262499809265137,5.26437520980835,5.07687520980835,19878400
2016-11-02,5.003889560699463,5.159999847412109,5.181250095367432,5.058750152587891,18243200
2016-11-03,4.90789794921875,5.066874980926514,5.099999904632568,4.973124980926514,12520000
2016-11-04,4.870361328125,4.957499980926514,5.025000095367432,4.929999828338623,16256000
2016-11-07,5.106032848358154,5.104374885559082,5.193124771118164,5.09375,17072000
2016-11-08,5.171875953674316,5.171249866485596,5.297500133514404,5.148125171661377,19294400
2016-11-09,5.21556282043457,5.121250152587891,5.315000057220459,5.116875171661377,27628800
2016-11-10,5.0463480949401855,5.34250020980835,5.361875057220459,4.987500190734863,45632000
2016-11-11,5.051885604858398,5.080625057220459,5.151875019073486,5.046875,24038400
2016-11-14,4.95097017288208,5.135624885559082,5.14187479019165,4.974374771118164,27435200
2016-11-15,5.088804244995117,5.100625038146973,5.199375152587891,5.088749885559082,20566400
2016-11-16,5.147261619567871,5.121874809265137,5.23312520980835,5.118750095367432,11209600
2016-11-17,5.221101760864258,5.222499847412109,5.304375171661377,5.200624942779541,14073600
2016-11-18,5.183565616607666,5.310625076293945,5.333749771118164,5.254374980926514,9241600
2016-11-21,5.288172721862793,5.288750171661377,5.381249904632568,5.284999847412109,13617600
2016-11-22,5.322630882263184,5.411874771118164,5.431250095367432,5.377500057220459,14211200
2016-11-23,5.279558181762695,5.368124961853027,5.380000114440918,5.3125,13320000
2016-11-25,5.312171459197998,5.371250152587891,5.398749828338623,5.36062479019165,5251200
2016-11-28,5.289403915405273,5.378125190734863,5.419374942779541,5.358749866485596,12137600
2016-11-29,5.324478149414063,5.376874923706055,5.458125114440918,5.349999904632568,12667200
2016-11-30,5.191565990447998,5.416250228881836,5.42312479019165,5.271249771118164,18036800
2016-12-01,5.017427921295166,5.273125171661377,5.273125171661377,5.077499866485596,20212800
2016-12-02,5.032810211181641,5.100625038146973,5.153749942779541,5.070624828338623,18075200
2016-12-05,5.110341548919678,5.166250228881836,5.231874942779541,5.118750095367432,12681600
2016-12-06,5.136800765991211,5.214375019073486,5.234375,5.173749923706055,14288000
2016-12-07,5.265405178070068,5.194375038146973,5.360000133514404,5.163750171661377,17998400
2016-12-08,5.283249855041504,5.353125095367432,5.393125057220459,5.331250190734863,17940800
2016-12-09,5.365704536437988,5.408124923706055,5.45437479019165,5.40625,17382400
2016-12-12,5.316478729248047,5.401249885559082,5.423749923706055,5.356249809265137,12670400
2016-12-13,5.451235771179199,5.435625076293945,5.595624923706055,5.434374809265137,25563200
2016-12-14,5.426623344421387,5.546249866485596,5.585625171661377,5.48312520980835,23904000
2016-12-15,5.443851947784424,5.525000095367432,5.59499979019165,5.502500057220459,20779200
2016-12-16,5.407548427581787,5.553750038146973,5.571875095367432,5.468124866485596,14985600
2016-12-19,5.450622081756592,5.501874923706055,5.601874828338623,5.488124847412109,13302400
2016-12-20,5.49307918548584,5.567500114440918,5.596875190734863,5.557499885559082,11360000
2016-12-21,5.481318473815918,5.576250076293945,5.581250190734863,5.539374828338623,5710400
2016-12-22,5.449915885925293,5.564374923706055,5.565625190734863,5.489999771118164,10484800
2016-12-23,5.45607328414917,5.51437520980835,5.541874885559082,5.503125190734863,4673600
2016-12-27,5.516415596008301,5.5625,5.659375190734863,5.557499885559082,7228800
2016-12-28,5.428981304168701,5.618750095367432,5.628749847412109,5.5,12851200
2016-12-29,5.41050910949707,5.504374980926514,5.529375076293945,5.459374904632568,8950400
2016-12-30,5.302754878997803,5.510624885559082,5.512499809265137,5.349374771118164,16683200
2017-01-03,5.394499778747559,5.45437479019165,5.51687479019165,5.416874885559082,13486400
2017-01-04,5.451147079467773,5.485000133514404,5.553124904632568,5.485000133514404,9744000
2017-01-05,5.512106895446777,5.527500152587891,5.602499961853027,5.527500152587891,9990400
2017-01-06,5.608777523040772,5.606249809265137,5.722499847412109,5.578750133514404,13712000
2017-01-09,5.646337032318115,5.699375152587891,5.750625133514404,5.695624828338623,12824000
2017-01-10,5.670966625213623,5.732500076293945,5.788750171661377,5.708125114440918,11523200
2017-01-11,5.69744348526001,5.755000114440918,5.784375190734863,5.699999809265137,19227200
2017-01-12,5.680202960968018,5.741250038146973,5.773749828338623,5.660624980926514,15232000
2017-01-13,5.720842361450195,5.776249885559082,5.826250076293945,5.775000095367432,12737600
2017-01-17,5.685128211975098,5.773125171661377,5.793125152587891,5.737500190734863,10734400
2017-01-18,5.710989952087402,5.786874771118164,5.803750038146973,5.758749961853027,11449600
2017-01-19,5.701752662658691,5.806250095367432,5.848750114440918,5.764999866485596,12588800
2017-01-20,5.726999282836914,5.838749885559082,5.868124961853027,5.783750057220459,15254400
2017-01-23,5.735619068145752,5.803124904632568,5.836874961853027,5.749374866485596,12027200
2017-01-24,5.813818454742432,5.84375,5.918749809265137,5.826250076293945,12608000
2017-01-25,5.929577827453613,5.973124980926514,6.021874904632568,5.965624809265137,12539200
2017-01-26,5.938812732696533,6.034375190734863,6.056250095367432,6.010624885559082,11788800
2017-01-27,5.961595058441162,6.053124904632568,6.064374923706055,6.016250133514404,9688000
2017-01-30,5.872313499450684,6.011875152587891,6.012499809265137,5.893125057220459,16958400
2017-01-31,5.847684383392334,5.918125152587891,5.9375,5.866875171661377,14944000
2017-02-01,5.927115440368652,6.01437520980835,6.038750171661377,5.962500095367432,19384000
2017-02-02,5.9166460037231445,5.994999885559082,6.039374828338623,5.961249828338623,12419200
2017-02-03,5.947434425354004,6.019374847412109,6.050624847412109,6.006249904632568,13200000
2017-02-06,5.963443756103516,6.01437520980835,6.054999828338623,6.008749961853027,9465600
2017-02-07,6.006546497344971,6.074999809265137,6.121874809265137,6.068124771118164,13507200
2017-02-08,6.029326915740967,6.07937479019165,6.133749961853027,6.057499885559082,9296000
2017-02-09,6.071197509765625,6.130624771118164,6.1875,6.122499942779541,15824000
2017-02-10,6.109989166259766,6.183750152587891,6.21875,6.167500019073486,17462400
2017-02-13,6.179568767547607,6.239375114440918,6.286874771118164,6.234375,14137600
2017-02-14,6.218976020812988,6.275000095367432,6.31374979019165,6.235000133514404,14966400
2017-02-15,6.290401458740234,6.301249980926514,6.391250133514404,6.296875,14771200
2017-02-16,6.288554191589356,6.394374847412109,6.418749809265137,6.350625038146973,16126400
2017-02-17,6.343355655670166,6.365624904632568,6.43874979019165,6.362500190734863,10902400
2017-02-21,6.403696537017822,6.461249828338623,6.508124828338623,6.455625057220459,18315200
2017-02-22,6.409238338470459,6.488124847412109,6.513750076293945,6.46750020980835,13968000
2017-02-23,6.363058567047119,6.522500038146973,6.523125171661377,6.404375076293945,18371200
2017-02-24,6.382762908935547,6.400625228881836,6.478750228881836,6.39187479019165,17516800
2017-02-27,6.400618553161621,6.456250190734863,6.496874809265137,6.433750152587891,14411200
2017-02-28,6.359980583190918,6.490624904632568,6.498125076293945,6.420000076293945,14988800
2017-03-01,6.497905731201172,6.534999847412109,6.619375228881836,6.513124942779541,15451200
2017-03-02,6.433869361877441,6.59375,6.59375,6.51437520980835,11808000
2017-03-03,6.456035614013672,6.51687479019165,6.556250095367432,6.48562479019165,13326400
2017-03-06,6.428327083587647,6.508124828338623,6.545000076293945,6.471250057220459,11216000
2017-03-07,6.402466773986816,6.496874809265137,6.557499885559082,6.478750228881836,10406400
2017-03-08,6.425865173339844,6.505000114440918,6.563125133514404,6.494999885559082,8952000
2017-03-09,6.434484958648682,6.520625114440918,6.550000190734863,6.463125228881836,12166400
2017-03-10,6.489901065826416,6.589375019073486,6.608749866485596,6.53249979019165,11372800
2017-03-13,6.509605407714844,6.581250190734863,6.61062479019165,6.574999809265137,6617600
2017-03-14,6.475738525390625,6.578125,6.583749771118164,6.523125171661377,9457600
2017-03-15,6.55640172958374,6.602499961853027,6.685625076293945,6.561874866485596,13812800
2017-03-16,6.551474571228027,6.681250095367432,6.681875228881836,6.618750095367432,11846400
2017-03-17,6.53916072845459,6.659375190734863,6.676875114440918,6.636875152587891,7243200
2017-03-20,6.5533223152160645,6.638124942779541,6.683750152587891,6.618750095367432,8475200
2017-03-21,6.358748435974121,6.70187520980835,6.715624809265137,6.444375038146973,17296000
2017-03-22,6.441827297210693,6.456874847412109,6.550000190734863,6.435625076293945,13499200
2017-03-23,6.41165018081665,6.520625114440918,6.556250095367432,6.481874942779541,11168000
2017-03-24,6.430126667022705,6.543125152587891,6.595624923706055,6.480625152587891,12824000
2017-03-27,6.455991744995117,6.438125133514404,6.573124885559082,6.40749979019165,11979200
2017-03-28,6.532974243164063,6.54812479019165,6.669374942779541,6.523125171661377,12640000
2017-03-29,6.593944549560547,6.639999866485596,6.695624828338623,6.625625133514404,8689600
2017-03-30,6.612419605255127,6.688125133514404,6.726874828338623,6.674375057220459,10065600
2017-03-31,6.605644702911377,6.693124771118164,6.738749980926514,6.678750038146973,11584000
2017-04-03,6.595789909362793,6.714375019073486,6.745625019073486,6.622499942779541,11862400
2017-04-04,6.614266395568848,6.655624866485596,6.716249942779541,6.652500152587891,6385600
2017-04-05,6.563766479492188,6.73312520980835,6.810625076293945,6.635624885559082,16068800
2017-04-06,6.569925785064697,6.676875114440918,6.70187520980835,6.633124828338623,12670400
2017-04-07,6.563150405883789,6.659999847412109,6.699999809265137,6.612500190734863,10004800
2017-04-10,6.569308757781982,6.67312479019165,6.718124866485596,6.630000114440918,8843200
2017-04-11,6.513267517089844,6.648125171661377,6.669374942779541,6.510000228881836,16848000
2017-04-12,6.459070205688477,6.605000019073486,6.613749980926514,6.538750171661377,12068800
2017-04-13,6.404260635375977,6.535624980926514,6.609375,6.497499942779541,13960000
2017-04-17,6.508956432342529,6.536250114440918,6.60812520980835,6.531875133514404,8764800
2017-04-18,6.492327690124512,6.561874866485596,6.624374866485596,6.553750038146973,12592000
2017-04-19,6.510802268981934,6.640625,6.684999942779541,6.587500095367432,13726400
2017-04-20,6.614266395568848,6.659999847412109,6.744999885559082,6.639999866485596,13692800
2017-04-21,6.614266395568848,6.726874828338623,6.731874942779541,6.679375171661377,10641600
2017-04-24,6.773772716522217,6.856874942779541,6.885624885559082,6.839375019073486,11488000
2017-04-25,6.872309684753418,6.918125152587891,6.996250152587891,6.908750057220459,8708800
2017-04-26,6.852601528167725,6.978750228881836,7.010000228881836,6.945000171661377,11865600
2017-04-27,6.932661533355713,6.987500190734863,7.035624980926514,6.979374885559082,9142400
2017-04-28,6.957297801971436,7.091875076293945,7.096875190734863,7.038125038146973,9145600
2017-05-01,7.074924468994141,7.106874942779541,7.203750133514404,7.103125095367432,8368000
2017-05-02,7.103869915008545,7.205625057220459,7.215000152587891,7.166874885559082,8174400
2017-05-03,7.057681083679199,7.179375171661377,7.181250095367432,7.12375020980835,9921600
2017-05-04,7.062607765197754,7.163125038146973,7.183750152587891,7.116875171661377,9598400
2017-05-05,7.113107681274414,7.203750133514404,7.21875,7.149374961853027,8523200
2017-05-08,7.143900871276856,7.223124980926514,7.25,7.198750019073486,6856000
2017-05-09,7.194400787353516,7.268125057220459,7.331250190734863,7.259375095367432,9747200
2017-05-10,7.200559616088867,7.308750152587891,7.31374979019165,7.257500171661377,7777600
2017-05-11,7.188857555389404,7.269999980926514,7.29812479019165,7.199999809265137,12984000
2017-05-12,7.221498966217041,7.300624847412109,7.331874847412109,7.291250228881836,6872000
2017-05-15,7.265840530395508,7.333125114440918,7.381875038146973,7.323750019073486,7286400
2017-05-16,7.328656196594238,7.408124923706055,7.4375,7.369999885559082,7971200
2017-05-17,6.952985286712647,7.317500114440918,7.34250020980835,7.054375171661377,24633600
2017-05-18,7.071229934692383,7.054375171661377,7.224999904632568,7.035624980926514,22795200
2017-05-19,7.1346635818481445,7.227499961853027,7.300000190734863,7.224374771118164,13368000
2017-05-22,7.254754066467285,7.269374847412109,7.369375228881836,7.266250133514404,8078400
2017-05-23,7.266454696655273,7.406875133514404,7.406875133514404,7.341249942779541,10201600
2017-05-24,7.335431098937988,7.42062520980835,7.449999809265137,7.377500057220459,10771200
2017-05-25,7.456753730773926,7.5,7.606249809265137,7.46750020980835,13491200
2017-05-26,7.482620239257812,7.570000171661377,7.599374771118164,7.551875114440918,7923200
2017-05-30,7.496785640716553,7.583125114440918,7.625,7.57937479019165,5656000
2017-05-31,7.487545967102051,7.65625,7.658750057220459,7.523749828338623,12798400
2017-06-01,7.55282735824585,7.632500171661377,7.664999961853027,7.568749904632568,13092800
2017-06-02,7.716644763946533,7.715624809265137,7.836249828338623,7.688125133514404,8580800
2017-06-05,7.715412139892578,7.833125114440918,7.85812520980835,7.808750152587891,7500800
2017-06-06,7.658754348754883,7.811874866485596,7.861249923706055,7.748125076293945,11993600
2017-06-07,7.713566303253174,7.806250095367432,7.840624809265137,7.739999771118164,12206400
2017-06-08,7.731424808502197,7.863749980926514,7.868124961853027,7.759375095367432,14518400
2017-06-09,7.34282112121582,7.86062479019165,7.879374980926514,7.243124961853027,39006400
2017-06-12,7.261527061462402,7.327499866485596,7.394374847412109,7.181875228881836,40088000
2017-06-13,7.379157543182373,7.451250076293945,7.508749961853027,7.37624979019165,23492800
2017-06-14,7.313260078430176,7.550000190734863,7.550000190734863,7.303750038146973,21617600
2017-06-15,7.244900703430176,7.271874904632568,7.371874809265137,7.181250095367432,27932800
2017-06-16,7.19255256652832,7.351250171661377,7.353750228881836,7.237500190734863,17182400
2017-06-19,7.423498153686523,7.429375171661377,7.54812479019165,7.410624980926514,18313600
2017-06-20,7.30956506729126,7.518750190734863,7.537499904632568,7.411874771118164,13609600
2017-06-21,7.452267646789551,7.448124885559082,7.565625190734863,7.439374923706055,18323200
2017-06-22,7.446724891662598,7.581874847412109,7.612500190734863,7.518750190734863,15884800
2017-06-23,7.50153923034668,7.540625095367432,7.633749961853027,7.49875020980835,11470400
2017-06-26,7.434406757354736,7.698124885559082,7.726250171661377,7.511250019073486,20366400
2017-06-27,7.164647579193115,7.48562479019165,7.502500057220459,7.268750190734863,32388800
2017-06-28,7.364194869995117,7.320624828338623,7.488124847412109,7.238124847412109,24598400
2017-06-29,7.111064434051514,7.409375190734863,7.414374828338623,7.074375152587891,39684800
2017-06-30,7.102442741394043,7.258749961853027,7.293125152587891,7.175624847412109,19865600
2017-07-03,6.966330051422119,7.283124923706055,7.303124904632568,7.059374809265137,14022400
2017-07-05,7.101825714111328,7.109375,7.244999885559082,7.064374923706055,15768000
2017-07-06,6.971872806549072,7.095624923706055,7.15749979019165,7.025625228881836,21062400
2017-07-07,7.117223262786865,7.121874809265137,7.265625,7.121874809265137,13872000
2017-07-10,7.215765476226807,7.237500190734863,7.356874942779541,7.20187520980835,14107200
2017-07-11,7.255183219909668,7.297500133514404,7.380000114440918,7.248125076293945,15385600
2017-07-12,7.43071174621582,7.487500190734863,7.553750038146973,7.458749771118164,13705600
2017-07-13,7.461505889892578,7.554375171661377,7.605000019073486,7.526249885559082,11862400
2017-07-14,7.574828624725342,7.634375095367432,7.707499980926514,7.590000152587891,13230400
2017-07-17,7.5828375816345215,7.702499866485596,7.747499942779541,7.666250228881836,6811200
2017-07-18,7.686306953430176,7.683750152587891,7.800000190734863,7.637499809265137,7520000
2017-07-19,7.774994373321533,7.84250020980835,7.911250114440918,7.838749885559082,7757600
2017-07-20,7.794701099395752,7.929999828338623,7.9375,7.837500095367432,9481600
2017-07-21,7.783616542816162,7.84499979019165,7.900000095367432,7.818749904632568,5974400
2017-07-24,7.852595329284668,7.898749828338623,7.983749866485596,7.880000114440918,6931200
2017-07-25,7.819337368011475,7.917500019073486,7.96750020980835,7.888750076293945,6710400
2017-07-26,7.867377281188965,7.972499847412109,7.989999771118164,7.948750019073486,5128800
2017-07-27,7.774994373321533,8.087499618530273,8.101249694824219,7.698750019073486,22096000
2017-07-28,7.754052639007568,7.786250114440918,7.893750190734863,7.761250019073486,9999200
2017-07-31,7.685074329376221,7.909999847412109,7.929999828338623,7.767499923706055,9078400
2017-08-01,7.718331813812256,7.847499847412109,7.857500076293945,7.791250228881836,6574400
2017-08-02,7.760212421417236,7.93625020980835,7.93874979019165,7.732500076293945,11362400
2017-08-03,7.708478927612305,7.894999980926514,7.894999980926514,7.788750171661377,10845600
2017-08-04,7.72818660736084,7.84499979019165,7.877500057220459,7.78000020980835,8856000
2017-08-07,7.82180118560791,7.868750095367432,7.941249847412109,7.849999904632568,6524800
2017-08-08,7.799629211425781,7.908750057220459,8.038749694824219,7.867499828338623,12042400
2017-08-09,7.777457237243652,7.787499904632568,7.897500038146973,7.747499942779541,17067200
2017-08-10,7.4399495124816895,7.806250095367432,7.8125,7.538750171661377,24116800
2017-08-11,7.552042961120605,7.573750019073486,7.699999809265137,7.538750171661377,15600000
2017-08-14,7.747894763946533,7.784999847412109,7.887499809265137,7.783750057220459,13187200
2017-08-15,7.757749080657959,7.897500038146973,7.903749942779541,7.832499980926514,9633600
2017-08-16,7.787311553955078,7.90749979019165,7.974999904632568,7.849999904632568,11654400
2017-08-17,7.469511985778809,7.84250020980835,7.862500190734863,7.577499866485596,19133600
2017-08-18,7.449804306030273,7.585000038146973,7.668749809265137,7.505000114440918,19329600
2017-08-21,7.4411821365356445,7.567500114440918,7.596250057220459,7.451250076293945,11562400
2017-08-22,7.662901878356934,7.62624979019165,7.791250228881836,7.622499942779541,10056800
2017-08-23,7.605009078979492,7.697500228881836,7.753749847412109,7.684999942779541,9434400
2017-08-24,7.565590858459473,7.753749847412109,7.769999980926514,7.586249828338623,11104000
2017-08-25,7.531101703643799,7.730000019073486,7.768750190734863,7.621250152587891,12544000
2017-08-28,7.569286823272705,7.684999942779541,7.721250057220459,7.637499809265137,6819200
2017-08-29,7.632107257843018,7.554999828338623,7.771249771118164,7.537499904632568,7864800
2017-08-30,7.814411163330078,7.760000228881836,7.949999809265137,7.74875020980835,12700800
2017-08-31,7.959762096405029,7.96875,8.0962495803833,7.962500095367432,10594400
2017-09-01,7.958528995513916,8.117500305175781,8.138750076293945,8.03125,7959200
2017-09-05,7.811946392059326,8.020000457763672,8.05875015258789,7.808750152587891,16024800
2017-09-06,7.857522964477539,7.972499847412109,8.011249542236328,7.861249923706055,8940800
2017-09-07,7.8957085609436035,8.005000114440918,8.052499771118164,7.952499866485596,7624000
2017-09-08,7.761444091796875,7.989999771118164,7.996250152587891,7.856249809265137,7356000
2017-09-11,7.92896556854248,7.992499828338623,8.078749656677246,7.992499828338623,7383200
2017-09-12,7.973310947418213,8.100000381469727,8.113750457763672,8.017499923706055,10645600
2017-09-13,7.995481967926025,8.0649995803833,8.114999771118164,8.037500381469727,5560800
2017-09-14,7.899404048919678,8.052499771118164,8.09749984741211,8.007499694824219,7819200
2017-09-15,7.949908256530762,8.017499923706055,8.130000114440918,7.988749980926514,7004000
2017-09-18,7.932663440704346,8.083749771118164,8.138750076293945,8.001250267028809,6916000
2017-09-19,7.959762096405029,8.079999923706055,8.098750114440918,8.022500038146973,4793600
2017-09-20,7.912954330444336,8.072500228881836,8.085000038146973,7.901249885559082,10851200
2017-09-21,7.809484004974365,8.016249656677246,8.016249656677246,7.872499942779541,8819200
2017-09-22,7.797166347503662,7.875,7.931250095367432,7.860000133514404,5692800
2017-09-25,7.634571552276611,7.846250057220459,7.856249809265137,7.666250228881836,12168000
2017-09-26,7.671524047851562,7.820000171661377,7.852499961853027,7.730000019073486,8515200
2017-09-27,7.808250904083252,7.863749980926514,7.981249809265137,7.824999809265137,12598400
2017-09-28,7.800861358642578,7.887499809265137,7.931250095367432,7.848750114440918,8776800
2017-09-29,7.9104905128479,7.945000171661377,8.039999961853027,7.90625,9125600
2017-10-02,7.921574592590332,8.053750038146973,8.107500076293945,7.972499847412109,8859200
2017-10-03,7.96099328994751,8.0600004196167,8.09375,8.0287504196167,6309600
2017-10-04,7.972080230712891,8.047499656677246,8.125,8.032500267028809,6527200
2017-10-05,8.129745483398438,8.146249771118164,8.255000114440918,8.131250381469727,8244800
2017-10-06,8.146990776062012,8.192500114440918,8.268750190734863,8.192500114440918,7084000
2017-10-09,8.132209777832031,8.295000076293945,8.306249618530273,8.231249809265137,4552000
2017-10-10,8.143294334411621,8.305000305175781,8.322500228881836,8.188750267028809,6088000
2017-10-11,8.192566871643066,8.256250381469727,8.313750267028809,8.234999656677246,4819200
2017-10-12,8.161772727966309,8.28499984741211,8.3462495803833,8.263750076293945,6525600
2017-10-13,8.22089672088623,8.34749984741211,8.362500190734863,8.328749656677246,4937600
2017-10-16,8.27756118774414,8.381250381469727,8.40250015258789,8.351249694824219,5237600
2017-10-17,8.296036720275879,8.393750190734863,8.421250343322754,8.367500305175781,4802400
2017-10-18,8.27756118774414,8.4350004196167,8.4375,8.376250267028809,4096800
2017-10-19,8.215970993041992,8.30875015258789,8.337499618530273,8.220000267028809,8650400
2017-10-20,8.257853507995605,8.407500267028809,8.417499542236328,8.359999656677246,5980800
2017-10-23,8.150686264038086,8.413749694824219,8.414999961853027,8.248749732971191,10334400
2017-10-24,8.181482315063477,8.296250343322754,8.332500457763672,8.237500190734863,10473600
2017-10-25,8.114964485168457,8.265000343322754,8.319999694824219,8.112500190734863,9878400
2017-10-26,8.068157196044922,8.227499961853027,8.263750076293945,8.178750038146973,7840000
2017-10-27,8.523914337158203,8.448749542236328,8.6875,8.430000305175781,13812000
2017-10-30,8.570723533630371,8.448749542236328,8.762499809265137,8.448749542236328,8524000
2017-10-31,8.632314682006836,8.75,8.78499984741211,8.701250076293945,5910400
2017-11-01,8.628618240356445,8.824999809265137,8.838749885559082,8.6899995803833,8323200
2017-11-02,8.589201927185059,8.732500076293945,8.739999771118164,8.602499961853027,8817600
2017-11-03,8.75179672241211,8.786250114440918,8.888750076293945,8.72249984741211,10007200
2017-11-06,8.813384056091309,8.8725004196167,8.951250076293945,8.866250038146973,4132000
2017-11-07,8.823241233825684,8.932499885559082,8.977499961853027,8.893750190734863,7084800
2017-11-08,8.895913124084473,8.949999809265137,9.03125,8.928750038146973,4901600
2017-11-09,8.797371864318848,8.881250381469727,8.9399995803833,8.7475004196167,10623200
2017-11-10,8.799834251403809,8.890000343322754,8.943750381469727,8.858750343322754,5646400
2017-11-13,8.818310737609863,8.862500190734863,8.97249984741211,8.862500190734863,4464800
2017-11-14,8.757955551147461,8.881250381469727,8.904999732971191,8.800000190734863,7810400
2017-11-15,8.666801452636719,8.8100004196167,8.8462495803833,8.708749771118164,8024000
2017-11-16,8.892219543457031,8.891249656677246,9.063750267028809,8.890000343322754,9411200
2017-11-17,8.824469566345215,9.02750015258789,9.03874969482422,8.938750267028809,5201600
2017-11-20,8.809688568115234,8.96875,8.981249809265137,8.916250228881836,4398400
2017-11-21,8.99692153930664,9.017499923706056,9.138750076293944,9.016249656677246,5812800
2017-11-22,9.021552085876465,9.149999618530272,9.170000076293944,9.114999771118164,4404000
2017-11-24,9.0880708694458,9.170000076293944,9.223750114440918,9.162500381469728,4624800
2017-11-27,9.078216552734377,9.212499618530272,9.251250267028809,9.170000076293944,7015200
2017-11-28,9.123791694641112,9.25374984741211,9.267499923706056,9.15250015258789,11962400
2017-11-29,8.810922622680664,9.233750343322754,9.233750343322754,8.848750114440918,19259200
2017-11-30,8.952576637268066,9.008749961853027,9.114999771118164,8.96875,13880000
2017-12-01,8.876204490661621,8.967499732971191,9.092499732971191,8.738750457763672,17671200
2017-12-04,8.671730041503906,9.12125015258789,9.131250381469728,8.779999732971191,17936000
2017-12-05,8.6741943359375,8.7837495803833,9.006250381469727,8.723750114440918,14808800
2017-12-06,8.753026008605957,8.737500190734863,8.912500381469727,8.720000267028809,10258400
2017-12-07,8.814614295959473,8.885000228881836,8.99625015258789,8.863750457763672,9636800
2017-12-08,8.892219543457031,9.073749542236328,9.11750030517578,8.994999885559082,8942400
2017-12-11,9.030179977416992,9.029999732971191,9.166250228881836,9.0287504196167,7212800
2017-12-12,9.00430965423584,9.154999732971191,9.1899995803833,9.100000381469728,6592800
2017-12-13,9.036336898803713,9.207500457763672,9.228750228881836,9.146249771118164,7186400
2017-12-14,9.022787094116213,9.204999923706056,9.244999885559082,9.137499809265137,7492000
2017-12-15,9.21986961364746,9.227499961853027,9.383749961853027,9.197500228881836,10990400
2017-12-18,9.378769874572754,9.483750343322754,9.536250114440918,9.452500343322754,9395200
2017-12-19,9.272836685180664,9.483750343322754,9.5,9.356249809265137,9002400
2017-12-20,9.249434471130373,9.475000381469728,9.477499961853027,9.311249732971191,11491200
2017-12-21,9.250665664672852,9.407500267028809,9.46875,9.364999771118164,6385600
2017-12-22,9.228493690490724,9.354999542236328,9.369999885559082,9.3149995803833,6430400
2017-12-26,9.128722190856934,9.267499923706056,9.28499984741211,9.193750381469728,5585600
2017-12-27,9.129953384399414,9.256250381469728,9.3125,9.243749618530272,4949600
2017-12-28,9.14842700958252,9.31624984741211,9.31999969482422,9.262499809265137,6582400
2017-12-29,9.032639503479004,9.298749923706056,9.300000190734863,9.15999984741211,9567200
2018-01-02,9.34551239013672,9.25749969482422,9.49250030517578,9.217499732971191,10641600
2018-01-03,9.527816772460938,9.50749969482422,9.6875,9.50374984741211,10131200
2018-01-04,9.562305450439451,9.74250030517578,9.762499809265137,9.682499885559082,8392000
2018-01-05,9.751998901367188,9.792499542236328,9.911250114440918,9.761249542236328,9568800
2018-01-08,9.82467555999756,9.90250015258789,9.984999656677246,9.891249656677246,9283200
2018-01-09,9.83329963684082,10.015000343322754,10.032500267028809,9.916250228881836,9404000
2018-01-10,9.77910041809082,9.87874984741211,9.93000030517578,9.795000076293944,10728800
2018-01-11,9.914594650268556,9.962499618530272,10.061249732971191,9.931249618530272,11340800
2018-01-12,10.055018424987791,10.041250228881836,10.228750228881836,10.021249771118164,10579200
2018-01-16,9.998357772827148,10.338749885559082,10.447500228881836,10.0912504196167,19343200
2018-01-17,10.213916778564451,10.24250030517578,10.39875030517578,10.14875030517578,12359200
2018-01-18,10.217611312866213,10.33625030517578,10.417499542236328,10.28499984741211,10056000
2018-01-19,10.282898902893066,10.4350004196167,10.4662504196167,10.333749771118164,10224000
2018-01-22,10.500925064086914,10.421250343322754,10.65625,10.4037504196167,9268000
2018-01-23,10.672141075134276,10.725000381469728,10.852499961853027,10.713749885559082,10878400
2018-01-24,10.541571617126465,10.875,10.926250457763672,10.568750381469728,22814400
2018-01-25,10.52802276611328,10.829999923706056,10.8412504196167,10.612500190734863,12841600
2018-01-26,10.835966110229492,10.798749923706056,10.9975004196167,10.760000228881836,9285600
2018-01-29,10.738656044006348,10.954999923706056,11.001250267028809,10.853750228881836,13812000
2018-01-30,10.566205024719238,10.698749542236328,10.80875015258789,10.608750343322754,14988800
2018-01-31,10.64380931854248,10.84000015258789,10.87874984741211,10.671250343322754,11579200
2018-02-01,10.46766471862793,10.640000343322754,10.84375,10.553750038146973,12460800
2018-02-02,10.043932914733888,10.542499542236328,10.585000038146973,10.181249618530272,31801600
2018-02-05,9.266678810119627,10.001250267028809,10.33625030517578,9.38249969482422,34402400
2018-02-06,9.738448143005373,9.125,9.911250114440918,9.032500267028809,32716000
2018-02-07,9.489630699157717,9.827500343322754,10.041250228881836,9.630000114440918,20606400
2018-02-08,8.698831558227539,9.677499771118164,9.699999809265137,8.819999694824219,23687200
2018-02-09,8.984601974487305,9.06999969482422,9.25,8.4350004196167,38595200
2018-02-12,9.312253952026367,9.307499885559082,9.56999969482422,9.161250114440918,21568800
2018-02-13,9.396015167236328,9.345000267028809,9.578749656677246,9.307499885559082,11773600
2018-02-14,9.755696296691896,9.427499771118164,9.927499771118164,9.425000190734863,20396000
2018-02-15,10.105521202087402,10.071249961853027,10.256250381469728,9.866250038146973,22069600
2018-02-16,10.030384063720703,10.198749542236328,10.391249656677246,10.137499809265137,18961600
2018-02-20,10.055018424987791,10.100000381469728,10.381250381469728,10.087499618530272,14119200
2018-02-21,9.995895385742188,10.300000190734863,10.508749961853027,10.141249656677246,19419200
2018-02-22,10.00697898864746,10.243749618530272,10.34375,10.095000267028809,16747200
2018-02-23,10.40238094329834,10.300000190734863,10.556249618530272,10.22624969482422,13585600
2018-02-26,10.67583465576172,10.6537504196167,10.833749771118164,10.643750190734863,13797600
2018-02-27,10.40976905822754,10.845000267028809,10.880000114440918,10.563750267028809,26056000
2018-02-28,10.279202461242676,10.692500114440918,10.758749961853027,10.422499656677246,15216000
2018-03-01,9.954012870788574,10.446249961853027,10.537500381469728,9.9087495803833,31126400
2018-03-02,10.127694129943848,9.8462495803833,10.3125,9.78125,19491200
2018-03-05,10.346951484680176,10.18375015258789,10.556249618530272,10.108750343322754,18609600
2018-03-06,10.433173179626465,10.603750228881836,10.664999961853027,10.46500015258789,18846400
2018-03-07,10.479982376098633,10.427499771118164,10.65625,10.396249771118164,16130400
2018-03-08,10.597002029418944,10.720000267028809,10.770000457763672,10.641249656677246,11268800
2018-03-09,10.999794960021973,10.912500381469728,11.162500381469728,10.8774995803833,15151200
2018-03-12,11.10079860687256,11.233750343322754,11.3412504196167,11.1850004196167,15638400
2018-03-13,10.82734203338623,11.381250381469728,11.4350004196167,10.925000190734863,20951200
2018-03-14,10.81872272491455,11.092499732971191,11.112500190734863,10.881250381469728,17603200
2018-03-15,10.789159774780272,10.9975004196167,11.08625030517578,10.875,15205600
2018-03-16,10.73742389678955,10.987500190734863,11.039999961853027,10.881250381469728,12656000
2018-03-19,10.281665802001951,10.701250076293944,10.701250076293944,10.238750457763672,23240000
2018-03-20,10.339559555053713,10.422499656677246,10.53874969482422,10.366250038146973,10019200
2018-03-21,10.243481636047363,10.442500114440918,10.630000114440918,10.3100004196167,15803200
2018-03-22,9.73352336883545,10.116250038146973,10.255000114440918,9.862500190734863,26274400
2018-03-23,9.216176986694336,9.862500190734863,9.914999961853027,9.352499961853027,25210400
2018-03-26,9.909667015075684,9.734999656677246,10.081250190734863,9.4375,24511200
2018-03-27,9.255590438842772,10.201250076293944,10.203749656677246,9.234999656677246,25253600
2018-03-28,9.05357837677002,9.302499771118164,9.477499961853027,9.045000076293944,31148800
2018-03-29,9.38616180419922,9.289999961853027,9.703749656677246,9.114999771118164,18369600
2018-04-02,8.846640586853027,9.386249542236328,9.473750114440918,8.77750015258789,24124000
2018-04-03,9.036336898803713,9.141249656677246,9.248749732971191,8.850000381469727,24143200
2018-04-04,9.27037525177002,8.821249961853027,9.516249656677246,8.796250343322754,27109600
2018-04-05,9.420652389526367,9.642499923706056,9.677499771118164,9.43000030517578,24580000
2018-04-06,8.966123580932617,9.362500190734863,9.542499542236328,8.9975004196167,20556000
2018-04-09,9.070826530456545,9.24625015258789,9.577500343322754,9.182499885559082,15968000
2018-04-10,9.469922065734863,9.49625015258789,9.678750038146973,9.368749618530272,16132800
2018-04-11,9.371379852294922,9.50749969482422,9.712499618530272,9.487500190734863,13467200
2018-04-12,9.585712432861328,9.631250381469728,9.798749923706056,9.612500190734863,13984000
2018-04-13,9.4957914352417,9.833749771118164,9.857500076293944,9.55500030517578,13190400
2018-04-16,9.630054473876951,9.761249542236328,9.848750114440918,9.64875030517578,8600800
2018-04-17,10.040239334106444,9.973750114440918,10.241250038146973,9.94124984741211,10188800
2018-04-18,10.087044715881348,10.207500457763672,10.311249732971191,10.102499961853027,9190400
2018-04-19,9.91582489013672,10.142499923706056,10.182499885559082,9.979999542236328,12736800
2018-04-20,9.593098640441896,9.9975004196167,10.010000228881836,9.662500381469728,16163200
2018-04-23,9.541366577148438,9.823749542236328,9.89875030517578,9.574999809265137,13684800
2018-04-24,9.136110305786133,9.771249771118164,9.801250457763672,9.143750190734863,21473600
2018-04-25,9.164443969726562,9.303750038146973,9.36750030517578,9.037500381469728,17077600
2018-04-26,9.533974647521973,9.529999732971191,9.739999771118164,9.46875,13362400
2018-04-27,9.54998779296875,9.958749771118164,9.963749885559082,9.582500457763672,17289600
2018-04-30,9.410795211791992,9.737500190734863,9.854999542236328,9.505000114440918,15795200
2018-05-01,9.617734909057615,9.505000114440918,9.772500038146973,9.458749771118164,15316000
2018-05-02,9.51426601409912,9.80500030517578,9.862500190734863,9.63249969482422,12085600
2018-05-03,9.50810718536377,9.561249732971191,9.71875,9.342499732971191,18940000
2018-05-04,9.866555213928224,9.568750381469728,10.05875015258789,9.551250457763672,12237600
2018-05-07,10.021761894226074,10.108750343322754,10.243749618530272,10.092499732971191,11336000
2018-05-08,9.999588012695312,10.133749961853027,10.198749542236328,10.010000228881836,11168000
2018-05-09,10.23116397857666,10.199999809265137,10.393750190734863,10.125,10900000
2018-05-10,10.438102722167969,10.443750381469728,10.606249809265137,10.43000030517578,13800800
2018-05-11,10.418394088745115,10.551250457763672,10.619999885559082,10.477499961853027,11444800
2018-05-14,10.449189186096191,10.61750030517578,10.738750457763672,10.571249961853027,11264800
2018-05-15,10.218846321105955,10.436249732971191,10.446249961853027,10.25749969482422,18564800
2018-05-16,10.355571746826172,10.397500038146973,10.552499771118164,10.386249542236328,10063200
2018-05-17,10.26811695098877,10.436249732971191,10.582500457763672,10.322500228881836,10403200
2018-05-18,10.162181854248049,10.34749984741211,10.411250114440918,10.28499984741211,7439200
2018-05-21,10.28043270111084,10.4712495803833,10.5649995803833,10.342499732971191,11191200
2018-05-22,10.250871658325195,10.524999618530272,10.556249618530272,10.363750457763672,7474400
2018-05-23,10.422088623046877,10.24250030517578,10.576250076293944,10.241250038146973,10725600
2018-05-24,10.41223430633545,10.568750381469728,10.602499961853027,10.354999542236328,10844000
2018-05-25,10.434405326843262,10.5625,10.66374969482422,10.524999618530272,8568800
2018-05-29,10.340790748596191,10.484999656677246,10.609999656677246,10.368749618530272,12250400
2018-05-30,10.484910011291504,10.568750381469728,10.678750038146973,10.521249771118164,8212800
2018-05-31,10.471362113952637,10.631250381469728,10.766249656677246,10.573749542236328,13189600
2018-06-01,10.80024528503418,10.729999542236328,10.96875,10.72624969482422,9189600
2018-06-04,10.98501205444336,11.013750076293944,11.162500381469728,11.001250267028809,8380000
2018-06-05,11.056456565856934,11.199999809265137,11.262499809265137,11.1274995803833,8060000
2018-06-06,11.188257217407228,11.251250267028809,11.353750228881836,11.133749961853027,7833600
2018-06-07,11.013343811035156,11.354999542236328,11.356249809265137,11.05875015258789,9358400
2018-06-08,11.002256393432615,11.047499656677246,11.199999809265137,11.00749969482422,9008800
2018-06-11,11.061381340026855,11.151249885559082,11.279999732971191,11.145000457763672,5928000
2018-06-12,11.178400993347168,11.256250381469728,11.364999771118164,11.236249923706056,5282400
2018-06-13,11.168545722961426,11.380000114440918,11.50749969482422,11.293749809265137,10618400
2018-06-14,11.40135383605957,11.4350004196167,11.60124969482422,11.426250457763672,9347200
2018-06-15,11.321287155151367,11.488750457763672,11.532500267028809,11.373749732971191,12302400
2018-06-18,11.3077392578125,11.3412504196167,11.489999771118164,11.267499923706056,11745600
2018-06-19,11.23875904083252,11.18000030517578,11.40625,11.111249923706056,12672800
2018-06-20,11.398889541625977,11.50749969482422,11.661250114440918,11.488750457763672,9612000
2018-06-21,11.196880340576172,11.62125015258789,11.641249656677246,11.31999969482422,11680000
2018-06-22,11.125433921813965,11.44124984741211,11.447500228881836,11.232500076293944,8013600
2018-06-25,10.641345977783203,11.107500076293944,11.137499809265137,10.60124969482422,25484800
2018-06-26,10.731266021728516,10.87874984741211,11.012499809265137,10.798749923706056,14937600
2018-06-27,10.42701816558838,10.978750228881836,11.074999809265137,10.577500343322754,18160000
2018-06-28,10.616707801818848,10.556249618530272,10.842499732971191,10.520000457763672,16586400
2018-06-29,10.649970054626465,10.876250267028809,10.988750457763672,10.800000190734863,10381600
2018-07-02,10.810098648071287,10.623749732971191,10.97624969482422,10.578749656677246,8789600
2018-07-03,10.557583808898926,11.043749809265137,11.051250457763672,10.697500228881836,8424800
2018-07-05,10.819952011108398,10.857500076293944,10.993749618530272,10.744999885559082,10808000
2018-07-06,11.146374702453612,11.024999618530272,11.335000038146973,10.987500190734863,9174400
2018-07-09,11.353312492370604,11.43000030517578,11.524999618530272,11.34749984741211,9883200
2018-07-10,11.37055778503418,11.552499771118164,11.58625030517578,11.458749771118164,8161600
2018-07-11,11.25723361968994,11.362500190734863,11.5,11.337499618530272,9681600
2018-07-12,11.6267671585083,11.521249771118164,11.80500030517578,11.506250381469728,9515200
2018-07-13,11.650174140930176,11.802499771118164,11.864999771118164,11.744999885559082,7636000
2018-07-16,11.599668502807615,11.831250190734863,11.869999885559082,11.732500076293944,7059200
2018-07-17,11.74501895904541,11.518750190734863,11.96125030517578,11.518750190734863,8197600
2018-07-18,11.693285942077637,11.90999984741211,11.926250457763672,11.793749809265137,8352000
2018-07-19,11.578730583190918,11.789999961853027,11.856249809265137,11.71875,9615200
2018-07-20,11.563947677612305,11.822500228881836,11.890000343322754,11.712499618530272,10312800
2018-07-23,11.636622428894045,11.662500381469728,11.81999969482422,11.573749542236328,7251200
2018-07-24,11.737628936767578,12.057499885559082,12.138750076293944,11.8149995803833,11300800
2018-07-25,12.059124946594238,11.920000076293944,12.25374984741211,11.90999984741211,10581600
2018-07-26,11.709298133850098,11.9037504196167,11.983750343322754,11.838749885559082,11900000
2018-07-27,11.386571884155272,12.022500038146973,12.029999732971191,11.412500381469728,18134400
2018-07-30,11.06014919281006,11.551250457763672,11.55875015258789,11.109999656677246,14644800
2018-07-31,11.187020301818848,11.300000190734863,11.47624969482422,11.182499885559082,11528800
2018-08-01,11.30527400970459,11.44499969482422,11.542499542236328,11.348750114440918,9388800
2018-08-02,11.613219261169434,11.3100004196167,11.811249732971191,11.300000190734863,12026400
2018-08-03,11.679736137390137,11.81624984741211,11.856249809265137,11.727499961853027,8567200
2018-08-06,11.825087547302246,11.8462495803833,12.0,11.80875015258789,10143200
2018-08-07,11.895297050476074,12.05500030517578,12.123749732971191,12.00749969482422,7208800
2018-08-08,11.916236877441406,12.043749809265137,12.151249885559082,11.978750228881836,6814400
2018-08-09,11.906381607055664,12.09375,12.181249618530272,12.057499885559082,6632800
2018-08-10,11.729007720947266,11.925000190734863,11.9975004196167,11.81624984741211,12099200
2018-08-13,11.708066940307615,11.9399995803833,12.0962495803833,11.864999771118164,9997600
2018-08-14,11.849720001220703,11.967499732971191,12.052499771118164,11.8412504196167,6780800
2018-08-15,11.565179824829102,11.84375,11.907500267028809,11.582500457763672,13655200
2018-08-16,11.629233360290527,11.907500267028809,11.954999923706056,11.75749969482422,8097600
2018-08-17,11.63539218902588,11.737500190734863,11.866250038146973,11.598750114440918,9157600
2018-08-20,11.618145942687988,11.864999771118164,11.86750030517578,11.69499969482422,9772800
2018-08-21,11.698212623596191,11.859999656677246,12.012499809265137,11.842499732971191,10044000
2018-08-22,11.784433364868164,11.8149995803833,11.987500190734863,11.789999961853027,5916800
2018-08-23,11.749947547912598,11.921250343322754,12.087499618530272,11.887499809265137,9630400
2018-08-24,11.965509414672852,11.9975004196167,12.16374969482422,11.9975004196167,6557600
2018-08-27,12.206937789916992,12.272500038146973,12.387499809265137,12.229999542236328,8938400
2018-08-28,12.245122909545898,12.457500457763672,12.478750228881836,12.373749732971191,6043200
2018-08-29,12.528432846069336,12.462499618530272,12.725000381469728,12.458749771118164,6626400
2018-08-30,12.475464820861816,12.661250114440918,12.813750267028809,12.579999923706056,8798400
2018-08-31,12.505026817321776,12.6274995803833,12.765000343322754,12.602499961853027,5545600
2018-09-04,12.404022216796877,12.619999885559082,12.65250015258789,12.448749542236328,6148000
2018-09-05,12.082527160644531,12.541250228881836,12.541250228881836,12.176250457763672,11512000
2018-09-06,11.864501953125,12.267499923706056,12.295000076293944,11.8725004196167,14222400
2018-09-07,11.79059600830078,11.866250038146973,12.14875030517578,11.853750228881836,13063200
2018-09-10,11.84479522705078,12.074999809265137,12.0912504196167,11.891249656677246,7935200
2018-09-11,12.024635314941406,11.918749809265137,12.243749618530272,11.863750457763672,8543200
2018-09-12,11.960578918457031,12.15625,12.186249732971191,11.926250457763672,11160800
2018-09-13,12.194618225097656,12.27375030517578,12.43375015258789,12.27375030517578,8707200
2018-09-14,12.13056468963623,12.404999732971191,12.442500114440918,12.217499732971191,10212800
2018-09-17,11.788131713867188,12.270000457763672,12.286250114440918,11.936249732971191,9657600
2018-09-18,11.976595878601074,11.977499961853027,12.270000457763672,11.970000267028809,6864000
2018-09-19,11.961814880371094,12.1537504196167,12.212499618530272,11.979999542236328,5288800
2018-09-20,12.210634231567385,12.297499656677246,12.432499885559082,12.24250030517578,9399200
2018-09-21,12.086220741271973,12.475000381469728,12.5024995803833,12.234999656677246,7732000
2018-09-24,12.145347595214844,12.087499618530272,12.338749885559082,11.986249923706056,8125600
2018-09-25,12.183531761169434,12.313750267028809,12.38249969482422,12.234999656677246,4893600
2018-09-26,12.192155838012695,12.3774995803833,12.609999656677246,12.332500457763672,7184000
2018-09-27,12.399093627929688,12.473750114440918,12.672499656677246,12.4662504196167,7039200
2018-09-28,12.401559829711914,12.50749969482422,12.645000457763672,12.473750114440918,5012800
2018-10-01,12.442206382751465,12.7212495803833,12.8125,12.567500114440918,8796800
2018-10-02,12.384313583374023,12.5962495803833,12.763750076293944,12.513750076293944,5109600
2018-10-03,12.420036315917969,12.678750038146973,12.734999656677246,12.5600004196167,5771200
2018-10-04,11.938409805297852,12.489999771118164,12.50374984741211,11.9350004196167,14784800
2018-10-05,11.65263557434082,12.106249809265137,12.186249732971191,11.58625030517578,17824800
2018-10-08,11.502360343933104,11.707500457763672,11.8774995803833,11.392499923706056,15397600
2018-10-09,11.566411018371582,11.686249732971191,11.921250343322754,11.631250381469728,12202400
2018-10-10,10.558815002441406,11.59749984741211,11.609999656677246,10.681249618530272,37497600
2018-10-11,10.293983459472656,10.619999885559082,10.912500381469728,10.2162504196167,37673600
2018-10-12,10.865530967712402,10.989999771118164,11.08625030517578,10.608750343322754,25358400
2018-10-15,10.589609146118164,10.946249961853027,10.981249809265137,10.673749923706056,20704800
2018-10-16,11.205498695373535,10.970000267028809,11.431249618530272,10.936249732971191,14580800
2018-10-17,11.2190523147583,11.494999885559082,11.5024995803833,11.15250015258789,15159200
2018-10-18,10.7177152633667,11.292499542236328,11.301250457763672,10.761249542236328,19958400
2018-10-19,10.677067756652832,11.012499809265137,11.213749885559082,10.755000114440918,21019200
2018-10-22,10.789159774780272,10.96125030517578,11.107500076293944,10.77750015258789,14622400
2018-10-23,10.718948364257812,10.551250457763672,10.96875,10.301250457763672,30164800
2018-10-24,9.723669052124023,10.842499732971191,10.869999885559082,9.831250190734863,24856000
2018-10-25,10.380208969116213,10.176250457763672,10.666250228881836,10.081250190734863,21328800
2018-10-26,9.882569313049316,9.833749771118164,10.404999732971191,9.703749656677246,36252800
2018-10-29,9.501949310302734,10.295000076293944,10.381250381469728,9.213749885559082,25815200
2018-10-30,9.751998901367188,9.537500381469728,9.917499542236328,9.447500228881836,25826400
2018-10-31,10.200366973876951,10.22249984741211,10.542499542236328,10.2212495803833,20238400
2018-11-01,10.494763374328612,10.40250015258789,10.66374969482422,10.244999885559082,15801600
2018-11-02,10.178194999694824,10.578749656677246,10.703749656677246,10.170000076293944,23082400
2018-11-05,10.10798454284668,10.335000038146973,10.34000015258789,10.02750015258789,11281600
2018-11-06,10.261958122253418,10.25,10.526249885559082,10.22624969482422,9108000
2018-11-07,10.896322250366213,10.657500267028809,11.057499885559082,10.616250038146973,16076000
2018-11-08,10.763288497924805,10.962499618530272,11.024999618530272,10.8149995803833,9666400
2018-11-09,10.397455215454102,10.713749885559082,10.761249542236328,10.380000114440918,14313600
2018-11-12,9.782794952392578,10.397500038146973,10.4350004196167,9.890000343322754,17848000
2018-11-13,9.786489486694336,10.0024995803833,10.28499984741211,9.869999885559082,16548000
2018-11-14,9.622663497924805,10.118749618530272,10.1875,9.662500381469728,15684800
2018-11-15,9.96509838104248,9.727499961853027,10.16374969482422,9.56624984741211,18927200
2018-11-16,9.898582458496094,9.921250343322754,10.140000343322754,9.837499618530272,13453600
2018-11-19,9.246970176696776,9.948749542236328,9.96500015258789,9.327500343322754,17876000
2018-11-20,8.923013687133789,8.953749656677246,9.303750038146973,8.8125,24724800
2018-11-21,9.049884796142578,9.282500267028809,9.364999771118164,9.15625,12043200
2018-11-23,8.918085098266602,9.03874969482422,9.237500190734863,9.0337495803833,4828000
2018-11-26,9.32950210571289,9.295000076293944,9.47624969482422,9.22624969482422,12930400
2018-11-27,9.396015167236328,9.364999771118164,9.577500343322754,9.270000457763672,9388000
2018-11-28,9.987272262573242,9.668749809265137,10.140000343322754,9.5600004196167,16129600
2018-11-29,9.928142547607422,10.05875015258789,10.208749771118164,9.914999961853027,11163200
2018-11-30,10.080885887145996,10.09749984741211,10.231249809265137,10.012499809265137,8653600
2018-12-03,10.415929794311523,10.670000076293944,10.692500114440918,10.420000076293944,14574400
2018-12-04,9.617734909057615,10.460000038146973,10.520000457763672,9.739999771118164,18368800
2018-12-06,9.755696296691896,9.375,9.899999618530272,9.296250343322754,28344000
2018-12-07,9.10285186767578,9.80500030517578,9.923749923706056,9.182499885559082,22570400
2018-12-10,9.297473907470703,9.207500457763672,9.515000343322754,9.018750190734863,25332800
2018-12-11,9.355366706848145,9.733750343322754,9.75,9.335000038146973,16714400
2018-12-12,9.521657943725586,9.7787504196167,9.960000038146973,9.65250015258789,15156000
2018-12-13,9.530279159545898,9.77375030517578,9.868749618530272,9.541250228881836,12075200
2018-12-14,9.037569046020508,9.442500114440918,9.511249542236328,9.151249885559082,13204800
2018-12-17,8.65817928314209,9.116250038146973,9.256250381469728,8.633749961853027,25010400
2018-12-18,8.753026008605957,8.912500381469727,9.056249618530272,8.731249809265137,16136800
2018-12-19,8.339150428771973,8.863750457763672,9.147500038146973,8.31624984741211,27059200
2018-12-20,8.08909797668457,8.407500267028809,8.59000015258789,7.991250038146973,32672000
2018-12-21,7.568055152893066,8.273750305175781,8.386249542236328,7.607500076293945,40079200
2018-12-24,7.208376407623291,7.573750019073486,7.767499923706055,7.304999828338623,20820000
2018-12-26,8.09586238861084,7.457499980926514,8.210000038146973,7.360000133514404,35284800
2018-12-27,8.163656234741211,7.994999885559082,8.28125,7.630000114440918,29698400
2018-12-28,8.153797149658203,8.3725004196167,8.541250228881836,8.125,23563200
2018-12-31,8.281991004943848,8.422499656677246,8.477499961853027,8.231249809265137,18244000
2019-01-02,8.343618392944336,8.042499542236328,8.557499885559082,8.0287504196167,17621600
2019-01-03,7.784010887145996,8.217499732971191,8.28499984741211,7.871250152587891,21891200
2019-01-04,8.481674194335938,8.1587495803833,8.662500381469727,8.109999656677246,25744800
2019-01-07,8.653010368347168,8.6225004196167,8.868749618530273,8.569999694824219,16092000
2019-01-08,8.82557487487793,8.949999809265137,9.00749969482422,8.6875,14865600
2019-01-09,8.957468032836914,9.008749961853027,9.166250228881836,8.938750267028809,16208000
2019-01-10,9.00307559967041,8.947500228881836,9.14875030517578,8.84749984741211,13630400
2019-01-11,8.948838233947754,9.0337495803833,9.088749885559082,8.9712495803833,8992800
2019-01-14,8.78612995147705,8.912500381469727,8.987500190734863,8.832500457763672,11020000
2019-01-15,9.13249969482422,8.986249923706055,9.28125,8.981249809265137,17195200
2019-01-16,9.130032539367676,9.287500381469728,9.416250228881836,9.2475004196167,12770400
2019-01-17,9.259459495544434,9.19124984741211,9.475000381469728,9.162500381469728,14449600
2019-01-18,9.439422607421877,9.529999732971191,9.668749809265137,9.417499542236328,18348800
2019-01-22,9.079496383666992,9.436249732971191,9.447500228881836,9.05875015258789,21948800
2019-01-23,9.090587615966797,9.289999961853027,9.37125015258789,9.011249542236328,20761600
2019-01-24,9.200292587280272,9.271249771118164,9.361249923706056,9.207500457763672,11466400
2019-01-25,9.432024002075195,9.475000381469728,9.612500190734863,9.420000076293944,14160800
2019-01-28,9.190430641174316,9.313750267028809,9.31999969482422,9.164999961853027,11272000
2019-01-29,9.010468482971191,9.328749656677246,9.333749771118164,9.077500343322754,8624000
2019-01-30,9.486261367797852,9.34749984741211,9.673749923706056,9.291250228881836,18242400
2019-01-31,9.75866985321045,9.71500015258789,9.983750343322754,9.696249961853027,18085600
2019-02-01,9.66869068145752,9.797499656677246,9.942500114440918,9.75374984741211,13536000
2019-02-04,9.906586647033691,9.80875015258789,10.046250343322754,9.792499542236328,10956800
2019-02-05,10.08531665802002,10.074999809265137,10.2475004196167,10.072500228881836,10905600
2019-02-06,10.018753051757812,10.229999542236328,10.266249656677246,10.072500228881836,10268800
2019-02-07,9.748809814453123,9.983750343322754,10.029999732971191,9.737500190734863,25721600
2019-02-08,9.779622077941896,9.71125030517578,9.921250343322754,9.69124984741211,13643200
2019-02-11,9.767297744750977,9.993749618530272,10.043749809265137,9.858750343322754,8244000
2019-02-12,10.059431076049805,10.042499542236328,10.22624969482422,10.016249656677246,8245600
2019-02-13,10.065593719482422,10.2837495803833,10.34749984741211,10.1899995803833,11249600
2019-02-14,10.082850456237791,10.12874984741211,10.30500030517578,10.067500114440918,16321600
2019-02-15,10.177763938903809,10.388750076293944,10.388750076293944,10.22249984741211,13076800
2019-02-19,10.211042404174805,10.251250267028809,10.420000076293944,10.251250267028809,10092000
2019-02-20,10.209810256958008,10.373749732971191,10.451250076293944,10.24250030517578,13265600
2019-02-21,10.125990867614746,10.295000076293944,10.350000381469728,10.166250228881836,10931200
2019-02-22,10.280068397521973,10.31624984741211,10.438750267028809,10.30500030517578,8028000
2019-02-25,10.354028701782228,10.578749656677246,10.637499809265137,10.486249923706056,9064000
2019-02-26,10.372516632080078,10.4375,10.585000038146973,10.418749809265137,9204800
2019-02-27,10.355260848999023,10.43000030517578,10.529999732971191,10.28499984741211,9379200
2019-02-28,10.307188034057615,10.4350004196167,10.52750015258789,10.396249771118164,6304000
2019-03-01,10.457568168640137,10.603750228881836,10.62874984741211,10.454999923706056,7465600
2019-03-04,10.45263957977295,10.717499732971191,10.766249656677246,10.364999771118164,14304800
2019-03-05,10.46742820739746,10.608750343322754,10.678750038146973,10.510000228881836,6786400
2019-03-06,10.344165802001951,10.6274995803833,10.635000228881836,10.458749771118164,9884000
2019-03-07,10.09271240234375,10.43375015258789,10.44499969482422,10.1587495803833,16847200
2019-03-08,10.056962013244627,10.0024995803833,10.208749771118164,9.981249809265137,12748800
2019-03-11,10.477290153503418,10.279999732971191,10.637499809265137,10.279999732971191,8944800
2019-03-12,10.595621109008787,10.675000190734863,10.795000076293944,10.631250381469728,10898400
2019-03-13,10.749699592590332,10.848750114440918,11.013750076293944,10.823749542236328,9967200
2019-03-14,10.709022521972656,10.9087495803833,10.9375,10.854999542236328,5555200
2019-03-15,10.89268398284912,10.94499969482422,11.126250267028809,10.93375015258789,9206400
2019-03-18,10.949383735656738,11.052499771118164,11.18000030517578,11.008749961853027,9306400
2019-03-19,11.02827262878418,11.201250076293944,11.30500030517578,11.09375,10556800
2019-03-20,11.11868667602539,11.178750038146973,11.39875030517578,11.078749656677246,13987200
2019-03-21,11.46036434173584,11.19499969482422,11.645000457763672,11.192500114440918,12127200
2019-03-22,10.94723129272461,11.511249542236328,11.574999809265137,11.079999923706056,21494400
2019-03-25,10.918861389160156,11.022500038146973,11.136249542236328,10.9037504196167,17850400
2019-03-26,11.017539024353027,11.225000381469728,11.362500190734863,11.050000190734863,11055200
2019-03-27,10.886792182922363,11.1875,11.241250038146973,10.856249809265137,12356000
2019-03-28,10.92132568359375,11.068750381469728,11.145000457763672,10.9350004196167,11332000
2019-03-29,11.09278392791748,11.225000381469728,11.251250267028809,11.102499961853027,11311200
2019-04-01,11.390054702758787,11.451250076293944,11.55500030517578,11.369999885559082,10333600
2019-04-02,11.46036434173584,11.551250457763672,11.635000228881836,11.493749618530272,8560800
2019-04-03,11.592348098754885,11.743749618530272,11.890000343322754,11.672499656677246,11328800
2019-04-04,11.582480430603027,11.7475004196167,11.835000038146973,11.5962495803833,10709600
2019-04-05,11.695960998535156,11.806249618530272,11.866250038146973,11.771249771118164,8264800
2019-04-08,11.75640106201172,11.8125,11.928750038146973,11.72249984741211,10833600
2019-04-09,11.673758506774902,11.824999809265137,11.9087495803833,11.77750015258789,8942400
2019-04-10,11.799572944641112,11.859999656677246,11.958749771118164,11.829999923706056,6844800
2019-04-11,11.741601943969728,11.984999656677246,11.989999771118164,11.850000381469728,6588000
2019-04-12,11.837811470031738,11.998749732971191,12.010000228881836,11.89875030517578,7475200
2019-04-15,11.839046478271484,11.994999885559082,12.022500038146973,11.837499618530272,7102400
2019-04-16,11.919221878051758,12.079999923706056,12.131250381469728,12.00749969482422,7738400
2019-04-17,11.99940013885498,12.234999656677246,12.258749961853027,12.09000015258789,7839200
2019-04-18,12.025301933288574,12.198749542236328,12.201250076293944,12.047499656677246,6980000
2019-04-22,12.096845626831056,12.078749656677246,12.265000343322754,12.0625,5758400
2019-04-23,12.401519775390623,12.311249732971191,12.595000267028809,12.28499984741211,9048800
2019-04-24,12.322574615478516,12.579999923706056,12.618749618530272,12.479999542236328,7058400
2019-04-25,12.406453132629396,12.673749923706056,12.681249618530272,12.451250076293944,8656800
2019-04-26,12.44345760345459,12.547499656677246,12.609999656677246,12.335000038146973,9377600
2019-04-29,12.480461120605469,12.602499961853027,12.69124984741211,12.5649995803833,5885600
2019-04-30,12.29543685913086,12.452500343322754,12.494999885559082,12.282500267028809,10799200
2019-05-01,12.200458526611328,12.616250038146973,12.688750267028809,12.357500076293944,13489600
2019-05-02,12.10794734954834,12.366250038146973,12.49250030517578,12.10124969482422,17077600
2019-05-03,12.487862586975098,12.467499732971191,12.671250343322754,12.426250457763672,11482400
2019-05-06,12.34231185913086,12.11750030517578,12.53125,12.077500343322754,12828800
2019-05-07,11.846445083618164,12.220000267028809,12.329999923706056,11.78125,26300000
2019-05-08,11.774904251098633,11.93000030517578,12.126250267028809,11.850000381469728,16962400
2019-05-09,11.66635513305664,11.686249732971191,11.896249771118164,11.47249984741211,25925600
2019-05-10,11.68979263305664,11.72624969482422,11.957500457763672,11.337499618530272,19810400
2019-05-13,10.869522094726562,11.241250038146973,11.357500076293944,10.952500343322754,28607200
2019-05-14,11.10881805419922,11.135000228881836,11.392499923706056,11.05500030517578,14888800
2019-05-15,11.412257194519045,11.113750457763672,11.633749961853027,11.103750228881836,20064000
2019-05-16,11.64415454864502,11.579999923706056,11.951250076293944,11.556249618530272,19188000
2019-05-17,11.40609073638916,11.567500114440918,11.885000228881836,11.543749809265137,19876000
2019-05-20,11.029876708984377,11.243749618530272,11.326250076293944,11.095000267028809,18007200
2019-05-21,11.25067138671875,11.362500190734863,11.463749885559082,11.293749809265137,9770400
2019-05-22,11.150758743286133,11.272500038146973,11.425000190734863,11.268750190734863,7378400
2019-05-23,10.80414581298828,11.045000076293944,11.047499656677246,10.8125,18256000
2019-05-24,10.789344787597656,11.076250076293944,11.146249771118164,10.912500381469728,10604000
2019-05-28,10.70793342590332,10.99250030517578,11.12125015258789,10.85124969482422,10436000
2019-05-29,10.536477088928224,10.725000381469728,10.792499542236328,10.55875015258789,17305600
2019-05-30,10.6265230178833,10.734999656677246,10.821249961853027,10.640000343322754,13569600
2019-05-31,10.271278381347656,10.510000228881836,10.579999923706056,10.407500267028809,16176800
2019-06-03,9.839555740356444,10.363750457763672,10.412500381469728,9.854999542236328,30019200
2019-06-04,10.377357482910156,10.175000190734863,10.521249771118164,10.102499961853027,14740800
2019-06-05,10.530312538146973,10.71500015258789,10.71875,10.452500343322754,16856800
2019-06-06,10.691898345947266,10.704999923706056,10.891249656677246,10.612500190734863,12558400
2019-06-07,11.10141658782959,10.948749542236328,11.34749984741211,10.926250457763672,14323200
2019-06-10,11.355515480041504,11.40250015258789,11.732500076293944,11.40250015258789,14978400
2019-06-11,11.394989967346191,11.761249542236328,11.801250457763672,11.473750114440918,12202400
2019-06-12,11.269174575805664,11.481249809265137,11.529999732971191,11.375,7091200
2019-06-13,11.39992332458496,11.510000228881836,11.600000381469728,11.463749885559082,7874400
2019-06-14,11.286439895629885,11.420000076293944,11.505000114440918,11.358750343322754,8337600
2019-06-17,11.429527282714844,11.49250030517578,11.647500038146973,11.47249984741211,6988000
2019-06-18,11.762569427490234,11.850000381469728,12.082500457763672,11.797499656677246,13854400
2019-06-19,11.84891128540039,11.96125030517578,12.063750267028809,11.80875015258789,12580800
2019-06-20,12.064772605895996,12.34000015258789,12.3462495803833,12.050000190734863,14650400
2019-06-21,12.035171508789062,12.192500114440918,12.34749984741211,12.141249656677246,11025600
2019-06-24,12.031469345092772,12.236249923706056,12.260000228881836,12.177499771118164,5284800
2019-06-25,11.61449909210205,12.168749809265137,12.178750038146973,11.733750343322754,13850400
2019-06-26,11.71815586090088,11.920000076293944,12.068750381469728,11.837499618530272,8439200
2019-06-27,11.811941146850586,11.957500457763672,12.017499923706056,11.89875030517578,6425600
2019-06-28,11.84772777557373,12.018750190734863,12.046250343322754,11.904999732971191,10090400
2019-07-01,12.154993057250977,12.448749542236328,12.479999542236328,12.201250076293944,11168800
2019-07-02,12.253714561462402,12.303750038146973,12.412500381469728,12.234999656677246,7073600
2019-07-03,12.42771053314209,12.463749885559082,12.588749885559082,12.442500114440918,4602400
2019-07-05,12.38698673248291,12.422499656677246,12.58625030517578,12.323749542236328,7598400
2019-07-08,12.20435619354248,12.38249969482422,12.38249969482422,12.262499809265137,4544800
2019-07-09,12.327756881713867,12.239999771118164,12.516249656677246,12.223750114440918,6504000
2019-07-10,12.56838607788086,12.637499809265137,12.803750038146973,12.5912504196167,8825600
2019-07-11,12.548644065856934,12.776249885559082,12.832500457763672,12.633749961853027,9186400
2019-07-12,12.69302463531494,12.737500190734863,12.857500076293944,12.712499618530272,5073600
2019-07-15,12.763360977172852,12.91374969482422,12.942500114440918,12.845000267028809,4829600
2019-07-16,12.636258125305176,12.895000457763672,12.926250457763672,12.723750114440918,6689600
2019-07-17,12.515326499938965,12.807499885559082,12.8462495803833,12.673749923706056,4691200
2019-07-18,12.55481243133545,12.557499885559082,12.75,12.47249984741211,8288800
2019-07-19,12.341330528259276,12.888750076293944,12.888750076293944,12.487500190734863,9793600
2019-07-22,12.55357837677002,12.579999923706056,12.761249542236328,12.573749542236328,5620000
2019-07-23,12.711533546447754,12.850000381469728,12.876250267028809,12.68000030517578,6175200
2019-07-24,12.887995719909668,12.78125,13.05500030517578,12.772500038146973,6628800
2019-07-25,12.63872528076172,12.96125030517578,12.9662504196167,12.758749961853027,8358400
2019-07-26,12.892932891845703,12.9662504196167,13.100000381469728,12.952500343322754,5265600
2019-07-29,12.813957214355469,13.048749923706056,13.048749923706056,12.8125,6031200
2019-07-30,12.695490837097168,12.779999732971191,12.963749885559082,12.75749969482422,4669600
2019-07-31,12.35860824584961,12.932499885559082,12.94499969482422,12.271249771118164,15574400
2019-08-01,12.219161987304688,12.553750038146973,13.006250381469728,12.262499809265137,20566400
2019-08-02,11.863767623901367,12.201250076293944,12.225000381469728,11.863750457763672,18462400
2019-08-05,11.003664016723633,11.512499809265137,11.516249656677246,10.963749885559082,26062400
2019-08-06,11.326973915100098,11.369999885559082,11.536250114440918,11.203749656677246,14356000
2019-08-07,11.42446231842041,11.227499961853027,11.623749732971191,11.052499771118164,21372000
2019-08-08,11.94027614593506,11.712499618530272,12.100000381469728,11.633749961853027,11144000
2019-08-09,11.713218688964844,11.97624969482422,12.056249618530272,11.678750038146973,15328000
2019-08-12,11.446672439575195,11.71875,11.787500381469728,11.484999656677246,10623200
2019-08-13,11.96002197265625,11.583749771118164,12.25374984741211,11.552499771118164,17779200
2019-08-14,11.215911865234377,11.702500343322754,11.78499984741211,11.335000038146973,19658400
2019-08-15,11.201104164123535,11.411250114440918,11.47249984741211,11.173749923706056,15259200
2019-08-16,11.555265426635742,11.539999961853027,11.765000343322754,11.539999961853027,8902400
2019-08-19,11.90819263458252,12.032500267028809,12.130000114440918,11.963749885559082,8017600
2019-08-20,11.747772216796877,12.024999618530272,12.104999542236328,11.892499923706056,8296800
2019-08-21,11.951382637023926,12.108750343322754,12.178750038146973,12.022500038146973,5812800
2019-08-22,11.873640060424805,12.147500038146973,12.203749656677246,11.835000038146973,8872800
2019-08-23,11.125832557678224,11.864999771118164,12.076250076293944,11.196249961853027,18804800
2019-08-26,11.450376510620115,11.516249656677246,11.600000381469728,11.380000114440918,9049600
2019-08-27,11.410886764526367,11.755000114440918,11.795000076293944,11.457500457763672,10804000
2019-08-28,11.47752285003662,11.4712495803833,11.666250228881836,11.362500190734863,7570400
2019-08-29,11.829215049743652,11.91374969482422,12.047499656677246,11.828749656677246,9375200
2019-08-30,11.776155471801758,12.107500076293944,12.113750457763672,11.793749809265137,8736000
2019-09-03,11.542924880981444,11.770000457763672,11.886249542236328,11.612500190734863,10075200
2019-09-04,11.876106262207031,11.91374969482422,12.045000076293944,11.853750228881836,6433600
2019-09-05,12.312947273254396,12.287500381469728,12.5337495803833,12.279999732971191,7368800
2019-09-06,12.28456687927246,12.5,12.513750076293944,12.392499923706056,6122400
2019-09-09,12.226567268371582,12.517499923706056,12.524999618530272,12.258749961853027,6916800
2019-09-10,12.168566703796388,12.251250267028809,12.326250076293944,12.09000015258789,7916800
2019-09-11,12.38698673248291,12.357500076293944,12.553750038146973,12.303750038146973,6238400
2019-09-12,12.479540824890137,12.698749542236328,12.837499618530272,12.611249923706056,11579200
2019-09-13,12.39809513092041,12.607500076293944,12.664999961853027,12.522500038146973,5365600
2019-09-16,12.273459434509276,12.387499809265137,12.491250038146973,12.364999771118164,7053600
2019-09-17,12.390689849853516,12.4375,12.557499885559082,12.392499923706056,3535200
2019-09-18,12.389458656311035,12.50749969482422,12.556249618530272,12.236249923706056,7505600
2019-09-19,12.425241470336914,12.59000015258789,12.739999771118164,12.53874969482422,4820800
2019-09-20,12.162399291992188,12.625,12.643750190734863,12.231249809265137,8774400
2019-09-23,12.169804573059082,12.30875015258789,12.39875030517578,12.225000381469728,6104000
2019-09-24,11.839088439941406,12.442500114440918,12.488750457763672,11.89875030517578,15376000
2019-09-25,12.106866836547852,11.97249984741211,12.328749656677246,11.776249885559082,9322400
2019-09-26,12.01801872253418,12.24250030517578,12.2524995803833,11.993749618530272,9116000
2019-09-27,11.73049259185791,12.212499618530272,12.227499961853027,11.707500457763672,11147200
2019-09-30,11.936575889587402,11.957500457763672,12.131250381469728,11.922499656677246,8552000
2019-10-01,11.740368843078612,12.18000030517578,12.31999969482422,11.861249923706056,10512800
2019-10-02,11.336847305297852,11.739999771118164,11.739999771118164,11.362500190734863,12161600
2019-10-03,11.589818954467772,11.487500190734863,11.751250267028809,11.206250190734863,13472000
2019-10-04,11.931639671325684,11.853750228881836,12.114999771118164,11.838749885559082,8134400
2019-10-07,11.851428985595703,12.008749961853027,12.197500228881836,11.962499618530272,6994400
2019-10-08,11.48369312286377,11.85124969482422,11.953749656677246,11.6274995803833,11548800
2019-10-09,11.729262351989746,11.832500457763672,11.977499961853027,11.770000457763672,6865600
2019-10-10,11.892151832580566,11.87125015258789,12.143750190734863,11.862500190734863,6428800
2019-10-11,12.19324779510498,12.324999809265137,12.55500030517578,12.3125,13950400
2019-10-14,12.20435619354248,12.31999969482422,12.431249618530272,12.302499771118164,4255200
2019-10-15,12.505454063415527,12.43000030517578,12.72624969482422,12.421250343322754,6500000
2019-10-16,12.442520141601562,12.59375,12.662500381469728,12.52750015258789,5408000
2019-10-17,12.51162338256836,12.75749969482422,12.795000076293944,12.582500457763672,5344000
2019-10-18,12.269758224487305,12.642499923706056,12.6850004196167,12.300000190734863,7823200
2019-10-21,12.485709190368652,12.552499771118164,12.662500381469728,12.4975004196167,4286400
2019-10-22,12.28579807281494,12.734999656677246,12.78125,12.438750267028809,5113600
2019-10-23,12.33145809173584,12.383749961853027,12.49250030517578,12.352499961853027,3968800
2019-10-24,12.564685821533203,12.668749809265137,12.743749618530272,12.556249618530272,5922400
2019-10-25,12.75842571258545,12.598750114440918,12.943750381469728,12.59375,6609600
2019-10-28,13.01633358001709,13.051250457763672,13.2212495803833,13.051250457763672,5828000
2019-10-29,12.82136058807373,13.140000343322754,13.177499771118164,12.977499961853027,6106400
2019-10-30,12.92378044128418,13.03499984741211,13.147500038146973,12.88249969482422,6336800
2019-10-31,12.943526268005373,13.175000190734863,13.1899995803833,12.967499732971191,7887200
2019-11-01,13.185394287109377,13.227499961853027,13.356249809265137,13.188750267028809,6411200
2019-11-04,13.337175369262695,13.53499984741211,13.574999809265137,13.46875,7344800
2019-11-05,13.342114448547363,13.551250457763672,13.574999809265137,13.44124984741211,4214400
2019-11-06,13.293985366821287,13.5,13.5,13.33625030517578,5488800
2019-11-07,13.382834434509276,13.603750228881836,13.728750228881836,13.477499961853027,6590400
2019-11-08,13.488959312438965,13.506250381469728,13.66374969482422,13.4350004196167,4704800
2019-11-11,13.450703620910645,13.5337495803833,13.633749961853027,13.487500190734863,3490400
2019-11-12,13.521042823791504,13.647500038146973,13.792499542236328,13.604999542236328,4613600
2019-11-13,13.502532958984377,13.606249809265137,13.731249809265137,13.59000015258789,6140000
2019-11-14,13.509937286376951,13.603750228881836,13.701250076293944,13.524999618530272,4528000
2019-11-15,13.677763938903809,13.845000267028809,13.869999885559082,13.761249542236328,4488000
2019-11-18,13.73205852508545,13.842499732971191,13.949999809265137,13.729999542236328,5767200
2019-11-19,13.76290798187256,14.008749961853027,14.008749961853027,13.8412504196167,4820800
2019-11-20,13.596317291259766,13.875,13.954999923706056,13.5649995803833,10796000
2019-11-21,13.53461742401123,13.741250038146973,13.761249542236328,13.625,4807200
2019-11-22,13.554360389709473,13.772500038146973,13.793749809265137,13.58625030517578,4209600
2019-11-25,13.872735023498535,13.83625030517578,14.056249618530272,13.83625030517578,4988000
2019-11-26,13.924564361572266,14.067500114440918,14.138750076293944,14.037500381469728,3788800
2019-11-27,14.117070198059082,14.18000030517578,14.300000190734863,14.143750190734863,6480000
2019-11-29,13.983798027038574,14.231249809265137,14.268750190734863,14.15250015258789,2859200
2019-12-02,13.675291061401367,14.168749809265137,14.173749923706056,13.7162504196167,10956800
2019-12-03,13.476619720458984,13.505000114440918,13.664999961853027,13.358750343322754,11588000
2019-12-04,13.613593101501465,13.798749923706056,13.859999656677246,13.75749969482422,4644800
2019-12-05,13.665420532226562,13.891249656677246,13.891249656677246,13.71500015258789,6520000
2019-12-06,13.950479507446287,14.037500381469728,14.161250114440918,14.0287504196167,6270400
2019-12-09,13.833245277404783,14.087499618530272,14.2212495803833,14.00374984741211,4480800
2019-12-10,13.809803009033203,14.020000457763672,14.11750030517578,13.926250457763672,5700000
2019-12-11,13.957881927490234,14.045000076293944,14.162500381469728,14.00749969482422,4825600
2019-12-12,14.166430473327637,14.102499961853027,14.449999809265137,14.067500114440918,16383200
2019-12-13,14.25157642364502,14.332500457763672,14.53499984741211,14.270000457763672,15720000
2019-12-16,14.5242919921875,14.618749618530272,14.758749961853027,14.618749618530272,6349600
2019-12-17,14.540334701538086,14.763750076293944,14.782500267028809,14.692500114440918,5134400
2019-12-18,14.56131076812744,14.766249656677246,14.842499732971191,14.737500190734863,3756800
2019-12-19,14.75381851196289,14.776249885559082,14.951250076293944,14.774999618530272,5753600
2019-12-20,14.875985145568848,15.08625030517578,15.114999771118164,15.005000114440918,7419200
2019-12-23,14.943855285644531,15.173749923706056,15.188750267028809,15.116250038146973,5128000
2019-12-24,14.951264381408691,15.161250114440918,15.172499656677246,15.076250076293944,3299200
2019-12-26,15.224092483520508,15.19124984741211,15.414999961853027,15.19124984741211,3947200
2019-12-27,15.187055587768556,15.52375030517578,15.52375030517578,15.307499885559082,6070400
2019-12-30,14.982125282287598,15.364999771118164,15.38249969482422,15.03125,9577600
2019-12-31,15.04755687713623,15.087499618530272,15.255000114440918,15.03874969482422,5025600
2020-01-02,15.541363716125488,15.488750457763672,15.738750457763672,15.43375015258789,7477600
2020-01-03,15.266066551208496,15.322500228881836,15.638750076293944,15.322500228881836,10924000
2020-01-06,15.447539329528809,15.199999809265137,15.6537504196167,15.168749809265137,6679200
2020-01-07,15.440134048461914,15.661250114440918,15.731249809265137,15.548749923706056,5158400
2020-01-08,15.673457145690918,15.630000114440918,16.022499084472656,15.587499618530272,9110400
2020-01-09,15.951226234436035,16.136249542236328,16.202499389648438,15.957500457763672,7167200
2020-01-10,15.867279052734377,16.272499084472656,16.272499084472656,16.006250381469727,8929600
2020-01-13,16.222820281982422,16.18375015258789,16.434999465942383,16.146249771118164,5419200
2020-01-14,16.103069305419922,16.4012508392334,16.466249465942383,16.24625015258789,7709600
2020-01-15,16.105539321899414,16.315000534057617,16.459999084472656,16.206249237060547,6817600
2020-01-16,16.409231185913086,16.4637508392334,16.62125015258789,16.4012508392334,4939200
2020-01-17,16.575891494750977,16.763750076293945,16.806249618530273,16.5987491607666,5762400
2020-01-21,16.56107521057129,16.6875,16.850000381469727,16.678749084472656,6591200
2020-01-22,16.6450252532959,16.931249618530273,17.046249389648438,16.809999465942383,5920000
2020-01-23,16.74378776550293,16.831249237060547,16.967500686645508,16.678749084472656,5767200
2020-01-24,16.45737648010254,17.127500534057617,17.149999618530273,16.517499923706055,13505600
2020-01-27,15.77962589263916,15.927499771118164,16.153749465942383,15.8125,14857600
2020-01-28,16.25615119934082,16.198749542236328,16.53874969482422,16.1200008392334,5929600
2020-01-29,16.306764602661133,16.65250015258789,16.686250686645508,16.376249313354492,8316800
2020-01-30,16.42527961730957,16.303749084472656,16.64875030517578,16.208749771118164,9340000
2020-01-31,15.893200874328612,16.764999389648438,16.780000686645508,15.984999656677246,14463200
2020-02-03,16.36602020263672,16.2549991607666,16.6612491607666,16.243749618530273,8365600
2020-02-04,17.11907958984375,17.037500381469727,17.40625,16.93000030517578,7303200
2020-02-05,17.24993896484375,17.77375030517578,17.77375030517578,17.25374984741211,13258400
2020-02-06,17.536344528198242,17.549999237060547,17.771249771118164,17.426250457763672,5023200
2020-02-07,17.378328323364258,17.602500915527344,17.797500610351562,17.5049991607666,5877600
2020-02-10,17.809175491333008,17.491249084472656,18.03249931335449,17.482500076293945,5871200
2020-02-11,17.809175491333008,18.22875022888184,18.346250534057617,17.94124984741211,13471200
2020-02-12,18.15854263305664,18.238750457763672,18.399999618530277,18.162500381469727,8524800
2020-02-13,18.098052978515625,18.127500534057617,18.48500061035156,18.087499618530277,8584000
2020-02-14,18.194345474243164,18.38999938964844,18.4737491607666,18.268749237060547,5173600
2020-02-18,18.225208282470703,18.2450008392334,18.518749237060547,18.21875,7386400
2020-02-19,18.567169189453125,18.662500381469727,18.8799991607666,18.633750915527344,4651200
2020-02-20,18.206687927246094,18.71999931335449,18.793750762939453,17.991249084472656,10793600
2020-02-21,17.52893829345703,18.274999618530277,18.325000762939453,17.594999313354492,11076800
2020-02-24,16.167264938354492,16.37874984741211,16.806249618530273,16.1924991607666,32115200
2020-02-25,15.294461250305176,16.636249542236328,16.75,15.385000228881836,32688800
2020-02-26,15.426552772521973,15.657500267028809,16.177499771118164,15.404999732971191,28350400
2020-02-27,13.882169723510742,14.842499732971191,15.318750381469728,14.053750038146973,44845600
2020-02-28,14.021668434143066,13.136249542236328,14.271249771118164,13.043749809265137,52608800
2020-03-02,15.341371536254885,14.49625015258789,15.547499656677246,14.098750114440918,27213600
2020-03-03,14.36240005493164,15.635000228881836,15.991250038146973,14.272500038146973,36943200
2020-03-04,15.541363716125488,15.0912504196167,15.756250381469728,14.797499656677246,19877600
2020-03-05,14.605596542358398,14.9350004196167,15.4712495803833,14.571249961853027,23922400
2020-03-06,14.113022804260254,13.80500030517578,14.4375,13.572500228881836,25092000
2020-03-09,12.169893264770508,12.3125,13.33625030517578,12.25,18062400
2020-03-10,13.474778175354004,13.25749969482422,13.661250114440918,12.3125,27948800
2020-03-11,12.299515724182127,13.0024995803833,13.186249732971191,12.114999771118164,29296000
2020-03-12,10.023062705993652,10.7837495803833,11.868749618530272,10.118749618530272,36395200
2020-03-13,11.932862281799316,11.272500038146973,12.137499809265137,10.258749961853027,32360800
2020-03-16,9.035447120666504,9.563750267028809,10.90250015258789,9.0,23924800
2020-03-17,10.253918647766112,9.661250114440918,10.63249969482422,9.061249732971191,31902400
2020-03-18,9.611966133117676,9.198749542236328,10.03874969482422,8.641249656677246,30875200
2020-03-19,9.744060516357422,9.633749961853027,10.4975004196167,9.199999809265137,35715200
2020-03-20,8.965080261230469,10.30875015258789,10.4350004196167,9.020000457763672,36707200
2020-03-23,9.010753631591797,9.140000343322754,9.493749618530272,8.50374984741211,33055200
2020-03-24,10.382307052612305,10.06999969482422,10.520000457763672,9.901249885559082,31956000
2020-03-25,10.196986198425291,10.578749656677246,11.170000076293944,10.077500343322754,28396800
2020-03-26,11.294591903686523,10.515000343322754,11.518750190734863,10.482500076293944,22880000
2020-03-27,10.466139793395996,10.8412504196167,11.258749961853027,10.5625,17913600
2020-03-30,11.267428398132324,10.835000038146973,11.460000038146973,10.762499809265137,16922400
2020-03-31,11.06000518798828,11.359999656677246,11.7837495803833,11.06999969482422,20289600
2020-04-01,10.13648796081543,10.552499771118164,10.885000228881836,10.09375,15729600
2020-04-02,10.538986206054688,10.161250114440918,10.69124984741211,10.104999542236328,17881600
2020-04-03,10.252545356750488,10.611249923706056,10.792499542236328,10.130000114440918,11934400
2020-04-06,11.710670471191406,11.161250114440918,11.973750114440918,11.0287504196167,16623200
2020-04-07,11.66498565673828,12.5337495803833,12.578749656677246,11.78874969482422,23536800
2020-04-08,12.1724271774292,12.039999961853027,12.399999618530272,11.832500457763672,18464800
2020-04-09,12.20329475402832,12.536250114440918,12.65999984741211,12.143750190734863,20278400
2020-04-13,12.483560562133787,12.260000228881836,12.6875,12.112500190734863,13797600
2020-04-14,13.562644004821776,13.145000457763672,13.802499771118164,13.05500030517578,23470400
2020-04-15,13.252748489379885,13.302499771118164,13.657500267028809,13.125,14076000
2020-04-16,13.755250930786133,13.71500015258789,14.045000076293944,13.454999923706056,23693600
2020-04-17,13.982427597045898,14.258749961853027,14.329999923706056,13.751250267028809,17477600
2020-04-20,13.65894889831543,13.90625,14.25374984741211,13.822500228881836,14834400
2020-04-21,12.642828941345217,13.561249732971191,13.630000114440918,12.654999732971191,24203200
2020-04-22,13.424365043640137,13.353750228881836,13.736249923706056,13.244999885559082,14567200
2020-04-23,13.360161781311035,13.681249618530272,14.015000343322754,13.462499618530272,16400000
2020-04-24,13.79969882965088,13.568750381469728,13.99250030517578,13.388750076293944,12976800
2020-04-27,13.967610359191896,14.244999885559082,14.303750038146973,14.02750015258789,13344800
2020-04-28,13.47004508972168,14.399999618530272,14.399999618530272,13.600000381469728,18484800
2020-04-29,14.388627052307127,14.24250030517578,14.7212495803833,14.100000381469728,16485600
2020-04-30,14.442950248718262,14.729999542236328,14.731249809265137,14.376250267028809,14748000
2020-05-01,13.570054054260254,13.99250030517578,14.28125,13.619999885559082,15874400
2020-05-04,13.909582138061523,13.608750343322754,14.104999542236328,13.545000076293944,11196800
2020-05-05,14.21947956085205,14.358750343322754,14.717499732971191,14.289999961853027,11768000
2020-05-06,14.39233112335205,14.6225004196167,14.8412504196167,14.456250190734863,11310400
2020-05-07,14.773839950561523,14.9399995803833,15.06624984741211,14.767499923706056,10453600
2020-05-08,15.16152000427246,15.177499771118164,15.369999885559082,15.047499656677246,11151200
2020-05-11,15.4133882522583,15.168749809265137,15.771249771118164,15.133749961853027,9703200
2020-05-12,14.798531532287598,15.707500457763672,15.797499656677246,14.973750114440918,10824000
2020-05-13,14.42937183380127,15.05500030517578,15.307499885559082,14.244999885559082,18562400
2020-05-14,14.744205474853516,14.431249618530272,14.93375015258789,14.15250015258789,16701600
2020-05-15,14.934344291687012,14.520000457763672,15.13249969482422,14.4662504196167,13533600
2020-05-18,15.505988121032717,15.529999732971191,15.828749656677246,15.426250457763672,15345600
2020-05-19,15.40597915649414,15.7212495803833,16.017499923706055,15.592499732971191,14496800
2020-05-20,16.033180236816406,15.96875,16.27750015258789,15.96875,10851200
2020-05-21,15.680072784423828,16.2450008392334,16.331249237060547,15.807499885559082,14448800
2020-05-22,15.777610778808594,15.8125,16.011249542236328,15.686249732971191,7922400
2020-05-26,15.714642524719238,16.49250030517578,16.521249771118164,15.86750030517578,12181600
2020-05-27,15.864035606384276,15.823749542236328,16.084999084472656,15.1875,21416800
2020-05-28,15.802303314208984,15.897500038146973,16.508750915527344,15.896249771118164,16858400
2020-05-29,16.231962203979492,16.094999313354492,16.52375030517578,15.85124969482422,23090400
2020-06-01,16.404813766479492,16.354999542236328,16.647499084472656,16.306249618530273,9300800
2020-06-02,16.608531951904297,16.64875030517578,16.815000534057617,16.303749084472656,10876800
2020-06-03,16.75421714782715,16.89875030517578,17.071250915527344,16.7762508392334,7372000
2020-06-04,16.514694213867188,16.903749465942383,17.1200008392334,16.5362491607666,14243200
2020-06-05,17.161653518676758,16.86750030517578,17.4737491607666,16.8125,12560800
2020-06-08,17.44438934326172,17.357500076293945,17.670000076293945,17.133750915527344,12563200
2020-06-09,17.682674407958984,17.524999618530273,18.042499542236328,17.516250610351562,11370400
2020-06-10,18.122209548950195,18.162500381469727,18.57749938964844,18.092500686645508,15496800
2020-06-11,16.330734252929688,17.748750686645508,17.948749542236328,16.516250610351562,20905600
2020-06-12,16.55914306640625,17.247499465942383,17.421249389648438,16.202499389648438,24397600
2020-06-15,16.972753524780273,16.282499313354492,17.290000915527344,16.153749465942383,16255200
2020-06-16,17.58266830444336,17.921249389648438,18.10874938964844,17.157499313354492,17252000
2020-06-17,17.667863845825195,18.006250381469727,18.170000076293945,17.780000686645508,10474400
2020-06-18,17.777748107910156,17.846250534057617,18.028749465942383,17.729999542236328,11544800
2020-06-19,17.755523681640625,18.362499237060547,18.39249992370605,17.725000381469727,12873600
2020-06-22,18.196292877197266,17.977500915527344,18.43874931335449,17.920000076293945,8647200
2020-06-23,18.48643493652344,18.65999984741211,19.065000534057617,18.57749938964844,8218400
2020-06-24,17.74563980102539,18.602500915527344,18.799999237060547,17.72624969482422,16951200
2020-06-25,18.086406707763672,17.967500686645508,18.32875061035156,17.587499618530273,11276800
2020-06-26,17.202402114868164,18.2549991607666,18.258750915527344,17.350000381469727,15106400
2020-06-29,17.565387725830078,17.393749237060547,17.8075008392334,17.006250381469727,12743200
2020-06-30,18.234567642211918,17.793750762939453,18.583749771118164,17.771249771118164,9148800
2020-07-01,18.698793411254883,18.5049991607666,19.084999084472656,18.424999237060547,9286400
2020-07-02,18.951902389526367,19.306249618530277,19.50749969482422,19.118749618530277,9366400
2020-07-06,19.888999938964844,19.696250915527344,20.212499618530277,19.68874931335449,8572800
2020-07-07,19.607498168945312,20.087499618530277,20.518749237060547,19.81374931335449,10094400
2020-07-08,20.116174697875977,20.071250915527344,20.383750915527344,19.837499618530277,8076000
2020-07-09,20.450767517089844,20.67374992370605,20.832500457763672,20.012500762939453,12246400
2020-07-10,20.75572395324707,20.67124938964844,21.04125022888184,20.26000022888184,9117600
2020-07-13,19.891468048095703,21.46125030517578,21.92250061035156,20.00374984741211,16536000
2020-07-14,20.181612014770508,19.74625015258789,20.48374938964844,19.238750457763672,21487200
2020-07-15,20.22606086730957,20.63249969482422,20.78249931335449,19.971250534057617,14611200
2020-07-16,19.94332504272461,20.0362491607666,20.318750381469727,19.67374992370605,11288800
2020-07-17,20.00752258300781,20.31624984741211,20.40250015258789,19.920000076293945,9411200
2020-07-20,21.156986236572266,20.375,21.508750915527344,20.16625022888184,7736800
2020-07-21,20.711278915405277,21.676250457763672,21.678749084472656,20.82999992370605,11613600
2020-07-22,20.85696220397949,21.03874969482422,21.258750915527344,20.73500061035156,7987200
2020-07-23,19.75688743591309,21.045000076293945,21.146249771118164,19.78125,16324000
2020-07-24,19.376619338989254,19.40250015258789,19.842500686645508,18.975000381469727,15490400
2020-07-27,20.07543563842773,19.89125061035156,20.386249542236328,19.770000457763672,10046400
2020-07-28,19.576629638671875,20.201250076293945,20.283750534057617,19.763750076293945,7340000
2020-07-29,20.02975082397461,20.045000076293945,20.403749465942383,19.981250762939453,6929600
2020-07-30,20.231000900268555,19.95499992370605,20.565000534057617,19.771249771118164,8896800
2020-07-31,20.949560165405277,21.2137508392334,21.227500915527344,20.43874931335449,11823200
2020-08-03,21.50392341613769,21.568750381469727,21.897499084472656,21.540000915527344,7482400
2020-08-04,21.67059898376465,21.677499771118164,21.943750381469727,21.571250915527344,7414400
2020-08-05,21.78418731689453,22.01625061035156,22.11750030517578,21.84000015258789,6196800
2020-08-06,22.338546752929688,22.008750915527344,22.684999465942383,21.90749931335449,7689600
2020-08-07,21.836042404174805,22.528749465942383,22.665000915527344,21.737499237060547,11301600
2020-08-10,21.64096450805664,22.155000686645508,22.19750022888184,21.332500457763672,10324000
2020-08-11,20.83350944519043,21.717500686645508,21.93874931335449,20.993749618530277,11932800
2020-08-12,21.88172721862793,21.427499771118164,22.299999237060547,21.427499771118164,9388000
2020-08-13,21.96815490722656,22.268749237060547,22.625,22.09749984741211,8996000
2020-08-14,21.92740821838379,22.32749938964844,22.383750915527344,21.957500457763672,5904000
2020-08-17,22.41386032104492,22.475000381469727,22.761249542236328,22.45249938964844,5020800
2020-08-18,22.85092544555664,22.88500022888184,23.225000381469727,22.63999938964844,4248000
2020-08-19,22.55213928222656,23.13999938964844,23.3125,22.752500534057617,6243600
2020-08-20,23.1768741607666,22.6924991607666,23.545000076293945,22.63249969482422,4279600
2020-08-21,23.48554039001465,23.512500762939453,23.862499237060547,23.38500022888184,4805200
2020-08-24,23.78925895690918,24.337499618530277,24.477500915527344,23.690000534057617,5148400
2020-08-25,24.15965843200684,23.9424991607666,24.47249984741211,23.875,4954400
2020-08-26,25.184423446655277,24.670000076293945,25.530000686645508,24.655000686645508,6337600
2020-08-27,25.016504287719727,25.690000534057617,25.832500457763672,24.9375,9339600
2020-08-28,25.27825736999512,25.55500030517578,25.707500457763672,25.325000762939453,5770000
2020-08-31,25.72025680541992,25.70499992370605,26.337499618530277,25.6200008392334,6781200
2020-09-01,26.569698333740234,26.497499465942383,26.92250061035156,26.177499771118164,7399200
2020-09-02,27.06602668762207,27.4950008392334,27.50749969482422,26.357500076293945,10671200
2020-09-03,24.290529251098636,26.587499618530277,26.649999618530277,24.082500457763672,21334400
2020-09-04,23.64604377746582,24.342500686645508,24.872499465942383,21.95249938964844,22371200
2020-09-08,21.391572952270508,22.065000534057617,23.049999237060547,21.607500076293945,14596800
2020-09-09,22.63857078552246,22.54750061035156,23.27750015258789,22.15250015258789,15787600
2020-09-10,21.710111618041992,23.440000534057617,23.63999938964844,21.712499618530277,15222800
2020-09-11,21.436017990112305,22.34499931335449,22.467500686645508,21.13500022888184,15321600
2020-09-14,22.18174934387207,22.32749938964844,22.790000915527344,22.11750030517578,10220400
2020-09-15,22.813888549804688,23.07250022888184,23.332500457763672,22.809999465942383,9455200
2020-09-16,22.06074905395508,23.212499618530277,23.3075008392334,22.3075008392334,11146800
2020-09-17,21.403919219970703,21.20249938964844,21.989999771118164,21.0674991607666,12571600
2020-09-18,20.83844566345215,21.862499237060547,21.924999237060547,20.427499771118164,16731200
2020-09-21,21.018707275390625,20.479999542236328,21.280000686645508,20.09499931335449,15192800
2020-09-22,21.77184295654297,21.670000076293945,22.14249992370605,21.11000061035156,9837200
2020-09-23,20.43347930908203,22.0049991607666,22.022499084472656,20.559999465942383,11753600
2020-09-24,20.63843536376953,20.295000076293945,21.412500381469727,20.24250030517578,14940400
2020-09-25,21.61627960205078,20.97249984741211,21.9950008392334,20.727500915527344,9966800
2020-09-28,22.48300170898437,22.674999237060547,22.77750015258789,22.237499237060547,7680400
2020-09-29,22.280519485473636,22.70249938964844,22.857500076293945,22.475000381469727,7970800
2020-09-30,22.631162643432617,22.584999084472656,23.405000686645508,22.559999465942383,11083200
2020-10-01,23.317626953125,23.52750015258789,23.729999542236328,23.212499618530277,10772400
2020-10-02,22.003963470458984,22.5625,23.1875,22.127500534057617,15080400
2020-10-05,22.957107543945312,22.59749984741211,23.270000457763672,22.587499618530277,8582000
2020-10-06,22.10519790649414,23.082500457763672,23.38999938964844,22.229999542236328,11046000
2020-10-07,22.915132522583008,22.82749938964844,23.292499542236328,22.74250030517578,5386400
2020-10-08,23.1225528717041,23.565000534057617,23.57999992370605,23.227500915527344,6250000
2020-10-09,23.823835372924805,23.674999237060547,24.1299991607666,23.622499465942383,8204400
2020-10-12,25.288135528564453,24.934999465942383,26.100000381469727,24.75,11895200
2020-10-13,25.27084350585937,25.93000030517578,26.045000076293945,25.362499237060547,10455200
2020-10-14,24.868350982666016,25.75749969482422,25.920000076293945,24.8700008392334,9660000
2020-10-15,24.51770782470703,24.32999992370605,24.94499969482422,24.225000381469727,9642000
2020-10-16,24.260900497436523,25.13249969482422,25.3799991607666,24.524999618530277,10963200
2020-10-19,23.44356155395508,24.897499084472656,25.0625,23.57999992370605,9526400
2020-10-20,23.58924865722656,23.89249992370605,24.395000457763672,23.61750030517578,10346800
2020-10-21,23.529985427856445,23.895000457763672,24.34749984741211,23.737499237060547,7973200
2020-10-22,23.537391662597656,23.97249984741211,24.114999771118164,23.262500762939453,9636000
2020-10-23,23.643569946289062,23.9375,23.9375,23.420000076293945,6109600
2020-10-26,22.895376205444336,23.5049991607666,24.0,22.575000762939453,13420000
2020-10-27,23.248485565185547,23.352500915527344,23.690000534057617,23.15749931335449,9899200
2020-10-28,21.4483642578125,22.795000076293945,22.8799991607666,21.674999237060547,16731600
2020-10-29,22.1619930267334,21.94750022888184,22.96500015258789,21.857500076293945,11930800
2020-10-30,21.112537384033203,22.137500762939453,22.274999618530277,20.95249938964844,14191200
2020-11-02,21.171802520751957,21.700000762939453,21.982500076293945,20.950000762939453,8594800
2020-11-03,21.880491256713867,21.709999084472656,22.5,21.5674991607666,8650800
2020-11-04,23.83865165710449,23.59749984741211,24.43000030517578,23.325000762939453,12656400
2020-11-05,25.093055725097656,25.25,25.559999465942383,24.99250030517578,10176000
2020-11-06,25.135028839111328,25.262500762939453,25.552499771118164,24.61000061035156,7578400
2020-11-09,24.070764541625977,25.90250015258789,26.19499969482422,24.325000762939453,14152400
2020-11-10,23.246017456054688,23.82250022888184,24.065000534057617,23.04750061035156,11485600
2020-11-11,24.275714874267575,23.917499542236328,24.645000457763672,23.864999771118164,7230400
2020-11-12,24.046066284179688,24.709999084472656,24.957500457763672,24.13999938964844,6288800
2020-11-13,24.488075256347656,24.61750030517578,24.864999771118164,24.2450008392334,4542000
2020-11-16,24.814023971557617,24.707500457763672,25.200000762939453,24.61000061035156,5726400
2020-11-17,24.653520584106445,25.18000030517578,25.237499237060547,24.86750030517578,4220000
2020-11-18,24.305347442626957,24.88500022888184,25.170000076293945,24.602500915527344,5259600
2020-11-19,24.67327117919922,24.51749992370605,25.052499771118164,24.399999618530277,4780800
2020-11-20,24.357200622558597,24.997499465942383,25.112499237060547,24.649999618530277,3907200
2020-11-23,24.354734420776367,24.832500457763672,25.05500030517578,24.270000457763672,6552800
2020-11-24,25.051074981689453,24.84000015258789,25.434999465942383,24.530000686645508,5338800
2020-11-25,25.36467933654785,25.520000457763672,25.772499084472656,25.375,5023600
2020-11-27,25.8140926361084,25.989999771118164,26.32999992370605,25.95249938964844,3326400
2020-11-30,25.88076400756836,26.184999465942383,26.290000915527344,25.395000457763672,5148000
2020-12-01,26.61908531188965,26.627500534057617,27.200000762939453,26.44750022888184,4608000
2020-12-02,26.638839721679688,26.6825008392334,27.037500381469727,26.354999542236328,4815200
2020-12-03,26.700571060180664,27.0049991607666,27.32999992370605,26.920000076293945,5140400
2020-12-04,26.95244026184082,27.0575008392334,27.290000915527344,26.93000030517578,3401200
2020-12-07,27.23641014099121,27.299999237060547,27.637500762939453,27.270000457763672,3628000
2020-12-08,27.40432357788086,27.489999771118164,27.8125,27.15999984741211,3881600
2020-12-09,26.20177459716797,27.73500061035156,27.76499938964844,26.30500030517578,8483600
2020-12-10,26.37215232849121,26.13249969482422,26.917499542236328,25.940000534057617,7340000
2020-12-11,26.27585220336914,26.405000686645508,26.614999771118164,26.0,6267200
2020-12-14,26.61908531188965,26.78499984741211,27.332500457763672,26.78499984741211,5519200
2020-12-15,27.21171760559082,27.395000457763672,27.549999237060547,26.9950008392334,3863600
2020-12-16,27.512969970703125,27.63500022888184,28.0049991607666,27.44750022888184,5317200
2020-12-17,27.871021270751957,28.15999984741211,28.262500762939453,27.9325008392334,4388400
2020-12-18,27.678417205810547,28.352500915527344,28.38999938964844,27.607500076293945,7573200
2020-12-21,27.606807708740234,27.5,28.042499542236328,26.977500915527344,7365200
2020-12-22,27.74014663696289,28.112499237060547,28.26499938964844,27.56999969482422,6357600
2020-12-23,27.463586807250977,28.100000381469727,28.162500381469727,27.780000686645508,4632800
2020-12-24,27.703107833862305,27.857500076293945,28.127500534057617,27.850000381469727,2612400
2020-12-28,28.266111373901367,28.52750015258789,28.70249938964844,28.19750022888184,4510800
2020-12-29,28.317964553833008,28.86750030517578,28.979999542236328,28.5,4793200
2020-12-30,28.293272018432617,28.8799991607666,28.940000534057617,28.54750061035156,3214800
2020-12-31,28.42414283752441,28.65250015258789,28.88500022888184,28.45249938964844,4652000
2021-01-04,27.62409019470215,29.05500030517578,29.07999992370605,27.239999771118164,10180000
2021-01-05,28.073505401611328,27.799999237060547,28.477500915527344,27.792499542236328,8942800
2021-01-06,27.32036781311035,27.57250022888184,28.44499969482422,27.3700008392334,9966000
2021-01-07,28.653789520263672,28.145000457763672,29.14249992370605,28.145000457763672,6424400
2021-01-08,29.37482643127441,29.424999237060547,29.795000076293945,29.01000022888184,9081200
2021-01-11,28.500694274902344,29.15999984741211,29.38500022888184,28.739999771118164,8142800
2021-01-12,28.431550979614254,28.88500022888184,29.082500457763672,28.28249931335449,6837200
2021-01-13,28.79948234558105,28.82999992370605,29.309999465942383,28.71999931335449,4868400
2021-01-14,28.4834041595459,29.237499237060547,29.4325008392334,28.76499938964844,5456400
2021-01-15,28.041399002075195,28.8174991607666,28.987499237060547,28.177499771118164,5389200
2021-01-19,28.8710880279541,28.82250022888184,29.3075008392334,28.625,6685200
2021-01-20,30.192163467407227,29.887500762939453,30.75,29.832500457763672,5584400
2021-01-21,30.70084381103516,30.76499938964844,31.20249938964844,30.56999969482422,6775200
2021-01-22,30.50823783874512,30.887500762939453,31.07999992370605,30.75,5576800
2021-01-25,31.049015045166016,31.54750061035156,31.802499771118164,30.125,14268400
2021-01-26,31.093461990356445,31.540000915527344,31.70499992370605,31.227500915527344,9333200
2021-01-27,29.41927528381348,31.030000686645508,31.03249931335449,29.337499618530277,12130800
2021-01-28,29.71312141418457,29.94499969482422,31.01749992370605,29.842500686645508,9271200
2021-01-29,28.48834800720215,29.739999771118164,29.95499992370605,28.467500686645508,11287200
2021-02-01,29.8884391784668,29.46999931335449,30.4325008392334,29.107500076293945,9096400
2021-02-02,30.868757247924805,30.825000762939453,31.450000762939453,30.787500381469727,6991600
2021-02-03,30.60206794738769,31.625,31.70499992370605,30.97249984741211,7540400
2021-02-04,31.33298110961914,31.26749992370605,31.725000381469727,30.9950008392334,4824400
2021-02-05,31.552753448486328,31.912500381469727,32.125,31.582500457763672,7433200
2021-02-08,31.94784164428711,32.26499938964844,32.380001068115234,31.94750022888184,5049200
2021-02-09,31.937969207763672,32.16749954223633,32.587501525878906,32.16749954223633,3492400
2021-02-10,31.78239631652832,32.60749816894531,32.70000076293945,31.552499771118164,5258800
2021-02-11,32.1355094909668,32.5,32.61750030517578,32.064998626708984,4302000
2021-02-12,32.4910888671875,32.377498626708984,32.932498931884766,32.165000915527344,3381600
2021-02-16,32.32316970825195,33.05500030517578,33.2400016784668,32.48749923706055,4618800
2021-02-17,32.00957489013672,32.122501373291016,32.45750045776367,31.670000076293945,6291600
2021-02-18,31.71819496154785,31.684999465942383,32.25749969482422,31.32749938964844,5330400
2021-02-19,31.451513290405277,32.38750076293945,32.404998779296875,31.647499084472656,4489600
2021-02-22,29.8217716217041,30.96500015258789,31.217500686645508,30.15999984741211,8728800
2021-02-23,29.63657569885254,29.15999984741211,30.32749938964844,28.052499771118164,17403200
2021-02-24,30.12055778503418,29.489999771118164,30.5625,28.97249984741211,9657200
2021-02-25,27.98707771301269,29.96999931335449,30.47249984741211,28.06999969482422,16296800
2021-02-26,28.283390045166016,28.912500381469727,29.5049991607666,28.022499084472656,19246400
2021-03-01,29.955114364624023,29.5575008392334,30.387500762939453,29.295000076293945,8928000
2021-03-02,28.98467445373535,30.44499969482422,30.459999084472656,29.30500030517578,7660000
2021-03-03,27.315431594848636,29.14249992370605,29.3174991607666,27.63500022888184,11431200
2021-03-04,26.39931869506836,27.5625,28.155000686645508,26.022499084472656,26453600
2021-03-05,27.209243774414062,27.21500015258789,27.69750022888184,25.600000381469727,17203600
2021-03-08,25.660993576049805,27.434999465942383,27.780000686645508,25.90250015258789,11614000
2021-03-09,27.69076156616211,27.272499084472656,28.362499237060547,27.1875,8753600
2021-03-10,27.525318145751957,28.8174991607666,28.924999237060547,27.74250030517578,14217200
2021-03-11,28.80194664001465,28.7450008392334,29.46500015258789,28.57250022888184,8259600
2021-03-12,28.3204345703125,28.3700008392334,28.69499969482422,27.934999465942383,9356400
2021-03-15,28.93282127380371,28.725000381469727,29.3125,28.42250061035156,5027200
2021-03-16,29.248891830444336,29.690000534057617,30.262500762939453,29.32999992370605,7150400
2021-03-17,29.48100852966309,29.022499084472656,30.20249938964844,28.69499969482422,8042000
2021-03-18,27.663599014282227,28.912500381469727,29.09000015258789,27.93000030517578,12377600
2021-03-19,27.91299819946289,27.987499237060547,28.49250030517578,27.584999084472656,9916800
2021-03-22,28.9155330657959,28.63249969482422,29.637500762939453,28.63249969482422,8472000
2021-03-23,28.61675071716309,29.45499992370605,29.712499618530277,28.854999542236328,9600400
2021-03-24,27.66853904724121,29.272499084472656,29.272499084472656,28.00749969482422,8714800
2021-03-25,27.58952140808105,27.677499771118164,28.20249938964844,27.21999931335449,10858000
2021-03-26,28.41179847717285,27.887500762939453,28.81999969482422,27.637500762939453,8796400
2021-03-29,28.387102127075195,28.667499542236328,28.940000534057617,28.122499465942383,8086400
2021-03-30,28.11054229736328,28.3799991607666,28.5625,27.950000762939453,6412400
2021-03-31,28.93775749206543,28.790000915527344,29.607500076293945,28.72249984741211,6393600
2021-04-01,29.95264434814453,30.0575008392334,30.34749984741211,30.0049991607666,6406000
2021-04-05,31.152719497680664,30.802499771118164,31.674999237060547,30.752500534057617,7248400
2021-04-06,31.0860538482666,31.46500015258789,31.862499237060547,31.350000381469727,5124000
2021-04-07,31.239152908325195,31.397499084472656,31.792499542236328,31.212499618530277,4508400
2021-04-08,31.89598274230957,32.20249938964844,32.32749938964844,32.03499984741211,3505600
2021-04-09,32.286136627197266,32.022499084472656,32.71500015258789,31.88999938964844,5977600
2021-04-12,32.19229888916016,32.47249984741211,32.68000030517578,32.220001220703125,3947200
2021-04-13,32.942970275878906,32.89500045776367,33.442501068115234,32.8650016784668,4570000
2021-04-14,32.15032196044922,33.404998779296875,33.404998779296875,32.38750076293945,5747600
2021-04-15,33.115821838378906,33.119998931884766,33.60499954223633,33.099998474121094,6026800
2021-04-16,33.204715728759766,33.63750076293945,33.65250015258789,33.24250030517578,4457600
2021-04-19,32.59232711791992,33.30500030517578,33.52750015258789,32.61000061035156,6363600
2021-04-20,32.09599685668945,32.852500915527344,33.125,32.1150016784668,6347600
2021-04-21,32.6639404296875,32.26250076293945,33.10499954223633,32.05500030517578,5561200
2021-04-22,31.878698348999023,32.98249816894531,33.1875,32.040000915527344,7203600
2021-04-23,32.67875289916992,32.397499084472656,33.337501525878906,32.397499084472656,4764400
2021-04-26,33.10100555419922,33.13249969482422,33.557498931884766,32.98249816894531,4052800
2021-04-27,32.79727935791016,33.560001373291016,33.595001220703125,33.022499084472656,4010800
2021-04-28,32.537994384765625,33.15250015258789,33.352500915527344,32.8650016784668,5616400
2021-04-29,32.809627532958984,33.63750076293945,33.724998474121094,32.584999084472656,6563200
2021-04-30,32.36515426635742,32.727500915527344,33.224998474121094,32.61249923706055,4820000
2021-05-03,32.03426742553711,33.02000045776367,33.16749954223633,32.349998474121094,5927200
2021-05-04,30.876161575317383,31.920000076293945,31.982500076293945,30.5049991607666,9809600
2021-05-05,30.6539249420166,31.662500381469727,31.82749938964844,30.90749931335449,6844000
2021-05-06,31.13296890258789,31.0049991607666,31.54750061035156,30.5674991607666,7207200
2021-05-07,31.62189292907715,32.057498931884766,32.497501373291016,31.8174991607666,5674800
2021-05-10,30.01437759399414,31.7549991607666,31.78499984741211,30.375,8011200
2021-05-11,29.957582473754883,29.26499938964844,30.475000381469727,29.149999618530277,8990000
2021-05-12,28.406862258911133,29.36750030517578,29.815000534057617,28.59499931335449,9091200
2021-05-13,28.84639549255371,29.302499771118164,29.747499465942383,28.752500534057617,9386800
2021-05-14,30.105737686157227,29.802499771118164,30.65749931335449,29.69750022888184,8473200
2021-05-17,29.742752075195312,30.13999938964844,30.280000686645508,29.5674991607666,6804800
2021-05-18,29.33284568786621,30.299999237060547,30.522499084472656,29.65749931335449,6408800
2021-05-19,29.401988983154297,28.68000030517578,29.82749938964844,28.614999771118164,13063200
2021-05-20,30.54033470153809,30.04750061035156,31.084999084472656,30.01749992370605,9842800
2021-05-21,30.19463539123535,31.225000381469727,31.299999237060547,30.5049991607666,10658400
2021-05-24,31.219396591186523,31.022499084472656,31.81999969482422,30.94750022888184,6468000
2021-05-25,31.300880432128903,31.905000686645508,32.040000915527344,31.459999084472656,5461600
2021-05-26,31.508304595947266,31.825000762939453,32.0,31.684999465942383,4153200
2021-05-27,31.281126022338867,31.815000534057617,31.98500061035156,31.63999938964844,3494400
2021-05-28,31.453975677490234,31.905000686645508,32.18000030517578,31.809999465942383,5952400
2021-06-01,31.26137351989746,32.130001068115234,32.220001220703125,31.395000457763672,4544400
2021-06-02,31.37989997863769,31.73500061035156,31.934999465942383,31.434999465942383,3727800
2021-06-03,30.703310012817383,31.209999084472656,31.46500015258789,30.78499984741211,4663800
2021-06-04,31.784862518310547,31.459999084472656,32.25,31.440000534057617,6406800
2021-06-07,31.94784164428711,32.03499984741211,32.3650016784668,31.924999237060547,4148600
2021-06-08,31.97253799438477,32.70500183105469,32.869998931884766,32.05500030517578,4288400
2021-06-09,32.00216293334961,32.65999984741211,32.810001373291016,32.3650016784668,3653000
2021-06-10,32.67380905151367,32.470001220703125,33.095001220703125,32.38999938964844,3531600
2021-06-11,32.83185195922852,33.07500076293945,33.244998931884766,32.94499969482422,2649600
2021-06-14,33.45905685424805,33.334999084472656,33.880001068115234,33.099998474121094,3428600
2021-06-15,33.01457977294922,33.80500030517578,33.875,33.29499816894531,3032000
2021-06-16,32.77753448486328,33.525001525878906,33.7400016784668,32.494998931884766,6306400
2021-06-17,33.60721206665039,32.98500061035156,34.22999954223633,32.974998474121094,5353800
2021-06-18,33.08371353149414,33.70500183105469,33.93000030517578,33.345001220703125,5902200
2021-06-21,33.48374938964844,33.53499984741211,33.970001220703125,33.084999084472656,7340200
2021-06-22,34.1109504699707,33.869998931884766,34.630001068115234,33.80500030517578,3735800
2021-06-23,34.13563919067383,34.529998779296875,34.80500030517578,34.40999984741211,4704800
2021-06-24,34.56036376953125,34.97999954223633,35.310001373291016,34.86000061035156,3644800
2021-06-25,34.48627853393555,35.11000061035156,35.165000915527344,34.790000915527344,3307400
2021-06-28,35.31596755981445,35.20000076293945,35.78499984741211,35.165000915527344,2578400
2021-06-29,35.56783676147461,35.71500015258789,36.02000045776367,35.55500030517578,2170400
2021-06-30,35.4641227722168,35.97999954223633,36.060001373291016,35.779998779296875,2516400
2021-07-01,35.48881912231445,35.81999969482422,36.025001525878906,35.54999923706055,3110000
2021-07-02,36.28887939453125,36.31999969482422,36.810001373291016,36.27999877929688,2966600
2021-07-06,36.59507369995117,36.8650016784668,37.119998931884766,36.30500030517578,2962400
2021-07-07,36.72346878051758,37.52000045776367,37.58000183105469,36.810001373291016,3650200
2021-07-08,36.3283805847168,36.1349983215332,36.94499969482422,35.8650016784668,6300600
2021-07-09,36.767913818359375,36.63999938964844,37.32500076293945,36.52000045776367,3614200
2021-07-12,37.04941177368164,37.51499938964844,37.61000061035156,37.18000030517578,3513200
2021-07-13,37.03459930419922,37.435001373291016,38.14500045776367,37.33000183105469,5558200
2021-07-14,37.16300582885742,38.01499938964844,38.13999938964844,37.470001220703125,4879000
2021-07-15,36.63951873779297,37.619998931884766,37.650001525878906,36.685001373291016,5503400
2021-07-16,36.05181884765625,37.29999923706055,37.494998931884766,36.435001373291016,4855200
2021-07-19,35.459190368652344,35.76499938964844,36.0099983215332,35.3650016784668,13662600
2021-07-20,36.283935546875,36.11000061035156,37.040000915527344,35.75,7660800
2021-07-21,36.81730651855469,36.65499877929688,37.29999923706055,36.59999847412109,4796800
2021-07-22,37.33091735839844,37.35499954223633,37.79499816894531,37.35499954223633,4153800
2021-07-23,38.180362701416016,38.084999084472656,38.72999954223633,37.81499862670898,4845600
2021-07-26,38.26432037353516,38.52999877929688,38.81999969482422,38.34000015258789,4782000
2021-07-27,37.42475128173828,38.67499923706055,38.685001373291016,36.97999954223633,8540200
2021-07-28,37.69143295288086,38.119998931884766,38.505001068115234,37.63999938964844,6524600
2021-07-29,37.83959197998047,38.060001373291016,38.54999923706055,38.04999923706055,3819200
2021-07-30,37.43462753295898,37.459999084472656,38.02000045776367,37.43999862670898,4870600
2021-08-02,37.42969512939453,38.255001068115234,38.375,37.77999877929688,9445200
2021-08-03,37.88404083251953,38.060001373291016,38.375,37.36000061035156,5711400
2021-08-04,38.00750732421875,38.34999847412109,38.67499923706055,38.119998931884766,3463000
2021-08-05,38.48655700683594,38.63999938964844,39.0,38.494998931884766,3099200
2021-08-06,38.13591384887695,38.67499923706055,38.8849983215332,38.375,3444800
2021-08-09,38.274192810058594,38.709999084472656,38.8650016784668,38.47499847412109,2604800
2021-08-10,37.88898468017578,38.85499954223633,38.91999816894531,38.095001220703125,3344000
2021-08-11,37.7655143737793,38.625,38.72999954223633,37.93000030517578,2856600
2021-08-12,38.032203674316406,38.10499954223633,38.56999969482422,37.82500076293945,2949200
2021-08-13,38.27912902832031,38.56999969482422,38.83000183105469,38.47499847412109,2254400
2021-08-16,38.30876159667969,38.51499938964844,38.79999923706055,37.685001373291016,4969200
2021-08-17,37.63711166381836,38.19499969482422,38.40499877929688,37.584999084472656,4737200
2021-08-18,36.90620422363281,38.0,38.290000915527344,37.29999923706055,4988200
2021-08-19,37.27165985107422,36.95000076293945,38.084999084472656,36.900001525878906,10185200
2021-08-20,38.04701614379883,37.93999862670898,38.59000015258789,37.89500045776367,5549600
2021-08-23,39.17302322387695,38.73500061035156,39.810001373291016,38.73500061035156,3810000
2021-08-24,39.41501235961914,39.79999923706055,40.03499984741211,39.685001373291016,2759000
2021-08-25,39.4594612121582,39.96500015258789,40.119998931884766,39.79499816894531,3226400
2021-08-26,39.00016784667969,39.81499862670898,39.95500183105469,39.400001525878906,3864400
2021-08-27,39.76565170288086,39.625,40.345001220703125,39.52000045776367,3742200
2021-08-30,40.65954208374024,40.415000915527344,41.255001068115234,40.415000915527344,3975800
2021-08-31,40.57558822631836,41.20500183105469,41.20500183105469,40.7400016784668,3753200
2021-09-01,40.71879577636719,41.31999969482422,41.67499923706055,41.17499923706055,3672200
2021-09-02,40.66941833496094,41.51499938964844,41.584999084472656,40.90499877929688,3180400
2021-09-03,40.92622375488281,40.90999984741211,41.51499938964844,40.90999984741211,2811800
2021-09-07,41.02499771118164,41.43999862670898,41.685001373291016,41.18999862670898,3041800
2021-09-08,40.75830841064453,41.5,41.5,40.744998931884766,4814600
2021-09-09,40.43730163574219,41.290000915527344,41.540000915527344,40.90999984741211,3812200
2021-09-10,39.83479690551758,41.375,41.4900016784668,40.26499938964844,5649800
2021-09-13,39.78047180175781,40.845001220703125,40.93999862670898,39.82500076293945,6193600
2021-09-14,39.54835891723633,40.59999847412109,40.76499938964844,39.84000015258789,5696600
2021-09-15,40.13111114501953,40.15499877929688,40.720001220703125,39.64500045776367,3364000
2021-09-16,40.2051887512207,40.36000061035156,40.81999969482422,39.92499923706055,3707200
2021-09-17,39.25204086303711,40.59999847412109,40.59999847412109,39.5,5933400
2021-09-20,37.61736297607422,38.45000076293945,38.84000015258789,37.06999969482422,14432400
2021-09-21,37.69143295288086,38.470001220703125,38.72499847412109,37.93999862670898,7007000
2021-09-22,38.41247177124024,38.380001068115234,39.20000076293945,38.14500045776367,6998800
2021-09-23,39.11375427246094,39.125,39.83000183105469,38.994998931884766,6841200
2021-09-24,39.177955627441406,39.09999847412109,39.77000045776367,39.040000915527344,3990600
2021-09-27,38.57051086425781,39.0,39.22999954223633,38.48500061035156,6146800
2021-09-28,36.36788940429688,38.060001373291016,38.19499969482422,36.72499847412109,12348400
2021-09-29,36.27899932861328,37.10499954223633,37.540000915527344,36.58000183105469,7409000
2021-09-30,35.938236236572266,37.060001373291016,37.400001525878906,36.3650016784668,8754400
2021-10-01,36.42221450805664,36.54499816894531,37.095001220703125,35.70500183105469,9564600
2021-10-04,34.911006927490234,36.53499984741211,36.61000061035156,34.8650016784668,12422000
2021-10-05,35.84440612792969,35.53499984741211,36.744998931884766,35.51499938964844,8216200
2021-10-06,36.29381561279297,35.6150016784668,36.80500030517578,35.42499923706055,8508200
2021-10-07,36.96052169799805,37.380001068115234,37.970001220703125,37.28499984741211,5256200
2021-10-08,36.58518981933594,37.65499877929688,37.68999862670898,36.935001373291016,4585000
2021-10-11,36.027130126953125,36.72999954223633,37.45500183105469,36.45500183105469,4333000
2021-10-12,35.785133361816406,36.77999877929688,36.86000061035156,36.084999084472656,4932400
2021-10-13,36.34813690185547,36.68999862670898,36.93000030517578,36.28499984741211,4573400
2021-10-14,37.68156051635742,37.54999923706055,38.19499969482422,37.415000915527344,5528000
2021-10-15,38.15566635131836,38.40999984741211,38.650001525878906,38.19499969482422,3799000
2021-10-18,38.92609405517578,38.35499954223633,39.44499969482422,38.22999954223633,4577800
2021-10-19,39.494022369384766,39.63999938964844,40.0099983215332,39.494998931884766,3963600
2021-10-20,39.40019989013672,40.10499954223633,40.22499847412109,39.56999969482422,3802200
2021-10-21,39.88417816162109,39.720001220703125,40.415000915527344,39.64500045776367,3066600
2021-10-22,39.2026481628418,40.095001220703125,40.30500030517578,39.33000183105469,4902400
2021-10-25,40.00270462036133,40.005001068115234,40.70500183105469,39.584999084472656,4804600
2021-10-26,40.22494888305664,41.0,41.52999877929688,40.505001068115234,5430600
2021-10-27,40.43236541748047,40.8650016784668,41.619998931884766,40.80500030517578,3991600
2021-10-28,41.34600830078125,41.3650016784668,41.90499877929688,41.20500183105469,3595800
2021-10-29,41.75096893310547,41.15999984741211,42.29999923706055,41.084999084472656,4382400
2021-11-01,42.032470703125,42.369998931884766,42.56999969482422,41.89500045776367,4304600
2021-11-02,42.3880500793457,42.40999984741211,43.01499938964844,42.40499877929688,3240400
2021-11-03,43.28192901611328,43.005001068115234,43.90499877929688,42.77999877929688,4803400
2021-11-04,44.3783073425293,44.10499954223633,45.15499877929688,43.97499847412109,5058800
2021-11-05,44.46720504760742,45.345001220703125,45.56499862670898,44.70000076293945,5388000
2021-11-08,44.34868621826172,45.0099983215332,45.244998931884766,44.744998931884766,3865800
2021-11-09,43.721466064453125,45.150001525878906,45.22499847412109,43.959999084472656,5863000
2021-11-10,42.44731140136719,43.619998931884766,44.275001525878906,42.52999877929688,7582200
2021-11-11,42.684364318847656,43.650001525878906,43.685001373291016,43.125,4129000
2021-11-12,43.578250885009766,43.459999084472656,44.23500061035156,43.10499954223633,3584400
2021-11-15,43.563438415527344,44.3849983215332,44.45500183105469,43.52999877929688,4993600
2021-11-16,44.17582321166992,43.93000030517578,44.83000183105469,43.900001525878906,5156400
2021-11-17,44.21533584594727,44.79499816894531,45.22999954223633,44.55500030517578,3583800
2021-11-18,45.1240463256836,45.23500061035156,45.79999923706055,44.720001220703125,6605000
2021-11-19,45.622840881347656,46.06499862670898,46.4900016784668,45.869998931884766,4075600
2021-11-22,44.58079147338867,46.55500030517578,47.27000045776367,45.09999847412109,8661600
2021-11-23,44.1610107421875,44.85499954223633,45.32500076293945,43.68000030517578,8533200
2021-11-24,44.472145080566406,44.130001068115234,45.04999923706055,43.595001220703125,5404800
2021-11-26,42.69424819946289,44.369998931884766,44.69499969482422,42.970001220703125,9370400
2021-11-29,44.590667724609375,44.31999969482422,45.369998931884766,44.15999984741211,6771400
2021-11-30,43.26712417602539,44.935001373291016,45.48500061035156,43.36000061035156,13698400
2021-12-01,41.80035400390625,44.82500076293945,45.29999923706055,42.2400016784668,10846200
2021-12-02,42.41767883300781,42.04999923706055,43.32500076293945,41.720001220703125,12959800
2021-12-03,40.9410400390625,43.220001220703125,43.45500183105469,40.5099983215332,13186200
2021-12-06,41.61268997192383,41.54499816894531,42.40499877929688,40.619998931884766,9277400
2021-12-07,44.11655807495117,43.57500076293945,44.77000045776367,43.57500076293945,8152800
2021-12-08,44.486961364746094,44.709999084472656,45.07500076293945,44.275001525878906,6692400
2021-12-09,43.173282623291016,44.7599983215332,45.165000915527344,43.65999984741211,7616200
2021-12-10,44.10667419433594,44.34000015258789,44.70500183105469,43.625,6575600
2021-12-13,42.82758712768555,44.64500045776367,44.70500183105469,43.27999877929688,6913800
2021-12-14,41.9682731628418,42.244998931884766,42.875,41.47999954223633,9612800
2021-12-15,43.84493255615234,42.39500045776367,44.46500015258789,41.5099983215332,11968200
2021-12-16,41.60281753540039,44.619998931884766,44.70500183105469,41.7400016784668,12277000
2021-12-17,41.17808532714844,41.31999969482422,42.61000061035156,40.994998931884766,13475200
2021-12-20,40.34840393066406,40.60499954223633,41.03499984741211,40.165000915527344,11559800
2021-12-21,42.15594482421875,41.58000183105469,42.7599983215332,40.7599983215332,8665800
2021-12-22,43.19304275512695,42.6150016784668,43.76499938964844,42.47499847412109,7392600
2021-12-23,43.85481643676758,43.79999923706055,44.72499847412109,43.77000045776367,7158600
2021-12-27,45.262325286865234,44.70000076293945,45.834999084472656,44.66999816894531,7256800
2021-12-28,44.89192581176758,46.04999923706055,46.125,45.220001220703125,8987400
2021-12-29,44.8524169921875,45.459999084472656,45.7400016784668,44.85499954223633,6671800
2021-12-30,44.54128646850586,45.35499954223633,45.85499954223633,44.994998931884766,5771200
2021-12-31,43.96346282958984,44.96500015258789,45.275001525878906,44.45500183105469,10505200
2022-01-03,44.87711715698242,44.82500076293945,45.47999954223633,44.345001220703125,12321800
2022-01-04,43.70171737670898,45.540000915527344,45.54999923706055,43.51499938964844,12080400
2022-01-05,40.98549270629883,43.84999847412109,44.10499954223633,41.470001220703125,19416000
2022-01-06,40.95585632324219,41.095001220703125,42.17499923706055,40.61000061035156,21080800
2022-01-07,40.05208969116211,41.44499969482422,41.82500076293945,40.165000915527344,14856400
2022-01-10,40.14592361450195,39.48500061035156,40.71500015258789,38.30500030517578,26443400
2022-01-11,41.32625579833984,40.42499923706055,41.84999847412109,39.97999954223633,21613000
2022-01-12,41.65219879150391,42.415000915527344,42.755001068115234,41.64500045776367,16403600
2022-01-13,39.54341125488281,42.43999862670898,42.60499954223633,39.834999084472656,21576200
2022-01-14,40.042213439941406,39.48500061035156,40.59999847412109,39.459999084472656,23671400
2022-01-18,38.07664489746094,39.25,39.71500015258789,38.345001220703125,19022800
2022-01-19,37.19757843017578,38.81999969482422,39.3650016784668,37.61000061035156,21533600
2022-01-20,36.21479415893555,38.32500076293945,39.17499923706055,36.56499862670898,18105000
2022-01-21,34.175148010253906,36.22499847412109,36.76499938964844,34.584999084472656,30147800
2022-01-24,34.589996337890625,33.5099983215332,35.09000015258789,31.184999465942383,40041000
2022-01-25,32.861480712890625,33.6150016784668,34.505001068115234,32.654998779296875,45231000
2022-01-26,32.915809631347656,34.82500076293945,35.595001220703125,32.4900016784668,26151200
2022-01-27,32.15032196044922,34.15999984741211,34.51499938964844,32.349998474121094,31453800
2022-01-28,34.209712982177734,32.91999816894531,34.6349983215332,31.95499992370605,34542600
2022-01-31,36.402462005615234,34.85499954223633,36.91999816894531,34.540000915527344,15154800
2022-02-01,36.837059020996094,37.06999969482422,37.435001373291016,36.0,14213600
2022-02-02,37.454376220703125,38.185001373291016,38.22499847412109,37.04499816894531,14866600
2022-02-03,34.3825798034668,35.845001220703125,36.540000915527344,34.60499954223633,20256200
2022-02-04,35.26164245605469,34.92499923706055,36.36000061035156,34.5099983215332,12168600
2022-02-07,34.70852279663086,35.790000915527344,36.29499816894531,34.8650016784668,13006400
2022-02-08,35.48881912231445,34.88999938964844,36.125,34.65999984741211,10682800
2022-02-09,36.99509811401367,36.81499862670898,37.45500183105469,36.5099983215332,10437000
2022-02-10,35.311031341552734,35.939998626708984,37.369998931884766,35.345001220703125,20919000
2022-02-11,33.08371353149414,35.72999954223633,36.04999923706055,33.209999084472656,20967000
2022-02-14,33.172607421875,33.334999084472656,34.209999084472656,32.845001220703125,21453600
2022-02-15,34.79741287231445,34.59000015258789,35.25,34.380001068115234,12314800
2022-02-16,34.762840270996094,34.75,35.38999938964844,34.130001068115234,13161000
2022-02-17,32.69850540161133,34.51499938964844,34.66999816894531,33.0099983215332,12042400
2022-02-18,31.94289970397949,33.2599983215332,33.345001220703125,31.88999938964844,17350400
2022-02-22,31.295944213867188,31.7549991607666,32.810001373291016,30.98500061035156,18384000
2022-02-23,29.705713272094727,32.28499984741211,32.44499969482422,30.0049991607666,20689000
2022-02-24,31.695964813232425,28.1200008392334,32.15999984741211,28.059999465942383,31324600
2022-02-25,32.67380905151367,32.224998474121094,33.099998474121094,31.48500061035156,17812000
2022-02-28,32.925689697265625,32.44499969482422,33.59000015258789,32.220001220703125,15971200
2022-03-01,31.84412956237793,33.060001373291016,33.505001068115234,31.76499938964844,15366600
2022-03-02,32.89112091064453,32.54499816894531,33.560001373291016,32.005001068115234,13087800
2022-03-03,31.95277404785156,33.86000061035156,33.8650016784668,32.0,13261400
2022-03-04,31.05395126342773,31.895000457763672,32.17499923706055,30.975000381469727,12057200
2022-03-07,28.74761962890625,31.424999237060547,31.63999938964844,29.065000534057617,15477000
2022-03-08,28.46611976623535,28.95499992370605,30.59499931335449,28.21500015258789,29354000
2022-03-09,30.550216674804688,30.34000015258789,31.149999618530277,29.86000061035156,15465000
2022-03-10,29.863744735717773,30.1200008392334,30.440000534057617,29.375,14806400
2022-03-11,28.599462509155277,30.770000457763672,30.825000762939453,28.8700008392334,11842600
2022-03-14,27.517911911010746,28.73500061035156,29.34499931335449,27.71500015258789,17040600
2022-03-15,29.2167911529541,28.31999969482422,29.725000381469727,28.030000686645508,17767800
2022-03-16,31.40459442138672,30.315000534057617,31.799999237060547,29.63999938964844,21507400
2022-03-17,32.1355094909668,31.43000030517578,32.53499984741211,31.170000076293945,13647600
2022-03-18,33.473873138427734,32.224998474121094,33.939998626708984,32.005001068115234,14640200
2022-03-21,33.28620529174805,33.71500015258789,34.150001525878906,32.82500076293945,13864000
2022-03-22,34.580116271972656,33.79499816894531,35.18000030517578,33.720001220703125,13091000
2022-03-23,33.587459564208984,34.45000076293945,35.150001525878906,34.0,12659000
2022-03-24,35.083858489990234,34.38999938964844,35.525001525878906,33.96500015258789,14963400
2022-03-25,35.03447341918945,35.4900016784668,35.709999084472656,34.595001220703125,13492000
2022-03-28,36.116024017333984,35.45000076293945,36.56499862670898,35.20000076293945,13447800
2022-03-29,37.33091735839844,37.36000061035156,37.93000030517578,36.77999877929688,13109400
2022-03-30,36.53580474853516,37.42499923706055,37.7599983215332,36.665000915527344,10161800
2022-03-31,35.51845169067383,37.0,37.06999969482422,35.88999938964844,18050400
2022-04-01,35.49375915527344,36.11000061035156,36.26499938964844,35.27000045776367,13742200
2022-04-04,36.921024322509766,36.08000183105469,37.3849983215332,36.025001525878906,10275600
2022-04-05,35.30609130859375,37.084999084472656,37.22999954223633,35.474998474121094,15053400
2022-04-06,33.73068618774414,34.6349983215332,34.86000061035156,33.63999938964844,18505000
2022-04-07,33.91340637207031,33.974998474121094,34.76499938964844,33.279998779296875,23844200
2022-04-08,32.950382232666016,33.994998931884766,34.1349983215332,33.255001068115234,16143000
2022-04-11,31.39965438842773,32.529998779296875,32.71500015258789,31.725000381469727,12651800
2022-04-12,31.152719497680664,32.70500183105469,33.04999923706055,31.26000022888184,17267000
2022-04-13,32.38737869262695,31.575000762939453,32.994998931884766,31.44499969482422,9644600
2022-04-14,30.900856018066406,32.79999923706055,32.90999984741211,31.26000022888184,13048400
2022-04-18,30.999631881713867,31.084999084472656,31.774999618530277,30.80500030517578,10158600
2022-04-19,32.31329727172852,31.21500015258789,32.845001220703125,31.024999618530277,10597400
2022-04-20,31.37002182006836,32.90999984741211,32.98500061035156,31.55500030517578,11112600
2022-04-21,30.115617752075195,32.529998779296875,33.02000045776367,30.295000076293945,15518200
2022-04-22,28.50563240051269,30.4950008392334,30.725000381469727,28.795000076293945,17695400
2022-04-25,29.256298065185547,28.55500030517578,29.665000915527344,28.34000015258789,20252600
2022-04-26,26.99935340881348,29.23500061035156,29.26000022888184,27.31999969482422,17151800
2022-04-27,26.969724655151367,27.375,28.354999542236328,27.0,22371200
2022-04-28,28.86614799499512,28.18000030517578,29.559999465942383,27.434999465942383,21608600
2022-04-29,26.27338218688965,28.46999931335449,29.100000381469727,26.5049991607666,21359800
2022-05-02,27.15739631652832,26.530000686645508,27.530000686645508,25.9950008392334,41917000
2022-05-03,27.24134635925293,27.489999771118164,27.950000762939453,27.065000534057617,15773400
2022-05-04,29.06863594055176,27.645000457763672,29.530000686645508,26.700000762939453,26193600
2022-05-05,26.17954444885254,28.604999542236328,28.63500022888184,25.84499931335449,21008600
2022-05-06,25.52271270751953,26.09499931335449,26.795000076293945,25.114999771118164,23935200
2022-05-09,23.497886657714844,24.86000061035156,25.26499938964844,23.549999237060547,20535800
2022-05-10,24.075702667236328,24.96500015258789,25.155000686645508,23.69499969482422,31727200
2022-05-11,22.628686904907227,23.98500061035156,24.899999618530277,22.780000686645508,29229400
2022-05-12,22.52991485595703,22.21500015258789,23.524999618530277,21.82999992370605,26040200
2022-05-13,24.17447853088379,23.520000457763672,24.655000686645508,23.2549991607666,13575400
2022-05-16,23.631227493286133,24.19499969482422,24.53499984741211,23.709999084472656,12234800
2022-05-17,24.85106658935547,24.875,25.21999931335449,24.26000022888184,12646200
2022-05-18,22.381759643554688,24.3799991607666,24.51000022888184,22.475000381469727,11742200
2022-05-19,22.15952491760254,22.364999771118164,23.18000030517578,22.1200008392334,17992400
2022-05-20,22.006427764892575,22.98500061035156,23.084999084472656,20.979999542236328,16167600
2022-05-23,22.74227905273437,22.459999084472656,23.084999084472656,22.075000762939453,13331600
2022-05-24,21.76937484741211,22.18000030517578,22.295000076293945,21.26499938964844,14160000
2022-05-25,22.391639709472656,21.80500030517578,22.989999771118164,21.780000686645508,13620800
2022-05-26,23.62135124206543,22.53499984741211,24.15999984741211,22.489999771118164,8656400
2022-05-27,25.186887741088867,24.43000030517578,25.5,24.40999984741211,13309200
2022-05-31,25.02391624450684,25.479999542236328,25.84499931335449,24.68000030517578,11966200
2022-06-01,24.658456802368164,25.70499992370605,26.059999465942383,24.59000015258789,11093600
2022-06-02,26.016576766967773,24.774999618530277,26.350000381469727,24.53499984741211,11470600
2022-06-03,24.62388610839844,25.424999237060547,25.665000915527344,24.73500061035156,10348600
2022-06-06,24.81155586242676,25.69499969482422,25.950000762939453,24.86000061035156,8605800
2022-06-07,25.2510929107666,24.549999237060547,25.674999237060547,24.364999771118164,7821400
2022-06-08,24.870819091796875,25.405000686645508,25.850000381469727,25.03499984741211,5292200
2022-06-09,23.5127010345459,24.875,25.399999618530277,23.799999237060547,7298400
2022-06-10,21.83851432800293,22.899999618530277,23.09499931335449,22.06999969482422,16818000
2022-06-13,19.828502655029297,20.73500061035156,21.1200008392334,19.934999465942383,19895600
2022-06-14,19.92233657836914,20.40999984741211,20.540000915527344,19.76499938964844,12524200
2022-06-15,20.895244598388672,20.65999984741211,21.73500061035156,20.2450008392334,19030800
2022-06-16,19.221052169799805,20.059999465942383,20.125,19.1200008392334,28909800
2022-06-17,19.66552734375,19.549999237060547,20.26000022888184,19.309999465942383,16117000
2022-06-21,20.658187866210938,20.56999969482422,21.25,20.559999465942383,14404600
2022-06-22,20.58904266357422,20.5049991607666,21.51499938964844,20.440000534057617,11397000
2022-06-23,21.20143318176269,21.225000381469727,21.59000015258789,20.795000076293945,10545400
2022-06-24,22.69289207458496,21.899999618530277,22.98500061035156,21.8700008392334,8389200
2022-06-27,22.307680130004883,23.145000457763672,23.23500061035156,22.40999984741211,7038600
2022-06-28,20.93968963623047,22.68000030517578,23.07999992370605,21.18000030517578,10029800
2022-06-29,20.99895477294922,21.170000076293945,21.46999931335449,20.80500030517578,10130800
2022-06-30,20.450767517089844,20.780000686645508,21.2450008392334,20.03499984741211,11290800
2022-07-01,20.71745109558105,20.489999771118164,21.03499984741211,20.229999542236328,12950600
2022-07-05,21.42860984802246,20.40999984741211,21.70499992370605,20.170000076293945,9101400
2022-07-06,21.690357208251957,21.75,22.290000915527344,21.48500061035156,9548800
2022-07-07,22.61387634277344,22.100000381469727,23.01000022888184,22.100000381469727,5611400
2022-07-08,22.687952041625977,22.440000534057617,23.174999237060547,22.315000534057617,6734400
2022-07-11,21.690357208251957,22.575000762939453,22.61000061035156,21.84000015258789,6936800
2022-07-12,21.280452728271484,22.165000915527344,22.46500015258789,21.299999237060547,7321400
2022-07-13,21.20143318176269,20.69499969482422,21.81999969482422,20.614999771118164,11671000
2022-07-14,21.344655990600582,21.049999237060547,21.729999542236328,20.56999969482422,9062400
2022-07-15,22.10519790649414,22.06999969482422,22.395000457763672,21.815000534057617,7206000
2022-07-18,21.734806060791016,22.815000534057617,23.040000915527344,21.82999992370605,7378000
2022-07-19,23.058347702026367,22.575000762939453,23.395000457763672,22.315000534057617,8199000
2022-07-20,23.78925895690918,23.420000076293945,24.280000686645508,23.299999237060547,9271800
2022-07-21,24.47078895568848,24.149999618530277,24.780000686645508,23.739999771118164,7491000
2022-07-22,23.611474990844727,24.63999938964844,24.975000381469727,23.604999542236328,8823200
2022-07-25,23.359601974487305,23.899999618530277,23.975000381469727,23.309999465942383,9322800
2022-07-26,22.41633415222168,23.36000061035156,23.38999938964844,22.56999969482422,4909400
2022-07-27,24.312753677368164,23.40999984741211,24.88500022888184,23.334999084472656,12328400
2022-07-28,24.772048950195312,24.575000762939453,25.190000534057617,23.959999084472656,11962600
2022-07-29,25.69062614440918,25.34499931335449,26.149999618530277,25.114999771118164,8710600
2022-08-01,25.660993576049805,25.709999084472656,26.549999237060547,25.524999618530277,5901400
2022-08-02,25.488142013549805,25.575000762939453,26.5049991607666,25.405000686645508,6476400
2022-08-03,26.875890731811523,26.100000381469727,27.354999542236328,26.09000015258789,6720800
2022-08-04,27.10800552368164,27.21500015258789,27.51499938964844,26.854999542236328,5514800
2022-08-05,26.67834854125977,26.57999992370605,27.364999771118164,26.440000534057617,10551200
2022-08-08,26.50549697875977,27.170000076293945,27.799999237060547,26.59000015258789,6903400
2022-08-09,25.89805030822754,26.5,26.549999237060547,25.950000762939453,5850400
2022-08-10,27.340118408203125,27.475000381469727,27.729999542236328,27.045000076293945,11302000
2022-08-11,27.02898406982422,28.084999084472656,28.43000030517578,27.239999771118164,6851400
2022-08-12,28.095722198486328,27.71999931335449,28.45499992370605,27.53499984741211,5083600
2022-08-15,28.52044677734375,28.25,28.96500015258789,28.25,4667600
2022-08-16,28.387102127075195,28.690000534057617,29.11000061035156,28.200000762939453,6352200
2022-08-17,27.730270385742188,28.170000076293945,28.584999084472656,27.71999931335449,8123400
2022-08-18,27.87348937988281,28.045000076293945,28.40999984741211,27.780000686645508,4834400
2022-08-19,26.77712059020996,27.674999237060547,27.774999618530277,26.96999931335449,6553200
2022-08-22,25.359743118286133,26.36000061035156,26.399999618530277,25.524999618530277,13726800
2022-08-23,25.31529426574707,25.625,26.09499931335449,25.4950008392334,6612000
2022-08-24,25.45851325988769,25.540000915527344,26.075000762939453,25.44499969482422,5331800
2022-08-25,26.34251976013184,26.059999465942383,26.674999237060547,25.88500022888184,7587200
2022-08-26,24.179412841796875,26.625,26.81999969482422,24.475000381469727,11767200
2022-08-29,23.705307006835938,24.0,24.434999465942383,23.815000534057617,9565000
2022-08-30,23.17193984985352,24.26499938964844,24.350000381469727,23.049999237060547,8286200
2022-08-31,22.90031623840332,23.915000915527344,24.05500030517578,23.170000076293945,17338000
2022-09-01,22.915132522583008,22.774999618530277,23.2450008392334,22.190000534057617,10762800
2022-09-02,22.25829696655273,23.655000686645508,23.864999771118164,22.28499984741211,13055400
2022-09-06,21.937286376953125,22.59499931335449,22.75,21.875,10722600
2022-09-07,22.81635856628418,22.26499938964844,23.2549991607666,22.239999771118164,11316400
2022-09-08,23.048471450805664,22.7549991607666,23.540000915527344,22.55500030517578,11207200
2022-09-09,24.046066284179688,23.690000534057617,24.424999237060547,23.68000030517578,6408800
2022-09-12,24.61400985717773,24.565000534057617,24.979999542236328,24.524999618530277,7567400
2022-09-13,21.90271377563477,23.46999931335449,23.68000030517578,22.045000076293945,12905800
2022-09-14,22.26323509216309,22.364999771118164,22.665000915527344,22.084999084472656,7933400
2022-09-15,21.492815017700195,22.209999084472656,22.600000381469727,21.524999618530277,9872400
2022-09-16,21.23106384277344,21.26000022888184,21.559999465942383,20.950000762939453,8808600
2022-09-19,21.57183074951172,21.09499931335449,21.854999542236328,21.084999084472656,8166000
2022-09-20,21.2113094329834,21.44499969482422,21.82999992370605,21.13500022888184,9361400
2022-09-21,20.445825576782227,21.6200008392334,22.26000022888184,20.690000534057617,15802000
2022-09-22,19.95196914672852,20.459999084472656,20.625,20.01499938964844,11582400
2022-09-23,19.30006980895996,19.834999084472656,19.8700008392334,19.03499984741211,13828600
2022-09-26,19.10746383666992,19.450000762939453,20.09499931335449,19.26000022888184,10924200
2022-09-27,19.156850814819336,19.850000381469727,20.190000534057617,19.045000076293945,13018200
2022-09-28,19.90257835388184,19.3799991607666,20.334999084472656,19.165000915527344,9776800
2022-09-29,18.781518936157227,19.55500030517578,19.61000061035156,18.545000076293945,13093400
2022-09-30,18.10492706298828,18.8700008392334,19.434999465942383,18.315000534057617,12365400
2022-10-03,18.95931053161621,18.56999969482422,19.415000915527344,18.375,12673600
2022-10-04,20.149513244628903,19.959999084472656,20.4950008392334,19.950000762939453,12115200
2022-10-05,20.114938735961918,19.825000762939453,20.63500022888184,19.440000534057617,10373800
2022-10-06,19.793933868408203,20.21999931335449,20.674999237060547,19.989999771118164,11859200
2022-10-07,18.277774810791016,19.36000061035156,19.3700008392334,18.31999969482422,12149800
2022-10-10,17.887632369995117,18.524999618530277,18.584999084472656,17.760000228881836,8529800
2022-10-11,17.44314956665039,17.895000457763672,18.290000915527344,17.399999618530273,14375400
2022-10-12,17.41352081298828,17.725000381469727,17.985000610351562,17.524999618530273,9579000
2022-10-13,18.20370101928711,16.604999542236328,18.614999771118164,16.489999771118164,22276800
2022-10-14,17.09745216369629,18.76000022888184,18.84499931335449,17.2450008392334,15657600
2022-10-17,18.258026123046875,18.125,18.584999084472656,18.125,12955800
2022-10-18,18.54446029663086,19.44499969482422,19.53499984741211,18.3799991607666,17131400
2022-10-19,18.38642883300781,18.530000686645508,19.045000076293945,18.270000457763672,9111800
2022-10-20,18.17901039123535,18.479999542236328,19.19499969482422,18.2450008392334,12220400
2022-10-21,19.048200607299805,18.25,19.34499931335449,18.09000015258789,12779800
2022-10-24,19.46304702758789,19.309999465942383,19.82999992370605,18.78499984741211,11592200
2022-10-25,20.258161544799805,19.82999992370605,20.559999465942383,19.82999992370605,8550600
2022-10-26,19.34945678710937,19.670000076293945,20.46999931335449,19.530000686645508,12766000
2022-10-27,18.633359909057617,19.424999237060547,19.63500022888184,18.80500030517578,9520800
2022-10-28,19.7840518951416,18.774999618530277,20.09000015258789,18.770000457763672,10842400
2022-10-31,19.30006980895996,19.684999465942383,19.809999465942383,19.280000686645508,9882600
2022-11-01,18.9099235534668,20.05500030517578,20.1299991607666,19.100000381469727,10109800
2022-11-02,17.616004943847656,19.149999618530277,19.575000762939453,17.825000762939453,16235200
2022-11-03,16.929536819458008,17.459999084472656,17.665000915527344,17.079999923706055,12666600
2022-11-04,17.467849731445312,17.795000076293945,17.934999465942383,16.950000762939453,13356600
2022-11-07,17.848119735717773,17.829999923706055,18.13999938964844,17.53499984741211,5524000
2022-11-08,18.095048904418945,18.270000457763672,18.770000457763672,17.78499984741211,9044400
2022-11-09,17.245609283447266,18.065000534057617,18.170000076293945,17.424999237060547,7479000
2022-11-10,19.793933868408203,19.165000915527344,20.084999084472656,18.8700008392334,16590200
2022-11-11,20.52484703063965,20.024999618530277,20.8799991607666,19.82999992370605,10517600
2022-11-14,20.15445327758789,20.479999542236328,20.96500015258789,20.274999618530277,19760200
2022-11-15,20.722393035888672,21.38500022888184,21.524999618530277,20.489999771118164,13337000
2022-11-16,20.144569396972656,20.684999465942383,20.725000381469727,20.274999618530277,6324200
2022-11-17,20.04086303710937,19.71999931335449,20.51000022888184,19.700000762939453,13683000
2022-11-18,20.045801162719727,20.73500061035156,20.76000022888184,19.94499969482422,8882000
2022-11-21,19.626020431518555,20.09000015258789,20.26000022888184,19.7549991607666,4776000
2022-11-22,20.18902015686035,19.975000381469727,20.46500015258789,19.665000915527344,8834800
2022-11-23,20.58904266357422,20.440000534057617,20.93000030517578,20.405000686645508,8342400
2022-11-25,20.307544708251957,20.604999542236328,20.70499992370605,20.4950008392334,2779600
2022-11-28,19.70503616333008,20.274999618530277,20.565000534057617,19.825000762939453,4054800
2022-11-29,19.41365623474121,19.979999542236328,20.040000915527344,19.450000762939453,4890400
2022-11-30,21.186616897583008,19.684999465942383,21.450000762939453,19.56999969482422,14528800
2022-12-01,21.22612571716309,21.48500061035156,21.770000457763672,21.06999969482422,7831000
2022-12-02,21.058216094970703,20.729999542236328,21.434999465942383,20.700000762939453,7703600
2022-12-05,20.327301025390625,20.98500061035156,21.174999237060547,20.375,6606600
2022-12-06,19.487733840942383,20.559999465942383,20.57999992370605,19.530000686645508,9560400
2022-12-07,19.31982421875,19.549999237060547,19.850000381469727,19.32999992370605,11128600
2022-12-08,19.788991928100582,19.7549991607666,20.15999984741211,19.46500015258789,5958600
2022-12-09,19.532182693481445,19.8799991607666,20.270000457763672,19.700000762939453,7095400
2022-12-12,20.00628662109375,19.78499984741211,20.26000022888184,19.645000457763672,5270200
2022-12-13,20.440887451171875,21.834999084472656,21.86000061035156,20.299999237060547,16672200
2022-12-14,20.12481689453125,20.59000015258789,21.084999084472656,19.915000915527344,12088200
2022-12-15,18.771638870239254,19.76000022888184,19.864999771118164,18.825000762939453,13833200
2022-12-16,18.401247024536133,18.895000457763672,19.114999771118164,18.40999984741211,20766800
2022-12-19,17.902446746826172,18.65999984741211,18.670000076293945,17.934999465942383,7875200
2022-12-20,17.853059768676758,17.940000534057617,18.309999465942383,17.729999542236328,8547800
2022-12-21,18.37655258178711,18.21500015258789,18.774999618530277,18.100000381469727,7561800
2022-12-22,17.464679718017578,18.114999771118164,18.125,17.03499984741211,12134000
2022-12-23,17.54888916015625,17.44499969482422,17.780000686645508,17.190000534057617,7979600
2022-12-27,17.018903732299805,17.614999771118164,17.625,17.1200008392334,7173200
2022-12-28,16.56817054748535,17.1299991607666,17.434999465942383,16.690000534057617,7322000
2022-12-29,17.370573043823242,17.079999923706055,17.655000686645508,17.0,7830200
2022-12-30,17.355716705322266,17.155000686645508,17.524999618530273,16.985000610351562,6488200
2023-01-03,17.113008499145508,17.81999969482422,18.01499938964844,16.959999084472656,10744400
2023-01-04,17.276466369628906,17.55500030517578,17.655000686645508,17.014999389648438,10703200
2023-01-05,16.711811065673828,17.204999923706055,17.21500015258789,16.834999084472656,8770800
2023-01-06,17.633087158203125,17.09000015258789,17.950000762939453,16.709999084472656,9068400
2023-01-09,17.86588478088379,18.06999969482422,18.65999984741211,17.94499969482422,10445600
2023-01-10,18.16802406311035,17.889999389648438,18.34000015258789,17.81999969482422,7259400
2023-01-11,18.782209396362305,18.475000381469727,18.975000381469727,18.364999771118164,6547600
2023-01-12,18.96052360534668,19.024999618530277,19.290000915527344,18.43000030517578,13126400
2023-01-13,19.22303771972656,18.795000076293945,19.450000762939453,18.75,7118200
2023-01-17,19.287429809570312,19.375,19.670000076293945,19.21999931335449,5573000
2023-01-18,18.792116165161133,19.709999084472656,19.920000076293945,18.950000762939453,7323400
2023-01-19,18.415678024291992,18.73500061035156,18.895000457763672,18.424999237060547,8381800
2023-01-20,19.445924758911133,18.809999465942383,19.655000686645508,18.674999237060547,6992200
2023-01-23,20.29786491394043,19.71500015258789,20.649999618530277,19.625,15408800
2023-01-24,20.203752517700195,20.23500061035156,20.55500030517578,20.15999984741211,11212400
2023-01-25,20.09478759765625,19.739999771118164,20.38500022888184,19.3700008392334,12435200
2023-01-26,20.87242317199707,20.774999618530277,21.09499931335449,20.395000457763672,9152400
2023-01-27,21.28353500366211,20.875,21.780000686645508,20.864999771118164,11035400
2023-01-30,20.406835556030277,21.0,21.21500015258789,20.56999969482422,9410800
2023-01-31,21.03587913513184,20.614999771118164,21.239999771118164,20.604999542236328,10618800
2023-02-01,21.947250366210938,21.200000762939453,22.489999771118164,20.895000457763672,16668600
2023-02-02,23.49262237548828,23.100000381469727,24.0049991607666,22.709999084472656,15147200
2023-02-03,22.645647048950195,22.68000030517578,23.809999465942383,22.625,17743200
2023-02-06,22.26920318603516,22.46500015258789,22.815000534057617,22.270000457763672,13271600
2023-02-07,23.195436477661133,22.45499992370605,23.56999969482422,22.28499984741211,17696600
2023-02-08,22.34845352172852,23.19499969482422,23.334999084472656,22.46500015258789,8346000
2023-02-09,21.93734741210937,23.209999084472656,23.23500061035156,21.934999465942383,9880600
2023-02-10,21.659969329833984,21.825000762939453,22.1299991607666,21.4950008392334,9519400
2023-02-13,22.358360290527344,22.06999969482422,22.63999938964844,21.895000457763672,7921400
2023-02-14,22.66050338745117,22.315000534057617,23.030000686645508,22.020000457763672,12703800
2023-02-15,23.02703094482422,22.604999542236328,23.25,22.5049991607666,9261400
2023-02-16,22.12556266784668,22.4950008392334,23.114999771118164,22.31999969482422,11092600
2023-02-17,21.808565139770508,22.020000457763672,22.1299991607666,21.57999992370605,7646400
2023-02-21,20.77336311340332,21.450000762939453,21.65999984741211,20.95499992370605,7102800
2023-02-22,20.803083419799805,21.059999465942383,21.299999237060547,20.76499938964844,9557600
2023-02-23,21.16465950012207,21.524999618530277,21.540000915527344,20.7450008392334,12213600
2023-02-24,20.43655204772949,20.6299991607666,20.799999237060547,20.375,12301000
2023-02-27,20.73869132995605,21.09499931335449,21.28499984741211,20.850000381469727,8575200
2023-02-28,20.66934967041016,20.834999084472656,21.23500061035156,20.78499984741211,6760600
2023-03-01,20.33749008178711,20.81999969482422,20.915000915527344,20.38999938964844,8565200
2023-03-02,20.684206008911133,20.155000686645508,20.975000381469727,20.125,8872200
2023-03-03,21.526235580444336,21.11000061035156,21.7549991607666,21.040000915527344,9703800
2023-03-06,21.555953979492188,21.90999984741211,22.34000015258789,21.739999771118164,8407200
2023-03-07,21.02597427368164,21.774999618530277,21.905000686645508,21.13500022888184,10278000
2023-03-08,21.24390983581543,21.274999618530277,21.51499938964844,21.01000022888184,8041200
2023-03-09,20.46627616882324,21.4950008392334,21.8700008392334,20.559999465942383,10255800
2023-03-10,19.89665985107422,20.690000534057617,20.915000915527344,19.934999465942383,30820800
2023-03-13,20.19880104064941,19.850000381469727,20.915000915527344,19.6200008392334,30307800
2023-03-14,21.12998580932617,20.895000457763672,21.405000686645508,20.774999618530277,13031000
2023-03-15,21.33802032470703,20.94499969482422,21.59499931335449,20.73500061035156,18626200
2023-03-16,22.452472686767575,21.38500022888184,22.71999931335449,21.28499984741211,16590200
2023-03-17,22.22957992553711,22.65999984741211,23.01000022888184,22.15999984741211,12643400
2023-03-20,22.393028259277344,22.36000061035156,22.649999618530277,22.024999618530277,8176800
2023-03-21,23.017126083374023,22.88999938964844,23.315000534057617,22.670000076293945,7240800
2023-03-22,22.388078689575195,23.23500061035156,23.979999542236328,22.59000015258789,24747800
2023-03-23,22.93292236328125,23.155000686645508,23.78499984741211,22.739999771118164,12797200
2023-03-24,23.086469650268555,23.065000534057617,23.31999969482422,22.71500015258789,7752000
2023-03-27,22.754610061645508,23.405000686645508,23.56999969482422,22.850000381469727,6827600
2023-03-28,22.52676773071289,22.899999618530277,22.899999618530277,22.38500022888184,7862200
2023-03-29,23.353933334350582,23.28499984741211,23.655000686645508,23.165000915527344,6727800
2023-03-30,23.76504135131836,23.93000030517578,24.084999084472656,23.725000381469727,8303200
2023-03-31,24.55259132385254,24.020000457763672,24.815000534057617,23.98500061035156,7233800
2023-04-03,24.42876625061035,24.44499969482422,24.700000762939453,24.239999771118164,8188000
2023-04-04,24.265308380126957,24.725000381469727,24.8799991607666,24.299999237060547,6524000
2023-04-05,23.76009559631348,24.325000762939453,24.354999542236328,23.700000762939453,8331400
2023-04-06,24.10185813903809,23.725000381469727,24.3799991607666,23.520000457763672,8803400
2023-04-10,24.047372817993164,23.84499931335449,24.280000686645508,23.565000534057617,6597000
2023-04-11,23.74028205871582,24.270000457763672,24.270000457763672,23.88500022888184,5338600
2023-04-12,23.30935859680176,24.26000022888184,24.34000015258789,23.46500015258789,8870200
2023-04-13,24.22072982788086,23.790000915527344,24.51000022888184,23.76499938964844,7159200
2023-04-14,24.116718292236328,24.184999465942383,24.6200008392334,23.895000457763672,6523200
2023-04-17,24.141481399536133,24.28499984741211,24.434999465942383,23.959999084472656,6663400
2023-04-18,24.15634155273437,24.70499992370605,24.770000457763672,24.190000534057617,6720600
2023-04-19,24.126623153686523,24.01000022888184,24.51499938964844,23.989999771118164,7118600
2023-04-20,23.7551383972168,23.8799991607666,24.424999237060547,23.770000457763672,10049200
2023-04-21,23.784860610961918,23.899999618530277,24.13500022888184,23.63500022888184,8053600
2023-04-24,23.68084144592285,23.975000381469727,24.18000030517578,23.57999992370605,5432200
2023-04-25,22.794233322143555,23.649999618530277,23.7549991607666,22.989999771118164,10007200
2023-04-26,23.05179786682129,23.5,23.73500061035156,23.20499992370605,7649800
2023-04-27,24.304935455322266,23.84000015258789,24.61000061035156,23.7450008392334,13067400
2023-04-28,24.63679313659668,24.48500061035156,24.875,24.315000534057617,7154800
2023-05-01,24.57240104675293,24.799999237060547,25.020000457763672,24.63500022888184,6884000
2023-05-02,24.131574630737305,24.795000076293945,24.84000015258789,24.09000015258789,7979400
2023-05-03,23.83439064025879,24.424999237060547,24.82999992370605,24.030000686645508,10127800
2023-05-04,23.651123046875,24.0049991607666,24.170000076293945,23.70499992370605,7362000
2023-05-05,24.641748428344727,24.200000762939453,25.0049991607666,24.149999618530277,6692400
2023-05-08,24.755672454833984,24.790000915527344,25.045000076293945,24.625,5566600
2023-05-09,24.44362449645996,24.725000381469727,24.86000061035156,24.6200008392334,5099200
2023-05-10,24.97360610961914,25.05500030517578,25.34000015258789,24.665000915527344,9513800
2023-05-11,25.12220001220703,25.270000457763672,25.440000534057617,25.030000686645508,7098400
2023-05-12,24.938936233520508,25.424999237060547,25.5049991607666,24.84499931335449,7470200
2023-05-15,25.20640182495117,25.239999771118164,25.475000381469727,25.0,7146600
2023-05-16,25.250980377197266,25.315000534057617,25.76000022888184,25.315000534057617,5980600
2023-05-17,25.870121002197266,25.645000457763672,26.19499969482422,25.46999931335449,7689400
2023-05-18,26.801305770874023,26.15999984741211,27.09499931335449,26.155000686645508,10012800
2023-05-19,26.68242835998535,27.09000015258789,27.20499992370605,26.76000022888184,7781200
2023-05-22,26.840930938720703,26.88999938964844,27.270000457763672,26.88500022888184,6917800
2023-05-23,26.167308807373047,26.834999084472656,27.01000022888184,26.36000061035156,5407400
2023-05-24,25.889930725097656,26.100000381469727,26.34000015258789,25.809999465942383,7873200
2023-05-25,27.13316345214844,27.30500030517578,27.59499931335449,26.90999984741211,9238800
2023-05-26,28.52498817443848,27.56999969482422,28.924999237060547,27.545000076293945,9572800
2023-05-30,28.767688751220703,29.5049991607666,29.69499969482422,28.809999465942383,9288400
2023-05-31,28.391254425048828,28.76499938964844,29.11000061035156,28.46999931335449,8536000
2023-06-01,29.094594955444336,28.645000457763672,29.575000762939453,28.475000381469727,6621400
2023-06-02,29.520566940307617,29.655000686645508,29.989999771118164,29.354999542236328,8838800
2023-06-05,29.555233001708984,29.76000022888184,30.26499938964844,29.655000686645508,6077000
2023-06-06,29.54533195495605,29.71999931335449,29.979999542236328,29.489999771118164,5470200
2023-06-07,28.52994155883789,29.86000061035156,30.190000534057617,28.690000534057617,8243600
2023-06-08,29.21842384338379,28.834999084472656,29.56999969482422,28.795000076293945,6031800
2023-06-09,29.4314079284668,29.7450008392334,30.2450008392334,29.479999542236328,8509600
2023-06-12,30.436891555786133,30.0,30.729999542236328,29.82999992370605,5299600
2023-06-13,30.88266944885254,31.200000762939453,31.325000762939453,30.63999938964844,6533600
2023-06-14,31.333404541015625,31.18000030517578,31.68000030517578,30.69499969482422,9163200
2023-06-15,32.05656814575195,31.399999618530277,32.630001068115234,31.290000915527344,12554400
2023-06-16,31.6404972076416,32.78499984741211,32.810001373291016,31.8799991607666,6792600
2023-06-20,31.566200256347656,31.684999465942383,32.099998474121094,31.32999992370605,5751400
2023-06-21,30.70435905456543,31.63999938964844,31.71500015258789,30.81999969482422,6789600
2023-06-22,31.412654876708984,30.7450008392334,31.71999931335449,30.674999237060547,4765800
2023-06-23,30.77865600585937,30.9950008392334,31.46999931335449,30.770000457763672,5761000
2023-06-26,29.95148658752441,30.96999931335449,31.450000762939453,30.21500015258789,6571600
2023-06-27,30.971826553344727,30.5,31.3799991607666,30.36000061035156,10757200
2023-06-28,31.07584381103516,30.924999237060547,31.709999084472656,30.924999237060547,9968600
2023-06-29,30.93715476989746,31.315000534057617,31.40999984741211,30.94499969482422,6941800
2023-06-30,31.888153076171875,31.86000061035156,32.3650016784668,31.809999465942383,6290800
2023-07-03,32.04170227050781,32.290000915527344,32.439998626708984,32.099998474121094,3440600
2023-07-05,32.01693344116211,32.03499984741211,32.619998931884766,32.03499984741211,4058000
2023-07-06,31.52161979675293,31.6299991607666,31.88500022888184,31.295000076293945,7080200
2023-07-07,31.29378318786621,31.7549991607666,32.32500076293945,31.55500030517578,7112200
2023-07-10,31.333404541015625,31.524999618530277,31.725000381469727,31.100000381469727,9980800
2023-07-11,31.620685577392575,31.674999237060547,31.989999771118164,31.30500030517578,10915800
2023-07-12,32.4230842590332,32.625,32.95500183105469,32.279998779296875,11074400
2023-07-13,33.488014221191406,33.26499938964844,33.95500183105469,33.165000915527344,6168000
2023-07-14,33.47315216064453,33.8849983215332,34.46500015258789,33.630001068115234,7406600
2023-07-17,34.08237838745117,33.904998779296875,34.56999969482422,33.83000183105469,9326800
2023-07-18,34.65199661254883,34.29499816894531,35.220001220703125,33.935001373291016,12493000
2023-07-19,34.56283950805664,35.165000915527344,35.369998931884766,34.70500183105469,9836000
2023-07-20,32.99765396118164,34.3650016784668,34.64500045776367,33.130001068115234,10129200
2023-07-21,32.79457473754883,33.744998931884766,33.875,33.040000915527344,8124000
2023-07-24,32.89858627319336,33.279998779296875,33.45000076293945,32.8849983215332,10284000
2023-07-25,33.354270935058594,33.334999084472656,33.95000076293945,33.32500076293945,10330600
2023-07-26,33.12147903442383,33.46500015258789,33.72999954223633,33.01499938964844,6982200
2023-07-27,32.93822479248047,34.38999938964844,34.67499923706055,33.01499938964844,16236400
2023-07-28,34.13192367553711,33.96500015258789,34.6349983215332,33.880001068115234,8282600
2023-07-31,34.191349029541016,34.505001068115234,34.69499969482422,34.244998931884766,5744800
2023-08-01,33.9981803894043,34.23500061035156,34.45000076293945,33.939998626708984,5208800
2023-08-02,32.492431640625,33.68000030517578,33.68000030517578,32.58000183105469,13333800
2023-08-03,32.373558044433594,32.35499954223633,33.04999923706055,32.33000183105469,7784200
2023-08-04,32.06151580810547,33.025001525878906,33.43000030517578,32.28499984741211,14143000
2023-08-07,32.60635757446289,32.69499969482422,32.92499923706055,32.26499938964844,6114800
2023-08-08,32.0367431640625,32.45500183105469,32.459999084472656,31.78499984741211,10888600
2023-08-09,31.323501586914062,32.3849983215332,32.415000915527344,31.4950008392334,7037800
2023-08-10,31.42751693725586,32.125,32.71500015258789,31.45499992370605,13651800
2023-08-11,31.01640510559082,31.26499938964844,31.614999771118164,31.049999237060547,8892800
2023-08-14,31.719745635986328,31.18000030517578,32.025001525878906,31.049999237060547,5633400
2023-08-15,31.03126335144043,31.825000762939453,31.96999931335449,31.20499992370605,5414800
2023-08-16,30.357641220092773,31.229999542236328,31.489999771118164,30.63999938964844,6374000
2023-08-17,29.679059982299805,30.8799991607666,30.934999465942383,29.899999618530277,9601400
2023-08-18,29.59981346130371,29.395000457763672,30.100000381469727,29.31999969482422,7514600
2023-08-21,30.560720443725582,30.1299991607666,30.959999084472656,30.05500030517578,8257000
2023-08-22,30.46660804748535,31.274999618530277,31.280000686645508,30.6299991607666,7614000
2023-08-23,31.41761016845703,30.940000534057617,31.899999618530277,30.90999984741211,8116200
2023-08-24,30.035690307617188,32.310001373291016,32.31999969482422,30.309999465942383,10530400
2023-08-25,30.52604866027832,30.475000381469727,31.09499931335449,29.895000457763672,14986600
2023-08-28,30.986684799194336,31.309999465942383,31.415000915527344,30.84000015258789,5851200
2023-08-29,32.31412124633789,31.225000381469727,32.685001373291016,31.18000030517578,8184000
2023-08-30,32.670745849609375,32.64500045776367,33.08000183105469,32.459999084472656,7393400
2023-08-31,32.82924270629883,32.970001220703125,33.45500183105469,32.96500015258789,5388000
2023-09-01,32.784671783447266,33.584999084472656,33.64500045776367,32.814998626708984,5922400
2023-09-05,32.8441047668457,32.93000030517578,33.369998931884766,32.76499938964844,4413600
2023-09-06,32.264591217041016,33.0,33.064998626708984,32.209999084472656,6877200
2023-09-07,31.779186248779297,31.76000022888184,32.21500015258789,31.575000762939453,6219600
2023-09-08,31.85348129272461,32.05500030517578,32.55500030517578,31.9950008392334,6527200
2023-09-11,32.60635757446289,32.689998626708984,33.0099983215332,32.35499954223633,7382200
2023-09-12,31.88320541381836,32.6150016784668,32.849998474121094,32.130001068115234,7969800
2023-09-13,32.115997314453125,32.220001220703125,32.69499969482422,32.01499938964844,7316200
2023-09-14,32.626163482666016,32.70500183105469,33.099998474121094,32.345001220703125,7829400
2023-09-15,31.48199844360352,32.68000030517578,32.755001068115234,31.63500022888184,10794000
2023-09-18,31.56124687194824,31.614999771118164,32.04499816894531,31.575000762939453,5146600
2023-09-19,31.42256164550781,31.61000061035156,31.84000015258789,31.184999465942383,6375200
2023-09-20,30.596067428588867,31.899999618530277,31.950000762939453,30.780000686645508,10784400
2023-09-21,29.43878555297852,30.13500022888184,30.274999618530277,29.6200008392334,8599200
2023-09-22,29.4636173248291,29.940000534057617,30.290000915527344,29.59499931335449,7559200
2023-09-25,29.726863861083984,29.479999542236328,29.940000534057617,29.31999969482422,5793000
2023-09-26,28.82289123535156,29.479999542236328,29.56999969482422,28.854999542236328,6881200
2023-09-27,28.976865768432617,29.200000762939453,29.46999931335449,28.549999237060547,9552000
2023-09-28,29.43381690979004,28.975000381469727,29.975000381469727,28.84499931335449,9031600
2023-09-29,29.478519439697266,30.19499969482422,30.434999465942383,29.45499992370605,11351800
2023-10-02,29.95037269592285,29.69499969482422,30.38500022888184,29.600000381469727,9423200
2023-10-03,28.89242172241211,29.71999931335449,30.09499931335449,28.809999465942383,10531000
2023-10-04,29.67222785949707,29.21500015258789,30.01000022888184,29.145000457763672,10016800
2023-10-05,29.478519439697266,29.86000061035156,29.90999984741211,29.084999084472656,6617000
2023-10-06,30.45203018188477,29.165000915527344,30.854999542236328,29.030000686645508,10872000
2023-10-09,30.76991081237793,30.270000457763672,31.065000534057617,30.0049991607666,6528800
2023-10-10,31.087791442871094,31.020000457763672,31.76000022888184,30.94499969482422,7793000
2023-10-11,31.539779663085938,31.530000686645508,31.78499984741211,31.239999771118164,6928000
2023-10-12,31.28646850585937,31.82999992370605,32.130001068115234,31.09499931335449,10319000
2023-10-13,30.511629104614254,31.614999771118164,31.71500015258789,30.46999931335449,9706000
2023-10-16,31.21196174621582,30.940000534057617,31.57999992370605,30.915000915527344,6193400
2023-10-17,30.998388290405277,30.774999618530277,31.479999542236328,30.415000915527344,8118200
2023-10-18,30.124217987060547,30.7549991607666,31.13500022888184,30.13999938964844,9828200
2023-10-19,29.58282470703125,30.584999084472656,30.790000915527344,29.63999938964844,16464600
2023-10-20,28.703685760498047,29.700000762939453,29.78499984741211,28.854999542236328,11697200
2023-10-23,28.85765838623047,28.649999618530277,29.645000457763672,28.315000534057617,36769400
2023-10-24,29.43381690979004,29.354999542236328,29.739999771118164,29.075000762939453,8863400
2023-10-25,27.97355079650879,29.190000534057617,29.23500061035156,28.065000534057617,12723400
2023-10-26,26.895732879638672,27.950000762939453,28.104999542236328,26.86000061035156,17080400
2023-10-27,27.15401077270508,27.4950008392334,27.875,27.1299991607666,14958000
2023-10-30,27.740102767944336,27.71500015258789,28.145000457763672,27.5,15122600
2023-10-31,28.023218154907227,27.940000534057617,28.26000022888184,27.520000457763672,8014600
2023-11-01,28.996734619140625,28.32999992370605,29.26499938964844,28.31999969482422,13525000
2023-11-02,30.02488136291504,29.899999618530277,30.25,29.700000762939453,13622200
2023-11-03,30.72024345397949,30.424999237060547,31.13500022888184,30.38999938964844,8676600
2023-11-06,30.95865631103516,31.049999237060547,31.2549991607666,30.780000686645508,7315800
2023-11-07,31.534812927246094,31.334999084472656,31.895000457763672,31.1299991607666,7065600
2023-11-08,31.58448600769043,31.81999969482422,31.920000076293945,31.38999938964844,6037400
2023-11-09,31.082826614379883,31.88999938964844,32.084999084472656,31.190000534057617,9564600
2023-11-10,32.44375991821289,31.559999465942383,32.70000076293945,31.479999542236328,15628400
2023-11-13,32.25004577636719,32.39500045776367,32.64500045776367,32.130001068115234,7899600
2023-11-14,33.62587356567383,33.57500076293945,34.02000045776367,33.4900016784668,11581600
2023-11-15,33.67058181762695,34.16999816894531,34.275001525878906,33.665000915527344,8840200
2023-11-16,33.730186462402344,33.75,33.98500061035156,33.525001525878906,8899800
2023-11-17,33.7252197265625,33.80500030517578,34.1349983215332,33.64500045776367,5736400
2023-11-20,34.54971694946289,33.95500183105469,34.88999938964844,33.94499969482422,11375000
2023-11-21,34.107662200927734,34.45500183105469,34.4900016784668,34.040000915527344,8832800
2023-11-22,34.400718688964844,34.709999084472656,35.150001525878906,34.439998626708984,11136200
2023-11-24,34.2815055847168,34.529998779296875,34.64500045776367,34.334999084472656,2595000
2023-11-27,34.22190856933594,34.41999816894531,34.79999923706055,34.29499816894531,4448200
2023-11-28,34.39077377319336,34.314998626708984,34.724998474121094,34.2400016784668,6934600
2023-11-29,34.31131362915039,35.060001373291016,35.314998626708984,34.4900016784668,9940200
2023-11-30,34.127525329589844,34.58000183105469,34.650001525878906,33.81999969482422,7866800
2023-12-01,34.32621383666992,34.150001525878906,34.650001525878906,33.8650016784668,7126600
2023-12-04,33.66561508178711,33.845001220703125,33.939998626708984,33.244998931884766,8523400
2023-12-05,33.82952117919922,33.54999923706055,34.27000045776367,33.52000045776367,7302000
2023-12-06,33.437137603759766,34.58000183105469,34.599998474121094,33.595001220703125,5998600
2023-12-07,34.37588119506836,34.165000915527344,34.724998474121094,33.974998474121094,5838800
2023-12-08,34.64409255981445,34.255001068115234,34.96500015258789,34.23500061035156,8000800
2023-12-11,35.240116119384766,34.79499816894531,35.52000045776367,34.77000045776367,5527600
2023-12-12,35.80138397216797,35.474998474121094,36.04999923706055,35.27000045776367,5436000
2023-12-13,36.69541931152344,36.19499969482422,37.04999923706055,36.060001373291016,7928800
2023-12-14,36.615943908691406,37.150001525878906,37.38999938964844,36.29999923706055,8718600
2023-12-15,36.8841667175293,37.005001068115234,37.42499923706055,36.8849983215332,8727400
2023-12-18,37.42058181762695,37.275001525878906,37.834999084472656,37.22499847412109,6906800
2023-12-19,37.78812789916992,37.7400016784668,38.06999969482422,37.71500015258789,5965200
2023-12-20,36.6485595703125,37.86000061035156,38.2400016784668,36.84000015258789,8167600
2023-12-21,37.49876022338867,37.57500076293945,37.76499938964844,37.09999847412109,6424600
2023-12-22,37.60317993164063,37.91999816894531,38.10499954223633,37.459999084472656,7050000
2023-12-26,38.040714263916016,37.959999084472656,38.38999938964844,37.95000076293945,3625600
2023-12-27,38.18489837646485,38.310001373291016,38.46500015258789,38.150001525878906,4740400
2023-12-28,38.11529541015625,38.61000061035156,38.64500045776367,38.27999877929688,3925600
2023-12-29,37.787139892578125,38.334999084472656,38.40499877929688,37.650001525878906,7528400
2024-01-02,36.514305114746094,37.31999969482422,37.3650016784668,36.28499984741211,9588000
2024-01-03,35.73370742797852,36.22499847412109,36.415000915527344,35.85499954223633,9925800
2024-01-04,35.340919494628906,35.56999969482422,36.1349983215332,35.5,6966000
2024-01-05,35.430419921875,35.564998626708984,36.11000061035156,35.369998931884766,7603600
2024-01-08,36.88223648071289,35.84000015258789,37.1349983215332,35.814998626708984,7127000
2024-01-09,37.02642822265625,36.52000045776367,37.400001525878906,36.48500061035156,5750000
2024-01-10,37.50870895385742,37.27000045776367,37.90999984741211,37.1150016784668,5419400
2024-01-11,37.62803649902344,37.93999862670898,38.18999862670898,36.90999984741211,7780200
2024-01-12,37.67775344848633,38.04499816894531,38.19499969482422,37.625,6328000
2024-01-16,37.66283798217773,37.64500045776367,38.15999984741211,37.369998931884766,7434200
2024-01-17,37.2203254699707,37.244998931884766,37.5,36.64500045776367,9561000
2024-01-18,38.28433990478516,38.0099983215332,38.57500076293945,37.775001525878906,9237000
2024-01-19,39.77096176147461,38.8849983215332,40.02000045776367,38.775001525878906,10636800
2024-01-22,39.87040710449219,40.41999816894531,40.65499877929688,39.97999954223633,8290600
2024-01-23,40.18861389160156,40.21500015258789,40.45000076293945,39.8650016784668,5471600
2024-01-24,40.6161994934082,41.15499877929688,41.625,40.76499938964844,11427600
2024-01-25,40.69575881958008,41.31499862670898,41.45000076293945,40.48500061035156,8001600
2024-01-26,40.19855117797852,40.55500030517578,40.89500045776367,40.31999969482422,7150800
2024-01-29,41.03385162353516,40.51499938964844,41.29499816894531,40.39500045776367,6252800
2024-01-30,40.46207046508789,41.060001373291016,41.15999984741211,40.52999877929688,5167600
2024-01-31,38.8809814453125,39.845001220703125,40.22999954223633,39.06999969482422,14639800
2024-02-01,39.805763244628906,39.41999816894531,40.084999084472656,39.23500061035156,9338600
2024-02-02,41.13826370239258,40.35499954223633,41.584999084472656,40.16999816894531,10507400
2024-02-05,40.989105224609375,41.34000015258789,41.45000076293945,40.560001373291016,6399200
2024-02-06,40.83993911743164,41.43000030517578,41.55500030517578,40.59999847412109,6142200
2024-02-07,41.66031646728516,41.59000015258789,42.05500030517578,41.34000015258789,5831400
2024-02-08,41.7945671081543,41.900001525878906,42.16999816894531,41.7599983215332,4085600
2024-02-09,42.60002899169922,42.23500061035156,42.9900016784668,42.084999084472656,5793600
2024-02-12,42.251991271972656,42.79999923706055,43.244998931884766,42.3650016784668,5187200
2024-02-13,40.92446517944336,40.91999816894531,41.68999862670898,40.540000915527344,11005000
2024-02-14,41.82439804077149,41.67499923706055,42.1349983215332,41.220001220703125,7728000
2024-02-15,42.03321838378906,42.17499923706055,42.3650016784668,41.65999984741211,7730000
2024-02-16,41.27251052856445,42.34000015258789,42.35499954223633,41.369998931884766,7759600
2024-02-20,40.64105987548828,41.10499954223633,41.3849983215332,40.125,8186200
2024-02-21,40.3029670715332,40.31999969482422,40.54499816894531,39.77000045776367,7356600
2024-02-22,42.65472412109375,42.185001373291016,43.07500076293945,42.04999923706055,8965600
2024-02-23,42.38125991821289,43.17499923706055,43.3650016784668,42.42499923706055,7262400
2024-02-26,42.33154296875,42.75,42.959999084472656,42.52999877929688,5209000
2024-02-27,42.53539276123047,42.77999877929688,42.84000015258789,42.2599983215332,4686000
2024-02-28,42.05311584472656,42.34000015258789,42.56999969482422,42.11000061035156,3813000
2024-02-29,42.77901840209961,42.84999847412109,43.209999084472656,42.22499847412109,6100000
2024-03-01,44.05682373046875,43.16999816894531,44.470001220703125,43.15999984741211,6217600
2024-03-04,43.69883728027344,44.27999877929688,44.36000061035156,43.915000915527344,6141600
2024-03-05,42.142608642578125,43.33000183105469,43.345001220703125,41.900001525878906,8465800
2024-03-06,42.6596908569336,43.19499969482422,43.51499938964844,42.52999877929688,6384400
2024-03-07,43.94246673583984,43.584999084472656,44.42499923706055,43.27999877929688,6978400
2024-03-08,42.63980865478516,44.2400016784668,44.79999923706055,42.7599983215332,10652400
2024-03-11,42.31662368774414,42.584999084472656,42.81499862670898,42.185001373291016,8074800
2024-03-12,43.54470443725586,43.01499938964844,43.84999847412109,42.375,7163200
2024-03-13,42.83868408203125,43.55500030517578,43.56999969482422,42.875,4144400
2024-03-14,42.61494445800781,43.31999969482422,43.415000915527344,42.31499862670898,7269800
2024-03-15,41.58574295043945,42.26499938964844,42.375,41.59999847412109,6586800
2024-03-18,42.37132263183594,42.84999847412109,43.29499816894531,42.56499862670898,5561400
2024-03-19,42.57019805908203,42.20500183105469,42.88999938964844,41.79999923706055,4733800
2024-03-20,43.58264923095703,43.01499938964844,43.86000061035156,42.68000030517578,9219800
2024-03-21,43.96076202392578,44.78499984741211,44.869998931884766,44.14500045776367,6303000
2024-03-22,44.03538513183594,44.07500076293945,44.505001068115234,43.915000915527344,5832000
2024-03-25,43.72692489624024,43.70500183105469,44.25,43.51499938964844,4242400
2024-03-26,43.443336486816406,44.255001068115234,44.43000030517578,43.619998931884766,5007600
2024-03-27,43.73190307617188,44.244998931884766,44.2599983215332,43.35499954223633,6829600
2024-03-28,43.52294158935547,43.915000915527344,44.08000183105469,43.68999862670898,5932000
2024-04-01,43.72692489624024,43.92499923706055,44.44499969482422,43.55500030517578,5497800
2024-04-02,42.950801849365234,42.959999084472656,43.22499847412109,42.560001373291016,5965400
2024-04-03,43.11995315551758,42.744998931884766,43.720001220703125,42.72999954223633,5091600
2024-04-04,41.77665328979492,44.165000915527344,44.27999877929688,41.959999084472656,9408600
2024-04-05,42.77169418334961,42.27000045776367,43.505001068115234,42.125,9035800
2024-04-08,42.79656982421875,43.15999984741211,43.369998931884766,42.72999954223633,5717400
2024-04-09,43.0950813293457,43.45500183105469,43.5099983215332,42.380001068115234,7480000
2024-04-10,42.30899810791016,42.28499984741211,42.71500015258789,42.13999938964844,9474200
2024-04-11,43.67717361450195,42.89500045776367,44.060001373291016,42.45000076293945,6481000
2024-04-12,42.26422119140625,43.02999877929688,43.25,42.20000076293945,9770200
2024-04-15,40.85624694824219,43.20000076293945,43.209999084472656,40.90499877929688,20375400
2024-04-16,40.85624694824219,41.02999877929688,41.56999969482422,40.80500030517578,8559200
2024-04-17,39.85623550415039,41.43000030517578,41.43999862670898,39.880001068115234,8073600
2024-04-18,39.36865997314453,40.1349983215332,40.47999954223633,39.470001220703125,7749600
2024-04-19,37.75172424316406,39.34000015258789,39.435001373291016,37.63999938964844,11067200
2024-04-22,38.49302673339844,38.415000915527344,39.119998931884766,37.79999923706055,8090000
2024-04-23,39.64727783203125,39.04499816894531,40.05500030517578,38.97999954223633,6423000
2024-04-24,39.90597915649414,40.415000915527344,40.70000076293945,39.67499923706055,6341800
2024-04-25,39.48308944702149,38.70500183105469,39.845001220703125,38.5,7856200
2024-04-26,40.71195983886719,40.27000045776367,41.19499969482422,40.150001525878906,16079800
2024-04-29,41.02539825439453,41.29999923706055,41.41999816894531,40.70500183105469,5073000
2024-04-30,39.46319961547852,40.90499877929688,41.17499923706055,39.65999984741211,5158400
2024-05-01,38.88109588623047,39.375,40.69499969482422,38.93000030517578,11989600
2024-05-02,39.8612060546875,39.7599983215332,40.22499847412109,38.89500045776367,5431600
2024-05-03,41.45326614379883,41.47499847412109,41.869998931884766,41.16999816894531,5837800
2024-05-06,42.37865447998047,42.0099983215332,42.59000015258789,41.86000061035156,4026800
2024-05-07,42.3587532043457,42.650001525878906,42.89500045776367,42.43999862670898,3822800
2024-05-08,42.3139762878418,42.060001373291016,42.790000915527344,42.040000915527344,2550200
2024-05-09,42.46821212768555,42.560001373291016,42.790000915527344,42.20000076293945,2669000
2024-05-10,42.67218780517578,42.970001220703125,43.310001373291016,42.57500076293945,4574000
2024-05-13,42.86124420166016,43.2400016784668,43.2599983215332,42.790000915527344,3147400
2024-05-14,43.39358901977539,42.959999084472656,43.71500015258789,42.935001373291016,5012600
2024-05-15,44.72694396972656,44.09999847412109,45.0099983215332,43.79499816894531,6462600
2024-05-16,44.54285430908203,44.90499877929688,45.29499816894531,44.72999954223633,4388000
2024-05-17,44.49808120727539,44.77999877929688,44.89500045776367,44.27000045776367,4363200
2024-05-20,45.10505676269531,44.73500061035156,45.459999084472656,44.709999084472656,3577200
2024-05-21,45.25928497314453,44.94499969482422,45.52999877929688,44.90499877929688,2838200
2024-05-22,45.24436569213867,45.52999877929688,45.685001373291016,44.93999862670898,4075200
2024-05-23,44.80653762817383,46.39500045776367,46.40499877929688,44.65999984741211,7033400
2024-05-24,45.6523323059082,45.334999084472656,46.1150016784668,45.20000076293945,4924400
2024-05-28,45.97571563720703,46.09999847412109,46.21500015258789,45.6150016784668,3476600
2024-05-29,45.32894134521485,45.334999084472656,45.90499877929688,45.334999084472656,3680200
2024-05-30,44.3388786315918,45.34999847412109,45.369998931884766,44.29499816894531,3318000
2024-05-31,44.3388786315918,44.58000183105469,44.720001220703125,42.8650016784668,5934000
2024-06-03,44.62246322631836,45.119998931884766,45.32500076293945,43.810001373291016,4175800
2024-06-04,44.84634399414063,44.77999877929688,45.310001373291016,44.435001373291016,3824000
2024-06-05,46.65731430053711,45.790000915527344,46.900001525878906,45.560001373291016,4699200
2024-06-06,46.61751174926758,47.02000045776367,47.07500076293945,46.6150016784668,3274600
2024-06-07,46.508056640625,46.7400016784668,47.29999923706055,46.51499938964844,3349000
2024-06-10,46.8762321472168,46.5,47.165000915527344,46.44499969482422,2651800
2024-06-11,47.49811935424805,46.834999084472656,47.76499938964844,46.52999877929688,3227800
2024-06-12,48.74689483642578,48.540000915527344,49.470001220703125,48.40499877929688,4820800
2024-06-13,49.2493896484375,49.71500015258789,49.845001220703125,49.03499984741211,3417800
2024-06-14,49.73695373535156,49.435001373291016,50.005001068115234,49.34999847412109,3886600
2024-06-17,50.9459228515625,50.02999877929688,51.584999084472656,49.76499938964844,4282400
2024-06-18,50.960845947265625,51.185001373291016,51.3650016784668,50.84999847412109,4113800
2024-06-20,50.149898529052734,51.470001220703125,51.54999923706055,50.04499816894531,5670000
2024-06-21,49.85137939453125,50.334999084472656,50.6150016784668,49.81999969482422,3283200
2024-06-24,48.73196029663086,49.86000061035156,50.220001220703125,48.94499969482422,4279200
2024-06-25,49.8414306640625,49.40499877929688,50.14500045776367,49.22499847412109,3653400
2024-06-26,50.043643951416016,49.84999847412109,50.345001220703125,49.78499984741211,2900400
2024-06-27,50.27274703979492,50.17499923706055,50.79499816894531,50.0,3387600
2024-06-28,49.70994567871094,50.619998931884766,51.630001068115234,49.810001373291016,6420200
2024-07-01,50.31756591796875,50.1150016784668,50.625,49.34000015258789,4247800
2024-07-02,51.35847854614258,50.18000030517578,51.560001373291016,50.15999984741211,4374400
2024-07-03,52.190223693847656,51.380001068115234,52.42499923706055,51.380001068115234,3810600
2024-07-05,53.25105285644531,52.54999923706055,53.55500030517578,52.48500061035156,5120400
2024-07-08,53.5150146484375,53.53499984741211,53.82500076293945,53.33000183105469,4022000
2024-07-09,53.56980514526367,54.025001525878906,54.27000045776367,53.46500015258789,3915600
2024-07-10,54.70036697387695,54.20000076293945,55.02000045776367,53.915000915527344,4492400
2024-07-11,52.26492691040039,54.915000915527344,54.95500183105469,52.220001220703125,11170200
2024-07-12,52.85760116577149,52.584999084472656,54.09000015258789,52.4900016784668,6546000
2024-07-15,53.15144729614258,53.45000076293945,54.38999938964844,52.900001525878906,5799400
2024-07-16,53.18132781982422,53.650001525878906,53.82500076293945,52.68999862670898,4686000
2024-07-17,50.04861831665039,51.6349983215332,51.73500061035156,50.22499847412109,8610600
2024-07-18,49.55555725097656,50.994998931884766,51.040000915527344,49.08000183105469,6969000
2024-07-19,48.65409469604492,49.66999816894531,50.165000915527344,48.57500076293945,7341400
2024-07-22,50.07850646972656,50.04499816894531,50.4900016784668,49.345001220703125,5351000
2024-07-23,49.7348518371582,50.084999084472656,50.709999084472656,49.82500076293945,3006000
2024-07-24,46.13896179199219,48.505001068115234,48.560001373291016,46.150001525878906,8864800
2024-07-25,45.12792205810547,46.39500045776367,47.22999954223633,44.775001525878906,10057400
2024-07-26,46.03935241699219,46.13999938964844,46.77999877929688,45.57500076293945,5543200
2024-07-29,46.17880630493164,46.7400016784668,47.16999816894531,45.92499923706055,4943200
2024-07-30,44.90381240844727,46.7599983215332,46.89500045776367,44.42499923706055,7852200
2024-07-31,47.568359375,47.130001068115234,48.09000015258789,46.84999847412109,8010600
2024-08-01,45.26738739013672,47.880001068115234,48.6349983215332,44.68000030517578,10456200
2024-08-02,43.08095932006836,43.68999862670898,44.18999862670898,42.41999816894531,23179600
2024-08-05,40.58574676513672,38.595001220703125,42.0,38.380001068115234,13239600
2024-08-06,41.28799819946289,41.02999877929688,42.83000183105469,40.5,9835400
2024-08-07,40.37158966064453,42.744998931884766,43.20500183105469,40.45000076293945,10463400
2024-08-08,42.85186004638672,41.68999862670898,43.15999984741211,40.959999084472656,9644800
2024-08-09,43.28516387939453,42.720001220703125,43.7400016784668,42.5099983215332,5869400
2024-08-12,43.44453430175781,43.595001220703125,44.18000030517578,43.05500030517578,5364200
2024-08-13,45.58613586425781,44.45000076293945,45.79999923706055,44.42499923706055,5930200
2024-08-14,45.62099456787109,45.935001373291016,46.25,44.935001373291016,5412800
2024-08-15,47.902042388916016,46.97499847412109,48.15999984741211,46.89500045776367,5241000
2024-08-16,47.98670959472656,47.68999862670898,48.45500183105469,47.494998931884766,5839400
2024-08-19,49.24676132202149,48.20500183105469,49.45000076293945,47.82500076293945,5369000
2024-08-20,49.027626037597656,49.244998931884766,49.775001525878906,48.869998931884766,10537400
2024-08-21,49.500770568847656,49.380001068115234,50.04999923706055,49.02000045776367,4822600
2024-08-22,47.89208221435547,50.14500045776367,50.28499984741211,47.8849983215332,6161400
2024-08-23,48.92304611206055,48.95500183105469,49.66999816894531,48.150001525878906,6503200
2024-08-26,47.95682907104492,48.91999816894531,49.16999816894531,47.720001220703125,4811000
2024-08-27,48.240718841552734,47.810001373291016,48.6349983215332,47.40999984741211,5530400
2024-08-28,47.12509536743164,48.31499862670898,48.459999084472656,46.60499954223633,14859200
2024-08-29,46.98065948486328,47.68999862670898,48.625,46.92499923706055,8166400
2024-08-30,48.08632278442383,48.005001068115234,48.3650016784668,47.09999847412109,3913800
2024-09-03,45.13290786743164,47.61000061035156,47.63999938964844,44.84000015258789,8750200
2024-09-04,44.89384460449219,44.685001373291016,45.80500030517578,44.4900016784668,6797600
2024-09-05,44.98349380493164,44.72499847412109,45.98500061035156,44.540000915527344,6771600
2024-09-06,42.55303192138672,44.97499847412109,45.14500045776367,42.59999847412109,7841000
2024-09-09,43.61885070800781,43.52000045776367,43.970001220703125,42.90499877929688,4455400
2024-09-10,44.410743713378906,44.130001068115234,44.68000030517578,43.345001220703125,4513400
2024-09-11,46.30331039428711,44.81499862670898,46.65499877929688,43.150001525878906,21973600
2024-09-12,47.24960708618164,46.505001068115234,47.584999084472656,46.15499877929688,6297600
2024-09-13,47.62811279296875,47.25,48.04999923706055,47.20000076293945,5788400
2024-09-16,47.19481658935547,47.380001068115234,47.505001068115234,46.72999954223633,4989400
2024-09-17,47.24462127685547,47.9900016784668,48.23500061035156,46.935001373291016,5042400
2024-09-18,46.801361083984375,47.65999984741211,48.47999954223633,46.88999938964844,9610800
2024-09-19,49.19197463989258,49.2400016784668,49.95500183105469,48.81499862670898,7565600
2024-09-20,48.96786117553711,49.185001373291016,49.41999816894531,48.32500076293945,4389000
2024-09-23,49.226844787597656,49.40499877929688,49.64500045776367,49.130001068115234,3702200
2024-09-24,49.69500732421875,49.70000076293945,50.08000183105469,48.83000183105469,6006600
2024-09-25,49.81509780883789,49.72999954223633,50.34999847412109,49.68999862670898,3107800
2024-09-26,50.52268600463867,51.494998931884766,51.560001373291016,49.93999862670898,5234800
2024-09-27,49.92970275878906,50.89500045776367,50.900001525878906,49.86000061035156,4736400
2024-09-30,50.17885208129883,49.8849983215332,50.43000030517578,49.29999923706055,6042400
2024-10-01,48.75870513916016,50.275001525878906,50.334999084472656,48.15499877929688,7386000
2024-10-02,48.92314529418945,48.75,49.47499847412109,48.22499847412109,3421400
2024-10-03,48.84341049194336,48.625,49.60499954223633,48.47499847412109,5250000
2024-10-04,50.00445175170898,50.17499923706055,50.25,49.13999938964844,6669600
2024-10-07,48.87829208374024,49.77999877929688,49.959999084472656,48.810001373291016,4444200
2024-10-08,50.33831405639648,49.56999969482422,50.65499877929688,49.42499923706055,3400000
2024-10-09,51.120643615722656,50.44499969482422,51.415000915527344,50.23500061035156,4126400
2024-10-10,51.01102066040039,50.810001373291016,51.55500030517578,50.540000915527344,4275200
2024-10-11,51.115665435791016,50.7599983215332,51.5099983215332,50.63999938964844,4889400
2024-10-14,51.97274398803711,51.810001373291016,52.43999862670898,51.69499969482422,9945800
2024-10-15,50.57749557495117,52.220001220703125,52.35499954223633,50.29999923706055,10941800
2024-10-16,50.59244537353516,50.80500030517578,50.91999816894531,50.08000183105469,9462600
2024-10-17,50.672176361083984,51.89500045776367,51.90499877929688,50.81999969482422,3931800
2024-10-18,51.290069580078125,51.380001068115234,51.69499969482422,51.22499847412109,2761800
2024-10-21,51.484405517578125,51.20500183105469,51.81999969482422,50.790000915527344,4592800
2024-10-22,51.58406066894531,51.084999084472656,52.06499862670898,50.91999816894531,3890600
2024-10-23,49.989501953125,51.25,51.380001068115234,49.470001220703125,4582600
2024-10-24,50.79176330566406,50.90999984741211,51.09999847412109,50.380001068115234,3311600
2024-10-25,51.374778747558594,51.52999877929688,52.58000183105469,51.380001068115234,6929000
2024-10-28,51.39471054077149,52.21500015258789,52.21500015258789,51.5099983215332,3535600
2024-10-29,52.36639022827149,51.619998931884766,52.79499816894531,51.2400016784668,4629000
2024-10-30,51.574100494384766,52.369998931884766,52.57500076293945,51.65499877929688,4261200
2024-10-31,48.97296905517578,50.90499877929688,50.90499877929688,49.119998931884766,8799200
2024-11-01,49.655643463134766,49.41999816894531,50.505001068115234,49.375,5359200
2024-11-04,49.34669494628906,49.70000076293945,50.220001220703125,49.17499923706055,4660600
2024-11-05,50.60739135742188,49.85499954223633,50.91999816894531,49.83000183105469,4177600
2024-11-06,53.35801315307617,52.5099983215332,53.70000076293945,52.29999923706055,9537200
2024-11-07,55.03728103637695,54.125,55.380001068115234,54.1150016784668,5141600
2024-11-08,55.11203002929688,55.05500030517578,55.46500015258789,54.95000076293945,3458600
2024-11-11,55.042274475097656,55.54499816894531,55.59999847412109,54.61000061035156,5074800
2024-11-12,54.847930908203125,55.209999084472656,55.40499877929688,54.375,4291400
2024-11-13,54.693458557128906,54.915000915527344,55.459999084472656,54.400001525878906,3293600
2024-11-14,53.90614700317383,54.79499816894531,54.97999954223633,53.91999816894531,3939000
2024-11-15,51.300025939941406,52.86000061035156,52.93000030517578,51.05500030517578,7093800
2024-11-18,52.03253936767578,51.81499862670898,52.650001525878906,51.52999877929688,4297800
2024-11-19,52.72517395019531,51.63999938964844,53.02000045776367,51.59000015258789,4783200
2024-11-20,52.6603889465332,52.84000015258789,52.90499877929688,51.45000076293945,5953400
2024-11-21,53.044090270996094,53.47999954223633,53.6150016784668,51.67499923706055,5367000
2024-11-22,53.17862319946289,53.06999969482422,53.505001068115234,52.7400016784668,3869800
2024-11-25,53.34306335449219,54.22499847412109,54.54999923706055,53.03499984741211,4661800
2024-11-26,53.901161193847656,53.83000183105469,54.255001068115234,53.65499877929688,3162600
2024-11-27,53.044090270996094,53.834999084472656,53.834999084472656,52.5,3628200
2024-11-29,53.92109298706055,53.30500030517578,54.244998931884766,53.19499969482422,2598400
2024-12-02,55.09708404541016,54.3849983215332,55.505001068115234,54.31499862670898,5273000
2024-12-03,55.445892333984375,54.98500061035156,55.67499923706055,54.88999938964844,3279200
2024-12-04,56.79629135131836,56.36000061035156,57.03499984741211,56.21500015258789,4539200
2024-12-05,56.48235702514648,56.98500061035156,57.150001525878906,56.584999084472656,2433600
2024-12-06,57.468997955322266,56.78499984741211,57.70500183105469,56.77000045776367,4528000
2024-12-09,56.54714584350586,57.41999816894531,57.60499954223633,56.4900016784668,4050400
2024-12-10,56.133544921875,56.98500061035156,57.3849983215332,56.040000915527344,4187600
2024-12-11,58.15664291381836,57.27999877929688,58.505001068115234,57.209999084472656,3927200
2024-12-12,57.39424896240234,57.85499954223633,58.130001068115234,57.494998931884766,3539800
2024-12-13,58.24135971069336,58.43000030517578,59.01499938964844,57.75,3579000
2024-12-16,59.920631408691406,59.005001068115234,60.34000015258789,58.98500061035156,4078600
2024-12-17,59.38744735717773,59.709999084472656,59.95500183105469,59.220001220703125,4227000
2024-12-18,55.10206604003906,59.41999816894531,59.80500030517578,54.95000076293945,9103000
2024-12-19,54.568885803222656,56.27000045776367,56.38999938964844,54.69499969482422,9644600
2024-12-20,55.535587310791016,53.93999862670898,57.005001068115234,53.69499969482422,9987600
2024-12-23,56.57810974121094,56.01499938964844,56.810001373291016,55.290000915527344,4810400
2024-12-24,58.10374069213867,57.14500045776367,58.27000045776367,57.0099983215332,2841800
2024-12-26,57.99904251098633,57.8849983215332,58.52999877929688,57.43999862670898,3195600
2024-12-27,56.4185676574707,57.35499954223633,57.435001373291016,55.56499862670898,6193600
2024-12-30,54.90788269042969,55.04499816894531,55.8849983215332,54.2599983215332,6596400
2024-12-31,53.965576171875,55.334999084472656,55.494998931884766,53.91999816894531,6637600
2025-01-02,53.72626495361328,54.77000045776367,55.25,52.95000076293945,8256800
2025-01-03,55.48124313354492,54.53499984741211,55.85499954223633,54.36000061035156,6843400
2025-01-06,56.74263381958008,56.790000915527344,57.625,56.369998931884766,5248000
2025-01-07,54.698486328125,57.150001525878906,57.20000076293945,54.45500183105469,6579800
2025-01-08,54.70846176147461,54.845001220703125,55.220001220703125,53.875,6203000
2025-01-10,52.96344757080078,54.04999923706055,54.04999923706055,52.42499923706055,24778400
2025-01-13,52.63439178466797,51.83000183105469,52.86000061035156,51.54499816894531,4882000
2025-01-14,52.50974655151367,53.435001373291016,53.709999084472656,51.93000030517578,5988800
2025-01-15,54.88295364379883,54.310001373291016,55.310001373291016,53.9900016784668,6318000
2025-01-16,54.15005111694336,55.55500030517578,55.56499862670898,54.27999877929688,4321600
2025-01-17,55.9349479675293,56.369998931884766,56.45500183105469,55.5,5983600
2025-01-21,56.5382194519043,56.685001373291016,57.0,55.72999954223633,6641400
2025-01-22,58.01399612426758,57.755001068115234,58.685001373291016,57.709999084472656,20804400
2025-01-23,58.26826858520508,57.630001068115234,58.43999862670898,57.505001068115234,4767200
2025-01-24,57.58023834228516,58.47999954223633,58.650001525878906,57.415000915527344,4596000
2025-01-27,54.17498397827149,53.665000915527344,55.18000030517578,53.47499847412109,12186000
2025-01-28,55.80531311035156,54.56999969482422,56.20500183105469,53.84000015258789,5140200
2025-01-29,55.580963134765625,56.095001220703125,56.09999847412109,54.900001525878906,3849000
2025-01-30,56.04462814331055,56.36000061035156,56.84999847412109,55.17499923706055,5598400
2025-01-31,55.8452033996582,57.02999877929688,57.98500061035156,55.78499984741211,5608600
2025-02-03,54.95774459838867,54.125,55.69499969482422,53.59000015258789,6997800
2025-02-04,56.29890441894531,55.19499969482422,56.58000183105469,55.130001068115234,3644400
2025-02-05,56.79249572753906,55.875,56.994998931884766,55.6150016784668,3631400
2025-02-06,57.365848541259766,57.05500030517578,57.584999084472656,56.71500015258789,3693400
2025-02-07,55.91499710083008,57.64500045776367,58.05500030517578,55.90499877929688,4503400
2025-02-10,57.23123550415039,56.98500061035156,57.63999938964844,56.880001068115234,2721000
2025-02-11,56.962005615234375,56.685001373291016,57.540000915527344,56.665000915527344,2220400
2025-02-12,57.02682495117188,55.8849983215332,57.380001068115234,55.82500076293945,4213400
2025-02-13,58.65216445922852,57.55500030517578,58.8849983215332,57.375,5266000
2025-02-14,59.10089111328125,58.79499816894531,59.43000030517578,58.7400016784668,6285600
2025-02-18,59.36014175415039,59.630001068115234,59.68000030517578,58.80500030517578,6538600
2025-02-19,59.39006042480469,59.35499954223633,59.834999084472656,58.900001525878906,2730400
2025-02-20,58.861576080322266,59.375,59.45500183105469,57.994998931884766,4167600
2025-02-21,56.40858459472656,59.27000045776367,59.27000045776367,56.4900016784668,5246200
2025-02-24,55.0474853515625,56.94499969482422,57.17499923706055,55.14500045776367,6613400
2025-02-25,53.6514778137207,55.07500076293945,55.09000015258789,53.0,7208600
2025-02-26,53.89577865600586,54.28499984741211,55.1349983215332,53.400001525878906,5547000
2025-02-27,50.92428207397461,54.82500076293945,55.005001068115234,51.02000045776367,20766000
2025-02-28,52.49478912353516,51.005001068115234,52.7599983215332,50.36000061035156,9041600
2025-03-03,50.2512092590332,53.33000183105469,53.650001525878906,49.6150016784668,9457800
2025-03-04,49.88227081298828,49.755001068115234,51.67499923706055,48.43999862670898,12562400
2025-03-05,51.18852996826172,50.13999938964844,51.63999938964844,49.150001525878906,10075400
2025-03-06,48.37158584594727,49.595001220703125,50.59999847412109,48.07500076293945,7609000
2025-03-07,49.03968048095703,48.244998931884766,49.46500015258789,46.95000076293945,8447400
2025-03-10,45.32530975341797,47.5,47.595001220703125,44.54499816894531,9306200
2025-03-11,44.99624633789063,45.2400016784668,46.5,44.25,9621800
2025-03-12,46.03328323364258,46.56499862670898,46.92499923706055,45.15499877929688,7135000
2025-03-13,44.34809875488281,45.9900016784668,46.0,44.09000015258789,7399200
2025-03-14,46.46205139160156,45.46500015258789,46.755001068115234,45.35499954223633,6040400
2025-03-17,47.06033706665039,46.56999969482422,47.81999969482422,46.22999954223633,33021400
2025-03-18,45.46989440917969,46.53499984741211,46.53499984741211,45.150001525878906,5057800
2025-03-19,46.62657928466797,45.994998931884766,47.625,45.625,6574800
2025-03-20,46.31746673583984,45.97999954223633,47.47999954223633,45.85499954223633,5467000
2025-03-21,46.64652633666992,45.44499969482422,46.875,45.22999954223633,6196000
2025-03-24,48.61090087890625,48.21500015258789,48.935001373291016,48.084999084472656,6242600
2025-03-25,49.18925094604492,48.915000915527344,49.34999847412109,48.73500061035156,4001000
2025-03-26,47.38193893432617,49.09000015258789,49.244998931884766,47.185001373291016,6238600
2025-03-27,46.818397521972656,47.09000015258789,47.915000915527344,46.685001373291016,6267400
2025-03-28,44.35480499267578,46.57500076293945,46.70000076293945,44.27999877929688,8245800
2025-03-31,44.32487869262695,43.1150016784668,44.61000061035156,42.22499847412109,31218600
2025-04-01,45.0180778503418,44.119998931884766,45.310001373291016,43.58000183105469,9454400
2025-04-02,45.67637252807617,43.880001068115234,46.45000076293945,43.84000015258789,8060800
2025-04-03,40.79405212402344,41.9900016784668,42.685001373291016,40.79499816894531,10364800
2025-04-04,35.811988830566406,38.59000015258789,38.97999954223633,35.875,21589800
2025-04-07,35.91671371459961,33.35499954223633,39.25,32.36000061035156,24840600
2025-04-08,34.58019256591797,38.44499969482422,39.25,33.595001220703125,23193200
2025-04-09,42.70408630371094,34.564998626708984,43.25,34.54999923706055,37896400
2025-04-10,39.21315383911133,40.68000030517578,41.02999877929688,36.81499862670898,17448400
2025-04-11,40.59955978393555,39.060001373291016,40.96500015258789,38.43999862670898,9625800
2025-04-14,41.16309356689453,42.52999877929688,42.625,40.40999984741211,11640800
2025-04-15,41.25784683227539,41.459999084472656,42.150001525878906,41.02999877929688,6603000
2025-04-16,38.7792854309082,39.720001220703125,40.380001068115234,37.70000076293945,16537400
2025-04-17,38.71943664550781,39.345001220703125,39.45500183105469,38.34999847412109,8891600
2025-04-21,36.82435607910156,37.78499984741211,37.93999862670898,35.98500061035156,9018800
2025-04-22,38.7044792175293,37.86000061035156,39.345001220703125,37.65499877929688,9504400
2025-04-23,40.42500305175781,41.23500061035156,42.10499954223633,40.27999877929688,11145200
2025-04-24,42.72403717041016,40.90499877929688,42.900001525878906,40.79999923706055,8749200
2025-04-25,43.66658782958984,42.7599983215332,43.8849983215332,42.470001220703125,6968200
2025-04-28,43.64664459228516,43.86000061035156,44.19499969482422,42.56999969482422,4880400
2025-04-29,44.18524169921875,43.310001373291016,44.47499847412109,43.2400016784668,4523200
2025-04-30,44.175270080566406,42.7599983215332,44.619998931884766,41.869998931884766,6723800
2025-05-01,45.2574577331543,45.76499938964844,46.51499938964844,45.27999877929688,22707800
2025-05-02,46.64884567260742,46.345001220703125,47.16999816894531,46.03499984741211,5397000
2025-05-05,46.10027313232422,45.96500015258789,46.80500030517578,45.86000061035156,3589600
2025-05-06,45.252471923828125,44.994998931884766,46.040000915527344,44.73500061035156,5648800
2025-05-07,45.59158706665039,45.46500015258789,46.15499877929688,44.46500015258789,9409200
2025-05-08,46.49923324584961,46.66999816894531,47.459999084472656,45.8650016784668,6169200
2025-05-09,46.4194450378418,46.97999954223633,47.22499847412109,46.220001220703125,4620200
2025-05-12,50.19962692260742,50.165000915527344,50.345001220703125,49.1150016784668,9100400
2025-05-13,51.71070098876953,50.59000015258789,52.209999084472656,50.45000076293945,7795200
2025-05-14,52.3290901184082,52.07500076293945,52.57500076293945,51.880001068115234,6100800
2025-05-15,52.44379806518555,52.01499938964844,53.10499954223633,51.77000045776367,5064800
2025-05-16,52.89262771606445,52.84999847412109,53.05500030517578,52.130001068115234,5194200
2025-05-19,52.96743392944336,51.540000915527344,53.209999084472656,51.525001525878906,6118800
2025-05-20,52.588417053222656,52.58000183105469,52.869998931884766,52.005001068115234,4190800
2025-05-21,51.12721252441406,51.915000915527344,53.290000915527344,50.89500045776367,7939800
2025-05-22,51.31672668457031,51.3650016784668,52.18000030517578,51.1150016784668,4672800
2025-05-23,50.339263916015625,49.85499954223633,50.97999954223633,49.7400016784668,7199600
2025-05-27,52.678184509277344,51.81999969482422,52.90999984741211,51.525001525878906,4745400
2025-05-28,52.22935104370117,53.02000045776367,53.31499862670898,52.255001068115234,3210600
2025-05-29,52.41886138916016,53.84000015258789,53.869998931884766,52.03499984741211,4067400
2025-05-30,52.22935104370117,52.43000030517578,52.665000915527344,50.90999984741211,5291800
2025-06-02,53.03226089477539,51.97499847412109,53.22499847412109,51.72999954223633,3449800
2025-06-03,53.87507629394531,53.2400016784668,54.29499816894531,53.06999969482422,3973600
2025-06-04,54.15435409545898,54.1349983215332,54.51499938964844,53.744998931884766,3940400
2025-06-05,53.30655288696289,54.58000183105469,55.15999984741211,53.02999877929688,7350400
2025-06-06,54.33388137817383,54.51499938964844,54.8650016784668,54.150001525878906,4288600
2025-06-09,54.48350143432617,54.52000045776367,54.97499847412109,54.29999923706055,3214000
2025-06-10,55.21160888671875,54.71500015258789,55.4900016784668,54.2599983215332,4771600
2025-06-11,54.827598571777344,55.630001068115234,55.875,54.4900016784668,8108000
2025-06-12,55.07695770263672,54.68000030517578,55.415000915527344,54.6349983215332,5104200
2025-06-13,53.66562271118164,53.959999084472656,54.82500076293945,53.54999923706055,7400600
2025-06-16,55.141788482666016,54.5099983215332,55.51499938964844,54.505001068115234,5108000
2025-06-17,54.04463577270508,54.744998931884766,55.084999084472656,53.97499847412109,4457800
2025-06-18,54.01969909667969,54.38999938964844,54.88999938964844,53.845001220703125,4966400
2025-06-20,53.53595733642578,54.810001373291016,55.08000183105469,53.30500030517578,5328800
2025-06-23,54.653053283691406,53.79999923706055,54.88999938964844,53.15999984741211,6551600
2025-06-24,56.30875396728516,55.8650016784668,56.650001525878906,55.744998931884766,5531600
2025-06-25,56.580352783203125,56.8650016784668,57.119998931884766,56.310001373291016,5296800
2025-06-26,57.64875411987305,57.1349983215332,57.82500076293945,56.75,5577800
2025-06-27,58.0281867980957,57.935001373291016,58.505001068115234,57.34999847412109,6156000
2025-06-30,58.76707458496094,58.755001068115234,59.09000015258789,58.29499816894531,6690400
2025-07-01,57.743614196777344,58.42499923706055,58.6349983215332,57.34999847412109,6996800
2025-07-02,58.55739212036133,57.65499877929688,58.685001373291016,57.650001525878906,5045200
2025-07-03,59.65574645996094,59.125,59.96500015258789,59.10499954223633,4315000
2025-07-07,58.7620849609375,59.15499877929688,59.34000015258789,58.32500076293945,6357800
2025-07-08,58.8070182800293,59.119998931884766,59.25,58.650001525878906,3404600
2025-07-09,59.635780334472656,59.334999084472656,60.01499938964844,59.060001373291016,4030600
2025-07-10,59.44606399536133,59.84000015258789,59.93000030517578,58.959999084472656,3561200
2025-07-11,59.16149139404297,59.04499816894531,59.58000183105469,58.77999877929688,3797200
2025-07-14,59.56588363647461,59.18999862670898,59.81999969482422,58.685001373291016,3245800
2025-07-15,59.66073989868164,60.52999877929688,60.6150016784668,59.744998931884766,5046400
2025-07-16,59.79054641723633,59.8650016784668,60.0099983215332,58.64500045776367,5898400
2025-07-17,60.74911117553711,60.025001525878906,60.94499969482422,59.84999847412109,5011800
2025-07-18,60.59434509277344,61.09999847412109,61.13999938964844,60.415000915527344,6542200
2025-07-21,61.21841430664063,60.869998931884766,61.720001220703125,60.85499954223633,4801200
2025-07-22,60.57437896728516,61.32500076293945,61.34000015258789,60.084999084472656,7200800
2025-07-23,61.11855697631836,60.88999938964844,61.209999084472656,60.29499816894531,7623800
2025-07-24,61.38815689086914,61.494998931884766,61.72999954223633,61.09000015258789,5132600
2025-07-25,61.632789611816406,61.42499923706055,62.01499938964844,61.28499984741211,4364600
2025-07-28,62.02221298217773,62.0099983215332,62.29999923706055,61.845001220703125,4544200
2025-07-29,61.83748626708984,62.66999816894531,62.96500015258789,61.744998931884766,5170400
2025-07-30,61.982269287109375,62.09000015258789,62.6150016784668,61.43000030517578,5327400
2025-07-31,61.29330062866211,63.46500015258789,63.4900016784668,61.14500045776367,8180400
2025-08-01,58.846961975097656,60.025001525878906,60.060001373291016,58.400001525878906,9479800
2025-08-04,61.00872421264648,60.03499984741211,61.14500045776367,60.01499938964844,6182400
2025-08-05,60.16498947143555,61.375,61.630001068115234,60.150001525878906,4372200
2025-08-06,61.67772674560547,60.435001373291016,61.869998931884766,60.345001220703125,5789200
2025-08-07,62.09210205078125,62.709999084472656,63.06999969482422,61.290000915527344,6093400
2025-08-08,63.215423583984375,62.40999984741211,63.36000061035156,62.34999847412109,5211800
2025-08-11,62.80603790283203,63.33000183105469,63.79999923706055,62.63999938964844,6339000
2025-08-12,64.40364074707031,63.41999816894531,64.56999969482422,62.84999847412109,7203600
2025-08-13,64.45357513427734,65.09500122070312,65.20999908447266,64.24500274658203,5422200
2025-08-14,64.3387451171875,64.08499908447266,64.88500213623047,64.01000213623047,5745800
2025-08-15,63.73464584350586,64.40499877929688,64.40499877929688,63.46500015258789,5608600
2025-08-18,63.69470977783203,63.630001068115234,63.92499923706055,63.380001068115234,3912000
2025-08-19,61.94731903076172,63.6150016784668,63.630001068115234,61.81499862670898,6192400
2025-08-20,61.19344711303711,61.81999969482422,61.83000183105469,59.7599983215332,8544600
2025-08-21,60.63428115844727,60.935001373291016,61.40499877929688,60.220001220703125,4594800
2025-08-22,62.47652816772461,60.994998931884766,63.005001068115234,60.68999862670898,10276000
2025-08-25,62.102088928222656,62.209999084472656,62.845001220703125,61.94499969482422,4631400
2025-08-26,62.601341247558594,62.07500076293945,62.75,61.86000061035156,4834000
2025-08-27,62.77607727050781,62.45500183105469,63.06499862670898,62.18000030517578,7315600
2025-08-28,63.53993606567383,62.9900016784668,63.834999084472656,62.630001068115234,10720800
2025-08-29,62.01721954345703,63.07500076293945,63.13999938964844,61.720001220703125,7505400
2025-09-02,60.98875427246094,60.14500045776367,61.13999938964844,59.73500061035156,10894000
2025-09-03,61.91736602783203,61.845001220703125,62.380001068115234,61.310001373291016,9083400
2025-09-04,63.045677185058594,62.15999984741211,63.209999084472656,61.79499816894531,6589400
2025-09-05,63.18547058105469,64.26000213623047,64.4000015258789,62.29499816894531,7853800
2025-09-08,63.80454635620117,63.790000915527344,64.33000183105469,63.66999816894531,6027000
2025-09-09,64.1490249633789,64.05999755859375,64.3499984741211,63.4900016784668,6153600
2025-09-10,64.18897247314453,64.95500183105469,64.95999908447266,63.81499862670898,7311200
2025-09-11,64.9178695678711,64.83499908447266,65.20999908447266,64.48500061035156,7643600
2025-09-12,65.47703552246094,65.20999908447266,65.83499908447266,65.0,6465400
2025-09-15,66.59037780761719,65.95500183105469,66.69499969482422,65.93000030517578,5914200
2025-09-16,66.44060516357422,66.875,66.93499755859375,66.4000015258789,4658000
2025-09-17,66.15602111816406,66.53500366210938,66.66500091552734,65.01000213623047,7769800
2025-09-18,67.37919616699219,67.37000274658203,68.08999633789062,66.93499755859375,4336200
2025-09-19,68.25787353515625,67.88500213623047,68.50499725341797,67.55999755859375,4208800
2025-09-22,69.05168914794922,68.12999725341797,69.29499816894531,68.12000274658203,5058400
2025-09-23,68.11808776855469,69.16500091552734,69.20999908447266,67.94499969482422,4513000
2025-09-24,67.64415740966797,68.5,68.56500244140625,67.08499908447266,5326600
2025-09-25,67.03487396240234,66.81500244140625,67.4749984741211,65.9749984741211,5032000
2025-09-26,67.5742416381836,67.2699966430664,67.70999908447266,66.52999877929688,3117400
2025-09-29,68.17852020263672,68.34500122070312,69.0,67.97000122070312,4276000
2025-09-30,68.51810455322266,68.16999816894531,68.69000244140625,67.63999938964844,3456600
2025-10-01,69.17732238769531,67.87000274658203,69.38500213623047,67.69499969482422,4213600
2025-10-02,69.73665618896484,70.125,70.12999725341797,69.17500305175781,3962800
2025-10-03,69.10741424560547,69.97000122070312,70.15499877929688,68.79000091552734,3938800
2025-10-06,70.15116119384766,70.4000015258789,70.61499786376953,69.83499908447266,3741600
2025-10-07,69.39706420898438,70.52999877929688,70.67500305175781,69.13999938964844,3275600
2025-10-08,70.97517395019531,69.67500305175781,71.13999938964844,69.66000366210938,2534200
2025-10-09,70.79039764404297,71.07499694824219,71.08499908447266,70.13500213623047,2289400
2025-10-10,65.82633209228516,71.00499725341797,71.41000366210938,65.81999969482422,9907600
2025-10-13,68.63297271728516,68.18499755859375,68.91999816894531,67.65499877929688,7482400
2025-10-14,67.71907043457031,67.16999816894531,68.8499984741211,65.9749984741211,8362200
2025-10-15,68.63796997070312,69.13999938964844,69.74500274658203,67.30500030517578,6604600
2025-10-16,68.12858581542969,69.375,70.0999984741211,67.19499969482422,8831200
2025-10-17,68.9975357055664,67.71499633789062,69.43499755859375,67.36499786376953,7761200
2025-10-20,70.7204818725586,69.82499694824219,71.08999633789062,69.79000091552734,4817000
2025-10-21,70.68052673339844,70.81999969482422,71.06999969482422,70.29000091552734,4708600
2025-10-22,69.27720642089844,70.61499786376953,70.75,68.05999755859375,7780600
2025-10-23,70.46578216552734,69.23500061035156,70.72000122070312,69.15499877929688,5162600
2025-10-24,71.90406036376953,71.76000213623047,72.31999969482422,71.56500244140625,7029000
2025-10-27,74.48098754882812,73.76499938964844,74.68000030517578,73.62999725341797,4927400
2025-10-28,75.6046371459961,75.11000061035156,76.11499786376953,74.83499908447266,5344800
2025-10-29,76.29381561279297,76.33499908447266,76.66500091552734,75.05000305175781,7443000
2025-10-30,73.9366455078125,75.5,75.80999755859375,73.99500274658203,7706000
2025-10-31,74.6507797241211,75.91500091552734,75.93000030517578,74.1500015258789,5028400
2025-11-03,75.31998443603516,76.13999938964844,76.30500030517578,74.87999725341797,4294200
2025-11-04,72.2336654663086,73.29499816894531,74.16500091552734,72.15499877929688,7876600
2025-11-05,73.18253326416016,72.16000366210938,74.05000305175781,71.84500122070312,5082000
2025-11-06,70.44580841064453,72.91000366210938,72.95999908447266,70.22000122070312,7409600
2025-11-07,69.97138214111328,69.73500061035156,70.0999984741211,67.5,9751200
2025-11-10,73.03771209716797,72.13500213623047,73.37999725341797,71.68000030517578,6672200
2025-11-11,72.64817810058594,72.51499938964844,73.01000213623047,71.78500366210938,4370800
2025-11-12,72.52332305908203,73.50499725341797,73.50499725341797,71.8499984741211,5287600
2025-11-13,69.54188537597656,71.7699966430664,71.88999938964844,69.1050033569336,8550000
2025-11-14,69.61180114746094,67.58000183105469,70.73500061035156,67.04000091552734,9982000
2025-11-17,68.4182357788086,69.1050033569336,70.5250015258789,67.6449966430664,8383600
2025-11-18,66.75521850585938,67.56500244140625,68.19499969482422,65.72000122070312,9274400
2025-11-19,67.5143051147461,66.99500274658203,69.0199966430664,66.43499755859375,6362400
2025-11-20,64.33312225341797,70.2699966430664,70.79000091552734,64.20999908447266,7790000
2025-11-21,65.28197479248047,64.76000213623047,66.86000061035156,63.29999923706055,10246000
2025-11-24,68.64796447753906,66.47000122070312,69.0199966430664,66.45999908447266,6323800
2025-11-25,69.4270248413086,68.29000091552734,69.81999969482422,66.88999938964844,6988000
2025-11-26,70.65555572509766,70.3499984741211,71.16000366210938,69.8499984741211,5542200
2025-11-28,71.72428131103516,71.11000061035156,71.83000183105469,70.97000122070312,4196700
2025-12-01,71.26482391357422,70.55000305175781,71.87999725341797,70.2699966430664,3899600
2025-12-02,72.38349151611328,71.86000061035156,72.8499984741211,71.44000244140625,4059600
2025-12-03,72.70310974121094,71.88999938964844,72.95999908447266,71.5199966430664,3311300
2025-12-04,72.53331756591797,73.11000061035156,73.13999938964844,71.87999725341797,3357200
2025-12-05,73.13259887695312,72.94999694824219,74.01000213623047,72.79000091552734,3703900
2025-12-08,72.80298614501953,73.58999633789062,73.9800033569336,72.30999755859375,2875400
2025-12-09,73.01274108886719,72.5999984741211,73.2699966430664,72.29000091552734,2782400
2025-12-10,73.57208251953125,72.79000091552734,74.04000091552734,72.12000274658203,4132600
2025-12-11,73.0926513671875,72.77999877929688,73.22000122070312,71.33999633789062,5511400
2025-12-12,70.25603485107422,72.3499984741211,72.66999816894531,69.83000183105469,8015500
2025-12-15,69.546875,71.44999694824219,71.44999694824219,69.36000061035156,5727600
2025-12-16,69.81655883789062,69.0999984741211,70.30000305175781,68.80000305175781,6377200
2025-12-17,67.1996841430664,70.18000030517578,70.30000305175781,67.26000213623047,9929200
2025-12-18,69.1573486328125,69.37999725341797,70.08000183105469,68.75,5479100
2025-12-19,70.96519470214844,69.86000061035156,71.12999725341797,69.83999633789062,5733500
2025-12-22,71.5844497680664,72.19000244140625,72.23999786376953,71.33999633789062,4336300
2025-12-23,72.27362823486328,71.43000030517578,72.4000015258789,71.33999633789062,4157400
2025-12-24,72.6662826538086,72.26000213623047,72.80000305175781,72.20999908447266,2534000
2025-12-26,72.61632537841797,72.8499984741211,73.05000305175781,72.5,2707500
2025-12-29,71.89695739746094,71.77999877929688,72.4000015258789,71.47000122070312,4585500
2025-12-30,71.54725646972656,71.70999908447266,72.25,71.56999969482422,2467300
2025-12-31,70.34832000732422,71.6500015258789,71.70999908447266,70.3499984741211,3960500
2026-01-02,70.03858184814453,71.70999908447266,72.31999969482422,69.44000244140625,7355500
2026-01-05,71.13761138916016,71.51000213623047,71.86000061035156,70.94000244140625,5097800
2026-01-06,72.39651489257812,71.48999786376953,72.58999633789062,71.33999633789062,4801600
2026-01-07,72.52640533447266,72.3499984741211,73.48999786376953,72.25,4126600
2026-01-08,71.6871337890625,72.37000274658203,72.43000030517578,71.13999938964844,4344600
2026-01-09,73.07592010498047,71.93000030517578,73.43000030517578,71.4000015258789,4090000
2026-01-12,73.20580291748047,72.12999725341797,73.63999938964844,72.12000274658203,3879200
2026-01-13,72.94603729248047,73.26000213623047,73.77999877929688,72.44999694824219,4804900
2026-01-14,71.4273681640625,72.08000183105469,72.36000061035156,70.30000305175781,5370100
2026-01-15,71.8769760131836,73.12000274658203,73.22000122070312,71.7300033569336,4026000
2026-01-16,71.6871337890625,72.80000305175781,72.91999816894531,71.26000213623047,4071300
2026-01-20,68.66979217529297,69.30999755859375,70.3499984741211,68.51000213623047,7404900
2026-01-21,70.47819519042969,69.04000091552734,71.5199966430664,68.69000244140625,9095800
2026-01-22,71.54725646972656,71.97000122070312,71.9800033569336,70.93000030517578,4275600
2026-01-23,71.98687744140625,71.31999969482422,72.6500015258789,71.08999633789062,4766500
2026-01-26,72.59634399414062,72.12999725341797,73.13999938964844,71.9000015258789,3777100
2026-01-27,73.89520263671875,73.44000244140625,74.16999816894531,73.06999969482422,3335500
2026-01-28,74.29485321044922,74.97000122070312,75.22000122070312,74.0999984741211,4422900
2026-01-29,73.45558166503906,74.29000091552734,74.5199966430664,70.91000366210938,6630900
2026-01-30,71.64717864990234,72.58999633789062,73.19999694824219,71.13999938964844,6850500
2026-02-02,72.6662826538086,70.98999786376953,73.2300033569336,70.9800033569336,4547900
2026-02-03,70.39826965332031,73.19000244140625,73.29000091552734,69.16999816894531,4970500
2026-02-04,67.92044830322266,70.11000061035156,70.12999725341797,66.79000091552734,10802600
2026-02-05,65.98214721679688,66.72000122070312,67.7699966430664,65.51000213623047,12348100
2026-02-06,68.729736328125,66.69000244140625,69.16999816894531,66.38999938964844,11017200
2026-02-09,69.76882934570312,68.30000305175781,70.30999755859375,67.73999786376953,6467000
2026-02-10,69.119384765625,70.04000091552734,70.43000030517578,69.06999969482422,3960700
2026-02-11,69.45909118652344,70.27999877929688,70.5199966430664,68.31999969482422,4081200
2026-02-12,66.63157653808594,69.87999725341797,70.12000274658203,66.45999908447266,6782700
2026-02-13,66.86137390136719,66.62000274658203,67.94999694824219,65.73999786376953,4856000
2026-02-17,66.71150207519531,66.1500015258789,67.37999725341797,65.0199966430664,4688200
2026-02-18,67.69064331054688,66.95999908447266,68.66000366210938,66.68000030517578,3790900
2026-02-19,67.18109130859375,67.0999984741211,67.7699966430664,66.63999938964844,3421200
2026-02-20,68.34008026123047,66.47000122070312,68.75,66.2699966430664,3453200
2026-02-23,66.69151306152344,67.91000366210938,68.19999694824219,66.20999908447266,4681200
2026-02-24,68.0703125,66.94999694824219,68.4000015258789,66.36000061035156,3174600
2026-02-25,70.01860809326172,68.86000061035156,70.1500015258789,68.86000061035156,2925400
2026-02-26,68.38003540039062,69.86000061035156,69.88999938964844,67.2300033569336,3747000
2026-02-27,67.93043518066406,66.9800033569336,68.19000244140625,66.81999969482422,3752000
2026-03-02,68.0703125,66.05999755859375,68.54000091552734,65.87000274658203,4495300
2026-03-03,66.62158203125,65.4800033569336,67.18000030517578,64.48999786376953,6669400
2026-03-04,68.58985900878906,67.2300033569336,69.16000366210938,67.06999969482422,5079700
2026-03-05,68.2001953125,67.93000030517578,69.12999725341797,66.7699966430664,5983400
2026-03-06,66.13201904296875,66.30999755859375,67.58000183105469,65.87999725341797,6292600
2026-03-09,67.88047790527344,64.94000244140625,68.2699966430664,64.30000305175781,6123900
2026-03-10,67.85050964355469,67.95999908447266,69.1500015258789,67.41999816894531,5540600
2026-03-11,67.84051513671875,68.19000244140625,68.94000244140625,67.31999969482422,5077500
2026-03-12,65.52254486083984,66.77999877929688,67.08999633789062,65.51000213623047,5388300
2026-03-13,64.7032699584961,66.06999969482422,66.93000030517578,64.51000213623047,5815100
2026-03-16,66.13201904296875,66.12000274658203,66.95999908447266,65.91999816894531,3004600
2026-03-17,66.79143524169922,66.79000091552734,67.41000366210938,66.52999877929688,3213900
2026-03-18,64.8930892944336,66.43000030517578,66.79000091552734,64.9000015258789,4568200
2026-03-19,64.47346496582031,63.77999877929688,65.1500015258789,63.2599983215332,5470700
2026-03-20,62.07556915283203,64.08999633789062,64.12000274658203,61.369998931884766,7178100
2026-03-23,63.52429962158203,64.08000183105469,65.05999755859375,63.119998931884766,19902000
2026-03-24,62.58511734008789,62.84000015258789,63.52000045776367,62.2400016784668,5354100
2026-03-25,63.3875846862793,63.7599983215332,64.23999786376953,63.02000045776367,3108400
2026-03-26,60.389591217041016,62.33000183105469,62.7599983215332,60.36000061035156,5020800
2026-03-27,58.01118087768555,59.77000045776367,59.81999969482422,57.83000183105469,7692800
2026-03-30,57.12177658081055,59.02000045776367,59.16999816894531,56.59999847412109,8459000
2026-03-31,60.95920944213867,58.369998931884766,61.29999923706055,58.34999847412109,9515200
2026-04-01,62.44821548461914,61.900001525878906,63.220001220703125,61.70000076293945,6712200
2026-04-02,62.558135986328125,60.2599983215332,62.810001373291016,59.81999969482422,5847700
2026-04-06,63.30763626098633,62.86000061035156,63.810001373291016,62.540000915527344,5359900
2026-04-07,63.34761047363281,62.720001220703125,63.43999862670898,61.16999816894531,5676600
2026-04-08,67.03514862060547,67.70999908447266,67.94999694824219,66.29000091552734,5157600
2026-04-09,67.96452331542969,67.08999633789062,68.11000061035156,66.44999694824219,3493200
2026-04-10,68.14440155029297,68.37000274658203,68.77999877929688,67.87000274658203,4318400
2026-04-13,69.54346466064453,67.88999938964844,69.63999938964844,67.54000091552734,3796300
2026-04-14,72.05178833007812,70.2300033569336,72.11000061035156,70.2300033569336,14742700
2026-04-15,74.06044006347656,72.23999786376953,74.18000030517578,72.0199966430664,4557900
2026-04-16,74.74998474121094,74.55000305175781,75.23999786376953,73.62000274658203,3949400
2026-04-17,76.67869567871094,76.0,77.02999877929688,75.62999725341797,5542400
2026-04-20,76.218994140625,76.54000091552734,76.69999694824219,75.25,4289200
2026-04-21,75.61940002441406,76.62000274658203,77.05000305175781,75.18000030517578,6332200
2026-04-22,78.12772369384766,77.02999877929688,78.23999786376953,76.6500015258789,4155900
2026-04-23,77.2483139038086,77.80999755859375,78.61000061035156,75.9000015258789,5395800
2026-04-24,80.18634033203125,78.94000244140625,80.37000274658203,78.48999786376953,4817100
2026-04-27,80.23631286621094,80.05999755859375,80.33000183105469,79.44000244140625,3866600
2026-04-28,78.61739349365234,78.62000274658203,79.16000366210938,77.7699966430664,3800200
2026-04-29,79.58674621582031,78.9000015258789,79.6500015258789,78.43000030517578,5793000
2026-04-30,80.99580383300781,80.54000091552734,81.31999969482422,78.6500015258789,4916100
2026-05-01,82.54476165771484,81.41999816894531,83.05000305175781,81.31999969482422,4503300
2026-05-04,82.2249755859375,82.72000122070312,83.23999786376953,81.33000183105469,4732800
2026-05-05,84.33356475830078,83.51000213623047,84.69000244140625,83.41999816894531,3972100
2026-05-06,87.79125213623047,85.94000244140625,87.94000244140625,85.61000061035156,5090100
2026-05-07,87.60138702392578,88.08000183105469,89.2699966430664,86.88999938964844,7225600
2026-05-08,91.6586685180664,88.9000015258789,91.73999786376952,88.80999755859375,3645200
2026-05-11,92.19831085205078,91.5199966430664,92.61000061035156,91.16000366210938,3982000
2026-05-12,90.62935638427734,90.93000030517578,91.4499969482422,87.97000122070312,5528200
2026-05-13,92.48811340332033,91.37999725341795,93.11000061035156,90.06999969482422,3761500
2026-05-14,93.83721160888672,92.58000183105467,94.4800033569336,92.47000122070312,4528700
2026-05-15,90.96912384033205,91.33000183105467,92.63999938964844,90.16000366210938,6414500
2026-05-18,90.13967895507812,91.70999908447266,91.80999755859376,88.44999694824219,6049100
2026-05-19,89.07039642333984,88.66999816894531,90.37999725341795,87.5199966430664,4158100
2026-05-20,91.98844909667967,90.05999755859375,92.0500030517578,89.68000030517578,3884100
2026-05-21,92.31822204589844,90.95999908447266,93.04000091552734,90.41999816894533,3999800
2026-05-22,93.0377426147461,93.2699966430664,94.31999969482422,92.7300033569336,4042000
2026-05-26,96.33554077148438,95.3000030517578,96.6500015258789,94.83999633789062,4142400
2026-05-27,96.12567901611328,97.11000061035156,97.13999938964844,95.1500015258789,4035800
2026-05-28,97.724609375,96.25,98.05999755859376,95.4000015258789,3614200
2026-05-29,98.39415740966795,98.38999938964844,99.3499984741211,97.68000030517578,4821500
2026-06-01,99.5633773803711,98.16000366210938,100.41000366210938,97.83999633789062,4830700
2026-06-02,100.46277618408205,99.55999755859376,100.5999984741211,98.69000244140624,3891700
2026-06-03,99.9331283569336,100.8499984741211,101.19000244140624,99.16000366210938,4401500
2026-06-04,98.95378112792967,97.66000366210938,99.77999877929688,96.87999725341795,4130800
2026-06-05,89.4801254272461,96.18000030517578,96.58000183105467,89.27999877929688,8437900
2026-06-08,92.18830871582033,92.70999908447266,94.02999877929688,91.54000091552734,6023600
2026-06-09,90.05973815917969,94.0199966430664,94.72000122070312,84.5999984741211,10184800
2026-06-10,86.45215606689453,88.5199966430664,90.9800033569336,86.31999969482422,7232200
2026-06-11,92.1183624267578,87.91000366210938,92.66000366210938,86.83999633789062,6688400
2026-06-12,93.31755065917967,92.47000122070312,94.06999969482422,90.8000030517578,7289100
2026-06-15,99.11367797851562,97.69000244140624,99.44000244140624,97.54000091552734,4768600
2026-06-16,95.39616394042967,98.7699966430664,99.27999877929688,95.38999938964844,3520400
2026-06-17,93.4974365234375,96.83000183105467,96.95999908447266,93.11000061035156,5566100
2026-06-18,97.8445281982422,97.2699966430664,98.4499969482422,96.06999969482422,3727200
2026-06-22,97.61468505859376,98.7300033569336,99.63999938964844,96.72000122070312,3493600
2026-06-23,91.15900421142578,91.73999786376952,93.81999969482422,90.80999755859376,5692200
2026-06-24,90.37000274658205,91.58999633789062,92.73999786376952,88.80000305175781,4405200
2026-06-25,91.7699966430664,94.22000122070312,94.47000122070312,88.9800033569336,4754900
2026-06-26,89.12000274658203,89.38999938964844,91.5199966430664,88.30000305175781,4520400
2026-06-29,93.68000030517578,91.12000274658205,93.79000091552734,88.91000366210938,4209300
2026-06-30,96.76000213623048,93.69000244140624,97.16000366210938,93.63999938964844,3942000
2026-07-01,93.9000015258789,94.93000030517578,95.6500015258789,93.73999786376952,4558100
2026-07-02,90.61000061035156,93.97000122070312,95.29000091552734,89.30000305175781,6283700
2026-07-06,93.13999938964844,92.4000015258789,93.9800033569336,92.0500030517578,2936200
2026-07-07,89.69000244140625,90.91000366210938,91.4800033569336,88.54000091552734,4543600
2026-07-08,90.13999938964844,88.55999755859375,90.37999725341795,87.54000091552734,4867500
2026-07-09,93.13999938964844,91.9000015258789,93.41999816894533,91.12999725341795,2926500
2026-07-10,93.6999969482422,92.45999908447266,93.94000244140624,91.5199966430664,2857700
2026-07-13,90.12999725341795,91.66999816894533,91.94000244140624,89.69999694824219,5029600
2026-07-14,92.12999725341795,92.27999877929688,92.8000030517578,90.77999877929688,3908600
2026-07-15,91.61000061035156,93.16999816894533,93.30999755859376,89.7300033569336,4532900
2026-07-16,88.56999969482422,90.13999938964844,90.55999755859376,87.76000213623047,4334400
2026-07-17,85.91000366210938,84.9800033569336,87.6500015258789,83.7699966430664,5352100
2026-07-20,86.02999877929688,87.5999984741211,88.45999908447266,85.94999694824219,3420000
2026-07-21,89.2300033569336,88.66000366210938,89.5,87.73999786376953,2825000
2026-07-22,88.27999877929688,87.9000015258789,89.37000274658203,87.87000274658203,2507100
2026-07-23,85.0,85.63999938964844,86.62999725341797,83.9000015258789,5985900
2026-07-24,83.0,84.54000091552734,85.08000183105469,82.58999633789062,4115500
2026-07-27,82.4800033569336,84.81999969482422,84.94000244140625,80.98999786376953,4033400
2026-07-28,80.87000274658203,81.05000305175781,81.81999969482422,79.05000305175781,5230500
2026-07-29,77.58000183105469,80.87999725341797,81.94000244140625,77.44999694824219,8074300
2026-07-30,82.68000030517578,80.61000061035156,83.04000091552734,80.2699966430664,5777700
2026-07-31,83.66999816894531,84.69000244140625,85.58999633789062,81.79000091552734,7395200
2026-08-03,86.62000274658203,83.77999877929688,86.98999786376953,83.18000030517578,4177400
2026-08-04,92.45999908447266,88.62999725341797,92.9499969482422,88.47000122070312,5541100
2026-08-05,90.8000030517578,93.11000061035156,93.69000244140624,90.72000122070312,4812900
2026-08-06,90.12999725341795,89.13999938964844,91.30999755859376,88.58999633789062,4441300
2026-08-07,92.20999908447266,91.5,92.36000061035156,90.56999969482422,4855400
2026-08-10,91.62999725341795,92.02999877929688,92.62000274658205,91.51000213623048,3544000
2026-08-11,90.9800033569336,92.25,92.26000213623048,90.36000061035156,2804900
2026-08-12,92.31999969482422,93.1500015258789,93.2300033569336,92.13999938964844,3455100
2026-08-13,94.43000030517578,92.68000030517578,94.94000244140624,92.41999816894533,4060500
2026-08-14,94.1500015258789,94.76000213623048,95.0,93.4499969482422,2800200
2026-08-17,93.83999633789062,94.62999725341795,95.04000091552734,93.68000030517578,2850100
2026-08-18,90.6500015258789,91.33999633789062,91.80999755859376,90.23999786376952,3872600
2026-08-19,90.25,91.37000274658205,91.63999938964844,89.4000015258789,2973400
2026-08-20,88.94999694824219,89.26000213623047,89.94999694824219,88.36000061035156,3857100
2026-08-21,89.52999877929688,90.0,90.0999984741211,88.48999786376953,2571000
2026-08-24,87.72000122070312,88.56999969482422,88.61000061035156,86.83999633789062,3890200
