Date,Open,High,Low,Close,Volume
2008-11-05,4.811666965484619,4.899167060852051,4.176667213439941,3.272099494934082,229200
2008-11-06,4.150000095367432,4.197500228881836,3.552500009536743,2.771660566329956,4332000
2008-11-07,3.7074999809265137,3.887500047683716,3.6116669178009033,2.9673452377319336,6978000
2008-11-10,4.150000095367432,4.1616668701171875,3.584167003631592,2.8518593311309814,5785200
2008-11-11,3.5416669845581055,3.6875,3.2916669845581055,2.6632323265075684,11479200
2008-11-12,3.327500104904175,3.327500104904175,3.0174999237060547,2.366818904876709,13312800
2008-11-13,3.0516669750213623,3.5333330631256104,2.564167022705078,2.708784818649292,32067600
2008-11-14,3.2708330154418945,3.5833330154418945,3.0416669845581055,2.3616867065429688,34303200
2008-11-17,2.956666946411133,3.170833110809326,2.8333330154418945,2.1948726177215576,44524800
2008-11-18,2.836667060852051,2.994999885559082,2.5958330631256104,2.2147626876831055,61130400
2008-11-19,2.875,2.9708330631256104,2.3666670322418213,1.8580389022827148,75193200
2008-11-20,2.324167013168335,2.497499942779541,1.8466670513153076,1.537245273590088,137044800
2008-11-21,2.266666889190674,2.2699999809265137,1.8058329820632935,1.7111159563064575,124576800
2008-11-24,2.37166690826416,2.797499895095825,2.316667079925537,1.9998303651809692,98185200
2008-11-25,2.834167003631592,2.8458330631256104,2.5250000953674316,2.111467123031616,80054400
2008-11-26,2.5875000953674316,3.0450000762939453,2.5758330821990967,2.331531047821045,61237200
2008-11-28,2.9916670322418213,3.125,2.9791669845581055,2.4008231163024902,21645600
2008-12-01,2.872499942779541,2.881666898727417,2.2816669940948486,1.7771981954574585,101854800
2008-12-02,2.423332929611206,2.5733330249786377,2.309999942779541,1.9651846885681152,109262400
2008-12-03,2.3883330821990967,2.7866671085357666,2.3666670322418213,2.1127500534057617,136166400
2008-12-04,2.6458330154418945,2.8258330821990967,2.4033329486846924,1.9440120458602905,109459200
2008-12-05,2.4149999618530273,2.816667079925537,2.2833330631256104,2.1416211128234863,167187600
2008-12-08,3.0333330631256104,3.206666946411133,2.9741671085357666,2.3802924156188965,142784400
2008-12-09,3.012500047683716,3.204166889190674,2.879167079925537,2.2461998462677,126266400
2008-12-10,3.0183329582214355,3.1191670894622803,2.8958330154418945,2.31677508354187,125726400
2008-12-11,2.954166889190674,3.0975000858306885,2.7216670513153076,2.1454708576202393,113610000
2008-12-12,2.543333053588867,2.884999990463257,2.516666889190674,2.2025718688964844,142026000
2008-12-15,2.9033329486846924,2.9166669845581055,2.6308329105377197,2.1082582473754883,91215600
2008-12-16,2.819166898727417,3.1575000286102295,2.810832977294922,2.4296936988830566,121978800
2008-12-17,3.050832986831665,3.2291669845581055,2.9841670989990234,2.3715932369232178,118600800
2008-12-18,3.1191670894622803,3.1408329010009766,2.7966670989990234,2.240480422973633,94359600
2008-12-19,2.942500114440918,3.0758330821990967,2.858333110809326,2.2359821796417236,97183200
2008-12-22,2.9100000858306885,2.9166669845581055,2.603332996368408,2.13379168510437,76341600
2008-12-23,2.798332929611206,2.8358330726623535,2.6483330726623535,2.0663070678710938,68952000
2008-12-24,2.7133328914642334,2.7366669178009033,2.6566669940948486,2.0907301902770996,17952000
2008-12-26,2.7725000381469727,2.7783329486846924,2.7049999237060547,2.134434223175049,19194000
2008-12-29,2.7874999046325684,2.7874999046325684,2.619999885559082,2.1209375858306885,46562400
2008-12-30,2.795833110809326,2.935832977294922,2.754167079925537,2.261690139770508,57126000
2008-12-31,2.944166898727417,3.12833309173584,2.9266669750213623,2.3388149738311768,65361600
2009-01-02,3.0899999141693115,3.384999990463257,3.0250000953674316,2.5676193237304688,87174000
2009-01-05,3.2916669845581055,3.428333044052124,3.2241671085357666,2.5676193237304688,111709200
2009-01-06,3.4191670417785645,3.5083329677581787,3.322499990463257,2.62996244430542,119607600
2009-01-07,3.230833053588867,3.2808330059051514,3.045833110809326,2.408869743347168,116395200
2009-01-08,3.0516669750213623,3.1549999713897705,3.009166955947876,2.433293581008911,104341200
2009-01-09,3.175832986831665,3.185832977294922,2.924999952316284,2.273258924484253,114417600
2009-01-12,2.9191670417785645,2.928333044052124,2.6791670322418213,2.108081817626953,85770000
2009-01-13,2.7033329010009766,2.808332920074463,2.6616671085357666,2.116438150405884,123522000
2009-01-14,2.6075000762939453,2.622499942779541,2.430000066757202,1.9094855785369873,158102400
2009-01-15,2.4600000381469727,2.576667070388794,2.256666898727417,1.9345518350601196,200223600
2009-01-16,2.631666898727417,2.641666889190674,2.384999990463257,1.9731138944625854,209690400
2009-01-20,2.4841670989990234,2.505000114440918,2.144166946411133,1.667827844619751,207566400
2009-01-21,2.2633330821990967,2.434999942779541,2.141666889190674,1.8696383237838745,180774000
2009-01-22,2.2850000858306885,2.4216670989990234,2.175832986831665,1.775802731513977,200959200
2009-01-23,2.1449999809265137,2.4149999618530273,2.125,1.8085811138153076,213451200
2009-01-26,2.387500047683716,2.5366671085357666,2.31583309173584,1.8285048007965088,203494800
2009-01-27,2.4200000762939453,2.507499933242798,2.375,1.8979169130325317,165728400
2009-01-28,2.625833034515381,2.752500057220459,2.5941669940948486,2.0669500827789307,189104400
2009-01-29,2.579166889190674,2.6041669845581055,2.43416690826416,1.8869915008544922,157486800
2009-01-30,2.478332996368408,2.509999990463257,2.2441670894622803,1.7687327861785889,200570400
2009-02-02,2.1875,2.3183329105377197,2.1666669845581055,1.7552355527877808,156507600
2009-02-03,2.3208329677581787,2.413332939147949,2.2416670322418213,1.8207924365997314,160300800
2009-02-04,2.4083330631256104,2.5,2.3125,1.7950844764709473,184461600
2009-02-05,2.2791669368743896,2.500833034515381,2.235832929611206,1.8908476829528809,242638800
2009-02-06,2.480833053588867,2.6875,2.4666669368743896,2.045097827911377,174416400
2009-02-09,2.649167060852051,2.7300000190734863,2.6016669273376465,2.0585944652557373,123003600
2009-02-10,2.5958330631256104,2.6675000190734863,2.247499942779541,1.771946668624878,261804000
2009-02-11,2.3333330154418945,2.375,2.240833044052124,1.8027961254119873,170080800
2009-02-12,2.225832939147949,2.358333110809326,2.1358330249786377,1.8137227296829224,226532400
2009-02-13,2.334167003631592,2.394166946411133,2.2708330154418945,1.7584494352340698,137535600
2009-02-17,2.0733330249786377,2.0933330059051514,1.9583330154418945,1.5180765390396118,262568400
2009-02-18,2.0266671180725098,2.0299999713897705,1.9066669940948486,1.5135776996612549,197564400
2009-02-19,2.0233330726623535,2.047499895095825,1.8858330249786377,1.4640889167785645,187294800
2009-02-20,1.7908329963684082,1.9375,1.725000023841858,1.4158858060836792,292909200
2009-02-23,1.9058330059051514,1.9233330488204956,1.6358330249786377,1.277060866355896,267398400
2009-02-24,1.684999942779541,1.8574999570846558,1.6575000286102295,1.4146008491516113,277934400
2009-02-25,1.8025000095367432,1.8941669464111328,1.699167013168335,1.3702542781829834,343731600
2009-02-26,1.8458329439163208,1.8858330249786377,1.6883330345153809,1.3079107999801636,297150000
2009-02-27,1.590000033378601,1.7000000476837158,1.574167013168335,1.2237164974212646,333808800
2009-03-02,1.4924999475479126,1.5199999809265137,1.3583329916000366,1.0578982830047607,332221200
2009-03-03,1.4299999475479126,1.4299999475479126,1.3058329820632935,1.0334750413894653,329433600
2009-03-04,1.4075000286102295,1.4983329772949219,1.3624999523162842,1.0990307331085205,362257200
2009-03-05,1.340000033378601,1.3875000476837158,1.224166989326477,0.970488965511322,382197600
2009-03-06,1.2925000190734863,1.3483330011367798,1.1666669845581055,0.9711324572563171,396495600
2009-03-09,1.2091670036315918,1.3258329629898071,1.2024999856948853,0.9383547306060791,351142800
2009-03-10,1.2999999523162842,1.4408329725265503,1.2899999618530273,1.1048153638839722,385700400
2009-03-11,1.4924999475479126,1.5333329439163208,1.4199999570846558,1.124739170074463,447939600
2009-03-12,1.4583330154418945,1.6491669416427612,1.4225000143051147,1.2616360187530518,341392800
2009-03-13,1.6733330488204956,1.6950000524520874,1.5850000381469727,1.2905577421188354,373284000
2009-03-16,1.7316670417785645,1.7916669845581055,1.6449999809265137,1.2744903564453125,317324400
2009-03-17,1.659999966621399,1.8083330392837524,1.622499942779541,1.3901779651641846,275514000
2009-03-18,1.777500033378601,1.9958330392837524,1.7300000190734863,1.4878698587417603,387838800
2009-03-19,2.002500057220459,2.004167079925537,1.8458329439163208,1.4377385377883911,294087600
2009-03-20,1.8899999856948853,1.898332953453064,1.7291669845581055,1.3400465250015259,223050000
2009-03-23,1.8825000524520874,2.120832920074463,1.8608330488204956,1.6331217288970947,296656800
2009-03-24,2.0250000953674316,2.122499942779541,1.976667046546936,1.5307894945144653,272170800
2009-03-25,2.0374999046325684,2.1449999809265137,1.8650000095367432,1.5733470916748047,372982800
2009-03-26,2.109999895095825,2.184999942779541,2.0491669178009033,1.6816761493682861,333250800
2009-03-27,2.0858330726623535,2.124166965484619,2.0291669368743896,1.581730604171753,249626400
2009-03-30,1.9083329439163208,1.9091670513153076,1.7816669940948486,1.4256850481033325,216735600
2009-03-31,1.902500033378601,2.000833034515381,1.8624999523162842,1.4585703611373901,222627600
2009-04-01,1.8208329677581787,2.0291669368743896,1.8041670322418213,1.5462651252746582,260770800
2009-04-02,2.170833110809326,2.2683329582214355,2.134999990463257,1.6842554807662964,334137600
2009-04-03,2.178333044052124,2.25,2.125833034515381,1.7390645742416382,205558800
2009-04-06,2.1766669750213623,2.211667060852051,2.0999999046325684,1.701665997505188,206715600
2009-04-07,2.0858330726623535,2.122499942779541,2.0299999713897705,1.5733470916748047,215980800
2009-04-08,2.0708329677581787,2.1333329677581787,2.0366671085357666,1.6275115013122559,220068000
2009-04-09,2.274167060852051,2.355833053588867,2.247499942779541,1.818376898765564,244622400
2009-04-13,2.2825000286102295,2.4175000190734863,2.2583329677581787,1.8312736749649048,182120400
2009-04-14,2.2916669845581055,2.362499952316284,2.2216670513153076,1.7351958751678467,226063200
2009-04-15,2.1958329677581787,2.3183329105377197,2.1766669750213623,1.789360523223877,229102800
2009-04-16,2.3616669178009033,2.4700000286102295,2.2783329486846924,1.868672490119934,259408800
2009-04-17,2.440000057220459,2.5108330249786377,2.3858330249786377,1.911230444908142,211032000
2009-04-20,2.3308329582214355,2.3424999713897705,2.1458330154418945,1.6655558347702026,214047600
2009-04-21,2.1024999618530273,2.2833330631256104,2.0958330631256104,1.762922763824463,271872000
2009-04-22,2.209167003631592,2.389167070388794,2.199167013168335,1.7313270568847656,284221200
2009-04-23,2.264167070388794,2.308332920074463,2.1700000762939453,1.780977725982666,259046400
2009-04-24,2.3541669845581055,2.4625000953674316,2.327500104904175,1.866093397140503,262822800
2009-04-27,2.329166889190674,2.444166898727417,2.314167022705078,1.818376898765564,235772400
2009-04-28,2.2750000953674316,2.4066669940948486,2.2583329677581787,1.8061258792877197,191420400
2009-04-29,2.3958330154418945,2.553333044052124,2.3833329677581787,1.9105861186981201,213756000
2009-04-30,2.571666955947876,2.620832920074463,2.441667079925537,1.9138094186782837,235899600
2009-05-01,2.4866669178009033,2.5491669178009033,2.4241669178009033,1.9518537521362305,139549200
2009-05-04,2.572499990463257,2.7758328914642334,2.564167022705078,2.146587371826172,203774400
2009-05-05,2.745832920074463,2.7891669273376465,2.686666965484619,2.1233744621276855,181232400
2009-05-06,2.8550000190734863,2.8908329010009766,2.7441670894622803,2.223965883255005,247142400
2009-05-07,2.9674999713897705,2.9800000190734863,2.7008330821990967,2.133046865463257,247902000
2009-05-08,2.8691670894622803,2.9733328819274902,2.807499885559082,2.2845778465270996,249042000
2009-05-11,2.8258330821990967,2.868333101272583,2.759999990463257,2.1562612056732178,160106400
2009-05-12,2.8208329677581787,2.8416669368743896,2.6516671180725098,2.13820481300354,210037200
2009-05-13,2.634166955947876,2.6616671085357666,2.5250000953674316,1.9737762212753296,234828000
2009-05-14,2.5450000762939453,2.6624999046325684,2.5233330726623535,2.0118210315704346,199932000
2009-05-15,2.5999999046325684,2.6558330059051514,2.4916670322418213,1.9628161191940308,178242000
2009-05-18,2.615000009536743,2.7683329582214355,2.5991671085357666,2.134981155395508,193011600
2009-05-19,2.750833034515381,2.8324999809265137,2.7216670513153076,2.133046865463257,162718800
2009-05-20,2.826667070388794,2.9141669273376465,2.692500114440918,2.096292495727539,232425600
2009-05-21,2.6075000762939453,2.641666889190674,2.501667022705078,1.9989248514175415,203521200
2009-05-22,2.6091670989990234,2.6533329486846924,2.540832996368408,1.9834496974945068,161150400
2009-05-26,2.5158329010009766,2.7891669273376465,2.511667013168335,2.14852237701416,206808000
2009-05-27,2.7766671180725098,2.810832977294922,2.609999895095825,2.024718761444092,203434800
2009-05-28,2.6933329105377197,2.759166955947876,2.569166898727417,2.1059648990631104,230176800
2009-05-29,2.7708330154418945,2.875,2.7083330154418945,2.2136483192443848,156828000
2009-06-01,2.9800000190734863,3.125,2.956666946411133,2.38258957862854,167692800
2009-06-02,3.0541670322418213,3.1508328914642334,3.0308330059051514,2.4038684368133545,155802000
2009-06-03,3.0183329582214355,3.0299999713897705,2.889167070388794,2.3052120208740234,157880400
2009-06-04,3.007499933242798,3.067500114440918,2.942500114440918,2.3593764305114746,175689600
2009-06-05,3.1575000286102295,3.1700000762939453,2.9841670989990234,2.3658244609832764,223023600
2009-06-08,2.987499952316284,3.1050000190734863,2.9108328819274902,2.341966390609741,159536400
2009-06-09,3.067500114440918,3.119999885559082,3.011667013168335,2.378720998764038,155650800
2009-06-10,3.1508328914642334,3.1541669368743896,2.933332920074463,2.3593764305114746,175136400
2009-06-11,3.06583309173584,3.209167003631592,3.0625,2.3922619819641113,204170400
2009-06-12,3.047499895095825,3.112499952316284,3.001667022705078,2.4064483642578125,126085200
2009-06-15,3.000833034515381,3.002500057220459,2.8458330631256104,2.2329928874969482,174684000
2009-06-16,2.9216670989990234,2.933332920074463,2.7658329010009766,2.1472325325012207,182605200
2009-06-17,2.761667013168335,2.831666946411133,2.694166898727417,2.1414291858673096,208708800
2009-06-18,2.7783329486846924,2.8575000762939453,2.730833053588867,2.176893472671509,159696000
2009-06-19,2.894166946411133,2.9091670513153076,2.803333044052124,2.199462652206421,144078000
2009-06-22,2.752500057220459,2.765000104904175,2.5916669368743896,2.009242296218872,168792000
2009-06-23,2.6041669845581055,2.634166955947876,2.543333053588867,2.0126068592071533,173306400
2009-06-24,2.6516671180725098,2.737499952316284,2.612499952316284,2.0598487854003906,191844000
2009-06-25,2.615000009536743,2.836667060852051,2.605833053588867,2.1951005458831787,219787200
2009-06-26,2.7950000762939453,2.8491671085357666,2.762500047683716,2.1802163124084473,133370400
2009-06-29,2.8416669368743896,2.9008328914642334,2.7916669845581055,2.242341995239258,113755200
2009-06-30,2.887500047683716,2.923332929611206,2.7633330821990967,2.1976890563964844,179834400
2009-07-01,2.8641669750213623,2.941667079925537,2.8499999046325684,2.2229270935058594,120717600
2009-07-02,2.748332977294922,2.749166965484619,2.625,2.0397872924804688,146991600
2009-07-06,2.540832996368408,2.626667022705078,2.519166946411133,2.033315658569336,133627200
2009-07-07,2.6066670417785645,2.618333101272583,2.459167003631592,1.912947416305542,159948000
2009-07-08,2.505000114440918,2.524167060852051,2.369999885559082,1.912947416305542,206892000
2009-07-09,2.5058329105377197,2.5333330631256104,2.4508330821990967,1.9187716245651245,171753600
2009-07-10,2.432499885559082,2.500833034515381,2.4041669368743896,1.9064760208129883,135909600
2009-07-13,2.483333110809326,2.6333329677581787,2.418333053588867,2.041080951690674,146958000
2009-07-14,2.6524999141693115,2.68416690826416,2.5991671085357666,2.08185076713562,132357600
2009-07-15,2.788332939147949,2.932499885559082,2.7758328914642334,2.2630510330200195,139839600
2009-07-16,2.8883330821990967,3.0333330631256104,2.872499942779541,2.327117443084717,118136400
2009-07-17,2.9916670322418213,3.015000104904175,2.941667079925537,2.3258228302001953,111025200
2009-07-20,3.05916690826416,3.108333110809326,3.004167079925537,2.4008913040161133,138030000
2009-07-21,3.1649999618530273,3.172499895095825,3.0199999809265137,2.432600736618042,119028000
2009-07-22,3.069166898727417,3.1933329105377197,3.0683329105377197,2.4377777576446533,140370000
2009-07-23,3.149167060852051,3.391666889190674,3.1408329010009766,2.602799415588379,175532400
2009-07-24,3.295833110809326,3.4000000953674316,3.25333309173584,2.6351559162139893,111655200
2009-07-27,3.384999990463257,3.439167022705078,3.322499990463257,2.6591005325317383,121465200
2009-07-28,3.3550000190734863,3.4291670322418213,3.290832996368408,2.643568992614746,139650000
2009-07-29,3.3283329010009766,3.377500057220459,3.2833330631256104,2.5976219177246094,126027600
2009-07-30,3.4683330059051514,3.569999933242798,3.4458329677581787,2.6817502975463867,166808400
2009-07-31,3.4574999809265137,3.5333330631256104,3.4216670989990234,2.6895151138305664,151978800
2009-08-03,3.575000047683716,3.6483330726623535,3.5183329582214355,2.8234739303588867,131858400
2009-08-04,3.5933330059051514,3.694166898727417,3.5708329677581787,2.851302146911621,162132000
2009-08-05,3.6816670894622803,3.691667079925537,3.550832986831665,2.8234739303588867,166682400
2009-08-06,3.6875,3.7100000381469727,3.5333330631256104,2.7833521366119385,142646400
2009-08-07,3.688333034515381,3.814167022705078,3.632499933242798,2.8953065872192383,153865200
2009-08-10,3.689167022705078,3.7325000762939453,3.627500057220459,2.87136173248291,101360400
2009-08-11,3.6558330059051514,3.6666669845581055,3.5374999046325684,2.7684667110443115,127894800
2009-08-12,3.5491669178009033,3.764167070388794,3.5466670989990234,2.8629493713378906,125985600
2009-08-13,3.737499952316284,3.771667003631592,3.625,2.9205451011657715,115600800
2009-08-14,3.765000104904175,3.771667003631592,3.558332920074463,2.8474185466766357,104617200
2009-08-17,3.449167013168335,3.4683330059051514,3.379167079925537,2.6370975971221924,97530000
2009-08-18,3.420833110809326,3.5158329010009766,3.4033329486846924,2.708282709121704,78616800
2009-08-19,3.3933329582214355,3.6066670417785645,3.386667013168335,2.7794699668884277,100122000
2009-08-20,3.5891671180725098,3.7058329582214355,3.564167022705078,2.8597142696380615,92176800
2009-08-21,3.7683329582214355,3.9124999046325684,3.75,3.02020525932312,92438400
2009-08-24,3.946666955947876,4.004167079925537,3.8475000858306885,3.0150275230407715,94820400
2009-08-25,3.934999942779541,4.019166946411133,3.8858330249786377,3.033795118331909,126572400
2009-08-26,3.875833034515381,3.9633328914642334,3.8350000381469727,3.0376782417297363,104142000
2009-08-27,3.899167060852051,3.9708330631256104,3.7674999237060547,3.0609755516052246,116272800
2009-08-28,4.0283331871032715,4.049167156219482,3.8566670417785645,3.0545032024383545,100240800
2009-08-31,3.814167022705078,3.8416669368743896,3.756666898727417,2.9729630947113037,81829200
2009-09-01,3.7708330154418945,3.9200000762939453,3.5541670322418213,2.7775275707244873,173712000
2009-09-02,3.5258328914642334,3.600832939147949,3.509999990463257,2.7451696395874023,89448000
2009-09-03,3.5983328819274902,3.639167070388794,3.512500047683716,2.8163557052612305,75825600
2009-09-04,3.644166946411133,3.7833330631256104,3.6116669178009033,2.9380178451538086,68756400
2009-09-08,3.889167070388794,3.8949999809265137,3.822499990463257,3.021498918533325,70411200
2009-09-09,3.9033329486846924,4.022500038146973,3.868333101272583,3.0913901329040527,86215200
2009-09-10,3.9891669750213623,4.114167213439941,3.924999952316284,3.1871678829193115,78838800
2009-09-11,4.132500171661377,4.175833225250244,4.049167156219482,3.1871678829193115,86341200
2009-09-14,4.008333206176758,4.191667079925537,4.004167079925537,3.2447612285614014,81573600
2009-09-15,4.198332786560059,4.2841668128967285,4.123332977294922,3.290710210800171,108459600
2009-09-16,4.289999961853027,4.4375,4.24666690826416,3.4434356689453125,79426800
2009-09-17,4.417500019073486,4.575832843780518,4.337500095367432,3.4220805168151855,133173600
2009-09-18,4.4608330726623535,4.46999979019165,4.37166690826416,3.429197072982788,81897600
2009-09-21,4.320833206176758,4.4166669845581055,4.18416690826416,3.4046051502227783,54210000
2009-09-22,4.4583330154418945,4.490832805633545,4.3958330154418945,3.469137191772461,74361600
2009-09-23,4.488333225250244,4.565000057220459,4.314167022705078,3.3673148155212402,111838800
2009-09-24,4.365832805633545,4.387499809265137,4.126667022705078,3.2531678676605225,88407600
2009-09-25,4.149167060852051,4.218332767486572,4.072500228881836,3.2071192264556885,78145200
2009-09-28,4.163332939147949,4.362500190734863,4.15749979019165,3.371854066848755,48109200
2009-09-29,4.358333110809326,4.423333168029785,4.2783331871032715,3.3543426990509033,73011600
2009-09-30,4.349999904632568,4.360000133514404,4.135832786560059,3.310889959335327,98480400
2009-10-01,4.220832824707031,4.230000019073486,3.925832986831665,3.0592494010925293,106536000
2009-10-02,3.819999933242798,3.946666955947876,3.810832977294922,3.0203354358673096,89538000
2009-10-05,3.9316670894622803,4.081666946411133,3.886667013168335,3.150695323944092,69171600
2009-10-06,4.139166831970215,4.295833110809326,4.130000114440918,3.2888383865356445,76896000
2009-10-07,4.195833206176758,4.269166946411133,4.172500133514404,3.3134841918945312,79050000
2009-10-08,4.369166851043701,4.431666851043701,4.304999828338623,3.3964993953704834,78579600
2009-10-09,4.364167213439941,4.44083309173584,4.3333330154418945,3.4542205333709717,46399200
2009-10-12,4.511666774749756,4.553332805633545,4.443333148956299,3.50026798248291,42571200
2009-10-13,4.457499980926514,4.489999771118164,4.379167079925537,3.4749741554260254,60387600
2009-10-14,4.627500057220459,4.707499980926514,4.5625,3.6513829231262207,76630800
2009-10-15,4.627500057220459,4.739167213439941,4.616666793823242,3.685107707977295,60434400
2009-10-16,4.624166965484619,4.683332920074463,4.548333168029785,3.605983257293701,73185600
2009-10-19,4.658332824707031,4.7941670417785645,4.611667156219482,3.69743013381958,73150800
2009-10-20,4.78249979019165,4.78249979019165,4.5966668128967285,3.6345200538635254,91654800
2009-10-21,4.647500038146973,4.808332920074463,4.53249979019165,3.5359396934509277,93099600
2009-10-22,4.527500152587891,4.716667175292969,4.443333148956299,3.635817766189575,94479600
2009-10-23,4.722499847412109,4.727499961853027,4.4558329582214355,3.5080502033233643,127652400
2009-10-26,4.521667003631592,4.668333053588867,4.325832843780518,3.392608165740967,122566800
2009-10-27,4.375833034515381,4.4166669845581055,4.262499809265137,3.3413712978363037,122426400
2009-10-28,4.254167079925537,4.296667098999023,4.0233330726623535,3.1390206813812256,130334400
2009-10-29,4.123332977294922,4.3125,4.099999904632568,3.336831569671631,79713600
2009-10-30,4.254167079925537,4.28249979019165,3.9008328914642334,3.0540599822998047,163779600
2009-11-02,3.9791669845581055,4.125,3.8550000190734863,3.1169707775115967,164173200
2009-11-03,3.930833101272583,4.066667079925537,3.9083330631256104,3.1526410579681396,125739600
2009-11-04,4.150000095367432,4.243332862854004,4.047500133514404,3.1643149852752686,130326000
2009-11-05,4.162499904632568,4.310832977294922,4.139999866485596,3.3498036861419678,78327600
2009-11-06,4.230000019073486,4.374166965484619,4.210000038146973,3.3763933181762695,79237200
2009-11-09,4.442500114440918,4.635832786560059,4.435832977294922,3.6079280376434326,62114400
2009-11-10,4.605000019073486,4.681666851043701,4.559999942779541,3.607280731201172,82910400
2009-11-11,4.734167098999023,4.799167156219482,4.642499923706055,3.6630570888519287,89554800
2009-11-12,4.681666851043701,4.765832901000977,4.5258331298828125,3.5521533489227295,97922400
2009-11-13,4.595832824707031,4.695833206176758,4.52666711807251,3.6105241775512695,81452400
2009-11-16,4.736667156219482,4.90500020980835,4.7291669845581055,3.7739603519439697,70759200
2009-11-17,4.810832977294922,4.867499828338623,4.750833034515381,3.7843363285064697,60363600
2009-11-18,4.8516669273376465,4.873332977294922,4.761666774749756,3.77136492729187,56280000
2009-11-19,4.741666793823242,4.752500057220459,4.560832977294922,3.6131176948547363,98540400
2009-11-20,4.039999961853027,4.095832824707031,4.008333206176758,3.5827112197875977,73640400
2009-11-23,4.206666946411133,4.300000190734863,4.179999828338623,3.704632043838501,71452800
2009-11-24,4.22333288192749,4.235833168029785,4.117499828338623,3.714914321899414,59002800
2009-11-25,4.248332977294922,4.284999847412109,4.2058329582214355,3.7626538276672363,46106400
2009-11-27,3.9291670322418213,4.150000095367432,3.9091670513153076,3.5812408924102783,65482800
2009-11-30,4.052499771118164,4.119166851043701,3.994999885559082,3.6142923831939697,82401600
2009-12-01,4.21999979019165,4.296667098999023,4.192500114440918,3.743558168411255,67971600
2009-12-02,4.254167079925537,4.34833288192749,4.2241668701171875,3.7597157955169678,58404000
2009-12-03,4.300833225250244,4.369166851043701,4.1508331298828125,3.6679086685180664,80853600
2009-12-04,4.3333330154418945,4.389999866485596,4.016666889190674,3.731807231903076,122559600
2009-12-07,4.2291669845581055,4.2941670417785645,4.179166793823242,3.7134456634521484,49426800
2009-12-08,4.131667137145996,4.154167175292969,4.0391669273376465,3.5959317684173584,66080400
2009-12-09,4.082499980926514,4.144166946411133,4.014166831970215,3.6333887577056885,60139200
2009-12-10,4.199999809265137,4.247499942779541,4.175000190734863,3.6994900703430176,47019600
2009-12-11,4.248332977294922,4.277500152587891,4.193333148956299,3.753105401992798,53821200
2009-12-14,4.33916711807251,4.360000133514404,4.283332824707031,3.832428455352783,41520000
2009-12-15,4.303332805633545,4.358333110809326,4.259167194366455,3.7846879959106445,38721600
2009-12-16,4.3516669273376465,4.389166831970215,4.2941670417785645,3.8103933334350586,43034400
2009-12-17,4.2316670417785645,4.256667137145996,4.158332824707031,3.6774563789367676,53840400
2009-12-18,4.242499828338623,4.247499942779541,4.133333206176758,3.7340099811553955,48298800
2009-12-21,4.305832862854004,4.408332824707031,4.300000190734863,3.8471179008483887,35182800
2009-12-22,4.399167060852051,4.44083309173584,4.379167079925537,3.8993444442749023,31441200
2009-12-23,4.4583330154418945,4.469167232513428,4.3958330154418945,3.9339165687561035,28054800
2009-12-24,4.480833053588867,4.531667232513428,4.480833053588867,3.995706558227539,14533200
2009-12-28,4.570833206176758,4.578332901000977,4.494999885559082,4.0082106590271,18194400
2009-12-29,4.5808329582214355,4.5808329582214355,4.516666889190674,3.991293430328369,21056400
2009-12-30,4.47333288192749,4.527500152587891,4.469167232513428,3.9787867069244385,17800800
2009-12-31,4.53583288192749,4.5391669273376465,4.375833034515381,3.8625648021698,18962400
2010-01-04,4.490832805633545,4.607500076293945,4.489999771118164,4.06043815612793,28238400
2010-01-05,4.59499979019165,4.6458330154418945,4.5416669845581055,4.098687171936035,33206400
2010-01-06,4.630000114440918,4.685832977294922,4.619166851043701,4.109721660614014,44194800
2010-01-07,4.631667137145996,4.725832939147949,4.586667060852051,4.158270835876465,43773600
2010-01-08,4.670000076293945,4.766666889190674,4.6433329582214355,4.2024054527282715,39685200
2010-01-11,4.823332786560059,4.834167003631592,4.718332767486572,4.218590259552002,39402000
2010-01-12,4.679999828338623,4.706666946411133,4.5833330154418945,4.095010757446289,70981200
2010-01-13,4.675000190734863,4.795833110809326,4.6016669273376465,4.200199127197266,58323600
2010-01-14,4.744999885559082,4.820000171661377,4.736667156219482,4.234037399291992,39696000
2010-01-15,4.7733330726623535,4.789999961853027,4.581666946411133,4.09133243560791,65668800
2010-01-19,4.629167079925537,4.808332920074463,4.622499942779541,4.238450050354004,42022800
2010-01-20,4.704166889190674,4.710000038146973,4.547500133514404,4.113399505615234,70280400
2010-01-21,4.663332939147949,4.7108330726623535,4.389166831970215,3.8912529945373535,137617200
2010-01-22,4.3516669273376465,4.3958330154418945,4.097499847412109,3.633060932159424,138201600
2010-01-25,4.225832939147949,4.242499828338623,4.133333206176758,3.686760187149048,71208000
2010-01-26,4.123332977294922,4.250833034515381,4.093332767486572,3.638211727142334,68493600
2010-01-27,4.112500190734863,4.201666831970215,4.011666774749756,3.690437078475952,97148400
2010-01-28,4.224999904632568,4.224999904632568,3.9558329582214355,3.5595035552978516,97756800
2010-01-29,4.0808329582214355,4.165832996368408,3.873332977294922,3.429304361343384,99787200
2010-02-01,3.9749999046325684,4.074166774749756,3.9649999141693115,3.5918703079223633,67242000
2010-02-02,4.100832939147949,4.24666690826416,4.052499771118164,3.729423999786377,66903600
2010-02-03,4.168333053588867,4.227499961853027,4.122499942779541,3.6735196113586426,62972400
2010-02-04,4.057499885559082,4.064167022705078,3.7683329582214355,3.332207441329956,109621200
2010-02-05,3.7799999713897705,3.816667079925537,3.565000057220459,3.3483898639678955,148866000
2010-02-08,3.793333053588867,3.8641669750213623,3.7033329010009766,3.2726244926452637,94868400
2010-02-09,3.8408329486846924,3.944999933242798,3.75,3.3969385623931885,140008800
2010-02-10,3.8333330154418945,3.8924999237060547,3.7291669845581055,3.3756072521209717,90757200
2010-02-11,3.8233330249786377,3.9658329486846924,3.748332977294922,3.4881515502929688,85040400
2010-02-12,3.8308329582214355,3.952500104904175,3.7825000286102295,3.488886594772339,89464800
2010-02-16,4.045000076293945,4.154167175292969,4.000833034515381,3.655129909515381,54260400
2010-02-17,4.196667194366455,4.220832824707031,4.1483330726623535,3.7095632553100586,67672800
2010-02-18,4.180832862854004,4.302499771118164,4.179166793823242,3.7765004634857178,51837600
2010-02-19,4.244166851043701,4.3541669845581055,4.216667175292969,3.805924892425537,51297600
2010-02-22,4.357500076293945,4.360000133514404,4.274167060852051,3.799304962158203,44547600
2010-02-23,4.2708330154418945,4.305832862854004,4.112500190734863,3.6617496013641357,72362400
2010-02-24,4.179999828338623,4.2733330726623535,4.149167060852051,3.7522268295288086,52680000
2010-02-25,4.074999809265137,4.250833034515381,4.0391669273376465,3.7470781803131104,78308400
2010-02-26,4.257500171661377,4.289999961853027,4.175000190734863,3.7514915466308594,48735600
2010-03-01,4.3125,4.4033331871032715,4.305832862854004,3.8713912963867188,42188400
2010-03-02,4.447500228881836,4.493332862854004,4.4091668128967285,3.9103784561157227,44275200
2010-03-03,4.4716668128967285,4.525000095367432,4.4141669273376465,3.9206769466400146,53859600
2010-03-04,4.4633331298828125,4.49666690826416,4.40749979019165,3.953042507171631,36088800
2010-03-05,4.570833206176758,4.680832862854004,4.531667232513428,4.120019912719727,40521600
2010-03-08,4.678332805633545,4.7058329582214355,4.65166711807251,4.125170707702637,27522000
2010-03-09,4.627500057220459,4.765832901000977,4.626667022705078,4.14797306060791,43633200
2010-03-10,4.711667060852051,4.801667213439941,4.697500228881836,4.206083297729492,48385200
2010-03-11,4.739999771118164,4.827499866485596,4.690000057220459,4.253161907196045,38838000
2010-03-12,4.889166831970215,4.894999980926514,4.788332939147949,4.264194965362549,48924000
2010-03-15,4.804166793823242,4.840000152587891,4.7216668128967285,4.256103515625,45910800
2010-03-16,4.870832920074463,4.961667060852051,4.832499980926514,4.370118618011475,46935600
2010-03-17,4.999166965484619,5.090000152587891,4.989999771118164,4.451769828796387,37910400
2010-03-18,5.045833110809326,5.065000057220459,4.972499847412109,4.426024913787842,39668400
2010-03-19,4.930832862854004,5.070833206176758,4.886666774749756,4.352466583251953,44769600
2010-03-22,4.853332996368408,5.055832862854004,4.845832824707031,4.4355878829956055,43524000
2010-03-23,4.9375,5.029167175292969,4.887499809265137,4.535805702209473,47023200
2010-03-24,4.959167003631592,5.008333206176758,4.918333053588867,4.464273929595947,52588800
2010-03-25,5.042500019073486,5.09833288192749,4.8958330154418945,4.436415672302246,56316000
2010-03-26,4.9375,5.007500171661377,4.841667175292969,4.440932750701904,63303600
2010-03-29,4.980833053588867,5.025000095367432,4.954166889190674,4.516228675842285,34329600
2010-03-30,5.017499923706055,5.066667079925537,4.947500228881836,4.527522087097168,38167200
2010-03-31,4.951666831970215,5.03249979019165,4.9141669273376465,4.481593608856201,41473200
2010-04-01,5.055832862854004,5.117499828338623,4.975832939147949,4.579476833343506,49788000
2010-04-05,5.12833309173584,5.2108330726623535,5.0858330726623535,4.702962398529053,27745200
2010-04-06,5.1616668701171875,5.272500038146973,5.142499923706055,4.739102363586426,35377200
2010-04-07,5.2158331871032715,5.247499942779541,5.0833330154418945,4.657032489776611,63921600
2010-04-08,5.097499847412109,5.225832939147949,5.049167156219482,4.700704097747803,44210400
2010-04-09,5.237500190734863,5.309999942779541,5.204166889190674,4.788799285888672,35521200
2010-04-12,5.324166774749756,5.370832920074463,5.305832862854004,4.82192850112915,32072400
2010-04-13,5.320833206176758,5.370832920074463,5.235000133514404,4.829457759857178,31603200
2010-04-14,5.406667232513428,5.5283331871032715,5.380833148956299,4.9920973777771,30331200
2010-04-15,5.5,5.577499866485596,5.494166851043701,5.010921478271484,29269200
2010-04-16,5.491666793823242,5.515832901000977,5.200832843780518,4.77675199508667,90853200
2010-04-19,5.238333225250244,5.34250020980835,5.15500020980835,4.815906047821045,56596800
2010-04-20,5.431666851043701,5.487500190734863,5.377500057220459,4.947672367095947,36062400
2010-04-21,5.486667156219482,5.525000095367432,5.368332862854004,4.934118747711182,44731200
2010-04-22,5.340000152587891,5.53583288192749,5.25,4.980801582336426,59278800
2010-04-23,5.508333206176758,5.636666774749756,5.4658331871032715,5.08094596862793,49657200
2010-04-26,5.639999866485596,5.675000190734863,5.550833225250244,5.030498027801514,42423600
2010-04-27,5.474999904632568,5.5625,5.144999980926514,4.672843933105469,90979200
2010-04-28,5.258333206176758,5.323332786560059,5.1458330154418945,4.771478652954102,89214000
2010-04-29,5.383333206176758,5.516666889190674,5.375,4.951436996459961,42943200
2010-04-30,5.487500190734863,5.504167079925537,5.201666831970215,4.7074785232543945,66883200
2010-05-03,5.2758331298828125,5.445833206176758,5.255000114440918,4.8851776123046875,40921200
2010-05-04,5.220832824707031,5.225832939147949,4.94083309173584,4.5373125076293945,67262400
2010-05-05,4.880833148956299,5.051667213439941,4.808332920074463,4.441685676574707,65911200
2010-05-06,4.845832824707031,4.942500114440918,3.4666669368743896,3.9951839447021484,129265200
2010-05-07,4.375,4.522500038146973,4.022500038146973,3.7971558570861816,100494000
2010-05-10,4.737500190734863,4.822500228881836,4.631667137145996,4.308412075042725,79014000
2010-05-11,4.638332843780518,4.921667098999023,4.610833168029785,4.282060623168945,72963600
2010-05-12,4.801667213439941,4.9658331871032715,4.775000095367432,4.4687910079956055,45466800
2010-05-13,4.914999961853027,4.985000133514404,4.752500057220459,4.312178611755371,50678400
2010-05-14,4.658332824707031,4.6875,4.379167079925537,4.071983814239502,85371600
2010-05-17,4.542500019073486,4.586667060852051,4.25,4.079514503479004,70009200
2010-05-18,4.625833034515381,4.6666669845581055,4.280832767486572,3.9138643741607666,87229200
2010-05-19,4.255000114440918,4.372499942779541,4.0833330154418945,3.837815523147583,104214000
2010-05-20,3.9841670989990234,4.0283331871032715,3.75333309173584,3.3980894088745117,162824400
2010-05-21,3.586667060852051,3.9558329582214355,3.559999942779541,3.5343756675720215,135914400
2010-05-24,3.869999885559082,3.9574999809265137,3.7658329010009766,3.4108901023864746,76162800
2010-05-25,3.5,3.7891669273376465,3.422499895095825,3.4169137477874756,80966400
2010-05-26,3.865000009536743,3.9700000286102295,3.692500114440918,3.3672187328338623,85789200
2010-05-27,3.942500114440918,4.113333225250244,3.8983330726623535,3.7045419216156006,58806000
2010-05-28,4.0883331298828125,4.09499979019165,3.8933329582214355,3.582563877105713,73153200
2010-06-01,3.8391671180725098,4.013332843780518,3.7274999618530273,3.3777594566345215,72601200
2010-06-02,3.803333044052124,4.034999847412109,3.75,3.6428003311157227,53204400
2010-06-03,4.082499980926514,4.119999885559082,3.9641671180725098,3.691741466522217,49161600
2010-06-04,3.8541669845581055,3.9375,3.6166670322418213,3.315265655517578,79070400
2010-06-07,3.694999933242798,3.735832929611206,3.501667022705078,3.1706976890563965,57530400
2010-06-08,3.5183329582214355,3.627500057220459,3.4166669845581055,3.260298013687134,94893600
2010-06-09,3.675832986831665,3.788332939147949,3.5183329582214355,3.213616132736206,72370800
2010-06-10,3.7416670322418213,3.8833329677581787,3.7249999046325684,3.501997232437134,56421600
2010-06-11,3.7708330154418945,3.9433329105377197,3.759166955947876,3.5509402751922607,41620800
2010-06-14,4.03249979019165,4.09833288192749,3.9116671085357666,3.5434110164642334,47994000
2010-06-15,4.005833148956299,4.202499866485596,3.9866669178009033,3.782097339630127,42567600
2010-06-16,4.12833309173584,4.235833168029785,4.097499847412109,3.7760732173919678,50440800
2010-06-17,4.22333288192749,4.224999904632568,4.072500228881836,3.7866148948669434,63685200
2010-06-18,4.2133331298828125,4.247499942779541,4.162499904632568,3.7971558570861816,36188400
2010-06-21,4.359167098999023,4.369999885559082,4.091667175292969,3.7527318000793457,56272800
2010-06-22,4.155832767486572,4.212500095367432,3.928333044052124,3.5678203105926514,62646000
2010-06-23,3.954166889190674,3.995832920074463,3.8233330249786377,3.532390594482422,60920400
2010-06-24,3.8541669845581055,3.8666670322418213,3.68416690826416,3.3552439212799072,64449600
2010-06-25,3.7366669178009033,3.814167022705078,3.644166946411133,3.401226282119751,73022400
2010-06-28,3.774167060852051,3.8041670322418213,3.6791670322418213,3.359766960144043,38508000
2010-06-29,3.565000057220459,3.5683329105377197,3.3016669750213623,3.0469319820404053,91196400
2010-06-30,3.3424999713897705,3.44083309173584,3.243333101272583,2.94742751121521,69840000
2010-07-01,3.269166946411133,3.2991669178009033,3.069166898727417,2.9210450649261475,100200000
2010-07-02,3.259166955947876,3.2899999618530273,3.119999885559082,2.873554229736328,71796000
2010-07-06,3.309999942779541,3.37833309173584,3.1358330249786377,2.9157674312591553,65976000
2010-07-07,3.24666690826416,3.543333053588867,3.240000009536743,3.1961872577667236,54277200
2010-07-08,3.625,3.6666669845581055,3.5174999237060547,3.2873997688293457,55112400
2010-07-09,3.636667013168335,3.7249999046325684,3.6166670322418213,3.3657965660095215,47355600
2010-07-12,3.689167022705078,3.759166955947876,3.636667013168335,3.3680574893951416,40822800
2010-07-13,3.8416669368743896,3.946666955947876,3.8233330249786377,3.5293753147125244,53217600
2010-07-14,3.8691670894622803,3.944999933242798,3.8183329105377197,3.5248525142669678,37082400
2010-07-15,3.894166946411133,3.938333034515381,3.738332986831665,3.532390594482422,60340800
2010-07-16,3.8383328914642334,3.8458330631256104,3.5541670322418213,3.2338790893554688,60516000
2010-07-19,3.615000009536743,3.670833110809326,3.5266671180725098,3.2941839694976807,38925600
2010-07-20,3.4916670322418213,3.7766671180725098,3.483333110809326,3.407257556915283,49574400
2010-07-21,3.826667070388794,3.8308329582214355,3.574167013168335,3.2730767726898193,62870400
2010-07-22,3.749166965484619,3.9058330059051514,3.747499942779541,3.4916841983795166,40190400
2010-07-23,3.8350000381469727,3.9816670417785645,3.8041670322418213,3.591188430786133,42493200
2010-07-26,3.987499952316284,4.110833168029785,3.9549999237060547,3.7095367908477783,37852800
2010-07-27,4.1666669845581055,4.179166793823242,4.039999961853027,3.6944615840911865,39218400
2010-07-28,4.059999942779541,4.097499847412109,3.959167003631592,3.620587110519409,37102800
2010-07-29,4.078332901000977,4.1041669845581055,3.8424999713897705,3.565558910369873,51758400
2010-07-30,3.817500114440918,4.004167079925537,3.797499895095825,3.573096990585327,37359600
2010-08-02,4.134167194366455,4.244166851043701,4.0833330154418945,3.801504135131836,36231600
2010-08-03,4.175833225250244,4.209167003631592,4.1016669273376465,3.7479822635650635,31233600
2010-08-04,4.179999828338623,4.248332977294922,4.141666889190674,3.828641176223755,31260000
2010-08-05,4.15500020980835,4.225832939147949,4.134167194366455,3.818087577819824,25328400
2010-08-06,4.093332767486572,4.194167137145996,4.008333206176758,3.770596981048584,38065200
2010-08-09,4.234167098999023,4.259167194366455,4.163332939147949,3.834672451019287,20134800
2010-08-10,4.132500171661377,4.227499961853027,4.052499771118164,3.759289264678955,42063600
2010-08-11,3.9633328914642334,3.9633328914642334,3.7941670417785645,3.446455240249634,47680800
2010-08-12,3.6383330821990967,3.7841670513153076,3.6333329677581787,3.388411521911621,37207200
2010-08-13,3.7049999237060547,3.7766671180725098,3.6983330249786377,3.350721597671509,34147200
2010-08-16,3.6333329677581787,3.742500066757202,3.5958330631256104,3.3522281646728516,35426400
2010-08-17,3.8041670322418213,3.928333044052124,3.7725000381469727,3.4788694381713867,44095200
2010-08-18,3.8433330059051514,3.93416690826416,3.7766671180725098,3.5037448406219482,41824800
2010-08-19,3.811666965484619,3.8433330059051514,3.627500057220459,3.323582887649536,55251600
2010-08-20,3.6383330821990967,3.6558330059051514,3.5566670894622803,3.2919228076934814,42684000
2010-08-23,3.691667079925537,3.745832920074463,3.5891671180725098,3.2512166500091553,46245600
2010-08-24,3.4700000286102295,3.5183329582214355,3.372499942779541,3.107990264892578,53014800
2010-08-25,3.370832920074463,3.5108330249786377,3.3041670322418213,3.1404058933258057,51841200
2010-08-26,3.5250000953674316,3.538332939147949,3.370832920074463,3.0793466567993164,48879600
2010-08-27,3.4649999141693115,3.576667070388794,3.314167022705078,3.2248334884643555,61564800
2010-08-30,3.5366671085357666,3.5733330249786377,3.4100000858306885,3.0853757858276367,47550000
2010-08-31,3.3691670894622803,3.4749999046325684,3.329166889190674,3.1004531383514404,49580400
2010-09-01,3.550832986831665,3.728332996368408,3.543333053588867,3.359766960144043,45638400
2010-09-02,3.738332986831665,3.826667070388794,3.7183330059051514,3.4577629566192627,31700400
2010-09-03,3.94083309173584,3.9891669750213623,3.87833309173584,3.59269642829895,37790400
2010-09-07,3.9141669273376465,3.932499885559082,3.8283329010009766,3.4751007556915283,33942000
2010-09-08,3.8591670989990234,3.9625000953674316,3.8550000190734863,3.5414364337921143,32110800
2010-09-09,4.048333168029785,4.054166793823242,3.934999942779541,3.5874195098876953,25590000
2010-09-10,3.987499952316284,4.039999961853027,3.9641671180725098,3.642448663711548,25532400
2010-09-13,4.1433329582214355,4.186666965484619,4.1041669845581055,3.7683351039886475,37706400
2010-09-14,4.139999866485596,4.230000019073486,4.094167232513428,3.763059139251709,37848000
2010-09-15,4.123332977294922,4.2216668128967285,4.0858330726623535,3.805271863937378,28318800
2010-09-16,4.164999961853027,4.211667060852051,4.131667137145996,3.802257776260376,27724800
2010-09-17,4.267499923706055,4.277500152587891,4.172500133514404,3.806779623031616,29958000
2010-09-20,4.255000114440918,4.429166793823242,4.2241668701171875,3.981665849685669,24872400
2010-09-21,4.418333053588867,4.472499847412109,4.324166774749756,3.9582972526550293,50521200
2010-09-22,4.345832824707031,4.4166669845581055,4.261666774749756,3.896514892578125,29373600
2010-09-23,4.186666965484619,4.329999923706055,4.162499904632568,3.8028604984283447,34352400
2010-09-24,4.336667060852051,4.4633331298828125,4.326666831970215,4.0302019119262695,25610400
2010-09-27,4.465000152587891,4.477499961853027,4.385832786560059,3.9879045486450195,22155600
2010-09-28,4.4191670417785645,4.486667156219482,4.272500038146973,4.037753105163574,49814400
2010-09-29,4.415832996368408,4.4791669845581055,4.375833034515381,4.01056432723999,36463200
2010-09-30,4.501667022705078,4.5808329582214355,4.331666946411133,3.9841275215148926,49293600
2010-10-01,4.487500190734863,4.505833148956299,4.369999885559082,4.029445648193359,38605200
2010-10-04,4.429166793823242,4.472499847412109,4.279167175292969,3.938810110092163,28527600
2010-10-05,4.466667175292969,4.635832786560059,4.447500228881836,4.173705577850342,31062000
2010-10-06,4.6041669845581055,4.636666774749756,4.540832996368408,4.165395736694336,23876400
2010-10-07,4.656667232513428,4.6591668128967285,4.497499942779541,4.151801586151123,26488800
2010-10-08,4.594167232513428,4.699999809265137,4.549167156219482,4.225064754486084,27525600
2010-10-11,4.685832977294922,4.715000152587891,4.634167194366455,4.241681098937988,16532400
2010-10-12,4.634167194366455,4.762499809265137,4.553332805633545,4.2839765548706055,29330400
2010-10-13,4.808332920074463,4.90749979019165,4.769999980926514,4.376121520996094,19452000
2010-10-14,4.821667194366455,4.844167232513428,4.688333034515381,4.335334300994873,29485200
2010-10-15,4.876667022705078,4.882500171661377,4.695000171661377,4.354218482971191,27841200
2010-10-18,4.80916690826416,4.9116668701171875,4.781667232513428,4.381409168243408,15804000
2010-10-19,4.730833053588867,4.8125,4.5858330726623535,4.233372211456299,37636800
2010-10-20,4.704999923706055,4.876667022705078,4.6875,4.358750343322754,25963200
2010-10-21,4.876667022705078,4.957499980926514,4.7266669273376465,4.387450695037842,37836000
2010-10-22,4.859167098999023,4.890832901000977,4.825832843780518,4.4191718101501465,15234000
2010-10-25,4.9658331871032715,5.049167156219482,4.912499904632568,4.462980270385742,22051200
2010-10-26,4.8491668701171875,4.945000171661377,4.815000057220459,4.46146821975708,16182000
2010-10-27,4.818333148956299,4.9033331871032715,4.752500057220459,4.432013034820557,23532000
2010-10-28,4.97333288192749,4.9816670417785645,4.823332786560059,4.436544895172119,20245200
2010-10-29,4.872499942779541,4.93416690826416,4.857500076293945,4.453160762786865,17666400
2010-11-01,4.980833053588867,5.065000057220459,4.8308329582214355,4.453160762786865,21316800
2010-11-02,5.0233330726623535,5.065000057220459,4.9791669845581055,4.558900833129883,15842400
2010-11-03,5.05916690826416,5.097499847412109,4.902500152587891,4.617059230804443,25878000
2010-11-04,5.244999885559082,5.385832786560059,5.239999771118164,4.864790439605713,22269600
2010-11-05,5.392499923706055,5.468332767486572,5.370832920074463,4.933521747589111,23643600
2010-11-08,5.3933329582214355,5.436666965484619,5.33916711807251,4.911618709564209,12212400
2010-11-09,5.462500095367432,5.480000019073486,5.2316670417785645,4.796815872192383,22017600
2010-11-10,5.2841668128967285,5.369999885559082,5.175000190734863,4.861014366149902,14200800
2010-11-11,5.2291669845581055,5.3383331298828125,5.18416690826416,4.821739673614502,15766800
2010-11-12,5.210000038146973,5.274167060852051,5.046667098999023,4.634429454803467,22506000
2010-11-15,5.162499904632568,5.2291669845581055,5.093332767486572,4.616302013397217,20818800
2010-11-16,5.004167079925537,5.0283331871032715,4.7841668128967285,4.399534702301025,36133200
2010-11-17,4.869999885559082,4.931666851043701,4.824999809265137,4.418417930603027,19288800
2010-11-18,5.013332843780518,5.138332843780518,5.013332843780518,4.613281726837158,24543600
2010-11-19,5.079166889190674,5.139999866485596,5.0,4.652554512023926,13808400
2010-11-22,5.066667079925537,5.137499809265137,4.954999923706055,4.652554512023926,21766800
2010-11-23,4.957499980926514,4.982500076293945,4.855833053588867,4.447874069213867,29283600
2010-11-24,5.006667137145996,5.142499923706055,5.00333309173584,4.657842636108398,14347200
2010-11-26,5.014166831970215,5.091667175292969,4.9791669845581055,4.512828350067139,6696000
2010-11-29,4.929999828338623,5.0441670417785645,4.829166889190674,4.537753105163574,23293200
2010-11-30,4.860833168029785,5.002500057220459,4.8358330726623535,4.452404022216797,19250400
2010-12-01,5.122499942779541,5.255833148956299,5.122499942779541,4.734882831573486,22958400
2010-12-02,5.24666690826416,5.4375,5.244999885559082,4.919926643371582,21811200
2010-12-03,5.375,5.497499942779541,5.364999771118164,4.965243339538574,15642000
2010-12-06,5.451666831970215,5.5,5.426667213439941,4.951647758483887,10306800
2010-12-07,5.627500057220459,5.634167194366455,5.461667060852051,4.958446025848389,17996400
2010-12-08,5.491666793823242,5.545000076293945,5.4116668701171875,4.99923038482666,14798400
2010-12-09,5.605833053588867,5.615832805633545,5.5,5.053610801696777,9627600
2010-12-10,5.625,5.691667079925537,5.573332786560059,5.143492221832275,9651600
2010-12-13,5.759167194366455,5.766666889190674,5.675833225250244,5.149532794952393,9380400
2010-12-14,5.700832843780518,5.7708330154418945,5.650000095367432,5.162372589111328,10982400
2010-12-15,5.6666669845581055,5.740832805633545,5.593332767486572,5.092130661010742,14084400
2010-12-16,5.626667022705078,5.728332996368408,5.565000057220459,5.178988933563232,14613600
2010-12-17,5.71416711807251,5.7683329582214355,5.681666851043701,5.212977886199951,8481600
2010-12-20,5.790832996368408,5.826666831970215,5.703332901000977,5.240169525146484,9219600
2010-12-21,5.8333330154418945,5.909999847412109,5.823332786560059,5.345152378082275,10626000
2010-12-22,5.9141669273376465,5.961667060852051,5.902500152587891,5.392735481262207,8198400
2010-12-23,5.931666851043701,5.954166889190674,5.885832786560059,5.370076656341553,8319600
2010-12-27,5.863333225250244,5.945000171661377,5.8466668128967285,5.374606609344482,5630400
2010-12-28,5.9716668128967285,5.97333288192749,5.905832767486572,5.3882036209106445,5232000
2010-12-29,5.977499961853027,6.008333206176758,5.9633331298828125,5.4131269454956055,5784000
2010-12-30,5.9608330726623535,5.99666690826416,5.925000190734863,5.393490791320801,7772400
2010-12-31,5.923333168029785,5.966667175292969,5.8933329582214355,5.400287628173828,5966400
2011-01-03,6.082499980926514,6.206666946411133,6.074999809265137,5.553610801696777,15336000
2011-01-04,6.176667213439941,6.179166793823242,5.986667156219482,5.526418685913086,13239600
2011-01-05,6.050000190734863,6.2083330154418945,6.030832767486572,5.611769676208496,14179200
2011-01-06,6.2083330154418945,6.2291669845581055,6.112500190734863,5.583067417144775,11323200
2011-01-07,6.191667079925537,6.2241668701171875,5.985000133514404,5.555877208709717,16960800
2011-01-10,6.043333053588867,6.1458330154418945,5.991666793823242,5.542280673980713,9441600
2011-01-11,6.1875,6.2266669273376465,6.114999771118164,5.604215145111084,12766800
2011-01-12,6.301667213439941,6.364167213439941,6.262499809265137,5.759802341461182,9703200
2011-01-13,6.34250020980835,6.369999885559082,6.275000095367432,5.7348785400390625,8310000
2011-01-14,6.2941670417785645,6.4583330154418945,6.28249979019165,5.8406195640563965,11208000
2011-01-18,6.445000171661377,6.510000228881836,6.417500019073486,5.893490314483643,11287200
2011-01-19,6.488333225250244,6.49666690826416,6.24666690826416,5.703911781311035,13868400
2011-01-20,6.25,6.297500133514404,6.118332862854004,5.66765832901001,11586000
2011-01-21,6.355000019073486,6.405832767486572,6.264166831970215,5.70466947555542,7990800
2011-01-24,6.2758331298828125,6.421667098999023,6.2708330154418945,5.801342964172363,7172400
2011-01-25,6.355833053588867,6.4116668701171875,6.255000114440918,5.805120944976807,15638400
2011-01-26,6.459167003631592,6.547500133514404,6.420833110809326,5.8889570236206055,11451600
2011-01-27,6.506667137145996,6.5833330154418945,6.46999979019165,5.938051223754883,10396800
2011-01-28,6.575832843780518,6.602499961853027,6.181666851043701,5.629895210266113,21056400
2011-01-31,6.264999866485596,6.369999885559082,6.21750020980835,5.753761291503906,15157200
2011-02-01,6.466667175292969,6.681666851043701,6.459167003631592,6.023397445678711,17382000
2011-02-02,6.603332996368408,6.671667098999023,6.585000038146973,5.991676330566406,8742000
2011-02-03,6.5833330154418945,6.6875,6.4741668701171875,6.035482883453369,11728800
2011-02-04,6.670833110809326,6.722499847412109,6.579999923706055,6.082309722900391,10027200
2011-02-07,6.764999866485596,6.91083288192749,6.762499809265137,6.206176280975342,9831600
2011-02-08,6.869166851043701,6.946667194366455,6.807499885559082,6.286994934082031,7790400
2011-02-09,6.891666889190674,6.946667194366455,6.792500019073486,6.250738143920898,10884000
2011-02-10,6.7866668701171875,6.926667213439941,6.743332862854004,6.261312484741211,9261600
2011-02-11,6.829999923706055,7.059999942779541,6.824999809265137,6.3798933029174805,15388800
2011-02-14,7.0258331298828125,7.107500076293945,7.010000228881836,6.4282307624816895,10832400
2011-02-15,7.030832767486572,7.058332920074463,6.970832824707031,6.366298198699951,7975200
2011-02-16,7.09499979019165,7.18416690826416,7.058332920074463,6.485632419586182,11973600
2011-02-17,7.1041669845581055,7.25,7.085000038146973,6.549830913543701,9907200
2011-02-18,7.237500190734863,7.288332939147949,7.180832862854004,6.576266288757324,7836000
2011-02-22,7.031667232513428,7.1458330154418945,6.75333309173584,6.169167995452881,21571200
2011-02-23,6.800833225250244,6.84833288192749,6.529167175292969,6.050587177276611,15822000
2011-02-24,6.6483330726623535,6.736667156219482,6.4658331871032715,6.036237716674805,21230400
2011-02-25,6.739999771118164,6.892499923706055,6.728332996368408,6.235633850097656,13113600
2011-02-28,6.966667175292969,7.0391669273376465,6.887499809265137,6.355722904205322,15357600
2011-03-01,7.0833330154418945,7.095832824707031,6.652500152587891,6.035482883453369,23127600
2011-03-02,6.624166965484619,6.795833110809326,6.611667156219482,6.066449165344238,15442800
2011-03-03,6.887499809265137,7.071667194366455,6.882500171661377,6.3798933029174805,19180800
2011-03-04,7.040832996368408,7.056666851043701,6.763332843780518,6.2499823570251465,28984800
2011-03-07,6.9583330154418945,7.0,6.611667156219482,6.089863300323486,16789200
2011-03-08,6.761666774749756,6.9583330154418945,6.663332939147949,6.249228000640869,17228400
2011-03-09,6.847499847412109,6.926667213439941,6.743332862854004,6.2220377922058105,19587600
2011-03-10,6.646667003631592,6.649167060852051,6.46416711807251,5.881404876708984,25024800
2011-03-11,6.413332939147949,6.681666851043701,6.412499904632568,5.991676330566406,15356400
2011-03-14,6.485000133514404,6.564167022705078,6.34833288192749,5.8889570236206055,21320400
2011-03-15,5.991666793823242,6.396667003631592,5.960000038146973,5.70466947555542,28333200
2011-03-16,6.230000019073486,6.295833110809326,5.820000171661377,5.398021697998047,41353200
2011-03-17,6.199999809265137,6.247499942779541,6.06583309173584,5.576269626617432,22156800
2011-03-18,6.385000228881836,6.394999980926514,6.195833206176758,5.652552604675293,23245200
2011-03-21,6.453332901000977,6.5625,6.440000057220459,5.9123711585998535,16153200
2011-03-22,6.521667003631592,6.550833225250244,6.4375,5.848926067352295,16443600
2011-03-23,6.3958330154418945,6.55916690826416,6.307499885559082,5.898775577545166,12088800
2011-03-24,6.613333225250244,6.7266669273376465,6.505000114440918,6.073246955871582,16778400
2011-03-25,6.758333206176758,6.859167098999023,6.7083330154418945,6.1329145431518555,16087200
2011-03-28,6.813333034515381,6.863333225250244,6.7108330726623535,6.088351249694824,9057600
2011-03-29,6.698332786560059,6.855000019073486,6.631667137145996,6.212218761444092,12357600
2011-03-30,6.957499980926514,7.058332920074463,6.932499885559082,6.351191997528076,12403200
2011-03-31,6.983333110809326,7.0391669273376465,6.9583330154418945,6.333065509796143,9019200
2011-04-01,7.111667156219482,7.1666669845581055,7.02666711807251,6.412370204925537,12213600
2011-04-04,7.127500057220459,7.1591668128967285,7.037499904632568,6.4312520027160645,9080400
2011-04-05,7.054166793823242,7.195833206176758,7.050000190734863,6.4312520027160645,9904800
2011-04-06,7.195000171661377,7.2216668128967285,7.073332786560059,6.481856346130371,9038400
2011-04-07,7.117499828338623,7.199166774749756,6.993332862854004,6.4304962158203125,11648400
2011-04-08,7.174167156219482,7.198332786560059,6.926667213439941,6.354212284088135,9889200
2011-04-11,7.045833110809326,7.105833053588867,6.889999866485596,6.296812057495117,10888800
2011-04-12,6.8308329582214355,6.868332862854004,6.7108330726623535,6.148775577545166,19225200
2011-04-13,6.883333206176758,6.900000095367432,6.712500095367432,6.155572891235352,13984800
2011-04-14,6.674167156219482,6.835000038146973,6.612500190734863,6.171435356140137,10696800
2011-04-15,6.84250020980835,6.935832977294922,6.78249979019165,6.240919589996338,14944800
2011-04-18,6.652500152587891,6.691667079925537,6.489999771118164,6.024908542633057,21690000
2011-04-19,6.686666965484619,6.769999980926514,6.632500171661377,6.119319915771484,17607600
2011-04-20,6.998332977294922,7.09250020980835,6.998332977294922,6.394998550415039,16110000
2011-04-21,7.144999980926514,7.1666669845581055,7.0833330154418945,6.487144470214844,9032400
2011-04-25,7.15166711807251,7.174167156219482,7.070833206176758,6.473548889160156,8326800
2011-04-26,7.211667060852051,7.369166851043701,7.186666965484619,6.637443542480469,9565200
2011-04-27,7.37166690826416,7.494999885559082,7.274167060852051,6.764331817626953,9602400
2011-04-28,7.43416690826416,7.569167137145996,7.425833225250244,6.830041408538818,12918000
2011-04-29,7.546667098999023,7.616666793823242,7.517499923706055,6.888954162597656,8976000
2011-05-02,7.7058329582214355,7.720832824707031,7.510832786560059,6.846659183502197,10220400
2011-05-03,7.502500057220459,7.545000076293945,7.334167003631592,6.749227523803711,12174000
2011-05-04,7.454166889190674,7.454166889190674,7.197500228881836,6.610254287719727,13485600
2011-05-05,7.178332805633545,7.326666831970215,7.019999980926514,6.451644420623779,18632400
2011-05-06,7.324166774749756,7.435832977294922,7.126667022705078,6.528684139251709,17847600
2011-05-09,7.2133331298828125,7.366666793823242,7.183332920074463,6.623095512390137,8986800
2011-05-10,7.37833309173584,7.537499904632568,7.355000019073486,6.799076080322266,11820000
2011-05-11,7.470832824707031,7.474999904632568,7.1591668128967285,6.582309246063232,19417200
2011-05-12,7.212500095367432,7.404167175292969,7.086667060852051,6.6744537353515625,14400000
2011-05-13,7.372499942779541,7.394999980926514,7.111667156219482,6.506024360656738,13810800
2011-05-16,7.109167098999023,7.27666711807251,7.007500171661377,6.384425640106201,12715200
2011-05-17,6.961667060852051,7.055832862854004,6.858333110809326,6.366298198699951,17752800
2011-05-18,7.0391669273376465,7.245832920074463,6.992499828338623,6.551342487335205,11592000
2011-05-19,7.296667098999023,7.335000038146973,7.154167175292969,6.585330486297607,13902000
2011-05-20,7.22333288192749,7.249166965484619,7.058332920074463,6.444092750549316,12919200
2011-05-23,6.841667175292969,6.917500019073486,6.780832767486572,6.2046661376953125,18416400
2011-05-24,6.9091668128967285,6.956666946411133,6.789999961853027,6.192582607269287,12444000
2011-05-25,6.75,6.989167213439941,6.747499942779541,6.259803771972656,16561200
2011-05-26,6.8491668701171875,7.045833110809326,6.818333148956299,6.353458404541016,13185600
2011-05-27,7.070833206176758,7.154167175292969,7.050833225250244,6.432763576507568,11781600
2011-05-31,7.289999961853027,7.316667079925537,7.1458330154418945,6.631402492523193,13755600
2011-06-01,7.258333206176758,7.269166946411133,6.80916690826416,6.188050270080566,26522400
2011-06-02,6.8383331298828125,6.891666889190674,6.689167022705078,6.167656421661377,12970800
2011-06-03,6.566667079925537,6.751667022705078,6.549167156219482,5.981101989746094,14660400
2011-06-06,6.55916690826416,6.5858330726623535,6.355000019073486,5.777930736541748,17934000
2011-06-07,6.468332767486572,6.529167175292969,6.361667156219482,5.771888732910156,12573600
2011-06-08,6.3491668701171875,6.3983330726623535,6.25,5.6925835609436035,21044400
2011-06-09,6.331666946411133,6.491666793823242,6.284999847412109,5.811164379119873,12996000
2011-06-10,6.332499980926514,6.345832824707031,6.09833288192749,5.565694332122803,19465200
2011-06-13,6.180832862854004,6.233333110809326,6.054166793823242,5.570983409881592,11220000
2011-06-14,6.314167022705078,6.445833206176758,6.306666851043701,5.783217430114746,12528000
2011-06-15,6.22333288192749,6.2866668701171875,6.000833034515381,5.484124183654785,18382800
2011-06-16,6.0625,6.175833225250244,5.935832977294922,5.5067830085754395,15596400
2011-06-17,6.255833148956299,6.257500171661377,6.068333148956299,5.552098751068115,12894000
2011-06-20,6.074999809265137,6.257500171661377,6.067500114440918,5.641979694366455,10174800
2011-06-21,6.323332786560059,6.525000095367432,6.298333168029785,5.879138469696045,16641600
2011-06-22,6.428332805633545,6.5441670417785645,6.364999771118164,5.777175426483154,11616000
2011-06-23,6.15166711807251,6.337500095367432,6.015832901000977,5.732612609863281,20224800
2011-06-24,6.331666946411133,6.34250020980835,6.085000038146973,5.543036460876465,14014800
2011-06-27,6.126667022705078,6.331666946411133,6.081666946411133,5.673700332641602,9319200
2011-06-28,6.336667060852051,6.514999866485596,6.314167022705078,5.901796340942383,12219600
2011-06-29,6.595832824707031,6.71750020980835,6.527500152587891,6.0596513748168945,17418000
2011-06-30,6.747499942779541,6.90166711807251,6.724999904632568,6.230345726013184,14382000
2011-07-01,6.885000228881836,7.199999809265137,6.8408331871032715,6.497718811035156,15760800
2011-07-05,7.155832767486572,7.210000038146973,7.095832824707031,6.48940896987915,11524800
2011-07-06,7.109167098999023,7.2241668701171875,7.053332805633545,6.521886348724365,13176000
2011-07-07,7.389166831970215,7.474999904632568,7.347499847412109,6.731856346130371,11244000
2011-07-08,7.168333053588867,7.271667003631592,7.095832824707031,6.589106559753418,15460800
2011-07-11,7.00333309173584,7.068333148956299,6.80916690826416,6.222793102264404,21625200
2011-07-12,6.80916690826416,6.9716668128967285,6.759167194366455,6.133669853210449,20124000
2011-07-13,6.87166690826416,7.050000190734863,6.7916669845581055,6.1933369636535645,17727600
2011-07-14,6.888332843780518,6.985000133514404,6.644166946411133,6.06342887878418,25340400
2011-07-15,6.795833110809326,6.831666946411133,6.662499904632568,6.170680046081543,19026000
2011-07-18,6.71750020980835,6.739167213439941,6.477499961853027,5.998472213745117,24120000
2011-07-19,6.733333110809326,6.96999979019165,6.7291669845581055,6.299077033996582,16382400
2011-07-20,7.004167079925537,7.02666711807251,6.8933329582214355,6.283971309661865,13586400
2011-07-21,7.054166793823242,7.261666774749756,7.005833148956299,6.536991119384766,22999200
2011-07-22,7.2108330726623535,7.260832786560059,7.1041669845581055,6.5604071617126465,14442000
2011-07-25,7.027500152587891,7.21750020980835,7.004167079925537,6.444092750549316,12319200
2011-07-26,7.100832939147949,7.123332977294922,6.977499961853027,6.369318962097168,15853200
2011-07-27,6.9141669273376465,6.914999961853027,6.550833225250244,5.965996742248535,25171200
2011-07-28,6.587500095367432,6.752500057220459,6.483333110809326,5.898020267486572,24495600
2011-07-29,6.315000057220459,6.5625,6.2216668128967285,5.793791770935059,34669200
2011-08-01,6.62166690826416,6.825832843780518,6.125,5.71297550201416,39793200
2011-08-02,6.165832996368408,6.2758331298828125,5.805832862854004,5.264336109161377,43264800
2011-08-03,5.836667060852051,5.918333053588867,5.5183329582214355,5.351193904876709,47070000
2011-08-04,5.659999847412109,5.674167156219482,5.015832901000977,4.561922073364258,56443200
2011-08-05,5.2216668128967285,5.260832786560059,4.579999923706055,4.498478412628174,72712800
2011-08-08,4.5883331298828125,4.734167098999023,3.9483330249786377,3.6117730140686035,88406400
2011-08-09,4.176667213439941,4.555832862854004,3.7816669940948486,4.129141807556152,83222400
2011-08-10,4.264166831970215,4.40749979019165,3.9200000762939453,3.5747644901275635,81435600
2011-08-11,4.060832977294922,4.6666669845581055,4.013332843780518,4.077028274536133,76117200
2011-08-12,4.626667022705078,4.709167003631592,4.487500190734863,4.163131237030029,61723200
2011-08-15,4.715000152587891,4.90500020980835,4.699999809265137,4.432766437530518,36991200
2011-08-16,4.75,4.894166946411133,4.602499961853027,4.307391166687012,54420000
2011-08-17,4.832499980926514,4.942500114440918,4.639166831970215,4.30587911605835,41816400
2011-08-18,4.385000228881836,4.389999866485596,3.9866669178009033,3.737905979156494,53354400
2011-08-19,3.959167003631592,4.265832901000977,3.8958330154418945,3.547574043273926,44486400
2011-08-22,4.170000076293945,4.175000190734863,3.87833309173584,3.5468192100524902,46683600
2011-08-23,3.9558329582214355,4.3125,3.8924999237060547,3.9010472297668457,47911200
2011-08-24,4.275000095367432,4.502500057220459,4.242499828338623,4.063433647155762,46254000
2011-08-25,4.560832977294922,4.636666774749756,4.224999904632568,3.869324207305908,51700800
2011-08-26,4.198332786560059,4.5283331871032715,4.00333309173584,4.059658050537109,50733600
2011-08-29,4.6483330726623535,4.883333206176758,4.641666889190674,4.413887023925781,29001600
2011-08-30,4.811666965484619,5.009167194366455,4.706666946411133,4.4463629722595215,41655600
2011-08-31,5.016666889190674,5.146667003631592,4.870832920074463,4.526424407958984,48398400
2011-09-01,4.990832805633545,5.129167079925537,4.800000190734863,4.371588706970215,44793600
2011-09-02,4.516666889190674,4.59499979019165,4.390832901000977,4.027179718017578,38329200
2011-09-06,4.056666851043701,4.362500190734863,4.050000190734863,3.9403226375579834,50906400
2011-09-07,4.545833110809326,4.7291669845581055,4.50333309173584,4.267361164093018,31575600
2011-09-08,4.639999866485596,4.800833225250244,4.539999961853027,4.144249439239502,40579200
2011-09-09,4.418333053588867,4.4716668128967285,4.135000228881836,3.8157002925872803,46026000
2011-09-12,4.045833110809326,4.296667098999023,4.004167079925537,3.888206720352173,52429200
2011-09-13,4.327499866485596,4.46416711807251,4.240832805633545,4.001501560211182,49196400
2011-09-14,4.489999771118164,4.762499809265137,4.301667213439941,4.17294979095459,51801600
2011-09-15,4.751667022705078,4.8408331871032715,4.623332977294922,4.38669490814209,39694800
2011-09-16,4.891666889190674,4.968332767486572,4.7708330154418945,4.449384689331055,33806400
2011-09-19,4.664999961853027,4.83916711807251,4.56583309173584,4.318719863891602,39620400
2011-09-20,4.827499866485596,4.960000038146973,4.722499847412109,4.288508892059326,37627200
2011-09-21,4.7291669845581055,4.7758331298828125,4.2916669845581055,3.8927383422851562,64922400
2011-09-22,3.928333044052124,4.037499904632568,3.7133328914642334,3.515852689743042,70525200
2011-09-23,3.810832977294922,4.014999866485596,3.7991669178009033,3.583827495574951,44407200
2011-09-26,4.071667194366455,4.240832805633545,3.879167079925537,3.8277831077575684,57792000
2011-09-27,4.466667175292969,4.59833288192749,4.298333168029785,3.9644908905029297,58254000
2011-09-28,4.4033331871032715,4.47333288192749,4.070833206176758,3.7008962631225586,33201600
2011-09-29,4.302499771118164,4.352499961853027,3.952500104904175,3.785489320755005,62367600
2011-09-30,4.001667022705078,4.110833168029785,3.8566670417785645,3.5022568702697754,49004400
2011-10-03,3.7925000190734863,3.9458329677581787,3.50333309173584,3.182015895843506,61560000
2011-10-04,3.370832920074463,3.771667003631592,3.2699999809265137,3.4002933502197266,105518400
2011-10-05,3.7783329486846924,3.998332977294922,3.675832986831665,3.5951571464538574,71014800
2011-10-06,3.9583330154418945,4.2083330154418945,3.874166965484619,3.8028604984283447,56544000
2011-10-07,4.260000228881836,4.272500038146973,4.0283331871032715,3.7046735286712646,47214000
2011-10-10,4.309999942779541,4.510832786560059,4.283332824707031,4.083070278167725,27985200
2011-10-11,4.434999942779541,4.56583309173584,4.409999847412109,4.0966668128967285,21837600
2011-10-12,4.619999885559082,4.801667213439941,4.597499847412109,4.2107133865356445,31983600
2011-10-13,4.572500228881836,4.6666669845581055,4.454166889190674,4.190321445465088,28080000
2011-10-14,4.792500019073486,4.866666793823242,4.704166889190674,4.405577659606934,23740800
2011-10-17,4.804166793823242,4.817500114440918,4.543333053588867,4.138962745666504,23984400
2011-10-18,4.568333148956299,4.949999809265137,4.454166889190674,4.396513938903809,32799600
2011-10-19,4.831666946411133,4.908332824707031,4.624166965484619,4.221287250518799,26361600
2011-10-20,4.699166774749756,4.77666711807251,4.510000228881836,4.2900190353393555,24826800
2011-10-21,4.9091668128967285,5.0183329582214355,4.8541669845581055,4.5241570472717285,26978400
2011-10-24,5.0258331298828125,5.247499942779541,5.014166831970215,4.731860637664795,25074000
2011-10-25,5.136666774749756,5.144166946411133,4.873332977294922,4.450139045715332,24036000
2011-10-26,5.079999923706055,5.110000133514404,4.798333168029785,4.5792927742004395,24990000
2011-10-27,5.4658331871032715,5.686666965484619,5.337500095367432,5.056633472442627,36159600
2011-10-28,5.497499942779541,5.612500190734863,5.477499961853027,5.054368019104004,16480800
2011-10-31,5.389999866485596,5.41083288192749,5.168333053588867,4.684277534484863,17040000
2011-11-01,4.744999885559082,4.928332805633545,4.681666851043701,4.304368495941162,33924000
2011-11-02,4.947500228881836,5.0283331871032715,4.8333330154418945,4.506785869598389,25490400
2011-11-03,5.158332824707031,5.28000020980835,4.925000190734863,4.7560296058654785,27016800
2011-11-04,5.122499942779541,5.197500228881836,4.9741668701171875,4.688055038452148,19509600
2011-11-07,5.165832996368408,5.262499809265137,5.001667022705078,4.75829553604126,14806800
2011-11-08,5.332499980926514,5.46416711807251,5.174167156219482,4.938809871673584,22998000
2011-11-09,5.0625,5.135832786560059,4.810832977294922,4.38669490814209,43312800
2011-11-10,5.0341668128967285,5.047500133514404,4.813333034515381,4.489414215087891,23128800
2011-11-11,5.149167060852051,5.28583288192749,5.134167194366455,4.7499871253967285,23091600
2011-11-14,5.1875,5.21750020980835,5.037499904632568,4.63065242767334,19956000
2011-11-15,5.066667079925537,5.262499809265137,5.009167194366455,4.697116851806641,19945200
2011-11-16,5.024167060852051,5.2158331871032715,4.917500019073486,4.476574897766113,30177600
2011-11-17,4.904167175292969,4.946667194366455,4.59833288192749,4.253765106201172,40179600
2011-11-18,4.738333225250244,4.769999980926514,4.619166851043701,4.2348833084106445,28208400
2011-11-21,4.46750020980835,4.490832805633545,4.300000190734863,4.003766059875488,39374400
2011-11-22,4.388332843780518,4.462500095367432,4.288332939147949,3.952406883239746,31190400
2011-11-23,4.240832805633545,4.251667022705078,4.06583309173584,3.685034990310669,37113600
2011-11-25,4.034999847412109,4.183332920074463,4.034999847412109,3.6638870239257812,15164400
2011-11-28,4.384167194366455,4.447500228881836,4.306666851043701,3.9818618297576904,26708400
2011-11-29,4.436666965484619,4.5183329582214355,4.383333206176758,4.011318683624268,31952400
2011-11-30,4.813333034515381,5.001667022705078,4.7866668701171875,4.512072563171387,45720000
2011-12-01,4.954999923706055,5.060832977294922,4.915832996368408,4.511317253112793,23124000
2011-12-02,5.114167213439941,5.1666669845581055,4.956666946411133,4.509052276611328,26841600
2011-12-05,5.198332786560059,5.248332977294922,5.0416669845581055,4.645758152008057,25603200
2011-12-06,5.12166690826416,5.228332996368408,5.069167137145996,4.650288105010986,22510800
2011-12-07,5.065000057220459,5.237500190734863,4.962500095367432,4.686542510986328,38666400
2011-12-08,5.072500228881836,5.107500076293945,4.7916669845581055,4.3821635246276855,38332800
2011-12-09,4.897500038146973,5.114999771118164,4.881667137145996,4.602705478668213,27199200
2011-12-12,4.941667079925537,4.941667079925537,4.728332996368408,4.397270679473877,30230400
2011-12-13,4.932499885559082,5.009167194366455,4.630833148956299,4.259052753448486,32126400
2011-12-14,4.632500171661377,4.690000057220459,4.513332843780518,4.113281726837158,30356400
2011-12-15,4.693333148956299,4.7058329582214355,4.568333148956299,4.167661666870117,25378800
2011-12-16,4.695833206176758,4.7758331298828125,4.591667175292969,4.189566612243652,25257600
2011-12-19,4.6666669845581055,4.715000152587891,4.44083309173584,4.0521039962768555,20001600
2011-12-20,4.6875,4.899167060852051,4.676667213439941,4.415396213531494,30589200
2011-12-21,4.868332862854004,4.929999828338623,4.732500076293945,4.449384689331055,24160800
2011-12-22,4.965000152587891,5.061666965484619,4.934999942779541,4.577027320861816,25196400
2011-12-23,5.1041669845581055,5.172500133514404,5.054999828338623,4.682011127471924,14340000
2011-12-27,5.132500171661377,5.225832939147949,5.125,4.691075801849365,10466400
2011-12-28,5.183332920074463,5.1875,4.962500095367432,4.520381450653076,16612800
2011-12-29,5.025000095367432,5.142499923706055,5.005000114440918,4.645758152008057,19434000
2011-12-30,5.105833053588867,5.155832767486572,5.065000057220459,4.595154285430908,11559600
2012-01-03,5.3333330154418945,5.4008331298828125,5.277500152587891,4.7990803718566895,23260800
2012-01-04,5.260832786560059,5.324999809265137,5.1875,4.808145523071289,19708800
2012-01-05,5.228332996368408,5.383333206176758,5.147500038146973,4.864037036895752,24488400
2012-01-06,5.380000114440918,5.392499923706055,5.2708330154418945,4.830803394317627,20624400
2012-01-09,5.362500190734863,5.389166831970215,5.287499904632568,4.85723876953125,10701600
2012-01-10,5.539999961853027,5.573332786560059,5.489167213439941,4.998475551605225,11743200
2012-01-11,5.4583330154418945,5.550833225250244,5.438333034515381,5.019623279571533,10377600
2012-01-12,5.578332901000977,5.59499979019165,5.441667079925537,5.048325061798096,20396400
2012-01-13,5.453332901000977,5.499166965484619,5.3408331871032715,4.98412561416626,27244800
2012-01-17,5.641666889190674,5.6666669845581055,5.508333206176758,5.020380020141602,13574400
2012-01-18,5.538332939147949,5.745832920074463,5.509167194366455,5.195605754852295,13240800
2012-01-19,5.7941670417785645,5.8516669273376465,5.747499942779541,5.282463550567627,12278400
2012-01-20,5.797500133514404,5.8358330726623535,5.760832786560059,5.2869954109191895,9370800
2012-01-23,5.831666946411133,5.935832977294922,5.760000228881836,5.296814441680908,19124400
2012-01-24,5.733333110809326,5.840000152587891,5.7083330154418945,5.2922821044921875,7798800
2012-01-25,5.808332920074463,6.033332824707031,5.752500057220459,5.435029983520508,17991600
2012-01-26,6.076666831970215,6.114167213439941,5.829999923706055,5.342886447906494,19418400
2012-01-27,5.802499771118164,5.934999942779541,5.798333168029785,5.345907211303711,8565600
2012-01-30,5.739167213439941,5.855833053588867,5.667500019073486,5.293792724609375,10156800
2012-01-31,5.921667098999023,5.953332901000977,5.75,5.277930736541748,15530400
2012-02-01,5.954166889190674,6.0833330154418945,5.941667079925537,5.435029983520508,16501200
2012-02-02,6.039999961853027,6.082499980926514,5.969167232513428,5.469018936157227,11760000
2012-02-03,6.22333288192749,6.302499771118164,6.186666965484619,5.702401638031006,17925600
2012-02-06,6.2058329582214355,6.2891669273376465,6.191667079925537,5.693338871002197,9988800
2012-02-07,6.247499942779541,6.3566670417785645,6.168333053588867,5.737146377563477,12403200
2012-02-08,6.340000152587891,6.392499923706055,6.254167079925537,5.776418685913086,12632400
2012-02-09,6.413332939147949,6.434999942779541,6.288332939147949,5.8043670654296875,16430400
2012-02-10,6.230833053588867,6.2783331871032715,6.18416690826416,5.676722526550293,15049200
2012-02-13,6.394999980926514,6.418333053588867,6.311666965484619,5.793791770935059,11510400
2012-02-14,6.344167232513428,6.387499809265137,6.248332977294922,5.780951499938965,15753600
2012-02-15,6.445833206176758,6.470832824707031,6.255833148956299,5.698625087738037,19021200
2012-02-16,6.292500019073486,6.5258331298828125,6.275000095367432,5.89500093460083,11224800
2012-02-17,6.579166889190674,6.5833330154418945,6.491666793823242,5.92747688293457,8208000
2012-02-21,6.5883331298828125,6.636666774749756,6.489999771118164,5.932763576507568,9343200
2012-02-22,6.512499809265137,6.560832977294922,6.449999809265137,5.87083101272583,8635200
2012-02-23,6.480000019073486,6.5883331298828125,6.40749979019165,5.962219715118408,12114000
2012-02-24,6.622499942779541,6.66083288192749,6.579999923706055,5.995452404022217,7984800
2012-02-27,6.5,6.699999809265137,6.445000171661377,6.021888256072998,10944000
2012-02-28,6.65500020980835,6.716667175292969,6.610000133514404,6.070226192474365,9765600
2012-02-29,6.7241668701171875,6.7866668701171875,6.571667194366455,5.964485168457031,10321200
2012-03-01,6.6591668128967285,6.760000228881836,6.630833148956299,6.087599754333496,11517600
2012-03-02,6.7108330726623535,6.737500190734863,6.605000019073486,6.030951976776123,10132800
2012-03-05,6.608333110809326,6.629167079925537,6.491666793823242,5.950134754180908,7558800
2012-03-06,6.355833053588867,6.363333225250244,6.2083330154418945,5.66841459274292,15643200
2012-03-07,6.310832977294922,6.430832862854004,6.2916669845581055,5.797568321228027,7814400
2012-03-08,6.521667003631592,6.634167194366455,6.4766669273376465,5.975060939788818,7905600
2012-03-09,6.639166831970215,6.732500076293945,6.607500076293945,6.0536112785339355,6812400
2012-03-12,6.685832977294922,6.7083330154418945,6.6041669845581055,6.038503646850586,4150800
2012-03-13,6.780832767486572,7.039999961853027,6.747499942779541,6.376115322113037,13549200
2012-03-14,7.045000076293945,7.0883331298828125,6.940000057220459,6.347414493560791,6802800
2012-03-15,7.040832996368408,7.136666774749756,6.9791669845581055,6.448624610900879,9010800
2012-03-16,7.171667098999023,7.178332805633545,7.108333110809326,6.490164756774902,8433600
2012-03-19,7.134167194366455,7.301667213439941,7.120832920074463,6.556629657745361,9237600
2012-03-20,7.105000019073486,7.18416690826416,7.037499904632568,6.487144470214844,10712400
2012-03-21,7.177499771118164,7.194167137145996,7.084167003631592,6.463729381561279,8652000
2012-03-22,6.978332996368408,7.025000095367432,6.897500038146973,6.314937591552734,13342800
2012-03-23,6.985833168029785,7.065000057220459,6.866666793823242,6.380647659301758,11572800
2012-03-26,7.184999942779541,7.328332901000977,7.184999942779541,6.639710426330566,10947600
2012-03-27,7.352499961853027,7.366666793823242,7.248332977294922,6.581554412841797,9888000
2012-03-28,7.25,7.281667232513428,7.022500038146973,6.479591369628906,11620800
2012-03-29,7.022500038146973,7.1458330154418945,6.936666965484619,6.453910827636719,13125600
2012-03-30,7.234167098999023,7.241666793823242,7.0883331298828125,6.50904655456543,7884000
2012-04-02,7.181666851043701,7.4141669273376465,7.134167194366455,6.6631245613098145,11688000
2012-04-03,7.323332786560059,7.369166851043701,7.147500038146973,6.603456974029541,14676000
2012-04-04,7.108333110809326,7.125833034515381,6.974999904632568,6.396508693695068,15806400
2012-04-05,6.985833168029785,7.099999904632568,6.961667060852051,6.372338771820068,9534000
2012-04-09,6.767499923706055,6.876667022705078,6.735833168029785,6.158595085144043,10657200
2012-04-10,6.759167194366455,6.813333034515381,6.4191670417785645,5.835330486297607,21163200
2012-04-11,6.642499923706055,6.675000190734863,6.566667079925537,5.969773769378662,14298000
2012-04-12,6.62166690826416,6.885000228881836,6.605833053588867,6.22506046295166,14290800
2012-04-13,6.818333148956299,6.822500228881836,6.614999771118164,6.0082926750183105,15357600
2012-04-16,6.727499961853027,6.758333206176758,6.538332939147949,5.983368873596191,12098400
2012-04-17,6.737500190734863,6.944167137145996,6.711667060852051,6.251492977142334,9441600
2012-04-18,6.821667194366455,6.902500152587891,6.800000190734863,6.192582607269287,9956400
2012-04-19,6.83916711807251,6.929999828338623,6.622499942779541,6.088351249694824,15042000
2012-04-20,6.810832977294922,6.872499942779541,6.736667156219482,6.106479644775391,8282400
2012-04-23,6.5341668128967285,6.582499980926514,6.43416690826416,5.949380874633789,13197600
2012-04-24,6.59250020980835,6.689167022705078,6.565000057220459,6.013579845428467,10956000
2012-04-25,6.816667079925537,6.922500133514404,6.816667079925537,6.271886348724365,10164000
2012-04-26,6.87166690826416,7.090000152587891,6.8566670417785645,6.397263526916504,11768400
2012-04-27,7.124166965484619,7.162499904632568,7.010000228881836,6.435784339904785,10170000
2012-04-30,7.057499885559082,7.074166774749756,6.965000152587891,6.350436687469482,6356400
2012-05-01,7.019166946411133,7.2891669273376465,6.989167213439941,6.471282958984375,6487200
2012-05-02,7.019166946411133,7.112500190734863,6.951666831970215,6.427475452423096,7030800
2012-05-03,7.099999904632568,7.105000019073486,6.872499942779541,6.266599178314209,9312000
2012-05-04,6.802499771118164,6.80916690826416,6.55916690826416,5.961463928222656,12248400
2012-05-07,6.497499942779541,6.6508331298828125,6.494166851043701,5.975814342498779,8424000
2012-05-08,6.4716668128967285,6.5391669273376465,6.264166831970215,5.89953088760376,11107200
2012-05-09,6.296667098999023,6.517499923706055,6.2083330154418945,5.797568321228027,13142400
2012-05-10,6.5391669273376465,6.550833225250244,6.394166946411133,5.833066463470459,8890800
2012-05-11,6.30916690826416,6.558332920074463,6.303332805633545,5.777175426483154,7975200
2012-05-14,6.2058329582214355,6.300000190734863,6.138332843780518,5.597418308258057,12610800
2012-05-15,6.15166711807251,6.263332843780518,6.027500152587891,5.496210098266602,16068000
2012-05-16,6.144166946411133,6.2216668128967285,5.983333110809326,5.431254863739014,15049200
2012-05-17,5.995832920074463,6.006667137145996,5.683332920074463,5.162372589111328,18037200
2012-05-18,5.767499923706055,5.788332939147949,5.511666774749756,5.017358779907227,13870800
2012-05-21,5.5908331871032715,5.84250020980835,5.55916690826416,5.289261817932129,10126800
2012-05-22,5.877500057220459,6.005000114440918,5.758333206176758,5.313431262969971,12411600
2012-05-23,5.743332862854004,5.9091668128967285,5.572500228881836,5.333823204040527,16800000
2012-05-24,5.935832977294922,5.9608330726623535,5.765832901000977,5.362525463104248,14038800
2012-05-25,5.90749979019165,5.954166889190674,5.823332786560059,5.308898448944092,8892000
2012-05-29,6.000833034515381,6.1066670417785645,5.949999809265137,5.502251148223877,13465200
2012-05-30,5.915832996368408,5.923333168029785,5.764999866485596,5.259805679321289,11776800
2012-05-31,5.801667213439941,5.883333206176758,5.6016669273376465,5.222796440124512,16076400
2012-06-01,5.4791669845581055,5.53000020980835,5.314167022705078,4.824007511138916,17872800
2012-06-04,5.337500095367432,5.387499809265137,5.1666669845581055,4.796815872192383,16398000
2012-06-05,5.254167079925537,5.444167137145996,5.254167079925537,4.910107612609863,11833200
2012-06-06,5.533332824707031,5.7916669845581055,5.52666711807251,5.243943691253662,12883200
2012-06-07,5.9741668701171875,6.008333206176758,5.751667022705078,5.242432594299316,14035200
2012-06-08,5.743332862854004,5.926667213439941,5.678332805633545,5.366300106048584,8828400
2012-06-11,6.075832843780518,6.0833330154418945,5.6666669845581055,5.1563310623168945,13381200
2012-06-12,5.735000133514404,5.885000228881836,5.65166711807251,5.328537940979004,12625200
2012-06-13,5.817500114440918,5.924167156219482,5.692500114440918,5.212222099304199,9422400
2012-06-14,5.7916669845581055,5.991666793823242,5.736667156219482,5.370832920074463,12553200
2012-06-15,6.001667022705078,6.114999771118164,5.965000152587891,5.517357349395752,11575200
2012-06-18,6.022500038146973,6.194167137145996,5.990832805633545,5.57928991317749,12716400
2012-06-19,6.256667137145996,6.40749979019165,6.224999904632568,5.739410877227783,9776400
2012-06-20,6.3308329582214355,6.3958330154418945,6.1691670417785645,5.714486598968506,14730000
2012-06-21,6.324166774749756,6.33916711807251,5.864167213439941,5.3315582275390625,11828400
2012-06-22,5.96750020980835,6.0366668701171875,5.894166946411133,5.435029983520508,7998000
2012-06-25,5.810832977294922,5.8308329582214355,5.6458330154418945,5.17219352722168,9306000
2012-06-26,5.75333309173584,5.8541669845581055,5.662499904632568,5.259050369262695,11019600
2012-06-27,5.862500190734863,5.987500190734863,5.8408331871032715,5.399532794952393,7185600
2012-06-28,5.829999923706055,5.929166793823242,5.7083330154418945,5.354970455169678,8966400
2012-06-29,6.224999904632568,6.358333110809326,6.180832862854004,5.753005504608154,5563200
2012-07-02,6.404167175292969,6.422500133514404,6.266666889190674,5.797568321228027,5299200
2012-07-03,6.405832767486572,6.538332939147949,6.382500171661377,5.916903495788574,3943200
2012-07-05,6.454166889190674,6.5258331298828125,6.369166851043701,5.83608865737915,3296400
2012-07-06,6.255000114440918,6.296667098999023,6.1666669845581055,5.6782331466674805,5143200
2012-07-09,6.247499942779541,6.262499809265137,6.150000095367432,5.6533098220825195,4748400
2012-07-10,6.327499866485596,6.358333110809326,6.008333206176758,5.503763198852539,8064000
2012-07-11,6.079999923706055,6.129167079925537,5.968332767486572,5.504517078399658,11403600
2012-07-12,5.965000152587891,6.059999942779541,5.860000133514404,5.430499076843262,9254400
2012-07-13,6.029167175292969,6.300000190734863,6.025000095367432,5.688051223754883,7542000
2012-07-16,6.232500076293945,6.2941670417785645,6.1666669845581055,5.654063701629639,5434800
2012-07-17,6.313333034515381,6.402500152587891,6.116666793823242,5.767356872558594,9842400
2012-07-18,6.321667194366455,6.5416669845581055,6.310832977294922,5.894244194030762,6025200
2012-07-19,6.550000190734863,6.619999885559082,6.484167098999023,5.9463582038879395,8710800
2012-07-20,6.445833206176758,6.46999979019165,6.3566670417785645,5.777930736541748,7609200
2012-07-23,6.094167232513428,6.233333110809326,6.009167194366455,5.607236862182617,8131200
2012-07-24,6.200832843780518,6.203332901000977,5.9008331298828125,5.466755390167236,10555200
2012-07-25,6.066667079925537,6.1066670417785645,5.929999828338623,5.456933975219727,8098800
2012-07-26,6.289999961853027,6.361667156219482,6.203332901000977,5.724305629730225,9445200
2012-07-27,6.421667098999023,6.725832939147949,6.391666889190674,6.049077987670898,11628000
2012-07-30,6.6483330726623535,6.764166831970215,6.610000133514404,6.044546127319336,6237600
2012-07-31,6.642499923706055,6.696667194366455,6.5416669845581055,5.932763576507568,7092000
2012-08-01,6.670833110809326,6.673333168029785,6.489167213439941,5.91161584854126,22868400
2012-08-02,6.359167098999023,6.508333206176758,6.235833168029785,5.782461643218994,11732400
2012-08-03,6.650000095367432,6.795000076293945,6.637499809265137,6.1208295822143555,10500000
2012-08-06,6.80916690826416,6.874166965484619,6.787499904632568,6.157839298248291,5474400
2012-08-07,6.880000114440918,6.9816670417785645,6.875833034515381,6.245452404022217,6432000
2012-08-08,6.831666946411133,6.943333148956299,6.821667194366455,6.265089988708496,8164800
2012-08-09,6.886666774749756,6.9791669845581055,6.869999885559082,6.283971309661865,6223200
2012-08-10,6.857500076293945,6.977499961853027,6.819167137145996,6.314937591552734,6543600
2012-08-13,6.936666965484619,6.970832824707031,6.852499961853027,6.304364204406738,7688400
2012-08-14,7.037499904632568,7.050833225250244,6.902500152587891,6.312673568725586,8353200
2012-08-15,6.943333148956299,7.0233330726623535,6.930832862854004,6.32853364944458,6267600
2012-08-16,7.014166831970215,7.1666669845581055,6.966667175292969,6.471282958984375,9019200
2012-08-17,7.177499771118164,7.184999942779541,7.120832920074463,6.494695663452148,7825200
2012-08-20,7.138332843780518,7.172500133514404,7.0808329582214355,6.497718811035156,6124800
2012-08-21,7.220832824707031,7.301667213439941,7.05916690826416,6.43880558013916,8667600
2012-08-22,7.050000190734863,7.1433329582214355,7.0,6.43880558013916,10146000
2012-08-23,7.059999942779541,7.061666965484619,6.905832767486572,6.293034553527832,9544800
2012-08-24,6.884167194366455,7.105833053588867,6.874166965484619,6.400284767150879,8530800
2012-08-27,7.120832920074463,7.144166946411133,7.0366668701171875,6.40330696105957,7930800
2012-08-28,7.009167194366455,7.109167098999023,6.985833168029785,6.389712333679199,7726800
2012-08-29,7.0625,7.117499828338623,7.006667137145996,6.401040554046631,6266400
2012-08-30,6.96416711807251,6.970832824707031,6.860833168029785,6.2590460777282715,7704000
2012-08-31,7.0258331298828125,7.100832939147949,6.886666774749756,6.329288005828857,9835200
2012-09-04,6.988333225250244,7.047500133514404,6.8491668701171875,6.317203521728516,8530800
2012-09-05,6.994166851043701,7.0416669845581055,6.926667213439941,6.309651851654053,7149600
2012-09-06,7.086667060852051,7.389166831970215,7.086667060852051,6.691071033477783,9955200
2012-09-07,7.424167156219482,7.478332996368408,7.405832767486572,6.777927875518799,6426000
2012-09-10,7.454166889190674,7.489999771118164,7.3408331871032715,6.661614418029785,4386000
2012-09-11,7.366666793823242,7.4791669845581055,7.357500076293945,6.719016075134277,5784000
2012-09-12,7.4816670417785645,7.507500171661377,7.40500020980835,6.774905204772949,6883200
2012-09-13,7.480833053588867,7.894999980926514,7.447500228881836,7.099680423736572,15946800
2012-09-14,7.869999885559082,8.069167137145996,7.853332996368408,7.189557075500488,17302800
2012-09-17,7.880000114440918,7.920833110809326,7.7891669273376465,7.117805480957031,6691200
2012-09-18,7.814167022705078,7.858333110809326,7.769999980926514,7.095147132873535,6073200
2012-09-19,7.8541669845581055,7.9141669273376465,7.792500019073486,7.109499454498291,6078000
2012-09-20,7.7316670417785645,7.8541669845581055,7.670833110809326,7.102700710296631,9292800
2012-09-21,7.9558329582214355,7.9608330726623535,7.823332786560059,7.092881679534912,8558400
2012-09-24,7.7158331871032715,7.84499979019165,7.695833206176758,7.064182281494141,9325200
2012-09-25,7.84250020980835,7.885000228881836,7.5391669273376465,6.853455543518066,10605600
2012-09-26,7.542500019073486,7.543333053588867,7.364999771118164,6.725812911987305,12507600
2012-09-27,7.512499809265137,7.675000190734863,7.454999923706055,6.915390968322754,8102400
2012-09-28,7.538332939147949,7.610000133514404,7.44083309173584,6.814181327819824,17718000
2012-10-01,7.605000019073486,7.78583288192749,7.52666711807251,6.857989311218262,15244800
2012-10-02,7.667500019073486,7.699999809265137,7.494999885559082,6.888954162597656,9662400
2012-10-03,7.659999847412109,7.744166851043701,7.540832996368408,6.969015598297119,8552400
2012-10-04,7.783332824707031,7.883333206176758,7.749166965484619,7.131401062011719,6703200
2012-10-05,7.980000019073486,8.020833015441895,7.7891669273376465,7.117805480957031,6657600
2012-10-08,7.765832901000977,7.81583309173584,7.725832939147949,7.04756498336792,3967200
2012-10-09,7.760000228881836,7.777500152587891,7.538332939147949,6.840616703033447,6397200
2012-10-10,7.546667098999023,7.558332920074463,7.374166965484619,6.712973117828369,6561600
2012-10-11,7.557499885559082,7.5883331298828125,7.413332939147949,6.719016075134277,6951600
2012-10-12,7.423333168029785,7.5,7.292500019073486,6.647263526916504,6474000
2012-10-15,7.3933329582214355,7.5416669845581055,7.324999809265137,6.813426971435547,6519600
2012-10-16,7.626667022705078,7.765832901000977,7.612500190734863,7.024150848388672,5925600
2012-10-17,7.7708330154418945,7.874166965484619,7.730000019073486,7.115540504455566,7185600
2012-10-18,7.795000076293945,7.90500020980835,7.71750020980835,7.065691947937012,8878800
2012-10-19,7.74666690826416,7.74666690826416,7.350832939147949,6.7076873779296875,8950800
2012-10-22,7.367499828338623,7.444167137145996,7.2291669845581055,6.712217330932617,8800800
2012-10-23,7.167500019073486,7.191667079925537,7.005833148956299,6.42596435546875,11016000
2012-10-24,7.174167156219482,7.197500228881836,7.002500057220459,6.379136562347412,8469600
2012-10-25,7.1875,7.22333288192749,6.970832824707031,6.436538219451904,12286800
2012-10-26,7.078332901000977,7.156667232513428,6.940000057220459,6.4191670417785645,9554400
2012-10-31,7.162499904632568,7.183332920074463,6.983333110809326,6.391222953796387,5445600
2012-11-01,7.131667137145996,7.328332901000977,7.108333110809326,6.623095512390137,6121200
2012-11-02,7.429999828338623,7.433332920074463,7.087500095367432,6.435028076171875,7904400
2012-11-05,7.072500228881836,7.194167137145996,7.014166831970215,6.481100082397461,4681200
2012-11-06,7.21416711807251,7.40166711807251,7.195833206176758,6.630646705627441,7273200
2012-11-07,7.118332862854004,7.120832920074463,6.718332767486572,6.173699855804443,15523200
2012-11-08,6.816667079925537,6.9191670417785645,6.555832862854004,5.941827774047852,11400000
2012-11-09,6.510832786560059,6.7683329582214355,6.500833034515381,5.959199905395508,10020000
2012-11-12,6.652500152587891,6.678332805633545,6.5625,5.984877109527588,4633200
2012-11-13,6.495832920074463,6.739999771118164,6.4741668701171875,5.923700332641602,7148400
2012-11-14,6.59833288192749,6.623332977294922,6.2266669273376465,5.70693302154541,10341600
2012-11-15,6.271667003631592,6.345832824707031,6.1641669273376465,5.649531841278076,10068000
2012-11-16,6.264166831970215,6.362500190734863,6.105000019073486,5.724305629730225,11762400
2012-11-19,6.5416669845581055,6.7108330726623535,6.531667232513428,6.082309722900391,10732800
2012-11-20,6.681666851043701,6.752500057220459,6.561666965484619,6.100436687469482,10521600
2012-11-21,6.739999771118164,6.7733330726623535,6.698332786560059,6.135181427001953,5337600
2012-11-23,6.860000133514404,7.03583288192749,6.843332767486572,6.355722904205322,5185200
2012-11-26,6.925833225250244,7.001667022705078,6.862500190734863,6.342883586883545,7293600
2012-11-27,6.9608330726623535,7.033332824707031,6.867499828338623,6.246208190917969,8364000
2012-11-28,6.795833110809326,7.055832862854004,6.6875,6.385180473327637,12213600
2012-11-29,7.125833034515381,7.203332901000977,7.031667232513428,6.478079319000244,9114000
2012-11-30,7.1483330726623535,7.1875,7.077499866485596,6.4599528312683105,5964000
2012-12-03,7.243332862854004,7.262499809265137,7.0233330726623535,6.384425640106201,7410000
2012-12-04,7.0391669273376465,7.099999904632568,6.951666831970215,6.348927021026611,8482800
2012-12-05,7.030832767486572,7.141666889190674,6.877500057220459,6.378382205963135,8344800
2012-12-06,7.0258331298828125,7.124166965484619,6.998332977294922,6.454664707183838,6726000
2012-12-07,7.200832843780518,7.222499847412109,7.070000171661377,6.500738143920898,9136800
2012-12-10,7.150000095367432,7.241666793823242,7.142499923706055,6.519620895385742,6475200
2012-12-11,7.2841668128967285,7.4375,7.269166946411133,6.638199806213379,7930800
2012-12-12,7.425000190734863,7.507500171661377,7.320833206176758,6.65859317779541,9618000
2012-12-13,7.335000038146973,7.397500038146973,7.158332824707031,6.540769100189209,6392400
2012-12-14,7.163332939147949,7.204166889190674,7.09833288192749,6.451644420623779,5061600
2012-12-17,7.189167022705078,7.3933329582214355,7.18416690826416,6.694090843200684,9217200
2012-12-18,7.4191670417785645,7.650000095367432,7.385000228881836,6.913123607635498,13076400
2012-12-19,7.659999847412109,7.663332939147949,7.453332901000977,6.755269527435303,9442800
2012-12-20,7.474999904632568,7.587500095367432,7.41083288192749,6.871583938598633,9198000
2012-12-21,7.25333309173584,7.425833225250244,7.244999885559082,6.695600986480713,14835600
2012-12-24,7.332499980926514,7.341667175292969,7.2866668701171875,6.621582984924316,5690400
2012-12-26,7.357500076293945,7.364167213439941,7.15749979019165,6.536991119384766,6444000
2012-12-27,7.224999904632568,7.261666774749756,6.938333034515381,6.512068271636963,9996000
2012-12-28,7.052499771118164,7.1641669273376465,6.934999942779541,6.28623628616333,7423200
2012-12-31,6.9008331298828125,7.325832843780518,6.880000114440918,6.6200737953186035,15788400
2013-01-02,7.727499961853027,7.864167213439941,7.662499904632568,7.124603748321533,13586400
2013-01-03,7.847499847412109,7.9116668701171875,7.748332977294922,7.0898613929748535,8916000
2013-01-04,7.844167232513428,7.951666831970215,7.802499771118164,7.18049430847168,6972000
2013-01-07,7.826666831970215,7.869999885559082,7.760832786560059,7.10043478012085,5488800
2013-01-08,7.803332805633545,7.837500095367432,7.691667079925537,7.058137893676758,6898800
2013-01-09,7.837500095367432,7.899167060852051,7.795000076293945,7.105721473693848,6055200
2013-01-10,7.974999904632568,8.026666641235352,7.84499979019165,7.271883487701416,5521200
2013-01-11,8.020833015441895,8.032500267028809,7.949166774749756,7.278682231903076,6086400
2013-01-14,7.994166851043701,8.019166946411133,7.9166669845581055,7.252246856689453,4747200
2013-01-15,7.8958330154418945,8.041666984558105,7.879167079925537,7.259799957275391,4554000
2013-01-16,7.974999904632568,8.051667213439941,7.946667194366455,7.262821197509766,5179200
2013-01-17,8.125,8.239999771118164,8.079167366027832,7.402548313140869,8246400
2013-01-18,8.170000076293945,8.248332977294922,8.076666831970215,7.454662322998047,5376000
2013-01-22,8.22583293914795,8.354166984558105,8.169166564941406,7.570221424102783,5754000
2013-01-23,8.362500190734863,8.417499542236328,8.31583309173584,7.609495639801025,4609200
2013-01-24,8.356666564941406,8.526666641235352,8.335832595825195,7.614028453826904,8370000
2013-01-25,8.484999656677246,8.541666984558105,8.414167404174805,7.736382007598877,6726000
2013-01-28,8.553333282470703,8.553333282470703,8.421667098999023,7.715237140655518,4348800
2013-01-29,8.467499732971191,8.642499923706055,8.450833320617676,7.810402870178223,5545200
2013-01-30,8.609167098999023,8.65999984741211,8.489167213439941,7.71976900100708,8107200
2013-01-31,8.479166984558105,8.557499885559082,8.430000305175781,7.655567169189453,6103200
2013-02-01,8.604166984558105,8.734999656677246,8.5625,7.8904619216918945,7562400
2013-02-04,8.546667098999023,8.592499732971191,8.398332595825195,7.6314005851745605,6824400
2013-02-05,8.558333396911621,8.740833282470703,8.541666984558105,7.85345458984375,6936000
2013-02-06,8.578332901000977,8.703332901000977,8.560832977294922,7.8761138916015625,5599200
2013-02-07,8.69333267211914,8.716667175292969,8.464166641235352,7.847409248352051,5928000
2013-02-08,8.699999809265137,8.80916690826416,8.696666717529297,7.968255996704102,4688400
2013-02-11,8.789167404174805,8.810832977294922,8.725000381469727,7.964481353759766,4231200
2013-02-12,8.791666984558105,8.879166603088379,8.761667251586914,8.007532119750977,5203200
2013-02-13,8.888333320617676,8.9350004196167,8.778332710266113,8.024903297424316,3920400
2013-02-14,8.770000457763672,8.910833358764648,8.743332862854004,8.04982852935791,3390000
2013-02-15,8.903332710266113,8.929166793823242,8.75,8.01357364654541,4564800
2013-02-19,8.888333320617676,9.044166564941406,8.888333320617676,8.183514595031738,3420000
2013-02-20,9.021666526794434,9.032500267028809,8.698332786560059,7.886686325073242,5316000
2013-02-21,8.62833309173584,8.632499694824219,8.458333015441895,7.737895488739014,7512000
2013-02-22,8.664167404174805,8.793333053588867,8.601667404174805,7.969768524169922,6162000
2013-02-25,8.924166679382324,8.953332901000977,8.295000076293945,7.521128177642822,8290800
2013-02-26,8.40666675567627,8.487500190734863,8.245833396911621,7.667654037475586,6901200
2013-02-27,8.444999694824219,8.85083293914795,8.420832633972168,7.951640605926514,7502400
2013-02-28,8.778332710266113,8.939167022705078,8.699999809265137,7.8851752281188965,6222000
2013-03-01,8.635832786560059,8.850000381469727,8.515832901000977,7.992425918579102,7041600
2013-03-04,8.750832557678223,8.949167251586914,8.713333129882812,8.111005783081055,4765200
2013-03-05,9.085000038146973,9.265832901000977,9.085000038146973,8.33532428741455,6762000
2013-03-06,9.295000076293945,9.299166679382324,9.174166679382324,8.370824813842773,6070800
2013-03-07,9.268333435058594,9.317500114440918,9.241666793823242,8.415386199951172,2670000
2013-03-08,9.404167175292969,9.436667442321777,9.261667251586914,8.523393630981445,7255200
2013-03-11,9.383333206176758,9.508333206176758,9.345832824707031,8.609496116638184,3630000
2013-03-12,9.488332748413086,9.516667366027832,9.356666564941406,8.561911582946777,8630400
2013-03-13,9.460000038146973,9.520833015441895,9.364167213439941,8.588347434997559,7592400
2013-03-14,9.552499771118164,9.641667366027832,9.542499542236328,8.731098175048828,6496800
2013-03-15,9.599166870117188,9.631667137145996,9.5,8.6963529586792,6586800
2013-03-18,9.319999694824219,9.557499885559082,9.292499542236328,8.547557830810547,7956000
2013-03-19,9.494999885559082,9.52750015258789,9.186667442321777,8.499222755432129,11726400
2013-03-20,9.532500267028809,9.613332748413086,9.486666679382324,8.659343719482422,6926400
2013-03-21,9.391667366027832,9.491666793823242,9.271666526794434,8.449376106262207,9889200
2013-03-22,9.40250015258789,9.53499984741211,9.385832786560059,8.635929107666016,7125600
2013-03-25,9.619999885559082,9.666666984558105,9.324167251586914,8.55435848236084,9177600
2013-03-26,9.543333053588867,9.65250015258789,9.509166717529297,8.739402770996094,5844000
2013-03-27,9.47249984741211,9.653332710266113,9.426667213439941,8.738648414611816,8599200
2013-03-28,9.632499694824219,9.764166831970215,9.585000038146973,8.790762901306152,7928400
2013-04-01,9.720000267028809,9.779167175292969,9.548333168029785,8.719764709472656,6032400
2013-04-02,9.725000381469727,9.829999923706055,9.675000190734863,8.841368675231934,4052400
2013-04-03,9.779999732971191,9.792499542236328,9.385000228881836,8.555869102478027,5455600
2013-04-04,9.494999885559082,9.6274995803833,9.4375,8.675960540771484,2979600
2013-04-05,9.225000381469727,9.475000381469727,9.1875,8.562667846679688,4606400
2013-04-08,9.467499732971191,9.637499809265137,9.3725004196167,8.734869956970215,3545600
2013-04-09,9.6899995803833,9.837499618530273,9.595000267028809,8.807377815246582,3929600
2013-04-10,9.8149995803833,10.1225004196167,9.805000305175781,9.151787757873535,4164800
2013-04-11,10.104999542236328,10.287500381469727,10.072500228881836,9.237892150878906,3612800
2013-04-12,10.085000038146973,10.157500267028809,9.947500228881836,9.167646408081055,4759600
2013-04-15,9.957500457763672,9.982500076293945,9.412500381469727,8.546804428100586,7358400
2013-04-16,9.6274995803833,9.842499732971191,9.555000305175781,8.904808044433594,4720800
2013-04-17,9.619999885559082,9.619999885559082,9.244999885559082,8.499222755432129,6433600
2013-04-18,9.4399995803833,9.449999809265137,9.114999771118164,8.365538597106934,4934400
2013-04-19,9.287500381469727,9.470000267028809,9.217499732971191,8.560401916503906,4045600
2013-04-22,9.507499694824219,9.647500038146973,9.322500228881836,8.675960540771484,4337200
2013-04-23,9.732500076293945,9.899999618530273,9.587499618530273,8.963723182678223,4980000
2013-04-24,9.885000228881836,9.975000381469727,9.829999923706055,8.986382484436035,3147600
2013-04-25,9.975000381469727,10.154999732971191,9.9375,9.088343620300293,3620800
2013-04-26,9.982500076293945,10.029999732971191,9.864999771118164,9.049823760986328,2917600
2013-04-29,10.045000076293945,10.229999542236328,10.0,9.215230941772461,4088400
2013-04-30,10.162500381469727,10.242500305175781,10.029999732971191,9.276411056518555,3910800
2013-05-01,10.167499542236328,10.180000305175781,9.927499771118164,9.038496017456055,5025200
2013-05-02,10.042499542236328,10.262499809265137,10.015000343322754,9.27414608001709,3539600
2013-05-03,10.507499694824219,10.647500038146973,10.489999771118164,9.546049118041992,5336000
2013-05-06,10.574999809265137,10.675000190734863,10.5600004196167,9.641213417053223,2822400
2013-05-07,10.699999809265137,10.797499656677246,10.612500190734863,9.774898529052734,2216800
2013-05-08,10.762499809265137,10.947500228881836,10.742500305175781,9.919914245605469,2529600
2013-05-09,10.922499656677246,11.007499694824219,10.760000228881836,9.831543922424316,3724400
2013-05-10,10.8725004196167,10.960000038146973,10.770000457763672,9.931241035461426,2814800
2013-05-13,10.904999732971191,11.024999618530273,10.835000038146973,9.951635360717773,2467200
2013-05-14,10.994999885559082,11.337499618530273,10.994999885559082,10.264323234558105,2983600
2013-05-15,11.272500038146973,11.5625,11.2524995803833,10.411603927612305,3564400
2013-05-16,11.430000305175781,11.547499656677246,11.287500381469727,10.28018569946289,3909600
2013-05-17,11.457500457763672,11.680000305175781,11.417499542236328,10.570215225219727,4243600
2013-05-20,11.635000228881836,11.797499656677246,11.592499732971191,10.567948341369629,4353200
2013-05-21,11.694999694824219,11.842499732971191,11.572500228881836,10.608733177185059,5312800
2013-05-22,11.757499694824219,12.109999656677246,11.28499984741211,10.388946533203125,10788400
2013-05-23,11.082500457763672,11.4375,11.03499984741211,10.296042442321777,5365200
2013-05-24,11.145000457763672,11.319999694824219,11.047499656677246,10.259791374206543,3883200
2013-05-28,11.6899995803833,11.824999809265137,11.422499656677246,10.445592880249023,5689200
2013-05-29,11.332500457763672,11.412500381469727,11.114999771118164,10.248462677001953,5440000
2013-05-30,11.3149995803833,11.572500228881836,11.300000190734863,10.348160743713379,3346800
2013-05-31,11.3149995803833,11.507499694824219,10.880000114440918,9.913115501403809,5643600
2013-06-03,11.0,11.125,10.762499809265137,10.055865287780762,7573600
2013-06-04,11.114999771118164,11.2524995803833,10.774999618530273,9.92671012878418,7122400
2013-06-05,10.845000267028809,10.912500381469727,10.454999923706055,9.493932723999023,9662800
2013-06-06,10.462499618530273,10.765000343322754,10.28499984741211,9.756773948669434,6877200
2013-06-07,10.987500190734863,11.197500228881836,10.850000381469727,10.114776611328125,6889200
2013-06-10,11.27750015258789,11.295000076293945,11.085000038146973,10.128371238708496,3951600
2013-06-11,10.859999656677246,11.117500305175781,10.762499809265137,9.822482109069824,9634400
2013-06-12,11.052499771118164,11.082500457763672,10.52750015258789,9.57776927947998,12120800
2013-06-13,10.539999961853027,11.092499732971191,10.47249984741211,9.999220848083496,9780800
2013-06-14,11.0024995803833,11.1274995803833,10.774999618530273,9.811153411865234,9806800
2013-06-17,11.055000305175781,11.232500076293945,10.907500267028809,10.051332473754883,11212400
2013-06-18,11.109999656677246,11.392499923706055,11.102499961853027,10.27112102508545,9158800
2013-06-19,11.317500114440918,11.369999885559082,10.857500076293945,9.872330665588379,13709600
2013-06-20,10.555000305175781,10.600000381469727,9.977499961853027,9.122333526611328,17852800
2013-06-21,10.257499694824219,10.287500381469727,9.857500076293945,9.2084379196167,16142400
2013-06-24,9.837499618530273,10.032500267028809,9.517499923706055,8.85722827911377,15408000
2013-06-25,10.037500381469727,10.15999984741211,9.84000015258789,9.117801666259766,12646000
2013-06-26,10.297499656677246,10.414999961853027,10.180000305175781,9.369311332702637,11986400
2013-06-27,10.52750015258789,10.670000076293945,10.505000114440918,9.539249420166016,13806800
2013-06-28,10.4399995803833,10.59000015258789,10.287500381469727,9.346654891967773,13644800
2013-07-01,10.567500114440918,10.795000076293945,10.517499923706055,9.584565162658691,13886800
2013-07-02,10.524999618530273,10.760000228881836,10.40999984741211,9.5369873046875,13625200
2013-07-03,10.404999732971191,10.657500267028809,10.354999542236328,9.568707466125488,6893200
2013-07-05,10.795000076293945,10.912500381469727,10.567500114440918,9.872330665588379,7974400
2013-07-08,11.072500228881836,11.180000305175781,11.015000343322754,10.044535636901855,6354800
2013-07-09,11.292499542236328,11.367500305175781,11.15250015258789,10.264323234558105,8708800
2013-07-10,11.305000305175781,11.452500343322754,11.225000381469727,10.273386001586914,8383200
2013-07-11,11.737500190734863,11.837499618530273,11.617500305175781,10.70163345336914,8938400
2013-07-12,11.795000076293945,11.887499809265137,11.737500190734863,10.697100639343262,7351600
2013-07-15,11.917499542236328,12.005000114440918,11.852499961853027,10.837587356567383,6808400
2013-07-16,11.975000381469727,11.992500305175781,11.72249984741211,10.706165313720703,9298800
2013-07-17,11.952500343322754,12.015000343322754,11.857500076293945,10.790002822875977,10053600
2013-07-18,11.975000381469727,12.1850004196167,11.962499618530273,10.978066444396973,10130800
2013-07-19,12.029999732971191,12.177499771118164,11.982500076293945,11.036977767944336,6259200
2013-07-22,12.212499618530273,12.287500381469727,12.130000114440918,11.091360092163086,5338400
2013-07-23,12.302499771118164,12.307499885559082,12.140000343322754,11.030182838439941,7097600
2013-07-24,12.300000190734863,12.3100004196167,11.949999809265137,10.898762702941895,10986800
2013-07-25,11.947500228881836,12.135000228881836,11.897500038146973,10.987130165100098,6061200
2013-07-26,11.954999923706055,12.154999732971191,11.805000305175781,11.000727653503418,6882400
2013-07-29,12.052499771118164,12.135000228881836,11.9350004196167,10.903295516967773,5340000
2013-07-30,12.149999618530273,12.177499771118164,11.949999809265137,10.903295516967773,6520000
2013-07-31,12.107500076293945,12.300000190734863,12.010000228881836,10.930486679077148,8762800
2013-08-01,12.327500343322754,12.505000114440918,12.3125,11.297552108764648,6254000
2013-08-02,12.390000343322754,12.537500381469727,12.342499732971191,11.354201316833496,6204400
2013-08-05,12.457500457763672,12.537500381469727,12.404999732971191,11.317949295043945,3792800
2013-08-06,12.407500267028809,12.4375,12.1850004196167,11.129878044128418,6195200
2013-08-07,12.15250015258789,12.194999694824219,12.010000228881836,11.014324188232422,6034800
2013-08-08,12.324999809265137,12.354999542236328,12.092499732971191,11.11628532409668,7314800
2013-08-09,12.22249984741211,12.337499618530273,12.045000076293945,11.034714698791504,5729200
2013-08-12,11.984999656677246,12.170000076293945,11.97249984741211,10.982600212097168,4086800
2013-08-13,12.182499885559082,12.289999961853027,11.977499961853027,11.093628883361816,5416800
2013-08-14,12.217499732971191,12.267499923706055,12.03499984741211,10.919157028198242,3779600
2013-08-15,11.75,11.755000114440918,11.475000381469727,10.443325996398926,7556800
2013-08-16,11.467499732971191,11.587499618530273,11.352499961853027,10.366289138793945,5684800
2013-08-19,11.390000343322754,11.4975004196167,11.199999809265137,10.153297424316406,5990000
2013-08-20,11.257499694824219,11.492500305175781,11.220000267028809,10.30284595489502,5524800
2013-08-21,11.272500038146973,11.454999923706055,11.077500343322754,10.119308471679688,8753600
2013-08-22,11.227499961853027,11.505000114440918,11.225000381469727,10.3798828125,5775600
2013-08-23,11.5600004196167,11.614999771118164,11.399999618530273,10.48637866973877,4478400
2013-08-26,11.607500076293945,11.71500015258789,11.422499656677246,10.368553161621094,6435200
2013-08-27,11.09749984741211,11.229999542236328,10.862500190734863,9.872330665588379,10686800
2013-08-28,10.882499694824219,11.117500305175781,10.832500457763672,9.967499732971191,7792000
2013-08-29,10.925000190734863,11.229999542236328,10.90999984741211,10.024145126342773,5964800
2013-08-30,11.119999885559082,11.119999885559082,10.852499961853027,9.913115501403809,8151600
2013-09-03,11.262499809265137,11.332500457763672,10.957500457763672,10.046801567077637,8747600
2013-09-04,11.107500076293945,11.422499656677246,11.045000076293945,10.309639930725098,6266400
2013-09-05,11.390000343322754,11.5,11.364999771118164,10.327771186828613,4837200
2013-09-06,11.517499923706055,11.617500305175781,11.104999542236328,10.350425720214844,8376400
2013-09-09,11.512499809265137,11.774999618530273,11.512499809265137,10.65858268737793,6566800
2013-09-10,11.962499618530273,12.022500038146973,11.890000343322754,10.885169982910156,9010400
2013-09-11,11.970000267028809,12.135000228881836,11.907500267028809,10.998462677001953,4600400
2013-09-12,12.117500305175781,12.162500381469727,11.982500076293945,10.912355422973633,5678000
2013-09-13,12.069999694824219,12.137499809265137,11.987500190734863,10.973533630371094,2934000
2013-09-16,12.510000228881836,12.522500038146973,12.265000343322754,11.16613483428955,5912800
2013-09-17,12.350000381469727,12.492500305175781,12.350000381469727,11.306619644165039,3184000
2013-09-18,12.467499732971191,13.020000457763672,12.3774995803833,11.721266746520996,7117600
2013-09-19,13.022500038146973,13.037500381469727,12.817500114440918,11.66462230682373,7936800
2013-09-20,12.944999694824219,12.944999694824219,12.555000305175781,11.4063138961792,6187600
2013-09-23,12.53499984741211,12.5649995803833,12.289999961853027,11.25903606414795,6903200
2013-09-24,12.404999732971191,12.542499542236328,12.257499694824219,11.177465438842773,4934400
2013-09-25,12.34749984741211,12.407500267028809,12.182499885559082,11.077765464782715,10595600
2013-09-26,12.28499984741211,12.454999923706055,12.220000267028809,11.19332504272461,7089200
2013-09-27,12.162500381469727,12.229999542236328,12.085000038146973,11.052837371826172,5462400
2013-09-30,11.869999885559082,12.102499961853027,11.807499885559082,10.885169982910156,7094400
2013-10-01,12.020000457763672,12.302499771118164,11.989999771118164,11.127616882324219,7173200
2013-10-02,12.047499656677246,12.237500190734863,11.942500114440918,11.07550048828125,7097600
2013-10-03,12.149999618530273,12.175000190734863,11.725000381469727,10.778672218322754,10897200
2013-10-04,11.922499656677246,12.197500228881836,11.869999885559082,11.012056350708008,4180400
2013-10-07,11.84749984741211,12.0600004196167,11.807499885559082,10.733354568481445,4809200
2013-10-08,11.84000015258789,11.885000228881836,11.40999984741211,10.352694511413574,9210400
2013-10-09,11.5024995803833,11.579999923706055,11.234999656677246,10.3798828125,13901600
2013-10-10,11.800000190734863,12.212499618530273,11.792499542236328,11.052837371826172,9574000
2013-10-11,12.147500038146973,12.442500114440918,12.109999656677246,11.265832901000977,6400800
2013-10-14,12.204999923706055,12.607500076293945,12.170000076293945,11.408580780029297,8690000
2013-10-15,12.475000381469727,12.617500305175781,12.257499694824219,11.145739555358887,12127600
2013-10-16,12.532500267028809,12.835000038146973,12.507499694824219,11.617040634155273,11862000
2013-10-17,12.657500267028809,13.095000267028809,12.657500267028809,11.85495376586914,8401600
2013-10-18,13.225000381469727,13.364999771118164,13.140000343322754,12.07247543334961,10884000
2013-10-21,13.350000381469727,13.420000076293945,13.25,12.097400665283203,6538800
2013-10-22,13.457500457763672,13.6875,13.40250015258789,12.278667449951172,8547600
2013-10-23,13.432499885559082,13.447500228881836,13.237500190734863,12.124589920043945,4850800
2013-10-24,13.449999809265137,13.555000305175781,13.362500190734863,12.235617637634277,3440000
2013-10-25,13.582500457763672,13.692500114440918,13.507499694824219,12.401023864746094,8237200
2013-10-28,13.675000190734863,13.807499885559082,13.632499694824219,12.466733932495117,3989200
2013-10-29,13.84000015258789,13.982500076293945,13.792499542236328,12.670661926269531,5289600
2013-10-30,14.02750015258789,14.055000305175781,13.614999771118164,12.473530769348145,6814800
2013-10-31,13.737500190734863,13.897500038146973,13.582500457763672,12.339848518371582,8371200
2013-11-01,13.697500228881836,13.824999809265137,13.505000114440918,12.45313835144043,7354000
2013-11-04,13.854999542236328,13.897500038146973,13.725000381469727,12.582293510437012,5557200
2013-11-05,13.720000267028809,13.859999656677246,13.582500457763672,12.464470863342285,4937600
2013-11-06,13.930000305175781,14.03499984741211,13.8125,12.641206741333008,3540000
2013-11-07,14.050000190734863,14.067500114440918,13.390000343322754,12.181234359741211,9415200
2013-11-08,13.412500381469727,13.97249984741211,13.412500381469727,12.66386604309082,6353200
2013-11-11,13.944999694824219,14.024999618530273,13.880000114440918,12.654801368713379,3614400
2013-11-12,13.887499809265137,13.979999542236328,13.75,12.591357231140137,6736800
2013-11-13,13.680000305175781,14.229999542236328,13.680000305175781,12.88365364074707,6988000
2013-11-14,14.257499694824219,14.47249984741211,14.194999694824219,13.09664249420166,5678800
2013-11-15,14.5,14.632499694824219,14.454999923706055,13.262049674987793,5292000
2013-11-18,14.694999694824219,14.732500076293945,14.3725004196167,13.126097679138184,6632400
2013-11-19,14.452500343322754,14.577500343322754,14.300000190734863,13.035462379455566,7285200
2013-11-20,14.46500015258789,14.585000038146973,14.119999885559082,12.91310977935791,6954800
2013-11-21,14.359999656677246,14.612500190734863,14.332500457763672,13.214466094970703,3990800
2013-11-22,14.595000267028809,14.807499885559082,14.547499656677246,13.40026569366455,6272800
2013-11-25,14.882499694824219,14.882499694824219,14.6899995803833,13.384405136108398,5888000
2013-11-26,14.782500267028809,14.897500038146973,14.697500228881836,13.384405136108398,6874400
2013-11-27,14.807499885559082,14.90250015258789,14.755000114440918,13.470508575439453,4234000
2013-11-29,14.914999961853027,15.024999618530273,14.792499542236328,13.434255599975586,4952800
2013-12-02,14.869999885559082,14.947500228881836,14.654999732971191,13.341354370117188,6920800
2013-12-03,14.582500457763672,14.6899995803833,14.392499923706055,13.189542770385742,8014000
2013-12-04,14.385000228881836,14.702500343322754,14.182499885559082,13.151021957397461,13832400
2013-12-05,14.449999809265137,14.520000457763672,14.297499656677246,12.992413520812988,7264800
2013-12-06,14.757499694824219,14.850000381469727,14.619999885559082,13.41612720489502,9162000
2013-12-09,14.9375,14.984999656677246,14.864999771118164,13.522625923156738,6886000
2013-12-10,14.819999694824219,14.90999984741211,14.734999656677246,13.391201972961426,5458000
2013-12-11,14.782500267028809,14.782500267028809,14.210000038146973,12.922172546386719,7659600
2013-12-12,14.232500076293945,14.295000076293945,14.032500267028809,12.799816131591797,8197600
2013-12-13,14.210000038146973,14.25,14.037500381469727,12.781689643859863,4555600
2013-12-16,14.3149995803833,14.517499923706055,14.302499771118164,13.028666496276855,6597200
2013-12-17,14.414999961853027,14.422499656677246,14.142499923706055,12.885917663574219,5388800
2013-12-18,14.297499656677246,14.97249984741211,13.912500381469727,13.55887508392334,12209600
2013-12-19,14.84000015258789,14.96500015258789,14.727499961853027,13.536218643188477,8282000
2013-12-20,14.952500343322754,15.28499984741211,14.952500343322754,13.758271217346191,8705200
2013-12-23,15.399999618530273,15.447500228881836,15.3125,13.973527908325195,5641200
2013-12-24,15.422499656677246,15.53499984741211,15.412500381469727,14.075490951538086,3255600
2013-12-26,15.6274995803833,15.77750015258789,15.617500305175781,14.283953666687012,4340400
2013-12-27,15.817500114440918,15.835000038146973,15.697500228881836,14.277152061462402,3591600
2013-12-30,15.75,15.782500267028809,15.680000305175781,14.261292457580566,2423200
2013-12-31,15.8100004196167,15.954999923706055,15.755000114440918,14.456154823303223,5003600
2014-01-02,15.779999732971191,15.792499542236328,15.387499809265137,14.057364463806152,7051600
2014-01-03,15.579999923706055,15.667499542236328,15.427499771118164,14.018845558166504,4602000
2014-01-06,15.640000343322754,15.654999732971191,15.282500267028809,13.912351608276367,8258000
2014-01-07,15.547499656677246,15.712499618530273,15.510000228881836,14.168392181396484,5520800
2014-01-08,15.635000228881836,15.717499732971191,15.482500076293945,14.175189018249512,6790400
2014-01-09,15.789999961853027,15.797499656677246,15.460000038146973,14.200113296508789,6438000
2014-01-10,15.7524995803833,15.817500114440918,15.510000228881836,14.304344177246094,6004400
2014-01-13,15.675000190734863,15.805000305175781,15.079999923706055,13.758271217346191,7867600
2014-01-14,15.3125,15.6850004196167,15.234999656677246,14.19105052947998,5927200
2014-01-15,15.767499923706055,15.984999656677246,15.75,14.424434661865234,6465200
2014-01-16,15.817500114440918,15.869999885559082,15.699999809265137,14.363253593444824,4487200
2014-01-17,15.772500038146973,15.854999542236328,15.567500114440918,14.172924041748047,5635200
2014-01-21,15.925000190734863,15.932499885559082,15.492500305175781,14.308876991271973,5264800
2014-01-22,15.867500305175781,15.882499694824219,15.71500015258789,14.333799362182617,5734000
2014-01-23,15.579999923706055,15.582500457763672,15.177499771118164,13.982592582702637,8795600
2014-01-24,15.1225004196167,15.135000228881836,14.427499771118164,13.076250076293945,15620400
2014-01-27,14.484999656677246,14.585000038146973,14.005000114440918,12.888185501098633,14215600
2014-01-28,14.255000114440918,14.52750015258789,14.244999885559082,13.123833656311035,7050400
2014-01-29,14.1274995803833,14.34749984741211,13.944999694824219,12.731841087341309,8257200
2014-01-30,14.40999984741211,14.635000228881836,14.274999618530273,13.148756980895996,9108800
2014-01-31,13.97249984741211,14.515000343322754,13.942500114440918,12.899518013000488,9179600
2014-02-03,14.1875,14.28499984741211,13.197500228881836,12.033956527709961,21674800
2014-02-04,13.460000038146973,13.654999732971191,13.3149995803833,12.285468101501465,13081600
2014-02-05,13.407500267028809,13.595000267028809,13.170000076293945,12.228819847106934,7779600
2014-02-06,13.602499961853027,14.032500267028809,13.602499961853027,12.70918083190918,7724400
2014-02-07,14.229999542236328,14.600000381469727,14.09749984741211,13.200871467590332,12381600
2014-02-10,14.5625,14.649999618530273,14.442500114440918,13.257519721984863,7862400
2014-02-11,14.6899995803833,15.229999542236328,14.65250015258789,13.69482707977295,7558800
2014-02-12,15.1875,15.324999809265137,15.052499771118164,13.73788070678711,7734800
2014-02-13,14.837499618530273,15.420000076293945,14.822500228881836,13.93501091003418,12613200
2014-02-14,15.34000015258789,15.710000038146973,15.287500381469727,14.159327507019043,9141600
2014-02-18,15.65999984741211,15.744999885559082,15.53499984741211,14.209178924560547,5552000
2014-02-19,15.557499885559082,15.862500190734863,15.329999923706055,13.93501091003418,13062000
2014-02-20,15.422499656677246,15.742500305175781,15.267499923706055,14.170660018920898,10671600
2014-02-21,15.732500076293945,15.837499618530273,15.557499885559082,14.12987232208252,4687200
2014-02-24,15.6850004196167,16.157499313354492,15.664999961853027,14.327001571655273,10546800
2014-02-25,15.8774995803833,16.012500762939453,15.667499542236328,14.329267501831055,7128000
2014-02-26,15.899999618530273,16.012500762939453,15.6875,14.340595245361328,4834800
2014-02-27,15.7524995803833,16.077499389648438,15.710000038146973,14.571715354919434,9280800
2014-02-28,16.0625,16.412500381469727,15.869999885559082,14.680475234985352,11879200
2014-03-03,15.767499923706055,15.967499732971191,15.52750015258789,14.356453895568848,14517200
2014-03-04,16.322500228881836,16.61750030517578,16.3075008392334,14.997694969177246,7664800
2014-03-05,16.5575008392334,16.647499084472656,16.485000610351562,14.98409652709961,6802000
2014-03-06,16.6875,16.790000915527344,16.602500915527344,15.115517616271973,6210000
2014-03-07,16.862499237060547,16.88249969482422,16.475000381469727,15.120054244995117,10561200
2014-03-10,16.607500076293945,16.684999465942383,16.387500762939453,15.104188919067383,3594400
2014-03-11,16.752500534057617,16.8125,16.309999465942383,14.882134437561035,10941600
2014-03-12,16.190000534057617,16.447500228881836,16.0674991607666,14.891199111938477,5320800
2014-03-13,16.582500457763672,16.61750030517578,15.744999885559082,14.41083812713623,7755200
2014-03-14,15.792499542236328,16.030000686645508,15.6850004196167,14.254494667053223,9347600
2014-03-17,15.975000381469727,16.27750015258789,15.962499618530273,14.646489143371582,5725600
2014-03-18,16.25749969482422,16.575000762939453,16.219999313354492,14.965973854064941,6560800
2014-03-19,16.514999389648438,16.584999084472656,15.932499885559082,14.721263885498047,9406400
2014-03-20,16.137500762939453,16.5625,16.05500030517578,14.979569435119629,7272800
2014-03-21,16.737499237060547,16.860000610351562,16.292499542236328,14.800568580627441,6010400
2014-03-24,16.517499923706055,16.565000534057617,15.920000076293945,14.614767074584961,5649600
2014-03-25,16.364999771118164,16.522499084472656,16.092500686645508,14.83228874206543,4663200
2014-03-26,16.55500030517578,16.625,15.994999885559082,14.499207496643066,6104800
2014-03-27,15.947500228881836,16.09749984741211,15.725000381469727,14.42896556854248,6171200
2014-03-28,16.032499313354492,16.3700008392334,16.0049991607666,14.619297981262207,4215600
2014-03-31,16.440000534057617,16.602500915527344,16.392499923706055,14.981834411621094,4538000
2014-04-01,16.697500228881836,16.88249969482422,16.647499084472656,15.274129867553711,4354800
2014-04-02,16.93000030517578,17.092500686645508,16.832500457763672,15.425943374633789,4244400
2014-04-03,17.112499237060547,17.1200008392334,16.80500030517578,15.36249828338623,3248800
2014-04-04,17.235000610351562,17.247499465942383,16.270000457763672,14.830020904541016,7689600
2014-04-07,16.229999542236328,16.3125,15.71500015258789,14.322468757629395,8202800
2014-04-08,15.797499656677246,16.082500457763672,15.619999885559082,14.506002426147461,6736000
2014-04-09,16.1299991607666,16.532499313354492,16.0,14.979569435119629,5480400
2014-04-10,16.510000228881836,16.537500381469727,15.420000076293945,14.03017520904541,7940000
2014-04-11,15.225000381469727,15.537500381469727,15.010000228881836,13.644979476928711,6743200
2014-04-14,15.412500381469727,15.515000343322754,15.045000076293945,13.973527908325195,6520000
2014-04-15,15.512499809265137,15.760000228881836,15.050000190734863,14.254494667053223,9829200
2014-04-16,16.042499542236328,16.22249984741211,15.845000267028809,14.689538955688477,6716400
2014-04-17,16.15999984741211,16.415000915527344,16.0674991607666,14.750718116760254,5137600
2014-04-21,16.287500381469727,16.46500015258789,16.232500076293945,14.918391227722168,3591200
2014-04-22,16.4950008392334,16.809999465942383,16.477500915527344,15.099658966064453,6145200
2014-04-23,16.649999618530273,16.6825008392334,16.522499084472656,15.015819549560547,3158000
2014-04-24,16.8075008392334,16.8075008392334,16.427499771118164,15.104188919067383,5153200
2014-04-25,16.479999542236328,16.524999618530273,16.135000228881836,14.728057861328125,4324800
2014-04-28,16.4424991607666,16.610000610351562,15.904999732971191,14.870806694030762,7545200
2014-04-29,16.5625,16.700000762939453,16.450000762939453,15.06567096710205,3984800
2014-04-30,16.549999237060547,16.825000762939453,16.477500915527344,15.224283218383789,4364000
2014-05-01,16.762500762939453,16.915000915527344,16.625,15.21295166015625,4585600
2014-05-02,16.780000686645508,16.9950008392334,16.637500762939453,15.151772499084473,4550400
2014-05-05,16.467500686645508,16.832500457763672,16.327499389648438,15.233342170715332,3796800
2014-05-06,16.677499771118164,16.72249984741211,16.357500076293945,14.84814739227295,5472400
2014-05-07,16.542499542236328,16.670000076293945,16.162500381469727,15.099658966064453,4628000
2014-05-08,16.584999084472656,16.952499389648438,16.4424991607666,15.047542572021484,3796400
2014-05-09,16.587499618530273,16.6875,16.375,15.108722686767578,6406400
2014-05-12,16.897499084472656,17.177499771118164,16.877500534057617,15.536968231201172,6417200
2014-05-13,17.204999923706055,17.327499389648438,17.149999618530273,15.582283020019531,3362800
2014-05-14,17.15999984741211,17.177499771118164,16.8799991607666,15.371563911437988,2701200
2014-05-15,16.827499389648438,16.862499237060547,16.262500762939453,14.945581436157227,8344400
2014-05-16,16.53499984741211,16.6924991607666,16.327499389648438,15.126850128173828,3570000
2014-05-19,16.587499618530273,16.897499084472656,16.532499313354492,15.276395797729492,3617600
2014-05-20,16.825000762939453,16.829999923706055,16.407499313354492,14.98409652709961,5090800
2014-05-21,16.672500610351562,16.975000381469727,16.667499542236328,15.357966423034668,4451200
2014-05-22,16.96500015258789,17.177499771118164,16.885000228881836,15.478055000305176,2360800
2014-05-23,17.122499465942383,17.3174991607666,17.09749984741211,15.675187110900879,5000800
2014-05-27,17.475000381469727,17.612499237060547,17.454999923706055,15.949355125427246,2926800
2014-05-28,17.59000015258789,17.6825008392334,17.475000381469727,15.90630054473877,3287200
2014-05-29,17.690000534057617,17.834999084472656,17.547500610351562,16.164613723754883,3438000
2014-05-30,17.782499313354492,17.94499969482422,17.732500076293945,16.20538902282715,4064000
2014-06-02,17.987499237060547,18.0,17.71500015258789,16.286964416503906,2597200
2014-06-03,17.837499618530273,17.97249984741211,17.795000076293945,16.26430892944336,2091200
2014-06-04,17.834999084472656,18.084999084472656,17.797500610351562,16.341346740722656,4719200
2014-06-05,18.107500076293945,18.462499618530273,17.920000076293945,16.688020706176758,4975200
2014-06-06,18.53499984741211,18.6825008392334,18.502500534057617,16.916872024536133,2629600
2014-06-09,18.665000915527344,18.86750030517578,18.614999771118164,16.978050231933594,6100800
2014-06-10,18.65250015258789,18.729999542236328,18.540000915527344,16.975784301757812,3623200
2014-06-11,18.545000076293945,18.594999313354492,18.412500381469727,16.814912796020508,5716400
2014-06-12,18.46500015258789,18.50749969482422,18.020000457763672,16.438779830932617,7804400
2014-06-13,18.2450008392334,18.360000610351562,18.075000762939453,16.595123291015625,3983200
2014-06-16,18.22249984741211,18.462499618530273,18.170000076293945,16.626846313476562,5458400
2014-06-17,18.272499084472656,18.540000915527344,18.212499618530273,16.75826644897461,5774000
2014-06-18,18.510000228881836,18.9375,18.375,17.12759780883789,5672400
2014-06-19,18.962499618530273,19.00749969482422,18.774999618530273,17.188779830932617,8091600
2014-06-20,19.082500457763672,19.11750030517578,19.017499923706055,17.295276641845703,4066800
2014-06-23,19.100000381469727,19.112499237060547,18.962499618530273,17.2839412689209,5683200
2014-06-24,18.962499618530273,19.2450008392334,18.657499313354492,16.9689884185791,6796000
2014-06-25,18.607500076293945,19.02750015258789,18.59749984741211,17.18651580810547,8426400
2014-06-26,18.967500686645508,18.967500686645508,18.552499771118164,17.15479278564453,4283200
2014-06-27,18.78499984741211,19.049999237060547,18.767499923706055,17.240888595581055,4108000
2014-06-30,19.012500762939453,19.135000228881836,18.957500457763672,17.229564666748047,4178000
2014-07-01,19.149999618530273,19.5625,19.137500762939453,17.57624053955078,6634400
2014-07-02,19.389999389648438,19.512500762939453,19.36750030517578,17.619295120239258,3714400
2014-07-03,19.59749984741211,19.75,19.565000534057617,17.877595901489258,2851600
2014-07-07,19.61750030517578,19.657499313354492,19.4375,17.705394744873047,3352800
2014-07-08,19.407499313354492,19.4375,19.0,17.363245010375977,6580800
2014-07-09,19.295000076293945,19.447500228881836,19.167499542236328,17.57624053955078,4166000
2014-07-10,18.842500686645508,19.3174991607666,18.782499313354492,17.365514755249023,4504000
2014-07-11,19.137500762939453,19.282499313354492,19.002500534057617,17.451618194580078,4317600
2014-07-14,19.53499984741211,19.612499237060547,19.375,17.705394744873047,3899200
2014-07-15,19.5625,19.672500610351562,19.170000076293945,17.603431701660156,5163200
2014-07-16,19.6875,19.725000381469727,19.477500915527344,17.79149627685547,6401600
2014-07-17,19.462499618530273,19.674999237060547,18.88249969482422,17.188779830932617,12268000
2014-07-18,19.137500762939453,19.59749984741211,19.114999771118164,17.698596954345703,5028800
2014-07-21,19.34749984741211,19.479999542236328,19.162500381469727,17.60569953918457,4568000
2014-07-22,19.642499923706055,19.78499984741211,19.587499618530273,17.84360694885254,7155600
2014-07-23,19.760000228881836,19.8799991607666,19.657499313354492,17.959171295166016,5906400
2014-07-24,19.88249969482422,19.940000534057617,19.752500534057617,17.959171295166016,4001200
2014-07-25,19.645000457763672,19.697500228881836,19.424999237060547,17.71445655822754,3288000
2014-07-28,19.549999237060547,19.642499923706055,19.21500015258789,17.72125244140625,4032800
2014-07-29,19.68000030517578,19.7450008392334,19.30500030517578,17.50146484375,5811600
2014-07-30,19.520000457763672,19.587499618530273,19.079999923706055,17.505996704101562,7655600
2014-07-31,18.90999984741211,18.959999084472656,18.149999618530273,16.45464324951172,9218000
2014-08-01,18.00749969482422,18.337499618530273,17.739999771118164,16.30962562561035,7463200
2014-08-04,18.112499237060547,18.497499465942383,17.86750030517578,16.658567428588867,4571200
2014-08-05,18.149999618530273,18.297500610351562,17.649999618530273,16.164613723754883,6860000
2014-08-06,17.594999313354492,18.092500686645508,17.587499618530273,16.189538955688477,5022000
2014-08-07,18.112499237060547,18.155000686645508,17.44499969482422,15.917633056640625,6742800
2014-08-08,17.677499771118164,18.209999084472656,17.552499771118164,16.465967178344727,5894400
2014-08-11,18.385000228881836,18.575000762939453,18.3125,16.613252639770508,5305600
2014-08-12,18.274999618530273,18.43000030517578,18.100000381469727,16.55660057067871,3828400
2014-08-13,18.479999542236328,18.690000534057617,18.385000228881836,16.901010513305664,5772800
2014-08-14,18.717500686645508,18.889999389648438,18.667499542236328,17.114004135131836,2928800
2014-08-15,19.09749984741211,19.149999618530273,18.475000381469727,17.120803833007812,6918800
2014-08-18,19.197500228881836,19.377500534057617,19.162500381469727,17.521852493286133,3976400
2014-08-19,19.469999313354492,19.69499969482422,19.4325008392334,17.786962509155273,3942000
2014-08-20,19.5625,19.875,19.5625,17.943309783935547,3469600
2014-08-21,19.864999771118164,20.052499771118164,19.8174991607666,18.11097526550293,5217600
2014-08-22,19.927499771118164,20.030000686645508,19.747499465942383,18.013551712036133,4864800
2014-08-25,20.1875,20.282499313354492,20.09000015258789,18.29224967956543,3058400
2014-08-26,20.239999771118164,20.372499465942383,20.209999084472656,18.33303451538086,3016000
2014-08-27,20.25,20.297500610351562,20.107500076293945,18.317171096801758,2183600
2014-08-28,20.0,20.200000762939453,19.9424991607666,18.283185958862305,4418800
2014-08-29,20.267499923706055,20.342500686645508,20.06999969482422,18.42820167541504,3538400
2014-09-02,20.427499771118164,20.427499771118164,20.077499389648438,18.391942977905273,3398800
2014-09-03,20.530000686645508,20.547500610351562,20.1924991607666,18.369287490844727,5055600
2014-09-04,20.354999542236328,20.59000015258789,20.012500762939453,18.26506233215332,6739200
2014-09-05,20.149999618530273,20.46500015258789,19.934999465942383,18.53016471862793,3683200
2014-09-08,20.385000228881836,20.469999313354492,20.112499237060547,18.396467208862305,4297200
2014-09-09,20.2450008392334,20.272499084472656,19.780000686645508,18.036209106445312,7027600
2014-09-10,19.905000686645508,20.15999984741211,19.732500076293945,18.246931076049805,4145600
2014-09-11,19.8700008392334,20.197500228881836,19.834999084472656,18.29677963256836,3218400
2014-09-12,20.127500534057617,20.13249969482422,19.665000915527344,17.97502899169922,6794400
2014-09-15,19.837499618530273,19.885000228881836,19.607500076293945,17.93424415588379,2503200
2014-09-16,19.674999237060547,20.332500457763672,19.647499084472656,18.34209632873535,6522400
2014-09-17,20.329999923706055,20.594999313354492,20.022499084472656,18.405540466308594,6050800
2014-09-18,20.5049991607666,20.647499084472656,20.4325008392334,18.686506271362305,4058400
2014-09-19,20.827499389648438,20.897499084472656,20.459999084472656,18.654787063598633,4706400
2014-09-22,20.469999313354492,20.477500915527344,19.975000381469727,18.2152099609375,4564800
2014-09-23,19.8799991607666,20.13249969482422,19.7450008392334,17.907052993774414,6526000
2014-09-24,19.774999618530273,20.25,19.614999771118164,18.33756446838379,6843200
2014-09-25,20.049999237060547,20.0674991607666,19.227500915527344,17.44028663635254,7309200
2014-09-26,19.329999923706055,19.827499389648438,19.262500762939453,17.85267448425293,6161600
2014-09-29,19.1825008392334,19.68000030517578,19.1299991607666,17.743911743164062,4917600
2014-09-30,19.63249969482422,19.802499771118164,19.3075008392334,17.592098236083984,6744000
2014-10-01,19.325000762939453,19.34749984741211,18.510000228881836,16.885149002075195,9438000
2014-10-02,18.577499389648438,18.837499618530273,18.0625,16.887418746948242,9985200
2014-10-03,19.022499084472656,19.3700008392334,18.844999313354492,17.442550659179688,8934000
2014-10-06,19.4950008392334,19.5674991607666,18.979999542236328,17.385908126831055,8542000
2014-10-07,18.875,19.012500762939453,18.295000076293945,16.586057662963867,7875200
2014-10-08,18.31999969482422,19.325000762939453,18.040000915527344,17.45615005493164,10558400
2014-10-09,19.147499084472656,19.225000381469727,18.0625,16.4047908782959,12331600
2014-10-10,18.084999084472656,18.357500076293945,17.469999313354492,15.856451988220215,11327200
2014-10-13,17.47249984741211,17.647499084472656,16.584999084472656,15.056605339050293,10665600
2014-10-14,16.875,17.25,16.512500762939453,15.16083812713623,13162400
2014-10-15,16.0,16.467500686645508,15.149999618530273,14.752984046936035,27246000
2014-10-16,15.467499732971191,16.639999389648438,15.422499656677246,14.755248069763184,18242000
2014-10-17,16.842500686645508,17.212499618530273,16.65999984741211,15.314912796020508,14357200
2014-10-20,16.780000686645508,17.40250015258789,16.764999389648438,15.747697830200195,8958000
2014-10-21,17.732500076293945,18.43000030517578,17.690000534057617,16.66762924194336,10132800
2014-10-22,18.50749969482422,18.635000228881836,17.987499237060547,16.323219299316406,8679600
2014-10-23,18.540000915527344,18.979999542236328,18.457500457763672,16.891948699951172,9526400
2014-10-24,18.719999313354492,19.075000762939453,18.514999389648438,17.252220153808594,6220800
2014-10-27,18.852500915527344,19.25,18.65250015258789,17.195571899414062,7809200
2014-10-28,19.184999465942383,19.635000228881836,19.149999618530273,17.775636672973633,9072800
2014-10-29,19.672500610351562,19.842500686645508,19.149999618530273,17.716716766357422,8112000
2014-10-30,19.3700008392334,20.079999923706055,19.329999923706055,18.065664291381836,7333200
2014-10-31,20.637500762939453,20.639999389648438,20.327499389648438,18.66611099243164,8757600
2014-11-03,20.674999237060547,20.827499389648438,20.487499237060547,18.688770294189453,5878800
2014-11-04,20.47249984741211,20.5674991607666,20.100000381469727,18.518831253051758,6554000
2014-11-05,20.852500915527344,20.8700008392334,20.522499084472656,18.84737777709961,6819600
2014-11-06,20.829999923706055,21.077499389648438,20.575000762939453,19.07849884033203,5643200
2014-11-07,21.040000915527344,21.174999237060547,20.875,19.123815536499023,4432000
2014-11-10,21.104999542236328,21.3125,21.032499313354492,19.305082321166992,5717600
2014-11-11,21.332500457763672,21.40250015258789,21.197500228881836,19.350404739379883,4769600
2014-11-12,21.09000015258789,21.375,21.087499618530273,19.300554275512695,5037200
2014-11-13,21.357500076293945,21.559999465942383,21.052499771118164,19.3526668548584,5434000
2014-11-14,21.327499389648438,21.44499969482422,21.21500015258789,19.363996505737305,4043200
2014-11-17,21.237499237060547,21.47249984741211,21.190000534057617,19.402515411376953,4699200
2014-11-18,21.434999465942383,21.892499923706055,21.434999465942383,19.742389678955078,4104400
2014-11-19,21.71500015258789,21.780000686645508,21.387500762939453,19.638164520263672,4393200
2014-11-20,21.364999771118164,21.827499389648438,21.350000381469727,19.74919319152832,3308400
2014-11-21,22.4424991607666,22.467500686645508,21.922500610351562,20.07320785522461,7063200
2014-11-24,22.299999237060547,22.372499465942383,22.217500686645508,20.234086990356445,8334400
2014-11-25,22.420000076293945,22.5,22.184999465942383,20.19782829284668,8815200
2014-11-26,22.327499389648438,22.485000610351562,22.247499465942383,20.342844009399414,2822000
2014-11-28,22.392499923706055,22.50749969482422,22.204999923706055,20.215957641601562,2486000
2014-12-01,22.040000915527344,22.077499389648438,21.709999084472656,19.780920028686523,4555200
2014-12-02,21.842500686645508,22.325000762939453,21.84000015258789,20.159317016601562,2600400
2014-12-03,22.299999237060547,22.584999084472656,22.260000228881836,20.392696380615234,4533600
2014-12-04,22.395000457763672,22.625,22.122499465942383,20.315654754638672,5350400
2014-12-05,22.497499465942383,22.6924991607666,22.399999618530273,20.424419403076172,3882000
2014-12-08,22.389999389648438,22.577499389648438,21.86750030517578,20.014299392700195,4392000
2014-12-09,21.357500076293945,22.077499389648438,21.212499618530273,19.96217918395996,10628400
2014-12-10,21.850000381469727,21.872499465942383,20.907499313354492,19.01732063293457,8655600
2014-12-11,21.207500457763672,21.907499313354492,21.145000457763672,19.286958694458008,7442800
2014-12-12,20.815000534057617,21.170000076293945,20.2450008392334,18.348896026611328,7490400
2014-12-15,20.594999313354492,20.75,19.607500076293945,17.97276496887207,7934000
2014-12-16,19.549999237060547,20.700000762939453,19.34000015258789,17.544517517089844,10262000
2014-12-17,19.514999389648438,20.647499084472656,19.469999313354492,18.573217391967773,8040400
2014-12-18,21.40999984741211,22.02750015258789,21.147499084472656,19.934999465942383,9425200
2014-12-19,22.25,22.55500030517578,22.010000228881836,20.191030502319336,5274400
2014-12-22,22.38249969482422,22.59749984741211,22.28499984741211,20.472000122070312,3778400
2014-12-23,22.84000015258789,22.850000381469727,22.614999771118164,20.558101654052734,4460800
2014-12-24,22.795000076293945,22.8799991607666,22.6825008392334,20.580764770507812,1291600
2014-12-26,22.872499465942383,23.045000076293945,22.84749984741211,20.76429557800293,2223200
2014-12-29,22.825000762939453,23.075000762939453,22.815000534057617,20.841333389282227,2677600
2014-12-30,22.815000534057617,22.88249969482422,22.594999313354492,20.505990982055664,3138400
2014-12-31,22.75,22.8174991607666,21.90999984741211,19.876079559326172,4766000
2015-01-02,22.217500686645508,22.38249969482422,21.514999389648438,19.85795783996582,4748800
2015-01-05,21.50749969482422,21.579999923706055,20.614999771118164,18.792999267578125,7138400
2015-01-06,20.860000610351562,21.037500381469727,19.850000381469727,18.27412223815918,9798400
2015-01-07,20.645000457763672,21.012500762939453,20.459999084472656,18.953874588012695,7011600
2015-01-08,21.434999465942383,22.09000015258789,21.415000915527344,19.96217918395996,7421200
2015-01-09,22.162500381469727,22.167499542236328,21.235000610351562,19.454633712768555,8158000
2015-01-12,21.514999389648438,21.582500457763672,20.747499465942383,18.999195098876953,7129600
2015-01-13,21.43000030517578,21.834999084472656,20.309999465942383,18.829256057739258,10916400
2015-01-14,20.02750015258789,20.475000381469727,19.707500457763672,18.493913650512695,11448400
2015-01-15,20.637500762939453,20.762500762939453,19.8125,17.995420455932617,11251200
2015-01-16,19.770000457763672,20.6825008392334,19.697500228881836,18.670650482177734,7074400
2015-01-20,20.84749984741211,20.957500457763672,20.177499771118164,18.7997989654541,5662000
2015-01-21,20.575000762939453,21.237499237060547,20.422500610351562,19.092098236083984,6768400
2015-01-22,21.34000015258789,22.049999237060547,20.827499389648438,19.934999465942383,9117600
2015-01-23,21.885000228881836,22.0,21.587499618530273,19.601911544799805,6044400
2015-01-26,21.56999969482422,21.827499389648438,21.28499984741211,19.755992889404297,3482800
2015-01-27,21.0,21.362499237060547,20.612499237060547,18.96294403076172,9183200
2015-01-28,21.362499237060547,21.412500381469727,20.059999465942383,18.22200584411621,8742800
2015-01-29,20.174999237060547,20.770000457763672,19.6875,18.734092712402344,6866800
2015-01-30,20.219999313354492,20.725000381469727,19.799999237060547,18.033939361572266,9065200
2015-02-02,20.09000015258789,20.655000686645508,19.415000915527344,18.677444458007812,6718400
2015-02-03,20.957500457763672,21.514999389648438,20.8174991607666,19.484088897705078,7803600
2015-02-04,21.204999923706055,21.684999465942383,21.094999313354492,19.27336311340332,6949200
2015-02-05,21.512500762939453,21.969999313354492,21.5,19.87154769897461,5912000
2015-02-06,22.040000915527344,22.267499923706055,21.530000686645508,19.676685333251953,6533600
2015-02-09,21.427499771118164,21.75,21.28499984741211,19.420639038085938,5257600
2015-02-10,21.825000762939453,22.202499389648438,21.4950008392334,20.034690856933594,4913600
2015-02-11,22.059999465942383,22.325000762939453,21.795000076293945,20.082273483276367,4178800
2015-02-12,22.469999313354492,22.809999465942383,22.397499084472656,20.641942977905273,4485200
2015-02-13,22.825000762939453,23.084999084472656,22.737499237060547,20.920642852783203,4304400
2015-02-17,22.952499389648438,23.247499465942383,22.850000381469727,21.011272430419922,2864400
2015-02-18,23.02750015258789,23.209999084472656,22.922500610351562,21.0180721282959,2683600
2015-02-19,22.952499389648438,23.270000457763672,22.887500762939453,20.97955322265625,2597200
2015-02-20,22.957500457763672,23.5625,22.71500015258789,21.346620559692383,5070000
2015-02-23,23.452499389648438,23.542499542236328,23.292499542236328,21.337556838989258,2275600
2015-02-24,23.512500762939453,23.815000534057617,23.395000457763672,21.51202392578125,3018400
2015-02-25,23.674999237060547,23.877500534057617,23.542499542236328,21.45311737060547,2923600
2015-02-26,23.639999389648438,23.69499969482422,23.342500686645508,21.373815536499023,2834800
2015-02-27,23.549999237060547,23.642499923706055,23.327499389648438,21.156291961669922,2372800
2015-03-02,23.38249969482422,23.799999237060547,23.362499237060547,21.555078506469727,2714400
2015-03-03,23.610000610351562,23.645000457763672,23.137500762939453,21.285444259643555,4570400
2015-03-04,23.225000381469727,23.27750015258789,22.829999923706055,21.022607803344727,3907200
2015-03-05,23.325000762939453,23.38249969482422,23.065000534057617,21.076976776123047,2823200
2015-03-06,22.905000686645508,23.082500457763672,22.145000457763672,20.191030502319336,6672400
2015-03-09,22.342500686645508,22.6875,22.3125,20.440277099609375,2712800
2015-03-10,22.00749969482422,22.042499542236328,21.454999923706055,19.447832107543945,6690800
2015-03-11,21.552499771118164,21.61750030517578,21.272499084472656,19.302820205688477,4090800
2015-03-12,21.530000686645508,22.137500762939453,21.520000457763672,20.052818298339844,4315600
2015-03-13,22.0,22.0625,21.3075008392334,19.667625427246094,7766400
2015-03-16,21.985000610351562,22.602500915527344,21.97249984741211,20.472000122070312,4949600
2015-03-17,22.267499923706055,22.50749969482422,22.052499771118164,20.274873733520508,4714400
2015-03-18,22.1875,23.434999465942383,21.9375,21.004480361938477,7736800
2015-03-19,23.0,23.114999771118164,22.707500457763672,20.698585510253906,5855600
2015-03-20,23.227500915527344,23.655000686645508,23.200000762939453,21.25145721435547,7083600
2015-03-23,23.462499618530273,23.6825008392334,23.31999969482422,21.135896682739258,3964400
2015-03-24,23.25,23.447500228881836,22.892499923706055,20.76429557800293,3142800
2015-03-25,23.017499923706055,23.102500915527344,21.90250015258789,19.86701774597168,6795600
2015-03-26,21.670000076293945,22.100000381469727,21.387500762939453,19.722002029418945,5020800
2015-03-27,21.709999084472656,21.975000381469727,21.645000457763672,19.839828491210938,3301200
2015-03-30,22.287500381469727,22.8125,22.287500381469727,20.5739688873291,3756400
2015-03-31,22.375,22.649999618530273,22.087499618530273,20.03921890258789,5350000
2015-04-01,22.084999084472656,22.094999313354492,21.487499237060547,19.844362258911133,6756400
2015-04-02,21.825000762939453,22.270000457763672,21.774999618530273,20.005237579345703,2658000
2015-04-06,21.747499465942383,22.737499237060547,21.709999084472656,20.428951263427734,4580800
2015-04-07,22.55500030517578,22.84749984741211,22.34749984741211,20.2635440826416,8103200
2015-04-08,22.459999084472656,22.75,22.292499542236328,20.469736099243164,3964800
2015-04-09,22.537500381469727,22.97249984741211,22.337499618530273,20.75522804260254,3760400
2015-04-10,22.977500915527344,23.270000457763672,22.915000915527344,21.072452545166016,3034800
2015-04-13,23.19499969482422,23.4375,22.927499771118164,20.78695297241211,2737200
2015-04-14,22.907499313354492,23.137500762939453,22.61750030517578,20.902515411376953,3308000
2015-04-15,23.280000686645508,23.575000762939453,23.219999313354492,21.197078704833984,2891600
2015-04-16,23.262500762939453,23.55500030517578,23.172500610351562,21.163089752197266,3704400
2015-04-17,22.875,22.969999313354492,22.24250030517578,20.435747146606445,5562000
2015-04-20,22.922500610351562,23.292499542236328,22.8799991607666,20.984085083007812,3237600
2015-04-21,23.424999237060547,23.487499237060547,22.969999313354492,20.916109085083008,2501600
2015-04-22,23.21500015258789,23.487499237060547,22.854999542236328,21.235593795776367,2893600
2015-04-23,23.270000457763672,23.857500076293945,23.22249984741211,21.376079559326172,3532000
2015-04-24,23.772499084472656,23.854999542236328,23.579999923706055,21.53468894958496,3410400
2015-04-27,23.99250030517578,24.030000686645508,23.387500762939453,21.253725051879883,4161600
2015-04-28,23.457500457763672,23.700000762939453,22.975000381469727,21.448583602905273,3145200
2015-04-29,23.3125,23.625,23.0625,21.19481658935547,4552400
2015-04-30,23.172500610351562,23.315000534057617,22.405000686645508,20.564897537231445,5361600
2015-05-01,23.00749969482422,23.427499771118164,22.954999923706055,21.20160675048828,3911600
2015-05-04,23.584999084472656,23.84000015258789,23.524999618530273,21.40553092956543,2504000
2015-05-05,23.512500762939453,23.655000686645508,22.75,20.65327262878418,5709200
2015-05-06,23.020000457763672,23.135000228881836,22.09749984741211,20.41534996032715,5902800
2015-05-07,22.475000381469727,22.950000762939453,22.352500915527344,20.648738861083984,2841200
2015-05-08,23.420000076293945,23.7549991607666,23.412500381469727,21.455381393432617,5646400
2015-05-11,23.625,23.772499084472656,23.315000534057617,21.14948844909668,2749200
2015-05-12,23.0,23.344999313354492,22.677499771118164,20.950092315673828,4905600
2015-05-13,23.30500030517578,23.552499771118164,23.05500030517578,20.975021362304688,3053600
2015-05-14,23.540000915527344,23.895000457763672,23.43000030517578,21.620786666870117,4100000
2015-05-15,23.90250015258789,23.997499465942383,23.74250030517578,21.693302154541016,2512000
2015-05-18,23.8700008392334,24.264999389648438,23.857500076293945,21.897218704223633,2219200
2015-05-19,24.232500076293945,24.315000534057617,24.022499084472656,21.863239288330078,2594800
2015-05-20,24.1924991607666,24.387500762939453,23.9375,21.817922592163086,3259200
2015-05-21,24.017499923706055,24.375,23.959999084472656,22.012786865234375,2053200
2015-05-22,24.142499923706055,24.30500030517578,24.09000015258789,21.84964370727539,3253200
2015-05-26,23.917499542236328,23.94499969482422,23.174999237060547,21.176681518554688,4937600
2015-05-27,23.53499984741211,24.09000015258789,23.395000457763672,21.743146896362305,3112800
2015-05-28,23.885000228881836,23.962499618530273,23.637500762939453,21.691036224365234,2888800
2015-05-29,23.892499923706055,23.892499923706055,23.360000610351562,21.267314910888672,3533200
2015-06-01,23.74250030517578,23.86750030517578,23.292499542236328,21.391939163208008,3552400
2015-06-02,23.412500381469727,23.815000534057617,23.177499771118164,21.31716537475586,4184000
2015-06-03,23.75,23.977500915527344,23.53499984741211,21.505229949951172,3149200
2015-06-04,23.457500457763672,23.674999237060547,22.9950008392334,20.999942779541016,6186800
2015-06-05,23.082500457763672,23.262500762939453,22.75,20.83680534362793,5020800
2015-06-08,22.954999923706055,23.014999389648438,22.542499542236328,20.460668563842773,3946800
2015-06-09,22.577499389648438,22.770000457763672,22.31999969482422,20.431217193603516,4368000
2015-06-10,22.905000686645508,23.520000457763672,22.827499389648438,21.18121337890625,6863600
2015-06-11,23.549999237060547,23.7450008392334,23.454999923706055,21.3806095123291,3692400
2015-06-12,23.260000228881836,23.315000534057617,22.9424991607666,20.897979736328125,4469600
2015-06-15,22.625,22.864999771118164,22.325000762939453,20.594362258911133,7172800
2015-06-16,22.6875,23.155000686645508,22.622499465942383,20.95462989807129,3422400
2015-06-17,23.260000228881836,23.467500686645508,22.829999923706055,21.054323196411133,6564400
2015-06-18,23.479999542236328,24.137500762939453,23.43000030517578,21.691036224365234,6645200
2015-06-19,23.872499465942383,23.88249969482422,23.50749969482422,21.30583953857422,2579200
2015-06-22,24.010000228881836,24.227500915527344,23.920000076293945,21.743146896362305,4542000
2015-06-23,24.100000381469727,24.174999237060547,23.889999389648438,21.795259475708008,2542000
2015-06-24,23.93000030517578,24.087499618530273,23.520000457763672,21.323963165283203,2460800
2015-06-25,23.72249984741211,23.770000457763672,23.292499542236328,21.12230110168457,2606000
2015-06-26,23.459999084472656,23.532499313354492,23.075000762939453,21.113237380981445,3094800
2015-06-29,22.72249984741211,22.957500457763672,21.8125,19.785446166992188,8873600
2015-06-30,22.4375,22.467500686645508,21.78499984741211,19.932727813720703,9398400
2015-07-01,22.587499618530273,22.655000686645508,22.200000762939453,20.360973358154297,6888800
2015-07-02,22.662500381469727,22.725000381469727,22.260000228881836,20.311119079589844,3220400
2015-07-06,21.912500381469727,22.520000457763672,21.84749984741211,20.145721435546875,4530400
2015-07-07,22.302499771118164,22.690000534057617,21.395000457763672,20.505990982055664,8124800
2015-07-08,22.122499465942383,22.227500915527344,21.417499542236328,19.488616943359375,7502800
2015-07-09,22.287500381469727,22.387500762939453,21.594999313354492,19.58378791809082,6830000
2015-07-10,22.43000030517578,22.579999923706055,22.1200008392334,20.317920684814453,8656400
2015-07-13,22.9375,23.209999084472656,22.897499084472656,20.988618850708008,3820000
2015-07-14,23.165000915527344,23.592500686645508,23.142499923706055,21.265052795410156,5274400
2015-07-15,23.475000381469727,23.665000915527344,23.25749969482422,21.246919631958008,4928000
2015-07-16,23.837499618530273,24.0,23.767499923706055,21.704626083374023,5479600
2015-07-17,24.0,24.082500457763672,23.837499618530273,21.804323196411133,2383600
2015-07-20,24.142499923706055,24.282499313354492,23.97249984741211,21.845109939575195,2951200
2015-07-21,24.030000686645508,24.135000228881836,23.6875,21.57773780822754,3416000
2015-07-22,23.5,23.799999237060547,23.5,21.446321487426758,2295600
2015-07-23,23.747499465942383,23.75,23.137500762939453,21.095109939575195,2962800
2015-07-24,23.315000534057617,23.31999969482422,22.417499542236328,20.435747146606445,6037600
2015-07-27,22.1875,22.399999618530273,21.985000610351562,20.077743530273438,5925600
2015-07-28,22.489999771118164,23.024999618530273,22.15999984741211,20.79828453063965,5798000
2015-07-29,23.010000228881836,23.514999389648438,22.962499618530273,21.235593795776367,5621200
2015-07-30,23.21500015258789,23.512500762939453,22.982500076293945,21.249187469482422,4550800
2015-07-31,23.655000686645508,23.662500381469727,23.229999542236328,21.147228240966797,3224000
2015-08-03,23.31999969482422,23.337499618530273,22.732500076293945,20.931970596313477,3369200
2015-08-04,23.0575008392334,23.25,22.774999618530273,20.796016693115234,3008000
2015-08-05,23.3174991607666,23.600000381469727,23.077499389648438,21.011272430419922,4131600
2015-08-06,23.237499237060547,23.302499771118164,22.387500762939453,20.524118423461914,3630800
2015-08-07,22.572500228881836,22.610000610351562,22.137500762939453,20.381366729736328,4771200
2015-08-10,22.9424991607666,23.364999771118164,22.9424991607666,21.13362693786621,4354800
2015-08-11,22.799999237060547,22.962499618530273,22.397499084472656,20.571691513061523,6183600
2015-08-12,22.162500381469727,22.854999542236328,21.625,20.646474838256836,8799200
2015-08-13,22.727500915527344,22.979999542236328,22.4950008392334,20.55583953857422,6754400
2015-08-14,22.610000610351562,22.962499618530273,22.56999969482422,20.78468894958496,3211200
2015-08-17,22.707500457763672,23.309999465942383,22.524999618530273,21.115503311157227,4848000
2015-08-18,23.22249984741211,23.344999313354492,23.022499084472656,20.934234619140625,3184800
2015-08-19,22.809999465942383,23.114999771118164,22.25,20.438011169433594,10591600
2015-08-20,21.967500686645508,22.190000534057617,21.127500534057617,19.14874267578125,12504800
2015-08-21,20.457500457763672,20.8125,19.13249969482422,17.34059715270996,19191200
2015-08-24,16.292499542236328,18.75,16.0,15.244673728942871,19086800
2015-08-25,18.530000686645508,18.530000686645508,16.13249969482422,14.680475234985352,14598000
2015-08-26,17.46500015258789,18.145000457763672,16.485000610351562,16.40026092529297,14174400
2015-08-27,18.797500610351562,19.43000030517578,18.264999389648438,17.5943660736084,11291600
2015-08-28,19.174999237060547,19.5625,19.00749969482422,17.59663200378418,6908000
2015-08-31,19.077499389648438,19.34749984741211,18.74250030517578,17.150259017944336,6413200
2015-09-01,17.63249969482422,18.092500686645508,16.9325008392334,15.618539810180664,13851200
2015-09-02,18.022499084472656,18.219999313354492,17.40999984741211,16.497692108154297,7672400
2015-09-03,18.420000076293945,18.94499969482422,18.084999084472656,16.518085479736328,9458400
2015-09-04,17.5,17.762500762939453,17.139999389648438,15.786210060119629,8290000
2015-09-08,18.322500228881836,18.770000457763672,18.11750030517578,16.996177673339844,7239600
2015-09-09,19.274999618530273,19.302499771118164,17.84749984741211,16.286964416503906,9210000
2015-09-10,17.88249969482422,18.642499923706055,17.832500457763672,16.5498046875,7876000
2015-09-11,18.11750030517578,18.514999389648438,17.892499923706055,16.774124145507812,5948800
2015-09-14,18.55500030517578,18.5674991607666,18.139999389648438,16.576997756958008,3828000
2015-09-15,18.467500686645508,19.135000228881836,18.31999969482422,17.225025177001953,5943200
2015-09-16,19.06999969482422,19.547500610351562,18.982500076293945,17.666873931884766,8546400
2015-09-17,19.44499969482422,20.264999389648438,19.217500686645508,17.539989471435547,13971600
2015-09-18,18.469999313354492,19.017499923706055,18.270000457763672,16.665363311767578,9870400
2015-09-21,18.6924991607666,19.030000686645508,18.332500457763672,16.925935745239258,7126800
2015-09-22,17.954999923706055,18.1200008392334,17.584999084472656,16.282434463500977,9630400
2015-09-23,18.0,18.174999237060547,17.6875,16.19407081604004,5939200
2015-09-24,17.46500015258789,17.832500457763672,17.032499313354492,16.04225730895996,14954000
2015-09-25,18.157499313354492,18.25,17.375,15.987869262695312,11768800
2015-09-28,17.350000381469727,17.38249969482422,16.225000381469727,14.7733736038208,14869200
2015-09-29,16.415000915527344,16.774999618530273,16.049999237060547,14.814157485961914,10466800
2015-09-30,16.952499389648438,17.3125,16.6924991607666,15.650260925292969,13527200
2015-10-01,17.375,17.49250030517578,16.772499084472656,15.77714729309082,9817200
2015-10-02,16.737499237060547,18.167499542236328,16.575000762939453,16.45464324951172,13874800
2015-10-05,18.56999969482422,19.21500015258789,18.542499542236328,17.342857360839844,13699600
2015-10-06,19.112499237060547,19.292499542236328,18.71500015258789,17.170652389526367,6744400
2015-10-07,19.267499923706055,19.530000686645508,18.854999542236328,17.5943660736084,7870800
2015-10-08,19.267499923706055,20.030000686645508,19.174999237060547,18.07472801208496,8596800
2015-10-09,19.967500686645508,20.135000228881836,19.75,18.09738540649414,5870400
2015-10-12,19.982500076293945,20.092500686645508,19.850000381469727,18.16762351989746,3807200
2015-10-13,19.75749969482422,20.209999084472656,19.579999923706055,17.798290252685547,5470800
2015-10-14,19.604999542236328,19.81999969482422,19.2549991607666,17.537717819213867,6939200
2015-10-15,19.592500686645508,20.247499465942383,19.457500457763672,18.33529281616211,8169600
2015-10-16,20.3799991607666,20.522499084472656,20.1200008392334,18.573217391967773,5782000
2015-10-19,20.309999465942383,20.549999237060547,20.174999237060547,18.61626625061035,4380400
2015-10-20,20.399999618530273,20.6924991607666,20.30500030517578,18.536962509155273,4898000
2015-10-21,20.6299991607666,20.677499771118164,20.02750015258789,18.206146240234375,5779200
2015-10-22,20.424999237060547,21.172500610351562,20.3799991607666,19.110219955444336,7288800
2015-10-23,21.707500457763672,21.93000030517578,21.43000030517578,19.751461029052734,6599600
2015-10-26,21.725000381469727,21.752500534057617,21.510000228881836,19.601911544799805,5123200
2015-10-27,21.397499084472656,21.639999389648438,21.270000457763672,19.490882873535156,5005600
2015-10-28,21.645000457763672,22.25,21.389999389648438,20.157045364379883,7420800
2015-10-29,22.049999237060547,22.342500686645508,22.00749969482422,20.132122039794922,4636400
2015-10-30,22.270000457763672,22.392499923706055,21.852500915527344,19.85342025756836,4356000
2015-11-02,22.02750015258789,22.762500762939453,21.997499465942383,20.551305770874023,3650400
2015-11-03,22.540000915527344,23.104999542236328,22.467500686645508,20.72577476501465,4374400
2015-11-04,23.0,23.049999237060547,22.479999542236328,20.55357551574707,4839600
2015-11-05,22.700000762939453,22.885000228881836,22.272499084472656,20.474266052246094,4829600
2015-11-06,22.467500686645508,22.665000915527344,22.059999465942383,20.44481086730957,6540400
2015-11-09,22.342500686645508,22.389999389648438,21.587499618530273,19.86928367614746,6684800
2015-11-10,21.752500534057617,22.102500915527344,21.65250015258789,19.99616813659668,4207600
2015-11-11,22.200000762939453,22.209999084472656,21.799999237060547,19.758255004882812,7607200
2015-11-12,21.440000534057617,21.607500076293945,20.907499313354492,18.95841407775879,7788400
2015-11-13,20.75,20.850000381469727,20.172500610351562,18.317171096801758,8350800
2015-11-16,20.142499923706055,21.135000228881836,20.100000381469727,19.151002883911133,7519200
2015-11-17,21.235000610351562,21.5674991607666,20.892499923706055,19.087560653686523,10901200
2015-11-18,21.252500534057617,22.125,21.229999542236328,19.99616813659668,7917600
2015-11-19,22.03499984741211,22.1825008392334,21.90999984741211,19.941789627075195,7911600
2015-11-20,22.287500381469727,22.512500762939453,22.114999771118164,20.18876838684082,5368000
2015-11-23,22.274999618530273,22.47249984741211,22.002500534057617,20.08453941345215,4590800
2015-11-24,21.792499542236328,22.420000076293945,21.647499084472656,20.175172805786133,5227200
2015-11-25,22.3174991607666,22.385000228881836,22.157499313354492,20.163843154907227,3293200
2015-11-27,22.27750015258789,22.40250015258789,22.102500915527344,20.236351013183594,2054800
2015-11-30,22.397499084472656,22.440000534057617,22.010000228881836,19.975780487060547,3728000
2015-12-01,22.262500762939453,22.72249984741211,22.1875,20.56037139892578,4857600
2015-12-02,22.65999984741211,22.77750015258789,21.8799991607666,19.90780258178711,6247600
2015-12-03,22.082500457763672,22.165000915527344,20.787500381469727,19.073974609375,7856000
2015-12-04,21.1924991607666,22.389999389648438,21.172500610351562,20.177440643310547,7882800
2015-12-07,22.139999389648438,22.155000686645508,21.5049991607666,19.79904556274414,4985600
2015-12-08,21.290000915527344,21.770000457763672,21.065000534057617,19.34587287902832,5958800
2015-12-09,21.212499618530273,21.969999313354492,20.575000762939453,18.981069564819336,9394800
2015-12-10,20.969999313354492,21.559999465942383,20.862499237060547,19.110219955444336,5587600
2015-12-11,20.327499389648438,20.552499771118164,19.7450008392334,17.999948501586914,13487200
2015-12-14,19.917499542236328,20.1875,19.295000076293945,18.29677963256836,10816000
2015-12-15,20.700000762939453,21.112499237060547,20.645000457763672,18.842853546142578,11924000
2015-12-16,21.217500686645508,21.809999465942383,20.700000762939453,19.64723014831543,14750400
2015-12-17,21.8174991607666,21.844999313354492,20.712499618530273,18.779407501220703,11857600
2015-12-18,20.4375,20.459999084472656,19.537500381469727,17.707658767700195,11700000
2015-12-21,20.030000686645508,20.149999618530273,19.61750030517578,18.194820404052734,7924400
2015-12-22,20.392499923706055,20.727500915527344,20.045000076293945,18.688770294189453,6882400
2015-12-23,20.987499237060547,21.399999618530273,20.952499389648438,19.36626434326172,5789600
2015-12-24,21.27750015258789,21.475000381469727,21.200000762939453,19.259769439697266,2834800
2015-12-28,21.02750015258789,21.137500762939453,20.737499237060547,19.135149002075195,4004800
2015-12-29,21.524999618530273,21.920000076293945,21.522499084472656,19.765050888061523,4634400
2015-12-30,21.704999923706055,21.739999771118164,21.290000915527344,19.34587287902832,3856400
2015-12-31,21.075000762939453,21.3174991607666,20.702499389648438,18.779407501220703,5826800
2016-01-04,19.662500381469727,19.827499389648438,19.09749984741211,17.95690155029297,12571200
2016-01-05,19.957500457763672,20.09000015258789,19.537500381469727,18.07699203491211,7654000
2016-01-06,19.042499542236328,19.53499984741211,18.809999465942383,17.358713150024414,15462000
2016-01-07,18.149999618530273,18.762500762939453,17.662500381469727,16.119293212890625,17905600
2016-01-08,18.077499389648438,18.272499084472656,17.107500076293945,15.589085578918457,14990800
2016-01-11,17.4950008392334,17.59749984741211,16.63249969482422,15.598143577575684,18027600
2016-01-12,17.717500686645508,17.905000686645508,16.985000610351562,15.996939659118652,17508400
2016-01-13,17.8799991607666,17.997499465942383,16.219999313354492,14.820958137512207,17911200
2016-01-14,16.537500381469727,17.489999771118164,16.040000915527344,15.512044906616211,21744400
2016-01-15,15.75,16.290000915527344,15.430000305175781,14.526398658752441,22730400
2016-01-19,16.600000381469727,16.622499465942383,15.630000114440918,14.587575912475586,15717600
2016-01-20,15.322500228881836,15.947500228881836,14.295000076293945,14.066428184509277,29300800
2016-01-21,15.642499923706055,16.274999618530273,15.227499961853027,14.238631248474121,19535200
2016-01-22,16.514999389648438,16.7549991607666,16.290000915527344,15.117783546447754,13151600
2016-01-25,16.552499771118164,16.600000381469727,15.880000114440918,14.431231498718262,10864000
2016-01-26,16.125,16.665000915527344,16.049999237060547,15.020354270935059,8575200
2016-01-27,16.424999237060547,16.9424991607666,15.772500038146973,14.530928611755371,12104800
2016-01-28,16.524999618530273,16.575000762939453,15.800000190734863,14.766578674316406,9376800
2016-01-29,16.514999389648438,17.487499237060547,16.487499237060547,15.836064338684082,10500000
2016-02-01,17.155000686645508,17.71500015258789,16.975000381469727,15.842856407165527,10630400
2016-02-02,16.9950008392334,17.00749969482422,16.357500076293945,14.977303504943848,12135600
2016-02-03,16.857500076293945,16.93000030517578,15.727499961853027,15.21975326538086,27986400
2016-02-04,16.65999984741211,17.19499969482422,16.46500015258789,15.299052238464355,12856400
2016-02-05,16.7450008392334,16.747499465942383,15.727499961853027,14.431231498718262,13445600
2016-02-08,15.369999885559082,15.444999694824219,14.617500305175781,13.848907470703125,17973200
2016-02-09,14.755000114440918,15.654999732971191,14.734999656677246,13.830781936645508,15032400
2016-02-10,15.517499923706055,15.992500305175781,15.202500343322754,13.81038761138916,13284400
2016-02-11,14.494999885559082,14.9399995803833,14.21500015258789,13.305102348327637,22600000
2016-02-12,15.162500381469727,15.557499885559082,14.907500267028809,14.095882415771484,11355200
2016-02-16,16.094999313354492,16.334999084472656,15.797499656677246,14.796035766601562,8840400
2016-02-17,16.674999237060547,17.247499465942383,16.655000686645508,15.523377418518066,12123600
2016-02-18,17.217500686645508,17.237499237060547,16.81999969482422,15.328511238098145,7638000
2016-02-19,16.677499771118164,16.940000534057617,16.485000610351562,15.326244354248047,8191600
2016-02-22,17.392499923706055,17.674999237060547,17.3700008392334,15.96748161315918,6660400
2016-02-23,17.412500381469727,17.502500534057617,16.93000030517578,15.396482467651367,9436800
2016-02-24,16.4950008392334,17.282499313354492,16.167499542236328,15.582283020019531,12216000
2016-02-25,17.337499618530273,17.815000534057617,17.092500686645508,16.13968849182129,8596000
2016-02-26,18.125,18.1299991607666,17.639999389648438,16.03999137878418,11120000
2016-02-29,17.704999923706055,18.0,17.22249984741211,15.609471321105957,8311600
2016-03-01,17.667499542236328,18.514999389648438,17.520000457763672,16.77185821533203,10162000
2016-03-02,18.399999618530273,18.760000228881836,18.252500534057617,16.98712158203125,7800000
2016-03-03,18.6825008392334,18.962499618530273,18.49250030517578,17.179712295532227,6951600
2016-03-04,19.024999618530273,19.405000686645508,18.74250030517578,17.35192108154297,9289600
2016-03-07,18.827499389648438,19.325000762939453,18.8125,17.385908126831055,7954000
2016-03-08,18.81999969482422,18.997499465942383,18.50749969482422,16.808115005493164,8099600
2016-03-09,18.832500457763672,18.94499969482422,18.56999969482422,17.070953369140625,6207200
2016-03-10,19.00749969482422,19.309999465942383,18.267499923706055,17.107206344604492,14479200
2016-03-11,19.362499237060547,19.802499771118164,19.329999923706055,17.925182342529297,10012000
2016-03-14,19.602500915527344,19.872499465942383,19.487499237060547,17.859468460083008,5594000
2016-03-15,19.36750030517578,19.625,19.292499542236328,17.784696578979492,5678000
2016-03-16,19.454999923706055,20.094999313354492,19.4325008392334,18.08832550048828,7802400
2016-03-17,19.917499542236328,20.510000228881836,19.787500381469727,18.423667907714844,7389200
2016-03-18,20.547500610351562,20.690000534057617,20.399999618530273,18.63666343688965,6504400
2016-03-21,20.497499465942383,20.737499237060547,20.395000457763672,18.72955894470215,4593600
2016-03-22,20.389999389648438,20.825000762939453,20.329999923706055,18.695571899414062,5630800
2016-03-23,20.50749969482422,20.552499771118164,20.157499313354492,18.33529281616211,5944400
2016-03-24,19.850000381469727,20.200000762939453,19.770000457763672,18.308109283447266,5726000
2016-03-28,20.334999084472656,20.399999618530273,20.0625,18.330766677856445,3621600
2016-03-29,20.075000762939453,20.809999465942383,19.967500686645508,18.851913452148438,5518000
2016-03-30,21.13249969482422,21.30500030517578,20.924999237060547,19.098896026611328,5030400
2016-03-31,21.00749969482422,21.167499542236328,20.84000015258789,18.94028091430664,3536400
2016-04-01,20.5049991607666,21.385000228881836,20.427499771118164,19.30735206604004,4876800
2016-04-04,21.30500030517578,21.357500076293945,21.002500534057617,19.13287925720215,3062400
2016-04-05,20.6200008392334,20.797500610351562,20.389999389648438,18.566415786743164,6418400
2016-04-06,20.4950008392334,21.167499542236328,20.417499542236328,19.160070419311523,6882400
2016-04-07,20.7549991607666,20.877500534057617,20.1299991607666,18.475784301757812,8108800
2016-04-08,20.802499771118164,20.950000762939453,20.362499237060547,18.63439178466797,6663600
2016-04-11,20.782499313354492,21.017499923706055,20.372499465942383,18.48710823059082,6125600
2016-04-12,20.459999084472656,21.0674991607666,20.3174991607666,19.019588470458984,6766800
2016-04-13,21.299999237060547,21.637500762939453,21.25,19.576988220214844,6755600
2016-04-14,21.649999618530273,21.787500381469727,21.482500076293945,19.59284782409668,3907200
2016-04-15,21.602500915527344,21.635000228881836,21.415000915527344,19.515810012817383,2482000
2016-04-18,21.322500228881836,21.9950008392334,21.290000915527344,19.92819595336914,4456400
2016-04-19,22.137500762939453,22.287500381469727,21.889999389648438,20.111730575561523,4188800
2016-04-20,22.202499389648438,22.512500762939453,22.032499313354492,20.161575317382812,3657200
2016-04-21,22.25,22.299999237060547,21.792499542236328,19.842092514038086,5027600
2016-04-22,21.762500762939453,21.982500076293945,21.5625,19.851154327392578,4210000
2016-04-25,21.665000915527344,21.780000686645508,21.4424991607666,19.740129470825195,4736400
2016-04-26,21.934999465942383,22.05500030517578,21.702499389648438,19.84889030456543,2966800
2016-04-27,21.747499465942383,22.15250015258789,21.600000381469727,19.941789627075195,4423200
2016-04-28,21.732500076293945,22.135000228881836,21.25,19.402515411376953,7452000
2016-04-29,21.170000076293945,21.299999237060547,20.657499313354492,19.087560653686523,8393600
2016-05-02,21.262500762939453,21.6200008392334,21.082500457763672,19.533939361572266,4671600
2016-05-03,21.112499237060547,21.1875,20.719999313354492,19.03318214416504,5110800
2016-05-04,20.59000015258789,20.895000457763672,20.462499618530273,18.7114315032959,6275600
2016-05-05,20.827499389648438,20.927499771118164,20.477500915527344,18.691043853759766,5004000
2016-05-06,20.362499237060547,20.860000610351562,20.295000076293945,18.89949607849121,5840000
2016-05-09,20.8075008392334,21.042499542236328,20.737499237060547,18.95614242553711,4610400
2016-05-10,21.147499084472656,21.674999237060547,21.125,19.624570846557617,4244800
2016-05-11,21.4950008392334,21.627500534057617,21.0674991607666,19.123815536499023,5992400
2016-05-12,21.3075008392334,21.36750030517578,20.717500686645508,19.105693817138672,5446000
2016-05-13,20.957500457763672,21.157499313354492,20.417499542236328,18.60040855407715,6476800
2016-05-16,20.575000762939453,21.295000076293945,20.56999969482422,19.139677047729492,5204400
2016-05-17,21.022499084472656,21.135000228881836,20.350000381469727,18.641189575195312,6536000
2016-05-18,20.389999389648438,20.96500015258789,20.172500610351562,18.641189575195312,8466400
2016-05-19,20.327499389648438,20.4375,19.907499313354492,18.444059371948242,7958000
2016-05-20,20.56999969482422,20.899999618530273,20.540000915527344,18.763545989990234,4043600
2016-05-23,20.719999313354492,20.822500228881836,20.5625,18.70690155029297,3386000
2016-05-24,20.917499542236328,21.545000076293945,20.917499542236328,19.431970596313477,5690400
2016-05-25,21.674999237060547,22.024999618530273,21.670000076293945,19.801307678222656,5123200
2016-05-26,21.9375,22.0,21.774999618530273,19.83530044555664,2695200
2016-05-27,21.94499969482422,22.157499313354492,21.927499771118164,20.077743530273438,2528400
2016-05-31,22.262500762939453,22.309999465942383,21.834999084472656,19.984844207763672,4244400
2016-06-01,21.8075008392334,22.235000610351562,21.739999771118164,20.093603134155273,3289600
2016-06-02,22.030000686645508,22.375,21.844999313354492,20.272605895996094,3242800
2016-06-03,22.170000076293945,22.299999237060547,21.717500686645508,20.104934692382812,6862000
2016-06-06,22.302499771118164,22.637500762939453,22.25,20.397228240966797,4921600
2016-06-07,22.572500228881836,22.81999969482422,22.55500030517578,20.4856014251709,3073600
2016-06-08,22.672500610351562,22.875,22.622499465942383,20.68045997619629,3115600
2016-06-09,22.549999237060547,22.782499313354492,22.452499389648438,20.607954025268555,3858800
2016-06-10,22.197500228881836,22.337499618530273,21.88249969482422,20.03015899658203,6922800
2016-06-13,21.84749984741211,22.177499771118164,21.542499542236328,19.55206298828125,5588800
2016-06-14,21.420000076293945,21.657499313354492,21.092500686645508,19.42744255065918,6336800
2016-06-15,21.434999465942383,21.799999237060547,21.27750015258789,19.34360694885254,6995200
2016-06-16,21.042499542236328,21.600000381469727,20.68000030517578,19.542993545532227,8201600
2016-06-17,21.5,21.5049991607666,21.0674991607666,19.302820205688477,7283200
2016-06-20,22.024999618530273,22.25,21.677499771118164,19.65856170654297,5210000
2016-06-21,21.940000534057617,22.037500381469727,21.684999465942383,19.837560653686523,3280800
2016-06-22,21.94499969482422,22.22249984741211,21.732500076293945,19.71746826171875,3946400
2016-06-23,22.292499542236328,22.635000228881836,22.147499084472656,20.50372314453125,4851600
2016-06-24,20.28499984741211,21.375,20.030000686645508,18.28091812133789,14501600
2016-06-27,19.707500457763672,19.719999313354492,18.832500457763672,17.281673431396484,13004000
2016-06-28,19.655000686645508,20.13249969482422,19.540000915527344,18.181222915649414,13388400
2016-06-29,20.625,21.232500076293945,20.59000015258789,19.171396255493164,11790400
2016-06-30,21.3075008392334,22.040000915527344,21.122499465942383,19.930458068847656,8538400
2016-07-01,21.985000610351562,22.334999084472656,21.975000381469727,20.04375648498535,5926800
2016-07-05,21.850000381469727,21.88249969482422,21.450000762939453,19.66082191467285,5652400
2016-07-06,21.487499237060547,22.107500076293945,21.2549991607666,19.989368438720703,8422000
2016-07-07,22.15250015258789,22.375,21.74250030517578,19.93952751159668,4572400
2016-07-08,22.5,23.087499618530273,22.40999984741211,20.852663040161133,5956400
2016-07-11,23.19499969482422,23.454999923706055,23.102500915527344,21.07018280029297,7207200
2016-07-12,23.625,23.860000610351562,23.524999618530273,21.51202392578125,3888000
2016-07-13,23.90250015258789,23.924999237060547,23.5575008392334,21.52109146118164,3981200
2016-07-14,24.2450008392334,24.315000534057617,23.987499237060547,21.86550521850586,3817600
2016-07-15,24.3700008392334,24.3700008392334,23.857500076293945,21.772600173950195,3570800
2016-07-18,24.075000762939453,24.287500381469727,23.985000610351562,21.960670471191406,3135600
2016-07-19,24.052499771118164,24.162500381469727,23.96500015258789,21.872297286987305,5678000
2016-07-20,24.327499389648438,24.542499542236328,24.165000915527344,22.16232681274414,2963600
2016-07-21,24.397499084472656,24.487499237060547,23.99250030517578,21.894956588745117,2946000
2016-07-22,24.252500534057617,24.512500762939453,24.114999771118164,22.18951988220215,2502800
2016-07-25,24.405000686645508,24.422500610351562,24.06999969482422,22.015052795410156,4178000
2016-07-26,24.25,24.457500457763672,23.99250030517578,22.030906677246094,3252000
2016-07-27,24.469999313354492,24.5,23.9375,21.96973419189453,4436400
2016-07-28,24.190000534057617,24.4424991607666,23.982500076293945,22.042234420776367,3035200
2016-07-29,24.229999542236328,24.582500457763672,24.112499237060547,22.16232681274414,3334800
2016-08-01,24.479999542236328,24.614999771118164,24.19499969482422,22.071697235107422,3550400
2016-08-02,24.264999389648438,24.334999084472656,23.577499389648438,21.661577224731445,4800800
2016-08-03,23.8700008392334,24.1299991607666,23.767499923706055,21.851911544799805,4232400
2016-08-04,24.15999984741211,24.3075008392334,23.9950008392334,21.91535186767578,3210800
2016-08-05,24.457500457763672,24.790000915527344,24.407499313354492,22.461423873901367,3714000
2016-08-08,24.857500076293945,24.892499923706055,24.6299991607666,22.420635223388672,1892000
2016-08-09,24.762500762939453,24.969999313354492,24.655000686645508,22.454620361328125,2493600
2016-08-10,24.829999923706055,24.850000381469727,24.450000762939453,22.293746948242188,2476000
2016-08-11,24.815000534057617,25.030000686645508,24.69499969482422,22.60417366027832,3703600
2016-08-12,24.809999465942383,24.94499969482422,24.707500457763672,22.531665802001953,3075200
2016-08-15,25.002500534057617,25.21500015258789,25.002500534057617,22.751449584960938,1999600
2016-08-16,24.907499313354492,24.934999465942383,24.6924991607666,22.388912200927734,2612400
2016-08-17,24.700000762939453,24.8799991607666,24.364999771118164,22.490875244140625,5244800
2016-08-18,24.802499771118164,25.0,24.764999389648438,22.658550262451172,1747600
2016-08-19,24.799999237060547,24.9424991607666,24.607500076293945,22.545257568359375,2480800
2016-08-22,24.780000686645508,24.954999923706055,24.627500534057617,22.536197662353516,3160800
2016-08-23,25.112499237060547,25.227500915527344,24.99250030517578,22.65628433227539,2220000
2016-08-24,24.96500015258789,24.997499465942383,24.462499618530273,22.345867156982422,2969200
2016-08-25,24.477500915527344,24.739999771118164,24.420000076293945,22.264293670654297,2613600
2016-08-26,24.637500762939453,25.042499542236328,24.082500457763672,22.13966941833496,7179200
2016-08-29,24.49250030517578,24.892499923706055,24.475000381469727,22.463687896728516,2393600
2016-08-30,24.75749969482422,24.862499237060547,24.450000762939453,22.348133087158203,4769200
2016-08-31,24.545000076293945,24.579999923706055,24.149999618530273,22.16232681274414,4132800
2016-09-01,24.452499389648438,24.575000762939453,24.0,22.16912269592285,4662400
2016-09-02,24.770000457763672,24.952499389648438,24.5625,22.456890106201172,4949600
2016-09-06,24.905000686645508,25.024999618530273,24.607500076293945,22.669879913330078,4488400
2016-09-07,24.940000534057617,25.0674991607666,24.7549991607666,22.665346145629883,3725600
2016-09-08,24.864999771118164,24.969999313354492,24.702499389648438,22.497676849365234,3178400
2016-09-09,24.302499771118164,24.309999465942383,23.022499084472656,20.868526458740234,8130800
2016-09-12,22.7549991607666,24.174999237060547,22.709999084472656,21.779401779174805,8086800
2016-09-13,23.532499313354492,23.6200008392334,22.747499465942383,20.832271575927734,9060400
2016-09-14,23.0,23.454999923706055,22.737499237060547,20.793746948242188,5171600
2016-09-15,22.889999389648438,23.78499984741211,22.832500457763672,21.423662185668945,5882000
2016-09-16,23.399999618530273,23.46500015258789,23.09749984741211,21.16082191467285,4321600
2016-09-19,23.6200008392334,23.854999542236328,23.25,21.17894744873047,6420800
2016-09-20,23.697500228881836,23.7549991607666,23.364999771118164,21.18800926208496,3504800
2016-09-21,23.639999389648438,24.227500915527344,23.38249969482422,21.883634567260742,6676400
2016-09-22,24.5625,24.729999542236328,24.459999084472656,22.296010971069336,4320800
2016-09-23,24.454999923706055,24.502500534057617,24.172500610351562,21.931211471557617,3593200
2016-09-26,23.889999389648438,23.94499969482422,23.542499542236328,21.412330627441406,6629200
2016-09-27,23.5575008392334,24.087499618530273,23.412500381469727,21.802059173583984,3959200
2016-09-28,24.147499084472656,24.462499618530273,23.762500762939453,22.128347396850586,4882800
2016-09-29,24.329999923706055,24.477500915527344,23.545000076293945,21.505229949951172,8038800
2016-09-30,24.049999237060547,24.537500381469727,23.962499618530273,22.019582748413086,5385600
2016-10-03,24.104999542236328,24.172500610351562,23.84749984741211,21.811120986938477,3846000
2016-10-04,24.135000228881836,24.22249984741211,23.489999771118164,21.523357391357422,5207600
2016-10-05,23.96500015258789,24.204999923706055,23.9375,21.772600173950195,3939200
2016-10-06,23.94499969482422,24.162500381469727,23.732500076293945,21.83378028869629,2600800
2016-10-07,24.1825008392334,24.252500534057617,23.549999237060547,21.609460830688477,5418400
2016-10-10,24.190000534057617,24.3799991607666,24.137500762939453,21.922143936157227,4122400
2016-10-11,24.037500381469727,24.049999237060547,23.0,21.12230110168457,8120000
2016-10-12,23.332500457763672,23.56999969482422,23.15250015258789,21.19481658935547,5792800
2016-10-13,22.8700008392334,23.332500457763672,22.55500030517578,20.986351013183594,5972000
2016-10-14,23.512500762939453,23.684999465942383,23.145000457763672,20.99541664123535,5942000
2016-10-17,23.15250015258789,23.25,22.857500076293945,20.78695297241211,4492400
2016-10-18,23.52750015258789,23.547500610351562,23.21500015258789,21.147228240966797,5958000
2016-10-19,23.44499969482422,23.649999618530273,23.322500228881836,21.321701049804688,2146000
2016-10-20,23.40250015258789,23.614999771118164,23.149999618530273,21.208402633666992,4296400
2016-10-21,23.102500915527344,23.462499618530273,23.03499984741211,21.235593795776367,3824800
2016-10-24,23.75,23.864999771118164,23.594999313354492,21.48710060119629,4127200
2016-10-25,23.65999984741211,23.752500534057617,23.424999237060547,21.30583953857422,5372000
2016-10-26,23.1825008392334,23.565000534057617,23.079999923706055,21.165355682373047,4628000
2016-10-27,23.627500534057617,23.627500534057617,23.127500534057617,20.99087905883789,3555600
2016-10-28,23.149999618530273,23.395000457763672,22.6825008392334,20.793746948242188,7927200
2016-10-31,23.077499389648438,23.149999618530273,22.88249969482422,20.773361206054688,3772400
2016-11-01,23.047500610351562,23.077499389648438,21.982500076293945,20.34737777709961,8182000
2016-11-02,22.322500228881836,22.46500015258789,21.875,19.964447021484375,5886400
2016-11-03,22.102500915527344,22.190000534057617,21.635000228881836,19.697078704833984,6000800
2016-11-04,21.780000686645508,22.072500228881836,21.610000610351562,19.613243103027344,4517600
2016-11-07,22.5625,23.094999313354492,22.50749969482422,20.897979736328125,6525200
2016-11-08,22.9424991607666,23.612499237060547,22.832500457763672,21.190277099609375,6892000
2016-11-09,22.790000915527344,24.3700008392334,22.790000915527344,21.870031356811523,10286800
2016-11-10,24.46500015258789,24.77750015258789,23.7450008392334,22.01051139831543,8039600
2016-11-11,24.02750015258789,24.227500915527344,23.774999618530273,21.885889053344727,5265200
2016-11-14,24.342500686645508,24.422500610351562,23.897499084472656,21.919883728027344,4454000
2016-11-15,24.344999313354492,24.75,24.262500762939453,22.420635223388672,5878000
2016-11-16,24.524999618530273,24.704999923706055,24.467500686645508,22.33453369140625,2623600
2016-11-17,24.684999465942383,25.017499923706055,24.637500762939453,22.644956588745117,3218000
2016-11-18,25.020000457763672,25.079999923706055,24.7549991607666,22.490875244140625,2643600
2016-11-21,25.0575008392334,25.392499923706055,24.997499465942383,22.987092971801758,2594400
2016-11-22,25.517499923706055,25.604999542236328,25.239999771118164,23.13890838623047,4909200
2016-11-23,25.31999969482422,25.59000015258789,25.239999771118164,23.181962966918945,2710400
2016-11-25,25.712499618530273,25.857500076293945,25.6825008392334,23.428939819335938,2276000
2016-11-28,25.725000381469727,25.825000762939453,25.4424991607666,23.10492515563965,2604000
2016-11-29,25.49250030517578,25.8125,25.36750030517578,23.220483779907227,2066800
2016-11-30,25.887500762939453,25.947500228881836,25.40999984741211,23.032411575317383,4189600
2016-12-01,25.55500030517578,25.5575008392334,25.020000457763672,22.796768188476562,3791200
2016-12-02,25.184999465942383,25.38249969482422,25.049999237060547,22.821693420410156,2244800
2016-12-05,25.532499313354492,25.787500381469727,25.447500228881836,23.215953826904297,3278800
2016-12-06,25.719999313354492,25.899999618530273,25.524999618530273,23.451597213745117,2393600
2016-12-07,25.822500228881836,26.924999237060547,25.77750015258789,24.36927032470703,3237600
2016-12-08,26.897499084472656,27.295000076293945,26.78499984741211,24.564136505126953,3366800
2016-12-09,27.200000762939453,27.587499618530273,27.174999237060547,25.003711700439453,3374800
2016-12-12,27.545000076293945,27.75,27.315000534057617,24.91307830810547,3563200
2016-12-13,27.760000228881836,28.252500534057617,27.760000228881836,25.38890838623047,4048000
2016-12-14,27.90999984741211,28.225000381469727,27.157499313354492,24.792987823486328,6147200
2016-12-15,27.457500457763672,28.03499984741211,27.385000228881836,25.08754539489746,4765200
2016-12-16,27.857500076293945,27.905000686645508,27.385000228881836,24.94932746887207,4379200
2016-12-19,27.610000610351562,27.875,27.53499984741211,25.085283279418945,2588000
2016-12-20,27.9325008392334,28.075000762939453,27.829999923706055,25.377574920654297,2748000
2016-12-21,27.969999313354492,28.022499084472656,27.780000686645508,25.18724822998047,2390000
2016-12-22,27.712499618530273,27.75749969482422,27.46500015258789,25.053560256958008,3383200
2016-12-23,27.635000228881836,27.737499237060547,27.552499771118164,25.121538162231445,2654000
2016-12-27,27.832500457763672,28.102500915527344,27.827499389648438,25.302806854248047,1785200
2016-12-28,28.032499313354492,28.042499542236328,27.202499389648438,24.71821403503418,2704800
2016-12-29,27.27750015258789,27.422500610351562,27.040000915527344,24.675159454345703,3390800
2016-12-30,27.362499237060547,27.38249969482422,26.625,24.414592742919922,4903600
2017-01-03,27.467500686645508,27.7450008392334,27.049999237060547,24.931201934814453,3557200
2017-01-04,27.65250015258789,28.077499389648438,27.65250015258789,25.373044967651367,3548800
2017-01-05,27.907499313354492,28.017499923706055,27.614999771118164,25.31413459777832,3352000
2017-01-06,28.002500534057617,28.4375,27.764999389648438,25.599632263183594,3386800
2017-01-09,28.13249969482422,28.1875,27.947500228881836,25.357187271118164,1995600
2017-01-10,27.975000381469727,28.31999969482422,27.792499542236328,25.334524154663086,2475600
2017-01-11,27.920000076293945,28.184999465942383,27.637500762939453,25.545251846313477,3181600
2017-01-12,27.975000381469727,28.059999465942383,27.392499923706055,25.361717224121094,3253200
2017-01-13,28.052499771118164,28.28499984741211,28.030000686645508,25.52259063720703,2795600
2017-01-17,27.875,28.05500030517578,27.697500228881836,25.248424530029297,2405600
2017-01-18,27.959999084472656,28.049999237060547,27.732500076293945,25.41156578063965,1934800
2017-01-19,28.075000762939453,28.125,27.540000915527344,25.139663696289062,2534800
2017-01-20,28.0049991607666,28.232500076293945,27.774999618530273,25.38663673400879,3196800
2017-01-23,27.8799991607666,28.042499542236328,27.477500915527344,25.20537567138672,3571600
2017-01-24,27.885000228881836,28.5,27.842500686645508,25.674400329589844,2754000
2017-01-25,28.732500076293945,29.065000534057617,28.670000076293945,26.311113357543945,3774400
2017-01-26,29.0,29.112499237060547,28.857500076293945,26.24993324279785,3257200
2017-01-27,28.997499465942383,29.0625,28.75,26.14569854736328,2080800
2017-01-30,28.524999618530273,28.532499313354492,27.86750030517578,25.67214012145996,4163600
2017-01-31,28.077499389648438,28.295000076293945,27.829999923706055,25.638151168823242,2991200
2017-02-01,28.552499771118164,28.667499542236328,28.0625,25.67214012145996,3903200
2017-02-02,28.155000686645508,28.482500076293945,28.00749969482422,25.690261840820312,2627200
2017-02-03,28.735000610351562,29.010000228881836,28.612499237060547,26.220470428466797,3748400
2017-02-06,28.75749969482422,28.922500610351562,28.639999389648438,26.09811782836914,2288400
2017-02-07,28.954999923706055,29.047500610351562,28.697500228881836,26.09811782836914,2212400
2017-02-08,28.65250015258789,28.940000534057617,28.549999237060547,26.184221267700195,1586400
2017-02-09,29.012500762939453,29.532499313354492,28.9950008392334,26.64645767211914,2447600
2017-02-10,29.559999465942383,29.842500686645508,29.522499084472656,26.95461082458496,2306800
2017-02-13,29.977500915527344,30.34000015258789,29.96500015258789,27.382856369018555,2523200
2017-02-14,30.155000686645508,30.604999542236328,29.989999771118164,27.738601684570312,2172000
2017-02-15,30.5,31.149999618530273,30.475000381469727,28.146451950073242,2554800
2017-02-16,31.0674991607666,31.155000686645508,30.649999618530273,28.09433937072754,3195600
2017-02-17,30.674999237060547,31.107500076293945,30.667499542236328,28.19403648376465,2228400
2017-02-21,31.297500610351562,31.747499465942383,31.28499984741211,28.68572425842285,2732000
2017-02-22,31.487499237060547,31.690000534057617,31.412500381469727,28.642675399780273,2665600
2017-02-23,31.850000381469727,31.850000381469727,31.302499771118164,28.69252586364746,3489200
2017-02-24,31.232500076293945,31.787500381469727,31.227500915527344,28.810346603393555,2390800
2017-02-27,31.735000610351562,31.97249984741211,31.602500915527344,28.916841506958008,3122400
2017-02-28,31.732500076293945,31.832500457763672,31.4375,28.681190490722656,2719600
2017-03-01,32.415000915527344,33.189998626708984,32.412498474121094,29.870773315429688,3872000
2017-03-02,32.88249969482422,32.88750076293945,32.32500076293945,29.340557098388672,3061600
2017-03-03,32.3125,32.47999954223633,32.127498626708984,29.385879516601562,3098400
2017-03-06,32.02000045776367,32.275001525878906,31.829999923706055,29.111709594726562,2941600
2017-03-07,31.969999313354492,32.130001068115234,31.725000381469727,28.864730834960938,3066800
2017-03-08,31.957500457763672,32.06999969482422,31.575000762939453,28.697050094604492,4086000
2017-03-09,31.690000534057617,31.905000686645508,31.3075008392334,28.774093627929688,3416000
2017-03-10,32.20750045776367,32.217498779296875,31.65250015258789,29.052797317504883,3942400
2017-03-13,32.05500030517578,32.13750076293945,31.899999618530273,29.10264015197754,1491200
2017-03-14,31.864999771118164,31.877500534057617,31.46500015258789,28.765029907226562,3264400
2017-03-15,32.025001525878906,32.75749969482422,31.90999984741211,29.48557472229004,4504800
2017-03-16,32.654998779296875,32.66999816894531,32.224998474121094,29.365488052368164,5068000
2017-03-17,32.51750183105469,32.58000183105469,32.212501525878906,29.195545196533203,2408400
2017-03-20,32.185001373291016,32.32500076293945,31.915000915527344,29.082252502441406,2757600
2017-03-21,32.375,32.432498931884766,30.799999237060547,27.987842559814453,6515200
2017-03-22,30.875,31.190000534057617,30.584999084472656,28.141923904418945,3771200
2017-03-23,30.962499618530273,31.477500915527344,30.799999237060547,28.06035041809082,3348000
2017-03-24,31.112499237060547,31.352500915527344,30.542499542236328,28.01729965209961,4364000
2017-03-27,30.114999771118164,30.90999984741211,30.0,27.89720916748047,3237600
2017-03-28,30.655000686645508,31.637500762939453,30.6200008392334,28.488601684570312,2798800
2017-03-29,31.334999084472656,31.649999618530273,31.217500686645508,28.606420516967773,2466800
2017-03-30,31.512500762939453,31.93000030517578,31.4424991607666,28.833005905151367,2553600
2017-03-31,31.667499542236328,31.905000686645508,31.579999923706055,28.629077911376953,2183200
2017-04-03,31.649999618530273,31.712499618530273,30.864999771118164,28.515792846679688,4154400
2017-04-04,31.28499984741211,31.524999618530273,31.127500534057617,28.56110191345215,4488400
2017-04-05,31.792499542236328,32.255001068115234,31.122499465942383,28.25974464416504,4515200
2017-04-06,31.267499923706055,31.69499969482422,31.092500686645508,28.49992561340332,1854400
2017-04-07,31.334999084472656,31.674999237060547,31.142499923706055,28.42288589477539,1834000
2017-04-10,31.415000915527344,31.774999618530273,31.174999237060547,28.456878662109375,2067600
2017-04-11,31.232500076293945,31.332500457763672,30.61750030517578,28.370771408081055,2908800
2017-04-12,31.172500610351562,31.252500534057617,30.782499313354492,28.010499954223633,2782800
2017-04-13,30.725000381469727,31.052499771118164,30.297500610351562,27.46442985534668,4100400
2017-04-17,30.517499923706055,31.072500228881836,30.422500610351562,28.157777786254883,2580400
2017-04-18,30.75749969482422,31.037500381469727,30.482500076293945,27.90854263305664,3318800
2017-04-19,31.049999237060547,31.207500457763672,30.524999618530273,27.758995056152344,2571600
2017-04-20,30.8799991607666,31.55500030517578,30.752500534057617,28.411556243896484,2454400
2017-04-21,31.30500030517578,31.327499389648438,30.8700008392334,28.1351261138916,2192000
2017-04-24,32.087501525878906,32.162498474121094,31.852500915527344,29.039199829101562,2588400
2017-04-25,32.372501373291016,32.782501220703125,32.32500076293945,29.553546905517578,2329600
2017-04-26,32.61750030517578,33.025001525878906,32.54499816894531,29.530887603759766,2221600
2017-04-27,32.717498779296875,32.779998779296875,32.3849983215332,29.601137161254883,2266400
2017-04-28,32.779998779296875,32.779998779296875,32.3650016784668,29.4017391204834,2041200
2017-05-01,32.630001068115234,32.86000061035156,32.459999084472656,29.573944091796875,1042100
2017-05-02,32.75,32.779998779296875,32.5,29.637388229370117,1100100
2017-05-03,32.47999954223633,32.65999984741211,32.25,29.492382049560547,2750700
2017-05-04,32.709999084472656,32.720001220703125,32.279998779296875,29.592071533203125,1366700
2017-05-05,32.849998474121094,33.040000915527344,32.63999938964844,29.945537567138672,1258800
2017-05-08,33.08000183105469,33.130001068115234,32.83000183105469,29.954607009887695,1425200
2017-05-09,33.18000030517578,33.25,32.77000045776367,29.88210105895996,1749800
2017-05-10,32.91999816894531,33.11000061035156,32.81999969482422,30.008987426757812,699300
2017-05-11,32.90999984741211,32.97999954223633,32.400001525878906,29.845842361450195,1253200
2017-05-12,32.779998779296875,32.83000183105469,32.599998474121094,29.69176483154297,723000
2017-05-15,32.91999816894531,33.31999969482422,32.90999984741211,30.10867691040039,1409300
2017-05-16,33.40999984741211,33.41999816894531,32.9900016784668,30.054302215576172,1256900
2017-05-17,32.33000183105469,32.56999969482422,31.3799991607666,28.495397567749023,3034600
2017-05-18,31.329999923706055,32.16999816894531,31.260000228881836,28.78542709350586,2075500
2017-05-19,32.0099983215332,32.689998626708984,31.979999542236328,29.32923126220703,1548900
2017-05-22,32.61000061035156,32.95000076293945,32.59000015258789,29.79146385192871,1140900
2017-05-23,33.040000915527344,33.16999816894531,32.880001068115234,29.981792449951172,1872200
2017-05-24,33.209999084472656,33.369998931884766,33.060001373291016,30.181188583374023,943600
2017-05-25,33.59000015258789,33.939998626708984,33.470001220703125,30.607179641723633,1614300
2017-05-26,33.7400016784668,33.84000015258789,33.66999816894531,30.634363174438477,885800
2017-05-30,33.630001068115234,33.79999923706055,33.540000915527344,30.543724060058594,559000
2017-05-31,33.849998474121094,33.849998474121094,33.31999969482422,30.49840545654297,1158800
2017-06-01,33.86000061035156,34.439998626708984,33.7400016784668,31.205354690551758,1564700
2017-06-02,34.4900016784668,34.849998474121094,34.33000183105469,31.486328125,1792800
2017-06-05,34.70000076293945,34.83000183105469,34.619998931884766,31.413818359375,1483000
2017-06-06,34.38999938964844,34.68000030517578,34.33000183105469,31.14190673828125,1006500
2017-06-07,34.529998779296875,34.65999984741211,34.20000076293945,31.323179244995117,1038200
2017-06-08,34.59000015258789,34.84000015258789,34.349998474121094,31.35944175720215,1572500
2017-06-09,34.7400016784668,35.119998931884766,33.81999969482422,31.223482131958008,2365200
2017-06-12,34.29999923706055,34.439998626708984,33.9900016784668,31.178171157836914,1793200
2017-06-13,34.68000030517578,34.939998626708984,34.5099983215332,31.62227439880371,1570000
2017-06-14,35.04999923706055,35.04999923706055,34.369998931884766,31.522581100463867,2799100
2017-06-15,34.099998474121094,34.630001068115234,33.97999954223633,31.332239151000977,1533600
2017-06-16,34.65999984741211,34.65999984741211,34.15999984741211,31.314115524291992,1435300
2017-06-19,34.970001220703125,35.45000076293945,34.93000030517578,32.08451461791992,1888500
2017-06-20,35.22999954223633,35.2599983215332,34.709999084472656,31.49539566040039,1043400
2017-06-21,34.86000061035156,34.95000076293945,34.47999954223633,31.450075149536133,781000
2017-06-22,34.70000076293945,34.93000030517578,34.56999969482422,31.3775577545166,501600
2017-06-23,34.68000030517578,34.90999984741211,34.47999954223633,31.522581100463867,1366800
2017-06-26,35.09000015258789,35.290000915527344,34.70000076293945,31.531648635864258,1472200
2017-06-27,34.65999984741211,34.84000015258789,33.970001220703125,30.824695587158203,3221500
2017-06-28,34.45000076293945,34.959999084472656,34.34000015258789,31.586021423339844,1764400
2017-06-29,34.939998626708984,34.970001220703125,33.369998931884766,30.77937889099121,3030800
2017-06-30,34.34000015258789,34.52000045776367,34.040000915527344,30.933460235595703,1723200
2017-07-03,34.599998474121094,34.79999923706055,34.279998779296875,31.06940460205078,1307200
2017-07-05,34.47999954223633,34.630001068115234,34.08000183105469,31.277862548828125,943700
2017-07-06,34.13999938964844,34.20000076293945,33.5,30.462148666381836,1423300
2017-07-07,33.86000061035156,34.29999923706055,33.779998779296875,30.99690818786621,1102600
2017-07-10,34.15999984741211,34.5099983215332,34.06999969482422,31.087535858154297,820900
2017-07-11,34.22999954223633,34.38999938964844,33.66999816894531,31.042213439941406,1443500
2017-07-12,34.720001220703125,35.099998474121094,34.720001220703125,31.731033325195312,1679900
2017-07-13,35.029998779296875,35.2400016784668,34.90999984741211,31.885107040405273,993200
2017-07-14,35.18000030517578,35.83000183105469,35.099998474121094,32.28390121459961,1940100
2017-07-17,35.630001068115234,35.810001373291016,35.56999969482422,32.28390121459961,754000
2017-07-18,35.45000076293945,35.720001220703125,35.27000045776367,32.338287353515625,1209900
2017-07-19,35.84000015258789,36.27000045776367,35.84000015258789,32.86396408081055,1065800
2017-07-20,36.41999816894531,36.459999084472656,36.029998779296875,32.89115905761719,987400
2017-07-21,36.040000915527344,36.220001220703125,35.900001525878906,32.82770919799805,1022200
2017-07-24,36.189998626708984,36.25,35.95000076293945,32.782386779785156,846500
2017-07-25,36.560001373291016,36.61000061035156,36.33000183105469,33.027103424072266,1273400
2017-07-26,36.599998474121094,36.61000061035156,36.310001373291016,33.027103424072266,1375800
2017-07-27,36.66999816894531,36.68000030517578,35.68000030517578,32.936466217041016,1551200
2017-07-28,36.06999969482422,36.2599983215332,35.849998474121094,32.80052185058594,1001900
2017-07-31,36.400001525878906,36.439998626708984,36.029998779296875,32.74614334106445,1037600
2017-08-01,36.45000076293945,36.45000076293945,36.15999984741211,32.94552993774414,887400
2017-08-02,36.439998626708984,36.47999954223633,35.95000076293945,32.99085235595703,1110300
2017-08-03,36.380001068115234,36.380001068115234,36.06999969482422,32.82770919799805,743500
2017-08-04,36.43000030517578,36.540000915527344,36.189998626708984,32.981788635253906,991100
2017-08-07,36.40999984741211,36.58000183105469,36.349998474121094,33.126808166503906,558400
2017-08-08,36.41999816894531,37.040000915527344,36.11000061035156,32.92741775512695,1060500
2017-08-09,35.959999084472656,36.31999969482422,35.77000045776367,32.8820915222168,1500700
2017-08-10,35.869998931884766,35.939998626708984,34.7400016784668,31.522581100463867,3793900
2017-08-11,34.88999938964844,35.20000076293945,34.75,31.62227439880371,2538200
2017-08-14,35.54999923706055,36.04999923706055,35.529998779296875,32.54673767089844,2081100
2017-08-15,36.099998474121094,36.130001068115234,35.77000045776367,32.54673767089844,948700
2017-08-16,36.15999984741211,36.369998931884766,35.88999938964844,32.70988082885742,1277800
2017-08-17,35.77000045776367,35.939998626708984,34.400001525878906,31.178171157836914,3538900
2017-08-18,34.33000183105469,34.849998474121094,34.0099983215332,31.024089813232422,2157700
2017-08-21,34.209999084472656,34.43000030517578,33.86000061035156,31.114727020263672,1750600
2017-08-22,34.59000015258789,35.45000076293945,34.58000183105469,32.030128479003906,1859500
2017-08-23,34.88999938964844,35.20000076293945,34.81999969482422,31.71290397644043,1340600
2017-08-24,35.18000030517578,35.25,34.630001068115234,31.477251052856445,3856300
2017-08-25,35.119998931884766,35.40999984741211,34.88999938964844,31.667591094970703,1189000
2017-08-28,35.209999084472656,35.22999954223633,34.77000045776367,31.71290397644043,913100
2017-08-29,34.31999969482422,35.20000076293945,34.27000045776367,31.776344299316406,1381500
2017-08-30,35.06999969482422,35.709999084472656,34.97999954223633,32.26578140258789,1707200
2017-08-31,35.900001525878906,36.34000015258789,35.84000015258789,32.8095817565918,2357000
2017-09-01,36.400001525878906,36.56999969482422,36.27000045776367,32.981788635253906,2154200
2017-09-05,36.099998474121094,36.20000076293945,35.06999969482422,32.26578140258789,2677300
2017-09-06,35.90999984741211,36.09000015258789,35.630001068115234,32.55580520629883,2617900
2017-09-07,36.09000015258789,36.099998474121094,35.709999084472656,32.56486892700195,2012400
2017-09-08,35.7400016784668,35.9900016784668,35.650001525878906,32.4107780456543,1071500
2017-09-11,36.38999938964844,36.939998626708984,36.38999938964844,33.42589569091797,1122100
2017-09-12,37.08000183105469,37.290000915527344,36.97999954223633,33.77936553955078,1108100
2017-09-13,37.11000061035156,37.349998474121094,37.08000183105469,33.842803955078125,654000
2017-09-14,37.150001525878906,37.380001068115234,37.060001373291016,33.806556701660156,630400
2017-09-15,37.209999084472656,37.459999084472656,37.150001525878906,33.915313720703125,721700
2017-09-18,37.61000061035156,37.83000183105469,37.45000076293945,34.114723205566406,835100
2017-09-19,37.77000045776367,37.810001373291016,37.59000015258789,34.214412689208984,386600
2017-09-20,37.810001373291016,37.86000061035156,37.27000045776367,34.286922454833984,933900
2017-09-21,37.72999954223633,37.75,37.40999984741211,33.996891021728516,767900
2017-09-22,37.31999969482422,37.59000015258789,37.310001373291016,33.996891021728516,591400
2017-09-25,37.349998474121094,37.54999923706055,36.88999938964844,33.806556701660156,1759700
2017-09-26,37.47999954223633,37.61000061035156,37.220001220703125,33.851871490478516,1117100
2017-09-27,37.689998626708984,37.959999084472656,37.25,34.205352783203125,1751700
2017-09-28,37.61000061035156,37.91999816894531,37.58000183105469,34.33224868774414,931100
2017-09-29,37.849998474121094,38.29999923706055,37.790000915527344,34.649452209472656,987400
2017-10-02,38.38999938964844,38.7599983215332,38.349998474121094,35.12981033325195,1159800
2017-10-03,38.84000015258789,39.02000045776367,38.72999954223633,35.365474700927734,616500
2017-10-04,38.95000076293945,39.279998779296875,38.88999938964844,35.46515655517578,1407400
2017-10-05,39.31999969482422,39.84000015258789,39.2599983215332,36.090538024902344,1349100
2017-10-06,39.599998474121094,39.72999954223633,39.459999084472656,35.972721099853516,1158900
2017-10-09,39.79999923706055,39.849998474121094,39.36000061035156,35.81864547729492,961100
2017-10-10,39.790000915527344,40.0099983215332,39.52000045776367,36.072418212890625,1020000
2017-10-11,39.75,40.0,39.68000030517578,36.244606018066406,1247900
2017-10-12,39.810001373291016,40.0,39.66999816894531,36.072418212890625,1105900
2017-10-13,40.02000045776367,40.09000015258789,39.84000015258789,36.19023132324219,1724200
2017-10-16,40.060001373291016,40.189998626708984,39.880001068115234,36.32619857788086,1329900
2017-10-17,40.060001373291016,40.189998626708984,39.95000076293945,36.39868927001953,999900
2017-10-18,40.369998931884766,40.38999938964844,40.18000030517578,36.48933410644531,894700
2017-10-19,39.869998931884766,40.31999969482422,39.630001068115234,36.54370880126953,1729700
2017-10-20,40.72999954223633,40.90999984741211,40.59000015258789,37.051265716552734,1932000
2017-10-23,41.06999969482422,41.06999969482422,40.38999938964844,36.67058563232422,1741100
2017-10-24,40.65999984741211,40.77000045776367,40.459999084472656,36.84281539916992,1370500
2017-10-25,40.470001220703125,40.52000045776367,39.41999816894531,36.3171272277832,3105300
2017-10-26,40.36000061035156,40.52000045776367,40.15999984741211,36.43494415283203,1953000
2017-10-27,40.61000061035156,41.2400016784668,40.439998626708984,37.29597091674805,1782700
2017-10-30,40.61000061035156,41.099998474121094,40.540000915527344,36.91530990600586,1209800
2017-10-31,40.91999816894531,41.02000045776367,40.72999954223633,37.042205810546875,1028600
2017-11-01,41.31999969482422,41.5,40.849998474121094,37.22346878051758,1333500
2017-11-02,41.02000045776367,41.150001525878906,40.41999816894531,37.250667572021484,1400900
2017-11-03,41.18000030517578,41.5,40.93000030517578,37.576934814453125,1464600
2017-11-06,41.400001525878906,41.72999954223633,41.36000061035156,37.73100662231445,1080100
2017-11-07,41.7400016784668,41.900001525878906,41.29999923706055,37.703826904296875,1336700
2017-11-08,41.45000076293945,41.83000183105469,41.34000015258789,37.89415740966797,942900
2017-11-09,41.13999938964844,41.43000030517578,40.45000076293945,37.46818542480469,2350100
2017-11-10,41.11000061035156,41.31999969482422,40.91999816894531,37.395668029785156,1739200
2017-11-13,40.880001068115234,41.5,40.869998931884766,37.49537658691406,1050900
2017-11-14,40.93000030517578,41.150001525878906,40.5,37.250667572021484,1422400
2017-11-15,40.54999923706055,40.81999969482422,40.08000183105469,36.67058563232422,1777700
2017-11-16,40.970001220703125,41.68000030517578,40.95000076293945,37.576934814453125,2046300
2017-11-17,41.279998779296875,41.38999938964844,41.06999969482422,37.27785110473633,1323700
2017-11-20,41.220001220703125,41.40999984741211,41.099998474121094,37.41380310058594,910200
2017-11-21,41.7400016784668,42.209999084472656,41.689998626708984,38.15699768066406,1278100
2017-11-22,42.13999938964844,42.189998626708984,41.90999984741211,38.07542419433594,847600
2017-11-24,42.27000045776367,42.33000183105469,42.18000030517578,38.29294967651367,607400
2017-11-27,42.27000045776367,42.459999084472656,42.09000015258789,38.25669479370117,1201000
2017-11-28,42.459999084472656,43.5,42.41999816894531,39.39869689941406,1407300
2017-11-29,43.58000183105469,43.86000061035156,43.150001525878906,39.326175689697266,2649400
2017-11-30,43.91999816894531,45.040000915527344,43.880001068115234,40.314090728759766,3116000
2017-12-01,44.43000030517578,44.66999816894531,42.40999984741211,40.10563659667969,4092700
2017-12-04,45.189998626708984,45.43000030517578,44.08000183105469,39.96061325073242,2755000
2017-12-05,44.189998626708984,44.59000015258789,43.52000045776367,39.516510009765625,2137500
2017-12-06,43.400001525878906,43.86000061035156,43.36000061035156,39.5074462890625,1445600
2017-12-07,43.540000915527344,44.20000076293945,43.47999954223633,39.88810348510742,1269700
2017-12-08,44.5,44.75,44.34000015258789,40.54067611694336,1424900
2017-12-11,44.7599983215332,45.16999816894531,44.72999954223633,40.912288665771484,1095200
2017-12-12,45.29999923706055,45.650001525878906,45.150001525878906,41.13887023925781,1530100
2017-12-13,43.91999816894531,44.150001525878906,43.70000076293945,41.09565353393555,6500900
2017-12-14,43.93000030517578,43.959999084472656,43.15999984741211,40.59768295288086,1298200
2017-12-15,43.7599983215332,44.52000045776367,43.720001220703125,41.5936164855957,2130200
2017-12-18,45.04999923706055,45.29999923706055,44.9900016784668,42.411014556884766,1631000
2017-12-19,45.16999816894531,45.16999816894531,44.459999084472656,41.93531799316406,3155000
2017-12-20,45.0,45.04999923706055,44.2400016784668,41.84113311767578,1792000
2017-12-21,44.720001220703125,45.060001373291016,44.52000045776367,42.057777404785156,2038400
2017-12-22,44.650001525878906,44.65999984741211,44.29999923706055,42.01066970825195,1343600
2017-12-26,44.40999984741211,44.540000915527344,44.29999923706055,41.85995864868164,805800
2017-12-27,44.529998779296875,44.709999084472656,44.36000061035156,41.93531799316406,1119500
2017-12-28,44.7400016784668,44.790000915527344,44.54999923706055,42.14255142211914,2214100
2017-12-29,45.040000915527344,45.040000915527344,44.119998931884766,41.7563591003418,2493300
2018-01-02,44.72999954223633,45.189998626708984,44.5,42.56642532348633,1826300
2018-01-03,45.27000045776367,46.09000015258789,45.25,43.31997299194336,2150800
2018-01-04,46.380001068115234,46.869998931884766,46.31999969482422,43.866310119628906,2632000
2018-01-05,47.029998779296875,47.560001373291016,46.7400016784668,44.69521713256836,1928900
2018-01-08,47.41999816894531,47.81999969482422,47.25,44.968379974365234,1992500
2018-01-09,48.0,48.41999816894531,47.83000183105469,45.27922058105469,1604800
2018-01-10,47.61000061035156,47.97999954223633,47.209999084472656,45.01548385620117,2428300
2018-01-11,48.16999816894531,48.869998931884766,48.060001373291016,46.03277587890625,1926400
2018-01-12,49.040000915527344,49.91999816894531,48.95000076293945,46.92762756347656,2582100
2018-01-16,50.59000015258789,50.9900016784668,48.849998474121094,46.42839431762695,5166500
2018-01-17,49.84000015258789,50.90999984741211,49.400001525878906,47.71886444091797,2519300
2018-01-18,50.599998474121094,50.880001068115234,50.130001068115234,47.53046417236328,2063900
2018-01-19,50.779998779296875,51.09000015258789,50.41999816894531,48.123897552490234,2115700
2018-01-22,50.93000030517578,52.349998474121094,50.93000030517578,49.31074142456055,2418800
2018-01-23,52.400001525878906,52.880001068115234,52.20000076293945,49.64042663574219,2437700
2018-01-24,53.099998474121094,53.47999954223633,51.88999938964844,49.56507110595703,3648000
2018-01-25,53.189998626708984,53.2400016784668,52.220001220703125,49.631004333496094,3116800
2018-01-26,53.189998626708984,54.4900016784668,53.040000915527344,51.31707763671875,2219800
2018-01-29,54.13999938964844,54.400001525878906,53.29999923706055,50.30919647216797,3100200
2018-01-30,52.16999816894531,52.599998474121094,51.40999984741211,48.7078971862793,5671000
2018-01-31,52.310001373291016,52.599998474121094,51.13999938964844,48.830352783203125,4027500
2018-02-01,51.290000915527344,52.459999084472656,51.15999984741211,48.63254928588867,4293000
2018-02-02,50.75,50.86000061035156,48.220001220703125,45.467613220214844,7028200
2018-02-05,47.099998474121094,48.400001525878906,41.81999969482422,39.88188934326172,13353200
2018-02-06,40.2599983215332,44.95000076293945,39.75,42.095455169677734,13332300
2018-02-07,44.369998931884766,46.25,43.90999984741211,41.37016677856445,9536600
2018-02-08,44.06999969482422,44.16999816894531,38.970001220703125,36.77347946166992,13277100
2018-02-09,40.459999084472656,41.68000030517578,36.81999969482422,38.45956039428711,15481900
2018-02-12,41.79999923706055,43.25,40.880001068115234,39.96665573120117,9384500
2018-02-13,41.790000915527344,43.099998474121094,41.52000045776367,40.32461166381836,6607500
2018-02-14,42.029998779296875,44.70000076293945,42.0,41.93531799316406,7033200
2018-02-15,45.4900016784668,46.189998626708984,44.099998474121094,43.508365631103516,7578600
2018-02-16,45.83000183105469,47.380001068115234,45.81999969482422,43.517791748046875,7867600
2018-02-20,45.689998626708984,46.5,44.90999984741211,42.73597717285156,6606200
2018-02-21,45.599998474121094,47.02000045776367,44.619998931884766,42.029518127441406,8045400
2018-02-22,45.220001220703125,46.13999938964844,44.470001220703125,42.23674392700195,7927800
2018-02-23,45.56999969482422,46.97999954223633,45.27000045776367,44.252506256103516,5206600
2018-02-26,47.599998474121094,48.689998626708984,47.29999923706055,45.79729461669922,5547900
2018-02-27,48.720001220703125,49.16999816894531,46.779998779296875,44.064117431640625,6994400
2018-02-28,47.45000076293945,47.720001220703125,45.209999084472656,42.60410690307617,7746500
2018-03-01,45.279998779296875,46.11000061035156,42.52000045776367,40.86149597167969,10796400
2018-03-02,42.43000030517578,44.33000183105469,41.939998626708984,41.502037048339844,8644000
2018-03-05,43.36000061035156,45.86000061035156,43.290000915527344,42.88668441772461,8260300
2018-03-06,46.099998474121094,46.11000061035156,45.040000915527344,43.22578048706055,5180900
2018-03-07,44.630001068115234,46.04999923706055,44.529998779296875,43.19752502441406,7490100
2018-03-08,46.220001220703125,46.56999969482422,45.650001525878906,43.80978775024414,4788600
2018-03-09,47.310001373291016,48.91999816894531,47.11000061035156,46.05162048339844,5875100
2018-03-12,49.099998474121094,49.459999084472656,48.5,45.8914909362793,4652600
2018-03-13,49.40999984741211,49.720001220703125,47.400001525878906,44.97780227661133,7375300
2018-03-14,48.31999969482422,48.41999816894531,46.689998626708984,44.290191650390625,4263700
2018-03-15,47.34000015258789,47.70000076293945,46.56999969482422,44.13005447387695,4193700
2018-03-16,47.11000061035156,47.599998474121094,46.959999084472656,44.233665466308594,4315400
2018-03-19,46.5,46.529998779296875,44.099998474121094,42.43455505371094,6423900
2018-03-20,45.25,45.630001068115234,44.900001525878906,42.64179229736328,3142600
2018-03-21,45.25,46.439998626708984,44.88999938964844,42.425140380859375,4552800
2018-03-22,43.72999954223633,44.25,41.4900016784668,39.269622802734375,10022300
2018-03-23,41.91999816894531,42.04999923706055,38.86000061035156,36.66986846923828,10342200
2018-03-26,40.83000183105469,42.31999969482422,39.58000183105469,39.74059295654297,9041700
2018-03-27,42.65999984741211,42.939998626708984,39.150001525878906,37.602386474609375,7820200
2018-03-28,40.060001373291016,40.91999816894531,39.02000045776367,37.33863830566406,9961400
2018-03-29,40.22999954223633,42.09000015258789,39.81999969482422,38.89284896850586,7663100
2018-04-02,40.849998474121094,41.119998931884766,37.119998931884766,36.189476013183594,12107000
2018-04-03,39.099998474121094,40.15999984741211,38.11000061035156,37.61180114746094,9172500
2018-04-04,38.06999969482422,41.52000045776367,37.9900016784668,38.82691955566406,10015100
2018-04-05,42.08000183105469,42.59000015258789,41.4900016784668,39.65581512451172,6809900
2018-04-06,41.060001373291016,41.849998474121094,38.5,37.05606460571289,10687400
2018-04-09,40.099998474121094,41.61000061035156,39.63999938964844,37.47993087768555,6741700
2018-04-10,41.380001068115234,42.189998626708984,40.790000915527344,39.36381912231445,7414000
2018-04-11,40.9900016784668,42.02000045776367,40.939998626708984,38.68562698364258,6605700
2018-04-12,41.79999923706055,42.599998474121094,41.70000076293945,39.66523742675781,6027000
2018-04-13,42.779998779296875,42.869998931884766,41.15999984741211,39.30730438232422,6007900
2018-04-16,42.58000183105469,43.150001525878906,42.13999938964844,40.24924087524414,3747100
2018-04-17,43.689998626708984,44.40999984741211,43.380001068115234,41.53029251098633,4018900
2018-04-18,44.38999938964844,44.63999938964844,43.939998626708984,41.60564041137695,3330000
2018-04-19,43.79999923706055,43.939998626708984,42.88999938964844,40.92744445800781,4214600
2018-04-20,43.43000030517578,43.52000045776367,41.849998474121094,39.863037109375,5689900
2018-04-23,42.630001068115234,42.939998626708984,41.720001220703125,39.83479690551758,3243300
2018-04-24,42.86000061035156,42.970001220703125,39.779998779296875,38.28057861328125,8778800
2018-04-25,40.59000015258789,41.13999938964844,39.61000061035156,38.49722671508789,4856000
2018-04-26,41.439998626708984,42.540000915527344,41.20000076293945,39.65581512451172,5523000
2018-04-27,42.41999816894531,42.599998474121094,41.720001220703125,39.7500114440918,4741100
2018-04-30,42.52000045776367,42.849998474121094,41.209999084472656,38.82691955566406,5237100
2018-05-01,40.9900016784668,41.5,40.130001068115234,39.03413009643555,5157500
2018-05-02,41.34000015258789,41.77000045776367,40.38999938964844,38.20521926879883,5284600
2018-05-03,40.11000061035156,40.65999984741211,38.70000076293945,37.96031951904297,9825200
2018-05-04,39.79999923706055,42.209999084472656,39.63999938964844,39.42033004760742,5889100
2018-05-07,42.290000915527344,42.79999923706055,41.90999984741211,39.7971076965332,4272200
2018-05-08,42.099998474121094,42.47999954223633,41.459999084472656,39.80653381347656,3465300
2018-05-09,42.650001525878906,43.65999984741211,42.349998474121094,40.94628143310547,4047700
2018-05-10,43.90999984741211,44.88999938964844,43.84000015258789,42.123714447021484,4701900
2018-05-11,44.75,45.2599983215332,44.47999954223633,42.35920715332031,2738500
2018-05-14,45.349998474121094,45.709999084472656,44.869998931884766,42.49106979370117,2527400
2018-05-15,44.470001220703125,44.47999954223633,43.7400016784668,41.6433219909668,6682400
2018-05-16,44.22999954223633,45.02000045776367,44.22999954223633,42.18965148925781,5268900
2018-05-17,44.630001068115234,45.25,44.209999084472656,42.057777404785156,4154800
2018-05-18,44.45000076293945,44.630001068115234,44.099998474121094,41.73752212524414,1706400
2018-05-21,45.119998931884766,45.599998474121094,44.93000030517578,42.65119552612305,3499200
2018-05-22,45.599998474121094,45.7400016784668,44.72999954223633,42.29326248168945,2422200
2018-05-23,44.189998626708984,45.310001373291016,44.099998474121094,42.65119552612305,3009600
2018-05-24,45.060001373291016,45.20000076293945,44.0,42.40629196166992,3219500
2018-05-25,44.68000030517578,45.0099983215332,44.369998931884766,42.057777404785156,1971600
2018-05-29,43.7599983215332,44.18000030517578,42.4900016784668,40.644859313964844,5521900
2018-05-30,43.81999969482422,45.040000915527344,43.7599983215332,42.21790313720703,3855100
2018-05-31,44.599998474121094,44.7599983215332,43.650001525878906,41.351314544677734,4017000
2018-06-01,44.720001220703125,45.40999984741211,44.650001525878906,42.64179229736328,4400200
2018-06-04,45.709999084472656,46.029998779296875,45.58000183105469,43.244632720947266,2689200
2018-06-05,45.939998626708984,46.189998626708984,45.52000045776367,43.33882141113281,2540000
2018-06-06,46.33000183105469,47.16999816894531,45.970001220703125,44.43146896362305,3249400
2018-06-07,47.43000030517578,47.58000183105469,46.58000183105469,44.35611343383789,2745700
2018-06-08,46.83000183105469,47.529998779296875,46.72999954223633,44.73289108276367,2116100
2018-06-11,47.619998931884766,48.11000061035156,47.560001373291016,44.93070983886719,2045600
2018-06-12,47.939998626708984,48.08000183105469,47.5,45.14735412597656,2306600
2018-06-13,48.029998779296875,48.15999984741211,47.310001373291016,44.6292839050293,2617100
2018-06-14,47.90999984741211,48.060001373291016,47.41999816894531,44.97780227661133,2214800
2018-06-15,47.33000183105469,47.7400016784668,46.63999938964844,44.798831939697266,2351900
2018-06-18,46.70000076293945,47.31999969482422,46.41999816894531,44.48799514770508,2556700
2018-06-19,45.939998626708984,46.81999969482422,45.689998626708984,43.992374420166016,3410900
2018-06-20,47.060001373291016,47.29999923706055,46.7400016784668,44.24678039550781,2782900
2018-06-21,46.93000030517578,46.93000030517578,45.7599983215332,43.38935089111328,3239100
2018-06-22,46.7400016784668,46.779998779296875,46.150001525878906,43.57780838012695,1835900
2018-06-25,45.599998474121094,45.68000030517578,43.43000030517578,41.83469009399414,7442900
2018-06-26,44.689998626708984,45.130001068115234,44.2599983215332,42.070247650146484,2959600
2018-06-27,44.959999084472656,45.7599983215332,43.470001220703125,41.00553512573242,4772500
2018-06-28,43.470001220703125,44.70000076293945,43.11000061035156,41.77815246582031,3977500
2018-06-29,44.880001068115234,45.61000061035156,44.400001525878906,41.96659469604492,3857900
2018-07-02,43.58000183105469,44.79999923706055,43.45000076293945,42.08907699584961,4088400
2018-07-03,45.209999084472656,45.25,44.0,41.617977142333984,1803400
2018-07-05,44.849998474121094,45.34000015258789,44.25,42.64501190185547,2870400
2018-07-06,45.29999923706055,46.619998931884766,45.06999969482422,43.69086456298828,4119900
2018-07-09,47.0,47.689998626708984,46.97999954223633,44.92517852783203,3152200
2018-07-10,47.93000030517578,48.2400016784668,47.7599983215332,45.358604431152344,2952400
2018-07-11,47.25,47.72999954223633,46.93000030517578,44.444644927978516,3519500
2018-07-12,47.83000183105469,48.41999816894531,47.5,45.56589126586914,3730300
2018-07-13,48.290000915527344,48.66999816894531,48.0099983215332,45.65069580078125,2323400
2018-07-16,48.52000045776367,48.58000183105469,48.09000015258789,45.55647277832031,1436200
2018-07-17,47.900001525878906,49.15999984741211,47.880001068115234,46.102962493896484,3225300
2018-07-18,48.97999954223633,49.290000915527344,48.709999084472656,46.37621307373047,2005400
2018-07-19,48.810001373291016,49.040000915527344,48.380001068115234,45.829715728759766,2648300
2018-07-20,48.540000915527344,48.88999938964844,48.38999938964844,45.70722579956055,2139000
2018-07-23,48.349998474121094,48.86000061035156,48.15999984741211,45.95220184326172,1643600
2018-07-24,49.52000045776367,49.959999084472656,48.95000076293945,46.55522537231445,3432200
2018-07-25,49.33000183105469,50.90999984741211,49.31999969482422,47.846073150634766,3646000
2018-07-26,50.29999923706055,50.779998779296875,50.220001220703125,47.42207717895508,2383900
2018-07-27,50.58000183105469,50.58000183105469,48.7599983215332,46.479854583740234,3060200
2018-07-30,49.349998474121094,49.439998626708984,48.209999084472656,45.6789665222168,2313900
2018-07-31,49.02000045776367,49.599998474121094,48.7400016784668,46.34794235229492,2551100
2018-08-01,49.310001373291016,49.650001525878906,48.630001068115234,46.19718933105469,2450800
2018-08-02,48.209999084472656,49.869998931884766,48.06999969482422,46.85674285888672,2931700
2018-08-03,49.869998931884766,50.41999816894531,49.7400016784668,47.49745178222656,1928300
2018-08-06,50.369998931884766,51.130001068115234,50.189998626708984,48.01567459106445,2344700
2018-08-07,51.349998474121094,51.66999816894531,51.2599983215332,48.46793746948242,2416900
2018-08-08,51.34000015258789,51.619998931884766,51.099998474121094,48.41141128540039,1851800
2018-08-09,51.41999816894531,51.63999938964844,51.06999969482422,48.20411682128906,1871400
2018-08-10,50.25,50.58000183105469,49.68000030517578,47.205360412597656,2915300
2018-08-13,50.2400016784668,50.630001068115234,49.349998474121094,46.658878326416016,3362100
2018-08-14,49.97999954223633,50.61000061035156,49.7400016784668,47.53514099121094,2305700
2018-08-15,49.66999816894531,49.720001220703125,48.47999954223633,46.50811767578125,4301800
2018-08-16,50.15999984741211,51.029998779296875,50.15999984741211,47.5916748046875,3019000
2018-08-17,50.33000183105469,51.29999923706055,50.13999938964844,48.0533561706543,3372100
2018-08-20,51.29999923706055,51.5099983215332,51.040000915527344,48.373722076416016,2516800
2018-08-21,51.68000030517578,52.22999954223633,51.59000015258789,48.675228118896484,2456300
2018-08-22,51.439998626708984,51.90999984741211,51.290000915527344,48.628116607666016,2035400
2018-08-23,51.5,52.0,51.189998626708984,48.40199279785156,2146900
2018-08-24,51.7400016784668,52.369998931884766,51.689998626708984,49.23114776611328,2470200
2018-08-27,53.0,53.59000015258789,52.939998626708984,50.39006805419922,3019000
2018-08-28,53.84000015258789,53.880001068115234,53.31999969482422,50.531410217285156,2224800
2018-08-29,53.72999954223633,54.61000061035156,53.58000183105469,51.30402755737305,2130000
2018-08-30,54.13999938964844,54.380001068115234,53.41999816894531,50.64447021484375,2677900
2018-08-31,53.5099983215332,54.04999923706055,53.189998626708984,50.64447021484375,2799300
2018-09-04,53.5099983215332,53.689998626708984,52.849998474121094,50.408912658691406,2390200
2018-09-05,53.25,53.36000061035156,52.400001525878906,50.02260971069336,2584500
2018-09-06,53.099998474121094,53.27000045776367,51.90999984741211,49.560916900634766,2514500
2018-09-07,51.86000061035156,52.810001373291016,51.72999954223633,49.17461013793945,2650600
2018-09-10,52.83000183105469,52.9900016784668,52.369998931884766,49.457271575927734,1730500
2018-09-11,52.09000015258789,53.279998779296875,51.86000061035156,49.984920501708984,1957000
2018-09-12,52.9900016784668,53.400001525878906,52.560001373291016,50.00376892089844,2661100
2018-09-13,53.689998626708984,54.08000183105469,53.52000045776367,50.823509216308594,1817700
2018-09-14,54.099998474121094,54.189998626708984,53.4900016784668,50.842342376708984,1873600
2018-09-17,53.900001525878906,53.95000076293945,52.91999816894531,50.02260971069336,1709500
2018-09-18,53.209999084472656,54.290000915527344,53.20000076293945,50.80465316772461,1700500
2018-09-19,53.970001220703125,54.369998931884766,53.880001068115234,50.993099212646484,1218800
2018-09-20,54.900001525878906,55.61000061035156,54.84000015258789,52.1802978515625,2039700
2018-09-21,55.88999938964844,55.95000076293945,55.130001068115234,52.057804107666016,2134900
2018-09-24,54.86000061035156,54.959999084472656,54.31999969482422,51.567848205566406,2156000
2018-09-25,54.86000061035156,54.91999816894531,54.27000045776367,51.37335205078125,1670000
2018-09-26,54.5,55.2400016784668,53.66999816894531,50.89181137084961,1894500
2018-09-27,54.209999084472656,55.040000915527344,54.040000915527344,51.30725860595703,1622200
2018-09-28,53.959999084472656,54.65999984741211,53.93000030517578,51.28837966918945,1493000
2018-10-01,55.15999984741211,55.59000015258789,54.5,51.826560974121094,1943400
2018-10-02,54.79999923706055,55.27000045776367,54.58000183105469,51.741580963134766,1228300
2018-10-03,55.459999084472656,55.75,54.68000030517578,51.85488510131836,1638500
2018-10-04,54.58000183105469,54.61000061035156,52.61000061035156,50.61800003051758,4263400
2018-10-05,53.72999954223633,54.029998779296875,51.79999923706055,49.84376525878906,4200900
2018-10-08,52.29999923706055,52.900001525878906,51.400001525878906,49.72101974487305,3714700
2018-10-09,52.45000076293945,53.22999954223633,52.099998474121094,49.53218078613281,3446900
2018-10-10,52.09000015258789,52.11000061035156,47.22999954223633,44.83955764770508,9485400
2018-10-11,46.869998931884766,47.7400016784668,43.38999938964844,41.79927444458008,14318800
2018-10-12,46.61000061035156,46.70000076293945,44.369998931884766,43.59323501586914,8069400
2018-10-15,45.869998931884766,46.650001525878906,45.290000915527344,42.81899642944336,4841800
2018-10-16,46.38999938964844,48.540000915527344,46.16999816894531,45.52880859375,5154900
2018-10-17,48.31999969482422,48.65999984741211,46.81999969482422,45.5854606628418,5035100
2018-10-18,47.779998779296875,48.11000061035156,45.459999084472656,43.66876220703125,6828500
2018-10-19,46.599998474121094,47.63999938964844,45.709999084472656,43.48937225341797,6193400
2018-10-22,46.5099983215332,46.65999984741211,45.16999816894531,42.9795036315918,4825900
2018-10-23,43.41999816894531,45.38999938964844,42.29999923706055,42.24303436279297,7697800
2018-10-24,44.650001525878906,44.849998474121094,40.41999816894531,38.4190673828125,9348200
2018-10-25,41.599998474121094,43.68000030517578,41.099998474121094,40.52461242675781,6732000
2018-10-26,40.869998931884766,42.22999954223633,39.13999938964844,38.296321868896484,10652300
2018-10-29,42.15999984741211,42.810001373291016,38.06999969482422,37.64484405517578,8851100
2018-10-30,39.84000015258789,41.83000183105469,39.58000183105469,39.3915901184082,6286900
2018-10-31,43.0099983215332,44.189998626708984,42.7599983215332,40.609588623046875,6174000
2018-11-01,43.459999084472656,44.459999084472656,42.869998931884766,41.912567138671875,4317600
2018-11-02,44.93000030517578,45.16999816894531,42.41999816894531,41.0533561706543,6079700
2018-11-05,43.779998779296875,44.529998779296875,43.279998779296875,41.77095031738281,2801900
2018-11-06,44.209999084472656,45.16999816894531,44.16999816894531,42.56406021118164,2298000
2018-11-07,46.29999923706055,48.0,46.060001373291016,45.21723556518555,4159300
2018-11-08,47.540000915527344,48.06999969482422,47.029998779296875,45.00007629394531,2813900
2018-11-09,46.95000076293945,47.040000915527344,45.47999954223633,43.74430465698242,4498600
2018-11-12,45.9900016784668,46.11000061035156,43.38999938964844,41.204429626464844,5285200
2018-11-13,43.900001525878906,44.97999954223633,43.0099983215332,40.977821350097656,4814300
2018-11-14,44.43000030517578,44.619998931884766,41.689998626708984,40.14693832397461,5201200
2018-11-15,41.86000061035156,44.099998474121094,41.02000045776367,41.42158889770508,6201800
2018-11-16,43.25,44.650001525878906,42.939998626708984,41.65765380859375,4776100
2018-11-19,43.83000183105469,43.959999084472656,41.43000030517578,39.73149490356445,5329900
2018-11-20,40.16999816894531,40.93000030517578,39.13999938964844,37.41823196411133,7919500
2018-11-21,40.380001068115234,40.90999984741211,39.97999954223633,37.77702331542969,3872800
2018-11-23,39.099998474121094,39.86000061035156,39.06999969482422,37.012229919433594,1819200
2018-11-26,40.29999923706055,41.040000915527344,40.060001373291016,38.71176528930664,3589000
2018-11-27,40.52000045776367,41.40999984741211,40.189998626708984,39.089447021484375,3522500
2018-11-28,41.97999954223633,44.27000045776367,41.47999954223633,41.79927444458008,5697300
2018-11-29,43.869998931884766,44.7599983215332,43.2599983215332,41.51601028442383,4628200
2018-11-30,43.88999938964844,45.09000015258789,43.72999954223633,42.35634231567383,4103300
2018-12-03,47.04999923706055,47.11000061035156,45.68000030517578,43.90481185913086,6058500
2018-12-04,46.06999969482422,46.310001373291016,41.83000183105469,39.75037384033203,7951500
2018-12-06,40.0,41.869998931884766,38.36000061035156,39.523765563964844,9950000
2018-12-07,41.619998931884766,42.45000076293945,38.439998626708984,36.71952438354492,9520200
2018-12-10,38.790000915527344,39.560001373291016,36.66999816894531,36.898921966552734,8545900
2018-12-11,40.65999984741211,40.7599983215332,38.369998931884766,36.90835952758789,7198200
2018-12-12,40.54999923706055,41.22999954223633,39.63999938964844,37.47488021850586,6801600
2018-12-13,40.13999938964844,40.59000015258789,39.09000015258789,37.39934539794922,5364800
2018-12-14,38.5099983215332,39.0,37.150001525878906,35.35045623779297,6949600
2018-12-17,36.939998626708984,37.47999954223633,34.43000030517578,33.30156707763672,9401900
2018-12-18,35.97999954223633,36.27000045776367,34.36000061035156,33.141048431396484,7564200
2018-12-19,35.130001068115234,36.79999923706055,32.689998626708984,31.507598876953125,11983300
2018-12-20,32.93000030517578,33.599998474121094,30.84000015258789,30.100757598876953,13724900
2018-12-21,32.16999816894531,33.36000061035156,29.600000381469727,28.24070930480957,12712400
2018-12-24,29.229999542236328,29.709999084472656,27.479999542236328,26.002981185913086,7749400
2018-12-26,28.079999923706055,31.59000015258789,27.270000457763672,29.770296096801758,13894400
2018-12-27,30.079999923706055,32.209999084472656,28.65999984741211,30.604799270629883,14909600
2018-12-28,32.7400016784668,33.43000030517578,31.5,30.42420768737793,13116100
2018-12-31,32.66999816894531,32.91999816894531,31.8799991607666,31.27011489868164,9072100
2019-01-02,31.31999969482422,33.31999969482422,31.260000228881836,31.298629760742188,10629200
2019-01-03,32.16999816894531,32.27000045776367,30.34000015258789,28.97951316833496,10652700
2019-01-04,31.799999237060547,33.86000061035156,31.639999389648438,31.906925201416016,13208800
2019-01-07,33.75,35.02000045776367,33.31999969482422,32.67679977416992,7787400
2019-01-08,35.38999938964844,35.58000183105469,34.2400016784668,33.56072998046875,7245700
2019-01-09,35.68000030517578,36.2400016784668,35.13999938964844,34.054962158203125,7309500
2019-01-10,35.150001525878906,36.33000183105469,34.83000183105469,34.43514633178711,5935800
2019-01-11,35.70000076293945,36.2400016784668,35.43000030517578,34.444664001464844,5612300
2019-01-14,35.369998931884766,35.970001220703125,35.16999816894531,33.81734848022461,3991500
2019-01-15,35.77000045776367,36.95000076293945,35.77000045776367,34.98642349243164,6128400
2019-01-16,37.0099983215332,37.47999954223633,36.900001525878906,35.186012268066406,5783700
2019-01-17,36.63999938964844,38.310001373291016,36.630001068115234,36.031917572021484,5419400
2019-01-18,38.779998779296875,39.61000061035156,38.369998931884766,37.40058135986328,7009700
2019-01-22,38.63999938964844,38.72999954223633,37.0,35.93687057495117,7651500
2019-01-23,38.29999923706055,38.599998474121094,36.83000183105469,36.079444885253906,7529400
2019-01-24,37.93000030517578,38.34000015258789,37.43000030517578,36.17448806762695,6140600
2019-01-25,38.90999984741211,39.400001525878906,38.72999954223633,37.16297149658203,6643200
2019-01-28,37.970001220703125,38.13999938964844,37.2599983215332,36.25053405761719,5606700
2019-01-29,38.18000030517578,38.439998626708984,37.560001373291016,36.060428619384766,4434800
2019-01-30,38.66999816894531,40.150001525878906,38.31999969482422,37.77125930786133,7311100
2019-01-31,39.720001220703125,41.0099983215332,39.599998474121094,38.778751373291016,8228200
2019-02-01,40.869998931884766,41.349998474121094,40.439998626708984,38.80726623535156,5232200
2019-02-04,40.880001068115234,41.720001220703125,40.52000045776367,39.62466049194336,3941400
2019-02-05,41.93000030517578,42.36000061035156,41.650001525878906,40.118892669677734,5332000
2019-02-06,42.06999969482422,42.29999923706055,41.650001525878906,39.966827392578125,3422300
2019-02-07,41.20000076293945,41.459999084472656,39.97999954223633,38.797760009765625,7435000
2019-02-08,40.15999984741211,40.9900016784668,39.75,38.91181182861328,4921000
2019-02-11,41.279998779296875,41.40999984741211,40.75,38.997352600097656,4301800
2019-02-12,41.83000183105469,42.779998779296875,41.779998779296875,40.499088287353516,4793900
2019-02-13,43.02000045776367,43.45000076293945,42.810001373291016,40.85075378417969,5265700
2019-02-14,42.41999816894531,43.29999923706055,42.0,40.57511901855469,6092300
2019-02-15,43.599998474121094,44.08000183105469,43.4900016784668,41.88676071166992,5479200
2019-02-19,43.65999984741211,44.63999938964844,43.63999938964844,42.10536193847656,3781800
2019-02-20,44.279998779296875,44.779998779296875,44.0099983215332,42.352481842041016,4334600
2019-02-21,44.22999954223633,44.400001525878906,43.54999923706055,41.88676071166992,4584300
2019-02-22,44.40999984741211,44.97999954223633,44.2599983215332,42.68513870239258,6849300
2019-02-25,45.630001068115234,45.90999984741211,45.0,42.846710205078125,5170800
2019-02-26,44.84000015258789,45.41999816894531,44.75,42.7421760559082,3184700
2019-02-27,44.56999969482422,45.06999969482422,44.060001373291016,42.647117614746094,3532500
2019-02-28,44.75,44.97999954223633,44.45000076293945,42.37147903442383,3285400
2019-03-01,45.45000076293945,45.65999984741211,44.689998626708984,43.19838333129883,4277000
2019-03-04,46.0,46.119998931884766,43.689998626708984,42.66613006591797,7861700
2019-03-05,44.9900016784668,45.099998474121094,44.439998626708984,42.5235595703125,3892000
2019-03-06,44.79999923706055,44.79999923706055,43.7599983215332,41.70616912841797,4328000
2019-03-07,43.650001525878906,43.720001220703125,42.36000061035156,40.69867706298828,6250700
2019-03-08,41.790000915527344,42.599998474121094,41.560001373291016,40.42304229736328,6224800
2019-03-11,42.880001068115234,44.45000076293945,42.869998931884766,42.200401306152344,3862500
2019-03-12,44.650001525878906,45.13999938964844,44.56999969482422,42.647117614746094,3725800
2019-03-13,45.349998474121094,46.25,45.2599983215332,43.4930305480957,4906400
2019-03-14,45.77000045776367,45.97999954223633,45.40999984741211,43.38848876953125,4317000
2019-03-15,45.95000076293945,46.75,45.849998474121094,44.0347900390625,5508800
2019-03-18,46.45000076293945,46.970001220703125,46.31999969482422,44.46249008178711,4443100
2019-03-19,47.400001525878906,47.810001373291016,46.34000015258789,44.53853225708008,5591700
2019-03-20,46.720001220703125,47.380001068115234,45.79999923706055,44.09182357788086,7504000
2019-03-21,45.93000030517578,48.16999816894531,45.90999984741211,45.5460090637207,7996700
2019-03-22,47.15999984741211,47.470001220703125,45.15999984741211,42.94176483154297,10391500
2019-03-25,45.0,45.619998931884766,44.380001068115234,42.78968811035156,8812400
2019-03-26,46.0099983215332,46.58000183105469,45.31999969482422,43.749656677246094,7547000
2019-03-27,46.08000183105469,46.369998931884766,44.5,43.09382629394531,7767600
2019-03-28,45.65999984741211,46.09000015258789,45.040000915527344,43.597572326660156,5779200
2019-03-29,46.66999816894531,46.86000061035156,46.04999923706055,44.44348907470703,6036900
2019-04-01,47.790000915527344,48.4900016784668,47.63999938964844,45.9642219543457,4310000
2019-04-02,48.45000076293945,48.52000045776367,47.939998626708984,46.011741638183594,2783500
2019-04-03,49.09000015258789,49.29999923706055,48.279998779296875,46.23986053466797,4911200
2019-04-04,48.79999923706055,49.13999938964844,48.400001525878906,46.582008361816406,4480600
2019-04-05,49.38999938964844,49.709999084472656,49.209999084472656,47.19981002807617,3994800
2019-04-08,49.43000030517578,49.849998474121094,49.04999923706055,47.34239196777344,3444100
2019-04-09,49.22999954223633,49.41999816894531,48.709999084472656,46.582008361816406,5590900
2019-04-10,49.2599983215332,49.560001373291016,49.0099983215332,47.0572509765625,3316400
2019-04-11,49.790000915527344,49.790000915527344,49.150001525878906,47.01923370361328,3253000
2019-04-12,50.369998931884766,50.599998474121094,49.97999954223633,47.950679779052734,3344100
2019-04-15,50.4900016784668,50.529998779296875,49.880001068115234,47.85563659667969,2784500
2019-04-16,50.849998474121094,50.869998931884766,50.099998474121094,47.931678771972656,2918000
2019-04-17,51.08000183105469,51.08000183105469,49.81999969482422,47.551490783691406,3806100
2019-04-18,50.369998931884766,50.45000076293945,49.59000015258789,47.80812072753906,3242500
2019-04-22,49.880001068115234,50.5099983215332,49.810001373291016,47.89365768432617,1769000
2019-04-23,50.63999938964844,51.900001525878906,50.5099983215332,49.186283111572266,3681500
2019-04-24,51.720001220703125,51.91999816894531,51.349998474121094,48.92966079711914,2358500
2019-04-25,51.369998931884766,51.689998626708984,50.630001068115234,48.79658889770508,2976200
2019-04-26,51.349998474121094,52.040000915527344,50.869998931884766,49.44289779663086,3122800
2019-04-29,52.060001373291016,52.560001373291016,52.0099983215332,49.613983154296875,2178500
2019-04-30,52.029998779296875,52.470001220703125,51.20000076293945,49.70903396606445,3347400
2019-05-01,52.709999084472656,52.810001373291016,51.13999938964844,48.61600875854492,5549000
2019-05-02,51.029998779296875,51.599998474121094,49.93000030517578,48.2833366394043,6457000
2019-05-03,51.61000061035156,52.40999984741211,51.5,49.66150665283203,3004400
2019-05-06,49.709999084472656,51.86000061035156,49.540000915527344,49.081729888916016,4728700
2019-05-07,50.209999084472656,50.54999923706055,47.90999984741211,46.62955093383789,8582200
2019-05-08,48.79999923706055,49.779998779296875,48.470001220703125,46.410945892333984,6251000
2019-05-09,47.619998931884766,48.68000030517578,46.63999938964844,46.04975891113281,7327200
2019-05-10,47.849998474121094,49.470001220703125,46.119998931884766,46.544002532958984,7709500
2019-05-13,46.13999938964844,46.68000030517578,44.88999938964844,43.11283493041992,11209900
2019-05-14,45.90999984741211,47.400001525878906,45.81999969482422,44.20587158203125,5962100
2019-05-15,45.689998626708984,47.720001220703125,45.54999923706055,44.98524856567383,5612500
2019-05-16,47.7400016784668,49.43000030517578,47.72999954223633,46.211341857910156,4826100
2019-05-17,47.38999938964844,49.11000061035156,47.369998931884766,45.36544418334961,6038200
2019-05-20,46.81999969482422,47.4900016784668,46.349998474121094,44.42448425292969,4861700
2019-05-21,47.70000076293945,48.22999954223633,47.54999923706055,45.61255645751953,2976300
2019-05-22,47.470001220703125,48.09000015258789,47.33000183105469,45.21335220336914,3591700
2019-05-23,46.349998474121094,46.36000061035156,45.040000915527344,43.61658477783203,7805400
2019-05-24,46.59000015258789,46.790000915527344,45.75,43.778167724609375,3730800
2019-05-28,46.25,46.75,44.79999923706055,42.580589294433594,3667800
2019-05-29,44.189998626708984,44.40999984741211,43.150001525878906,41.70616912841797,6781400
2019-05-30,44.279998779296875,44.720001220703125,43.65999984741211,42.057838439941406,4629500
2019-05-31,42.880001068115234,43.310001373291016,42.43000030517578,40.413543701171875,5222400
2019-06-03,42.45000076293945,43.029998779296875,41.41999816894531,40.01434326171875,7024900
2019-06-04,43.279998779296875,44.90999984741211,43.04999923706055,42.609107971191406,5976800
2019-06-05,45.720001220703125,46.029998779296875,44.72999954223633,43.71162796020508,4596300
2019-06-06,46.18000030517578,47.2599983215332,45.810001373291016,44.567039489746094,4726000
2019-06-07,47.439998626708984,48.880001068115234,47.349998474121094,45.869178771972656,5322800
2019-06-10,49.150001525878906,49.880001068115234,48.880001068115234,46.48697280883789,5061300
2019-06-11,49.959999084472656,50.18000030517578,48.52000045776367,46.458457946777344,3699300
2019-06-12,48.75,49.06999969482422,48.349998474121094,46.220848083496094,3016000
2019-06-13,49.150001525878906,49.41999816894531,48.75,46.80063247680664,3005200
2019-06-14,49.029998779296875,49.36000061035156,48.599998474121094,46.582008361816406,2055700
2019-06-17,49.15999984741211,49.5,48.97999954223633,46.67707061767578,1840300
2019-06-18,50.11000061035156,51.209999084472656,49.900001525878906,48.03622817993164,4199100
2019-06-19,50.70000076293945,51.27000045776367,50.130001068115234,48.463932037353516,3775100
2019-06-20,52.529998779296875,52.630001068115234,51.2599983215332,49.81359100341797,4128600
2019-06-21,52.18000030517578,52.95000076293945,52.02000045776367,49.57596969604492,3595200
2019-06-24,52.25,52.45000076293945,51.880001068115234,49.38588333129883,2137900
2019-06-25,51.68000030517578,51.70000076293945,50.04999923706055,47.89762496948242,3304200
2019-06-26,50.650001525878906,50.93000030517578,49.90999984741211,47.79248046875,3243800
2019-06-27,50.400001525878906,50.77000045776367,50.20000076293945,48.24172592163086,2230400
2019-06-28,51.040000915527344,51.540000915527344,50.75,49.08287048339844,2845800
2019-07-01,53.189998626708984,53.310001373291016,51.95000076293945,50.23945236206055,4302600
2019-07-02,52.599998474121094,53.060001373291016,52.099998474121094,50.698265075683594,2114100
2019-07-03,53.41999816894531,54.27000045776367,53.34000015258789,51.83572006225586,1488400
2019-07-05,53.529998779296875,54.15999984741211,52.75,51.6063232421875,3417500
2019-07-08,53.27000045776367,53.470001220703125,52.849998474121094,50.87986755371094,2254400
2019-07-09,52.47999954223633,53.540000915527344,52.45000076293945,51.02324295043945,2006500
2019-07-10,54.0099983215332,54.689998626708984,53.689998626708984,51.75926208496094,4260700
2019-07-11,54.529998779296875,54.65999984741211,53.900001525878906,52.065120697021484,3822300
2019-07-12,54.77000045776367,55.220001220703125,54.58000183105469,52.72466278076172,2427200
2019-07-15,55.459999084472656,55.459999084472656,54.95000076293945,52.79157257080078,1810500
2019-07-16,55.189998626708984,55.290000915527344,54.5099983215332,52.22761917114258,2263300
2019-07-17,54.70000076293945,54.77000045776367,53.58000183105469,51.243099212646484,2837000
2019-07-18,53.2599983215332,54.36000061035156,52.9900016784668,51.77836227416992,2714000
2019-07-19,54.79999923706055,54.79999923706055,53.099998474121094,50.83207702636719,2998600
2019-07-22,53.439998626708984,53.900001525878906,53.130001068115234,51.21442413330078,2538200
2019-07-23,54.25,54.72999954223633,53.77000045776367,52.31364822387695,2622700
2019-07-24,54.279998779296875,55.5,54.22999954223633,53.04966354370117,2461600
2019-07-25,55.25,55.25,54.20000076293945,52.246734619140625,3708900
2019-07-26,55.09000015258789,55.869998931884766,55.02000045776367,53.27906036376953,1860800
2019-07-29,55.68000030517578,55.70000076293945,55.11000061035156,53.011417388916016,1802800
2019-07-30,54.61000061035156,55.279998779296875,54.369998931884766,52.66730499267578,2480100
2019-07-31,55.20000076293945,55.290000915527344,51.970001220703125,50.84164047241211,5429500
2019-08-01,53.31999969482422,55.060001373291016,51.36000061035156,49.532127380371094,8602200
2019-08-02,51.290000915527344,51.38999938964844,49.72999954223633,48.43289566040039,6836200
2019-08-05,48.279998779296875,48.33000183105469,45.0,44.09333038330078,9030500
2019-08-06,47.099998474121094,48.099998474121094,46.279998779296875,45.88078308105469,5088700
2019-08-07,46.279998779296875,48.47999954223633,45.11000061035156,45.96680450439453,8132300
2019-08-08,48.88999938964844,50.84000015258789,48.560001373291016,48.59538269042969,5007300
2019-08-09,50.29999923706055,50.63999938964844,48.790000915527344,47.534393310546875,6514200
2019-08-12,48.90999984741211,49.22999954223633,47.43000030517578,45.84254455566406,4710700
2019-08-13,47.779998779296875,50.97999954223633,47.59000015258789,47.993202209472656,6105100
2019-08-14,47.880001068115234,48.2400016784668,45.689998626708984,43.71099853515625,10357600
2019-08-15,46.220001220703125,46.56999969482422,45.0099983215332,44.06465148925781,7187300
2019-08-16,46.97999954223633,48.34000015258789,46.939998626708984,45.95724868774414,4071900
2019-08-19,49.79999923706055,50.220001220703125,49.400001525878906,47.610870361328125,4107600
2019-08-20,49.58000183105469,49.849998474121094,48.630001068115234,46.53075408935547,3963100
2019-08-21,49.88999938964844,50.099998474121094,49.5099983215332,47.67777633666992,3273600
2019-08-22,50.27000045776367,50.63999938964844,48.810001373291016,47.57262420654297,3734400
2019-08-23,49.06999969482422,50.0,45.279998779296875,43.94995880126953,7886000
2019-08-26,47.13999938964844,47.470001220703125,46.31999969482422,45.374176025390625,4513000
2019-08-27,48.2400016784668,48.41999816894531,46.5,44.829341888427734,3888400
2019-08-28,46.52000045776367,47.97999954223633,46.119998931884766,45.775630950927734,2704800
2019-08-29,49.33000183105469,49.9900016784668,48.7400016784668,47.486602783203125,3399200
2019-08-30,50.5099983215332,50.529998779296875,49.099998474121094,47.44837188720703,2942400
2019-09-03,48.65999984741211,49.18000030517578,47.9900016784668,46.62633514404297,2787100
2019-09-04,49.959999084472656,50.40999984741211,49.529998779296875,48.13656997680664,2422600
2019-09-05,51.79999923706055,52.86000061035156,51.7400016784668,50.010040283203125,3338800
2019-09-06,52.529998779296875,52.810001373291016,52.119998931884766,50.124752044677734,2455200
2019-09-09,53.029998779296875,53.04999923706055,51.959999084472656,50.14386749267578,2289300
2019-09-10,52.08000183105469,52.52000045776367,51.369998931884766,50.20121383666992,2827900
2019-09-11,52.650001525878906,53.630001068115234,52.279998779296875,51.252647399902344,2772900
2019-09-12,54.099998474121094,54.75,53.68000030517578,51.711456298828125,3661300
2019-09-13,54.369998931884766,54.56999969482422,53.7599983215332,51.57764434814453,2551400
2019-09-16,53.290000915527344,53.7400016784668,53.09000015258789,51.1379508972168,2274700
2019-09-17,53.34000015258789,53.93000030517578,53.2599983215332,51.47249984741211,2205800
2019-09-18,53.650001525878906,54.040000915527344,52.439998626708984,51.58720397949219,4182300
2019-09-19,54.189998626708984,54.779998779296875,53.7599983215332,51.56808853149414,3345100
2019-09-20,54.279998779296875,54.439998626708984,52.7400016784668,50.717376708984375,3989100
2019-09-23,52.75,53.52000045776367,52.619998931884766,50.79383850097656,2208800
2019-09-24,53.7599983215332,53.97999954223633,51.279998779296875,49.541683197021484,5967700
2019-09-25,51.900001525878906,53.029998779296875,51.04999923706055,50.44974136352539,3930900
2019-09-26,52.7599983215332,52.880001068115234,51.61000061035156,50.08652114868164,3742100
2019-09-27,52.849998474121094,52.88999938964844,50.66999816894531,49.2453727722168,4937100
2019-09-30,51.84000015258789,52.66999816894531,51.81999969482422,50.00049591064453,3086200
2019-10-01,52.77000045776367,53.15999984741211,50.279998779296875,48.16525650024414,6224400
2019-10-02,49.47999954223633,49.5,47.0099983215332,45.67048645019531,8157500
2019-10-03,47.599998474121094,48.869998931884766,46.119998931884766,46.70280456542969,7194000
2019-10-04,49.27000045776367,50.959999084472656,49.209999084472656,48.576271057128906,5317500
2019-10-07,50.40999984741211,51.29999923706055,50.0099983215332,47.92628860473633,4386700
2019-10-08,49.119998931884766,49.529998779296875,47.83000183105469,45.76607894897461,6422500
2019-10-09,48.95000076293945,49.70000076293945,48.599998474121094,46.96088790893555,4471100
2019-10-10,49.119998931884766,50.650001525878906,49.029998779296875,47.993202209472656,4924000
2019-10-11,51.70000076293945,52.959999084472656,51.63999938964844,49.44609832763672,6739500
2019-10-14,51.5099983215332,51.900001525878906,51.34000015258789,49.31227111816406,2638300
2019-10-15,52.11000061035156,53.4900016784668,52.060001373291016,50.746055603027344,3128800
2019-10-16,52.79999923706055,53.189998626708984,52.529998779296875,50.478416442871094,2972300
2019-10-17,53.45000076293945,53.7400016784668,52.84000015258789,50.84164047241211,3360000
2019-10-18,52.93000030517578,53.27000045776367,51.97999954223633,50.182098388671875,2717600
2019-10-21,53.31999969482422,53.68000030517578,53.029998779296875,51.27177047729492,2479500
2019-10-22,53.93000030517578,54.040000915527344,52.97999954223633,50.688690185546875,3491900
2019-10-23,52.90999984741211,53.540000915527344,52.77000045776367,51.166622161865234,2880100
2019-10-24,54.029998779296875,54.130001068115234,53.27000045776367,51.357791900634766,3816300
2019-10-25,53.380001068115234,54.70000076293945,53.380001068115234,52.05556869506836,3881000
2019-10-28,55.099998474121094,55.59000015258789,55.099998474121094,52.88715744018555,3545200
2019-10-29,55.150001525878906,55.779998779296875,55.060001373291016,52.8011360168457,3364000
2019-10-30,55.380001068115234,55.95000076293945,54.56999969482422,53.27906036376953,3092500
2019-10-31,55.72999954223633,55.72999954223633,54.41999816894531,52.8011360168457,3960700
2019-11-01,56.130001068115234,56.79999923706055,56.02000045776367,54.29225540161133,3668700
2019-11-04,57.77000045776367,57.83000183105469,57.25,54.91355514526367,2765400
2019-11-05,57.650001525878906,57.779998779296875,57.099998474121094,54.73194885253906,2370800
2019-11-06,57.290000915527344,57.5,56.75,54.798851013183594,2527600
2019-11-07,58.150001525878906,58.630001068115234,57.61000061035156,55.391483306884766,3925400
2019-11-08,57.70000076293945,58.31999969482422,57.25,55.71648025512695,1814800
2019-11-11,57.459999084472656,58.09000015258789,57.36000061035156,55.401039123535156,1823700
2019-11-12,58.20000076293945,58.900001525878906,57.86000061035156,55.71648025512695,2829400
2019-11-13,57.689998626708984,58.63999938964844,57.56999969482422,55.79293441772461,3553300
2019-11-14,58.22999954223633,58.689998626708984,57.810001373291016,56.051021575927734,2674500
2019-11-15,59.439998626708984,59.900001525878906,59.029998779296875,57.25539016723633,2334300
2019-11-18,59.709999084472656,60.15999984741211,59.43000030517578,57.30318832397461,2396900
2019-11-19,60.380001068115234,60.380001068115234,59.529998779296875,57.25539016723633,2652800
2019-11-20,59.58000183105469,59.869998931884766,58.27000045776367,56.6532096862793,4098200
2019-11-21,59.290000915527344,59.400001525878906,58.459999084472656,56.38556671142578,2751400
2019-11-22,59.400001525878906,59.4900016784668,58.689998626708984,56.71055221557617,2318100
2019-11-25,59.900001525878906,60.709999084472656,59.900001525878906,58.01050567626953,2161900
2019-11-26,60.7599983215332,61.2400016784668,60.54999923706055,58.39284896850586,1739900
2019-11-27,61.4900016784668,61.900001525878906,61.279998779296875,59.14795684814453,1718800
2019-11-29,61.560001373291016,61.709999084472656,61.08000183105469,58.51710510253906,1221600
2019-12-02,61.380001068115234,61.40999984741211,59.380001068115234,56.97819900512695,4023600
2019-12-03,57.880001068115234,58.4900016784668,57.04999923706055,55.80249786376953,5039100
2019-12-04,59.060001373291016,59.86000061035156,58.880001068115234,56.834815979003906,3084000
2019-12-05,59.95000076293945,59.95000076293945,58.9900016784668,57.2171516418457,2618500
2019-12-06,61.0,61.689998626708984,61.0,58.69872283935547,3133500
2019-12-09,61.18000030517578,61.619998931884766,60.810001373291016,58.19212341308594,2375200
2019-12-10,60.83000183105469,61.2400016784668,60.22999954223633,57.981834411621094,2694900
2019-12-11,60.91999816894531,61.33000183105469,60.68000030517578,58.46930694580078,2403800
2019-12-12,61.150001525878906,63.2400016784668,61.0,59.97000503540039,6205900
2019-12-13,62.5099983215332,63.61000061035156,62.04999923706055,60.02735137939453,4764600
2019-12-16,63.939998626708984,64.5,63.93000030517578,61.27951431274414,2623000
2019-12-17,64.33999633789062,64.55000305175781,64.11000061035156,61.29862976074219,1778500
2019-12-18,64.38999938964844,64.54000091552734,64.12999725341797,61.29862976074219,1701300
2019-12-19,64.23999786376953,64.95999908447266,64.22000122070312,62.07286834716797,2176900
2019-12-20,65.58999633789062,66.16999816894531,65.55000305175781,62.98093795776367,2960200
2019-12-23,65.98999786376953,66.02999877929688,65.68000030517578,63.10761260986328,1909300
2019-12-24,65.91000366210938,65.93000030517578,65.55000305175781,63.12678909301758,941900
2019-12-26,66.0199966430664,66.81999969482422,66.0,64.08647155761719,2129800
2019-12-27,67.30000305175781,67.30999755859375,66.37000274658203,64.04806518554688,2225900
2019-12-30,66.76000213623047,66.83999633789062,65.26000213623047,62.925270080566406,3645400
2019-12-31,65.22000122070312,66.22000122070312,64.98999786376953,63.4146842956543,2683000
2020-01-02,67.0999984741211,67.91000366210938,66.45999908447266,65.17090606689453,3682700
2020-01-03,65.56999969482422,67.12000274658203,65.51000213623047,63.606624603271484,4668100
2020-01-06,65.11000061035156,67.11000061035156,65.06999969482422,64.3455810546875,2946000
2020-01-07,66.75,67.0199966430664,66.20999908447266,63.856143951416016,2767300
2020-01-08,66.66999816894531,68.37999725341797,66.48999786376953,64.83499908447266,3876200
2020-01-09,68.6500015258789,68.9800033569336,68.23999786376953,66.14974212646484,2889400
2020-01-10,69.37000274658203,69.41000366210938,68.0,65.52595520019531,3883300
2020-01-13,68.73999786376953,69.76000213623047,68.44999694824219,66.9462661743164,2859000
2020-01-14,69.41999816894531,70.13999938964844,69.01000213623047,66.58158874511719,3751400
2020-01-15,69.33000183105469,70.37999725341797,69.26000213623047,67.0518569946289,3346900
2020-01-16,70.80000305175781,71.54000091552734,70.6500015258789,68.62566375732422,3158100
2020-01-17,72.08000183105469,72.33999633789062,71.61000061035156,69.3358383178711,3368900
2020-01-21,71.48999786376953,72.30999755859375,71.44999694824219,68.83680725097656,3736300
2020-01-22,72.37999725341797,72.81999969482422,71.69000244140625,68.9423599243164,2433100
2020-01-23,71.30000305175781,72.12000274658203,70.5,69.12470245361328,3439700
2020-01-24,72.5,72.5,69.16000366210938,67.22457122802734,6223400
2020-01-27,66.38999938964844,67.70999908447266,66.1500015258789,64.00968933105469,5682800
2020-01-28,67.62999725341797,69.3499984741211,67.31999969482422,65.96739959716797,3635700
2020-01-29,69.72000122070312,69.8499984741211,68.45999908447266,65.85225677490234,3443600
2020-01-30,67.16999816894531,69.38999938964844,66.63999938964844,66.46643829345703,4689600
2020-01-31,68.80999755859375,68.91000366210938,64.86000061035156,62.85808181762695,8799300
2020-02-03,66.41999816894531,68.1500015258789,66.37999725341797,64.19202423095703,4527700
2020-02-04,69.3499984741211,70.55000305175781,69.12999725341797,67.18618774414062,4015400
2020-02-05,72.0199966430664,72.5199966430664,71.0,69.43180084228516,4014200
2020-02-06,73.04000091552734,73.2300033569336,72.33000183105469,70.18033599853516,3119200
2020-02-07,72.30999755859375,72.8499984741211,71.55000305175781,69.0095443725586,3236700
2020-02-10,71.26000213623047,73.52999877929688,71.25,70.50662231445312,2504100
2020-02-11,74.48999786376953,75.05000305175781,73.52999877929688,70.93846130371094,3879500
2020-02-12,74.93000030517578,75.4800033569336,74.66999816894531,72.26282501220703,2869600
2020-02-13,74.27999877929688,75.7699966430664,74.04000091552734,72.04207611083984,4065400
2020-02-14,75.30000305175781,75.44000244140625,74.44000244140625,72.3395767211914,2484100
2020-02-18,74.66999816894531,75.05000305175781,73.76000213623047,71.68701934814453,3819000
2020-02-19,75.44999694824219,76.33000183105469,75.2699966430664,72.77143859863281,2099700
2020-02-20,75.44000244140625,76.04000091552734,72.70999908447266,71.90772247314453,5317200
2020-02-21,73.91000366210938,74.0999984741211,71.95999908447266,69.5853500366211,4788400
2020-02-24,65.79000091552734,67.51000213623047,64.55999755859375,62.67576599121094,8863300
2020-02-25,66.30999755859375,66.63999938964844,58.779998779296875,57.01373291015625,11042800
2020-02-26,60.20000076293945,62.470001220703125,58.2400016784668,56.3035774230957,11818100
2020-02-27,55.220001220703125,57.61000061035156,50.84000015258789,48.79897689819336,16237200
2020-02-28,46.27000045776367,50.2599983215332,44.61000061035156,48.232784271240234,20096800
2020-03-02,51.099998474121094,56.54999923706055,49.15999984741211,54.240291595458984,14869400
2020-03-03,56.779998779296875,59.11000061035156,50.16999816894531,49.62430191040039,15354400
2020-03-04,54.7400016784668,58.279998779296875,53.27000045776367,55.814144134521484,10415800
2020-03-05,53.77000045776367,55.720001220703125,51.0,50.200111389160156,13031000
2020-03-06,47.5,50.400001525878906,45.95000076293945,47.695377349853516,13626900
2020-03-09,39.849998474121094,43.04999923706055,37.709999084472656,36.62083435058594,18924200
2020-03-10,42.38999938964844,44.0,37.75,42.22528076171875,21643600
2020-03-11,40.47999954223633,40.9900016784668,36.0,36.073822021484375,20910500
2020-03-12,29.5,34.38999938964844,26.760000228881836,25.72863006591797,33980800
2020-03-13,31.709999084472656,34.15999984741211,27.200000762939453,32.66701126098633,31641100
2020-03-16,23.100000381469727,28.829999923706055,22.0,21.60207176208496,42234500
2020-03-17,23.719999313354492,26.739999771118164,21.479999542236328,25.13364028930664,41179900
2020-03-18,21.440000534057617,23.690000534057617,18.3799991607666,21.34296226501465,54281500
2020-03-19,21.610000610351562,23.799999237060547,19.899999618530273,21.131834030151367,50720300
2020-03-20,23.0,23.43000030517578,19.010000228881836,18.348806381225586,39904400
2020-03-23,19.0,19.299999237060547,16.510000228881836,16.842130661010742,58496200
2020-03-24,20.479999542236328,22.59000015258789,20.18000030517578,21.525291442871094,51313500
2020-03-25,22.809999465942383,25.969999313354492,21.40999984741211,22.331417083740234,56013000
2020-03-26,24.1299991607666,27.850000381469727,23.979999542236328,26.30443000793457,48482500
2020-03-27,24.90999984741211,27.280000686645508,24.18000030517578,23.895668029785156,42155000
2020-03-30,25.56999969482422,27.559999465942383,24.969999313354492,26.18927001953125,32979600
2020-03-31,27.0,27.899999618530273,25.65999984741211,24.99928855895996,43213400
2020-04-01,23.149999618530273,24.200000762939453,21.90999984741211,21.678844451904297,38189600
2020-04-02,22.360000610351562,24.399999618530273,22.170000076293945,23.147130966186523,41577900
2020-04-03,23.829999923706055,24.56999969482422,22.270000457763672,22.17786979675293,40390100
2020-04-06,25.809999465942383,28.809999465942383,25.489999771118164,26.66910743713379,39068200
2020-04-07,30.709999084472656,31.010000228881836,27.75,26.659509658813477,47873300
2020-04-08,28.700000762939453,31.049999237060547,27.979999542236328,29.3753604888916,38576100
2020-04-09,31.829999923706055,33.0099983215332,31.100000381469727,30.690107345581055,44859400
2020-04-13,31.68000030517578,31.770000457763672,29.670000076293945,29.83600425720215,35165200
2020-04-14,32.95000076293945,34.189998626708984,32.56999969482422,32.51347351074219,30687900
2020-04-15,31.670000076293945,32.369998931884766,30.889999389648438,30.421396255493164,27931700
2020-04-16,32.18000030517578,32.470001220703125,31.030000686645508,30.88204002380371,34532500
2020-04-17,34.36000061035156,34.97999954223633,33.310001373291016,33.35797119140625,31562100
2020-04-20,33.290000915527344,34.630001068115234,32.83000183105469,31.611370086669922,28604900
2020-04-21,31.200000762939453,31.68000030517578,29.579999923706055,28.732385635375977,33679400
2020-04-22,31.649999618530273,32.5099983215332,31.18000030517578,30.622926712036133,18343000
2020-04-23,32.369998931884766,33.560001373291016,31.780000686645508,30.56534767150879,30495300
2020-04-24,32.45000076293945,33.470001220703125,31.68000030517578,31.8992862701416,23981300
2020-04-27,33.97999954223633,35.06999969482422,33.79999923706055,33.26201248168945,21158100
2020-04-28,36.11000061035156,36.22999954223633,34.04999923706055,32.820560455322266,31452400
2020-04-29,36.25,37.45000076293945,35.849998474121094,35.35408020019531,26079300
2020-04-30,36.22999954223633,36.4900016784668,35.11000061035156,34.30804443359375,25563200
2020-05-01,33.86000061035156,34.15999984741211,32.5,31.659364700317383,26388900
2020-05-04,32.20000076293945,33.349998474121094,31.690000534057617,31.88008689880371,18849000
2020-05-05,34.310001373291016,35.220001220703125,33.97999954223633,32.753387451171875,18649400
2020-05-06,34.810001373291016,34.959999084472656,33.400001525878906,32.110408782958984,18055100
2020-05-07,34.689998626708984,35.38999938964844,34.470001220703125,33.27159881591797,15240800
2020-05-08,35.900001525878906,36.5,35.439998626708984,34.92222213745117,12851900
2020-05-11,35.56999969482422,36.959999084472656,35.400001525878906,34.91263198852539,14214100
2020-05-12,36.880001068115234,37.040000915527344,34.150001525878906,32.85894775390625,17276100
2020-05-13,33.970001220703125,34.38999938964844,31.440000534057617,31.141143798828125,24326900
2020-05-14,31.459999084472656,33.59000015258789,30.579999923706055,32.19678497314453,32202500
2020-05-15,32.650001525878906,33.9900016784668,32.2599983215332,32.59023666381836,22057500
2020-05-18,36.43000030517578,37.720001220703125,36.279998779296875,35.593994140625,18280500
2020-05-19,36.900001525878906,37.54999923706055,35.939998626708984,34.52877426147461,18037400
2020-05-20,37.38999938964844,38.13999938964844,37.279998779296875,36.30414962768555,17601100
2020-05-21,37.72999954223633,38.06999969482422,36.540000915527344,35.45004653930664,17467900
2020-05-22,36.880001068115234,37.27000045776367,36.380001068115234,35.6899528503418,12755600
2020-05-26,39.709999084472656,39.7599983215332,38.439998626708984,37.081478118896484,13527700
2020-05-27,39.7599983215332,40.29999923706055,37.720001220703125,38.636131286621094,17961000
2020-05-28,40.7599983215332,41.630001068115234,39.790000915527344,38.48258590698242,16599200
2020-05-29,39.880001068115234,40.849998474121094,38.720001220703125,38.89523696899414,21869300
2020-06-01,40.31999969482422,41.36000061035156,40.099998474121094,39.4422492980957,11573400
2020-06-02,41.5,42.130001068115234,40.93000030517578,40.401912689208984,12075500
2020-06-03,43.02000045776367,44.22999954223633,42.900001525878906,42.033348083496094,13047800
2020-06-04,43.34000015258789,44.150001525878906,42.5,41.67827606201172,14517800
2020-06-05,45.939998626708984,47.61000061035156,45.900001525878906,44.88356018066406,19893800
2020-06-08,47.20000076293945,48.56999969482422,46.93000030517578,46.52458190917969,11919400
2020-06-09,47.15999984741211,48.130001068115234,46.77000045776367,45.50733947753906,16122200
2020-06-10,47.70000076293945,48.119998931884766,46.279998779296875,44.76839828491211,19500600
2020-06-11,43.27000045776367,43.56999969482422,38.27000045776367,37.004703521728516,33437300
2020-06-12,41.439998626708984,41.77000045776367,37.720001220703125,38.271461486816406,29234100
2020-06-15,37.43000030517578,41.47999954223633,36.93000030517578,39.34629440307617,26172300
2020-06-16,44.38999938964844,44.45000076293945,41.2599983215332,41.61110305786133,24862500
2020-06-17,43.84000015258789,43.970001220703125,42.52000045776367,41.044898986816406,14325400
2020-06-18,42.150001525878906,43.09000015258789,41.939998626708984,41.13127136230469,11666500
2020-06-19,44.41999816894531,44.5,41.54999923706055,40.43070983886719,18463300
2020-06-22,41.849998474121094,43.119998931884766,41.36000061035156,41.20803451538086,10016400
2020-06-23,44.099998474121094,44.5099983215332,43.31999969482422,41.76139831542969,10428500
2020-06-24,42.560001373291016,42.84000015258789,39.34000015258789,38.59110641479492,21619800
2020-06-25,39.90999984741211,41.56999969482422,39.04999923706055,39.820804595947266,15448400
2020-06-26,40.970001220703125,41.060001373291016,38.25,37.02516555786133,21054100
2020-06-29,39.0,40.220001220703125,38.060001373291016,38.53346633911133,14988500
2020-06-30,40.0,42.45000076293945,39.93000030517578,40.16664505004883,15209500
2020-07-01,42.20000076293945,43.13999938964844,42.0,40.91598892211914,14461100
2020-07-02,44.119998931884766,44.709999084472656,42.970001220703125,41.550045013427734,14654400
2020-07-06,45.029998779296875,45.439998626708984,44.65999984741211,43.46183776855469,10834800
2020-07-07,44.560001373291016,45.470001220703125,43.720001220703125,42.13607406616211,11186600
2020-07-08,44.2400016784668,44.91999816894531,43.41999816894531,43.06794357299805,9959600
2020-07-09,45.15999984741211,45.2599983215332,42.540000915527344,42.36663818359375,15521500
2020-07-10,44.08000183105469,45.58000183105469,43.41999816894531,43.663578033447266,11063700
2020-07-13,46.52000045776367,47.650001525878906,43.970001220703125,42.54916763305664,15115300
2020-07-14,43.619998931884766,46.13999938964844,43.06999969482422,44.20155334472656,16153900
2020-07-15,47.529998779296875,47.779998779296875,46.150001525878906,45.383216857910156,17449000
2020-07-16,46.34000015258789,47.0,46.040000915527344,44.931697845458984,10726900
2020-07-17,47.2400016784668,47.54999923706055,46.33000183105469,45.27754211425781,8613000
2020-07-20,47.08000183105469,48.68000030517578,46.720001220703125,46.41115951538086,7721300
2020-07-21,49.279998779296875,49.5,48.18000030517578,46.70897674560547,10400800
2020-07-22,48.47999954223633,49.61000061035156,48.41999816894531,47.48714065551758,8224500
2020-07-23,49.27000045776367,49.63999938964844,47.02000045776367,45.85396194458008,14700400
2020-07-24,46.790000915527344,47.2599983215332,46.04999923706055,44.902870178222656,12917900
2020-07-27,47.09000015258789,47.869998931884766,46.720001220703125,45.873172760009766,7674800
2020-07-28,47.439998626708984,47.97999954223633,46.7400016784668,45.07579040527344,9458700
2020-07-29,47.310001373291016,48.880001068115234,47.27000045776367,46.66094207763672,8089100
2020-07-30,47.15999984741211,48.279998779296875,46.150001525878906,46.16138458251953,12924300
2020-07-31,48.95000076293945,49.25,46.90999984741211,47.27578353881836,12533800
2020-08-03,50.040000915527344,50.599998474121094,49.75,48.236473083496094,6819100
2020-08-04,49.79999923706055,50.810001373291016,49.790000915527344,48.78407287597656,7112100
2020-08-05,51.459999084472656,51.88999938964844,51.34000015258789,49.67752456665039,7009200
2020-08-06,51.47999954223633,52.849998474121094,51.31999969482422,50.695858001708984,7614400
2020-08-07,52.31999969482422,52.97999954223633,51.83000183105469,50.79192352294922,10639200
2020-08-10,53.13999938964844,53.470001220703125,52.150001525878906,51.281883239746094,8010400
2020-08-11,54.0,54.29999923706055,51.66999816894531,50.03297424316406,11505800
2020-08-12,53.29999923706055,54.61000061035156,53.290000915527344,52.040828704833984,8178000
2020-08-13,53.83000183105469,54.61000061035156,53.45000076293945,51.839080810546875,8707900
2020-08-14,53.709999084472656,54.220001220703125,53.380001068115234,51.791046142578125,7373100
2020-08-17,54.45000076293945,54.650001525878906,54.2400016784668,52.26179122924805,4216900
2020-08-18,54.650001525878906,55.0099983215332,53.81999969482422,52.58842849731445,5337200
2020-08-19,55.0099983215332,55.2599983215332,53.810001373291016,51.944766998291016,7030800
2020-08-20,53.189998626708984,54.83000183105469,53.130001068115234,52.42510986328125,5167800
2020-08-21,54.41999816894531,55.2599983215332,54.25,52.96310043334961,5034200
2020-08-24,56.5,56.880001068115234,55.939998626708984,54.60589599609375,5616700
2020-08-25,57.189998626708984,57.47999954223633,56.529998779296875,55.172698974609375,5438400
2020-08-26,57.77000045776367,59.31999969482422,57.470001220703125,56.8250846862793,5616200
2020-08-27,59.65999984741211,60.36000061035156,58.63999938964844,57.19977569580078,8807600
2020-08-28,60.130001068115234,60.77000045776367,59.47999954223633,58.32377243041992,5447600
2020-08-31,60.58000183105469,61.08000183105469,59.939998626708984,57.64167785644531,6578200
2020-09-01,60.5099983215332,61.790000915527344,60.02000045776367,59.30368423461914,4946300
2020-09-02,62.86000061035156,64.95999908447266,62.20000076293945,61.88795852661133,8019200
2020-09-03,63.439998626708984,63.709999084472656,56.25,55.51854705810547,17626100
2020-09-04,58.08000183105469,58.97999954223633,52.459999084472656,54.13513946533203,15625400
2020-09-08,53.369998931884766,54.099998474121094,51.540000915527344,49.6486930847168,14560300
2020-09-09,53.7400016784668,56.0099983215332,53.279998779296875,52.58842849731445,9799900
2020-09-10,55.72999954223633,56.08000183105469,51.400001525878906,49.87926483154297,13450600
2020-09-11,52.77000045776367,53.31999969482422,50.540000915527344,49.89848327636719,12786100
2020-09-14,53.54999923706055,54.900001525878906,53.310001373291016,51.906333923339844,6927400
2020-09-15,55.310001373291016,55.7400016784668,54.290000915527344,52.64606857299805,6438100
2020-09-16,55.5,56.2400016784668,54.040000915527344,52.06003952026367,7319800
2020-09-17,51.65999984741211,53.630001068115234,51.380001068115234,50.70545959472656,10835800
2020-09-18,53.16999816894531,53.20000076293945,49.650001525878906,48.966609954833984,9865600
2020-09-21,48.65999984741211,49.27000045776367,46.790000915527344,47.27578353881836,12802200
2020-09-22,49.939998626708984,50.9900016784668,48.72999954223633,48.74565124511719,8509100
2020-09-23,51.0,51.119998931884766,46.95000076293945,45.344791412353516,8842600
2020-09-24,46.540000915527344,48.9900016784668,45.93000030517578,45.681034088134766,9661000
2020-09-25,47.13999938964844,50.220001220703125,46.720001220703125,47.89063262939453,6858500
2020-09-28,51.88999938964844,52.68000030517578,51.40999984741211,50.30197525024414,6069400
2020-09-29,52.2400016784668,52.599998474121094,51.130001068115234,49.43734359741211,6052300
2020-09-30,51.83000183105469,54.22999954223633,51.689998626708984,50.59018325805664,8486600
2020-10-01,53.95000076293945,54.439998626708984,52.70000076293945,51.5124397277832,6991300
2020-10-02,51.11000061035156,53.11000061035156,50.849998474121094,50.1290397644043,10064900
2020-10-05,53.15999984741211,54.970001220703125,53.15999984741211,52.69409942626953,4891600
2020-10-06,54.97999954223633,56.040000915527344,52.279998779296875,50.494117736816406,10028800
2020-10-07,54.040000915527344,55.689998626708984,54.029998779296875,53.059173583984375,5798700
2020-10-08,56.290000915527344,56.7599983215332,55.83000183105469,54.46178436279297,5091900
2020-10-09,57.63999938964844,58.5,57.290000915527344,55.931644439697266,5502300
2020-10-12,59.650001525878906,61.86000061035156,59.380001068115234,58.69844055175781,6378500
2020-10-13,60.97999954223633,61.02000045776367,59.31999969482422,57.50718307495117,5169000
2020-10-14,60.15999984741211,60.790000915527344,58.34000015258789,56.47924041748047,5897400
2020-10-15,56.599998474121094,58.79999923706055,56.310001373291016,56.2486686706543,7109000
2020-10-16,59.27000045776367,60.16999816894531,58.33000183105469,56.11418151855469,6134400
2020-10-19,59.08000183105469,59.41999816894531,55.27000045776367,53.58755111694336,9448100
2020-10-20,56.439998626708984,58.099998474121094,56.040000915527344,54.14474868774414,9544600
2020-10-21,56.36000061035156,57.5099983215332,55.91999816894531,53.818111419677734,7263400
2020-10-22,56.16999816894531,57.290000915527344,55.060001373291016,54.74039077758789,7287500
2020-10-23,57.66999816894531,57.68000030517578,56.2599983215332,55.259151458740234,5553100
2020-10-26,55.7599983215332,56.18000030517578,52.5099983215332,52.271392822265625,11198300
2020-10-27,54.54999923706055,54.720001220703125,53.689998626708984,51.68537521362305,7055700
2020-10-28,50.900001525878906,51.22999954223633,48.04999923706055,46.41115951538086,15880400
2020-10-29,48.400001525878906,51.22999954223633,47.58000183105469,47.76573944091797,9193000
2020-10-30,48.939998626708984,49.58000183105469,46.380001068115234,46.24783706665039,13455500
2020-11-02,49.79999923706055,50.7400016784668,48.470001220703125,47.842586517333984,10792600
2020-11-03,51.349998474121094,53.41999816894531,51.13999938964844,50.33079528808594,10203400
2020-11-04,54.66999816894531,57.9900016784668,54.099998474121094,53.69322967529297,14289200
2020-11-05,58.709999084472656,60.150001525878906,58.529998779296875,56.844303131103516,9589200
2020-11-06,59.06999969482422,59.83000183105469,57.880001068115234,56.81548309326172,7842400
2020-11-09,66.26000213623047,66.3499984741211,61.11000061035156,58.986656188964844,15828600
2020-11-10,60.83000183105469,61.70000076293945,59.31999969482422,58.70805740356445,10254000
2020-11-11,62.349998474121094,62.939998626708984,61.65999984741211,59.95695114135742,6479100
2020-11-12,61.900001525878906,62.33000183105469,59.630001068115234,58.26613235473633,8259300
2020-11-13,61.709999084472656,63.560001373291016,61.40999984741211,60.63905334472656,6005800
2020-11-16,64.70999908447266,65.54000091552734,63.959999084472656,62.92549514770508,6675900
2020-11-17,64.12999725341797,65.19000244140625,63.2400016784668,61.916770935058594,5704100
2020-11-18,64.62999725341797,64.94999694824219,62.119998931884766,59.71678161621094,6593600
2020-11-19,61.75,63.13999938964844,61.02000045776367,60.418087005615234,6654200
2020-11-20,62.7599983215332,62.880001068115234,61.58000183105469,59.19801330566406,5352700
2020-11-23,62.63999938964844,63.400001525878906,61.369998931884766,60.29319381713867,7247900
2020-11-24,64.18000030517578,66.05999755859375,63.689998626708984,63.117637634277344,6838000
2020-11-25,65.69999694824219,65.70999908447266,64.80999755859375,62.84864044189453,4655800
2020-11-27,66.08000183105469,66.26000213623047,65.4000015258789,63.38663101196289,2806700
2020-11-30,65.52999877929688,65.66999816894531,63.540000915527344,62.531620025634766,6640300
2020-12-01,66.9800033569336,68.12000274658203,66.55000305175781,64.54906463623047,6031700
2020-12-02,66.56999969482422,67.75,66.25,64.94297790527344,4510900
2020-12-03,67.61000061035156,68.43000030517578,66.95999908447266,64.89493560791016,5734200
2020-12-04,67.94000244140625,69.36000061035156,67.9000015258789,66.63379669189453,3693900
2020-12-07,68.87999725341797,69.22000122070312,68.16999816894531,66.20148468017578,5499000
2020-12-08,68.1500015258789,69.8499984741211,68.11000061035156,66.72984313964844,4139500
2020-12-09,69.95999908447266,70.01000213623047,67.12000274658203,64.99098205566406,7367600
2020-12-10,66.79000091552734,68.16999816894531,66.30000305175781,64.87570190429688,6084100
2020-12-11,66.55999755859375,67.47000122070312,65.63999938964844,64.63553619384766,6074500
2020-12-14,68.63999938964844,69.25,66.2699966430664,63.78049850463867,6322200
2020-12-15,67.94999694824219,69.0999984741211,67.08999633789062,66.3455581665039,5789800
2020-12-16,69.25,69.9800033569336,68.69000244140625,66.67220306396484,4884700
2020-12-17,70.41999816894531,70.72000122070312,69.93000030517578,67.83467102050781,4843000
2020-12-18,70.77999877929688,70.86000061035156,68.51000213623047,66.97001647949219,8421500
2020-12-21,67.37000274658203,69.5199966430664,65.70999908447266,66.29753875732422,8951500
2020-12-22,69.08000183105469,69.1500015258789,67.8499984741211,65.9366683959961,4767900
2020-12-23,69.04000091552734,69.83999633789062,68.61000061035156,66.0521469116211,4395400
2020-12-24,68.9800033569336,69.5,68.6500015258789,66.8797378540039,2141500
2020-12-28,71.05000305175781,71.5,70.66000366210938,68.5733642578125,3672000
2020-12-29,72.20999908447266,72.31999969482422,70.51000213623047,68.20770263671875,4877600
2020-12-30,71.37999725341797,71.80000305175781,70.91000366210938,68.43867492675781,3954000
2020-12-31,71.05000305175781,72.66999816894531,70.72000122070312,69.52605438232422,4344600
2021-01-04,73.05000305175781,73.12999725341797,66.97000122070312,66.6487808227539,10399100
2021-01-05,68.88999938964844,71.36000061035156,68.88999938964844,67.99600219726562,5779400
2021-01-06,69.77999877929688,73.91999816894531,69.44000244140625,69.24698638916016,10308400
2021-01-07,73.47000122070312,75.62999725341797,73.31999969482422,72.26859283447266,6081900
2021-01-08,76.08000183105469,76.55000305175781,73.97000122070312,73.50032806396484,8231200
2021-01-11,74.41999816894531,76.01000213623047,74.29000091552734,72.12425231933594,5204200
2021-01-12,75.02999877929688,75.58000183105469,73.5199966430664,72.09538269042969,5294700
2021-01-13,74.91000366210938,76.16000366210938,74.37999725341797,72.66313171386719,4337700
2021-01-14,76.0199966430664,76.31999969482422,74.5199966430664,71.8355712890625,4815300
2021-01-15,73.69000244140625,74.19999694824219,71.91000366210938,70.26702117919922,7941200
2021-01-19,74.62000274658203,75.12000274658203,73.69999694824219,71.95104217529297,4525700
2021-01-20,76.23999786376953,78.43000030517578,76.0199966430664,74.92454528808594,4339500
2021-01-21,78.2699966430664,78.52999877929688,77.47000122070312,75.11699676513672,3733800
2021-01-22,76.87999725341797,77.97000122070312,76.62000274658203,74.31829833984375,4572900
2021-01-25,77.7699966430664,78.38999938964844,74.58000183105469,75.20359802246094,6982100
2021-01-26,78.76000213623047,79.0199966430664,77.66999816894531,74.83792877197266,4137300
2021-01-27,75.63999938964844,75.66000366210938,70.63999938964844,69.37208557128906,9762600
2021-01-28,73.20999908447266,76.4000015258789,72.98999786376953,71.036865234375,6690500
2021-01-29,72.73999786376953,73.36000061035156,68.44000244140625,66.90858459472656,11141400
2021-02-01,71.55000305175781,73.58000183105469,70.26000213623047,70.16117858886719,6123600
2021-02-02,74.94000244140625,77.01000213623047,74.91000366210938,73.15391540527344,5584900
2021-02-03,76.62999725341797,77.30999755859375,75.41000366210938,73.33674621582031,5206000
2021-02-04,76.88999938964844,78.80000305175781,76.77999877929688,75.78099822998047,3503600
2021-02-05,80.04000091552734,80.16000366210938,78.9800033569336,76.68556213378906,4033400
2021-02-08,80.70999908447266,81.47000122070312,80.12000274658203,78.3791732788086,4063700
2021-02-09,80.87000274658203,81.66999816894531,80.62000274658203,78.18673706054688,4079200
2021-02-10,82.52999877929688,82.55999755859375,79.5999984741211,78.09051513671875,6039900
2021-02-11,81.91000366210938,82.16999816894531,79.94999694824219,78.47541046142578,5392100
2021-02-12,81.0199966430664,82.91999816894531,80.98999786376953,79.65904998779297,3949200
2021-02-16,83.63999938964844,83.73999786376953,82.08999633789062,79.46660614013672,6154500
2021-02-17,81.37999725341797,82.76000213623047,80.69000244140625,79.48584747314453,4777300
2021-02-18,80.83999633789062,82.05000305175781,79.68000030517578,78.446533203125,5171700
2021-02-19,82.45999908447266,82.58000183105469,80.80999755859375,78.01351165771484,5124000
2021-02-22,79.29000091552734,80.8499984741211,79.06999969482422,76.25251007080078,4351800
2021-02-23,77.80999755859375,80.4000015258789,75.02999877929688,76.47384643554688,6583100
2021-02-24,78.80000305175781,82.43000030517578,78.13999938964844,78.98544311523438,6382600
2021-02-25,81.29000091552734,82.20999908447266,75.20999908447266,73.30786895751953,13883600
2021-02-26,77.45999908447266,78.12000274658203,73.72000122070312,72.1820068359375,12274600
2021-03-01,78.04000091552734,81.2300033569336,78.04000091552734,77.38802337646484,6432600
2021-03-02,80.66000366210938,80.76000213623047,78.43000030517578,75.63663482666016,8959700
2021-03-03,78.11000061035156,78.76000213623047,75.37999725341797,72.5861587524414,11587200
2021-03-04,75.31999969482422,76.95999908447266,69.7699966430664,69.91095733642578,13825200
2021-03-05,74.7699966430664,77.29000091552734,70.2699966430664,73.69280242919922,11367200
2021-03-08,77.2699966430664,79.05000305175781,75.27999877929688,72.65352630615234,11133000
2021-03-09,77.94000244140625,80.33000183105469,77.5999984741211,75.67513275146484,7307700
2021-03-10,80.23999786376953,81.27999877929688,79.30999755859375,77.10895538330078,10854700
2021-03-11,81.80999755859375,83.91999816894531,81.51000213623047,79.44734191894531,6294700
2021-03-12,81.69999694824219,83.04000091552734,81.12999725341797,79.8322525024414,4387100
2021-03-15,83.11000061035156,84.58999633789062,81.63999938964844,81.28533935546875,4397700
2021-03-16,84.8499984741211,85.31999969482422,83.55999755859375,80.9677734375,5613900
2021-03-17,83.18000030517578,85.48999786376953,82.41999816894531,81.6510009765625,6306200
2021-03-18,83.13999938964844,84.58999633789062,80.79000091552734,78.16748809814453,7681300
2021-03-19,81.04000091552734,82.05000305175781,79.30999755859375,77.74407196044922,5342600
2021-03-22,81.05999755859375,83.62000274658203,81.05999755859375,79.59168243408203,4675500
2021-03-23,82.27999877929688,83.2300033569336,80.18000030517578,77.6382064819336,6476200
2021-03-24,81.69000244140625,82.76000213623047,79.47000122070312,76.48346710205078,6981000
2021-03-25,78.55000305175781,81.3499984741211,77.27999877929688,77.80180358886719,9654100
2021-03-26,81.61000061035156,84.97000122070312,81.19999694824219,81.43929290771484,7596900
2021-03-29,83.72000122070312,85.19999694824219,82.69999694824219,81.39120483398438,6790300
2021-03-30,83.70999908447266,84.37000274658203,82.81999969482422,80.83303833007812,6451500
2021-03-31,84.30999755859375,85.98999786376953,84.30000305175781,81.74723815917969,5711800
2021-04-01,86.2300033569336,87.69000244140625,86.06999969482422,84.2396011352539,5257200
2021-04-05,89.54000091552734,91.80999755859375,89.48999786376953,87.99256896972656,6772500
2021-04-06,91.01000213623047,92.0,90.77999877929688,87.72311401367188,4874200
2021-04-07,91.13999938964844,91.80999755859375,90.81999969482422,88.05030059814453,4245400
2021-04-08,92.4800033569336,92.9000015258789,91.80000305175781,89.32052612304688,4374900
2021-04-09,92.80000305175781,94.98999786376953,92.69999694824219,91.23548889160156,4825000
2021-04-12,94.41000366210938,95.16000366210938,94.0,91.34134674072266,4585000
2021-04-13,94.91999816894531,96.27999877929688,94.62000274658203,92.18817901611328,4530900
2021-04-14,95.83999633789062,96.56999969482422,94.41000366210938,91.32211303710938,6974200
2021-04-15,96.41000366210938,98.08999633789062,96.4000015258789,94.20899963378906,5868800
2021-04-16,98.91000366210938,99.30000305175781,97.77999877929688,95.19055938720703,5883200
2021-04-19,98.16999816894531,98.48999786376953,96.37000274658203,93.7085952758789,6569000
2021-04-20,96.4800033569336,97.0,94.16000366210938,91.63965606689453,5531200
2021-04-21,94.79000091552734,98.08999633789062,94.68000030517578,94.21861267089844,5421100
2021-04-22,97.81999969482422,98.44000244140625,94.44999694824219,91.69739532470703,9592600
2021-04-23,95.66999816894531,99.36000061035156,95.5999984741211,94.55542755126953,6281500
2021-04-26,98.86000061035156,99.37999725341797,98.51000213623047,95.18091583251953,5203300
2021-04-27,99.16999816894531,99.30999755859375,98.02999877929688,95.07506561279297,4371200
2021-04-28,99.08000183105469,99.93000030517578,98.41999816894531,95.0077133178711,6045100
2021-04-29,100.88999938964844,101.12000274658203,98.11000061035156,96.77833557128906,6930800
2021-04-30,98.93000030517578,99.58999633789062,98.0,94.99808502197266,6643500
2021-05-03,100.16999816894531,100.47000122070312,98.94000244140625,95.49848175048828,5373300
2021-05-04,97.80000305175781,98.16999816894531,94.66000366210938,93.75672149658203,9295200
2021-05-05,98.72000122070312,98.87000274658203,96.97000122070312,93.8048324584961,5328000
2021-05-06,97.62999725341797,99.94999694824219,96.06999969482422,96.03738403320312,8629800
2021-05-07,100.44999694824219,102.54000091552734,99.93000030517578,98.1640396118164,7394300
2021-05-10,102.33999633789062,102.4800033569336,98.91000366210938,95.31564331054688,6543400
2021-05-11,95.52999877929688,97.11000061035156,93.41000366210938,92.77518463134766,11566900
2021-05-12,94.25,95.20999908447266,89.76000213623047,86.75119018554688,11115300
2021-05-13,91.30000305175781,94.83000183105469,91.27999877929688,89.8690414428711,12278900
2021-05-14,95.44000244140625,98.37000274658203,95.43000030517578,94.07427978515625,7710100
2021-05-17,96.88999938964844,97.5999984741211,95.47000122070312,93.28520202636719,6784400
2021-05-18,97.16999816894531,97.36000061035156,94.33999633789062,90.94682312011719,5095600
2021-05-19,90.98999786376953,93.81999969482422,89.91000366210938,90.23470306396484,9320300
2021-05-20,94.33999633789062,97.63999938964844,94.27999877929688,93.04464721679688,6486300
2021-05-21,97.87999725341797,98.76000213623047,96.13999938964844,92.8040542602539,6723900
2021-05-24,98.19000244140625,100.2300033569336,97.97000122070312,95.68132019042969,4733200
2021-05-25,100.25,100.54000091552734,98.3499984741211,95.08467864990234,5095800
2021-05-26,99.19999694824219,99.7300033569336,98.44000244140625,95.61396789550781,3839100
2021-05-27,100.16000366210938,100.5199966430664,99.41000366210938,95.70056915283203,4152700
2021-05-28,100.69999694824219,100.88999938964844,99.87999725341797,96.27794647216797,3759400
2021-06-01,101.81999969482422,101.94000244140625,99.44000244140625,96.01811218261719,6089700
2021-06-02,100.29000091552734,100.87000274658203,99.51000213623047,96.4319076538086,4976400
2021-06-03,98.47000122070312,99.98999786376953,97.31999969482422,95.38299560546875,5713700
2021-06-04,100.48999786376953,102.01000213623047,100.44000244140625,97.95233917236328,3660300
2021-06-07,101.83000183105469,101.94999694824219,100.81999969482422,97.7502670288086,3352300
2021-06-08,102.19999694824219,102.2300033569336,100.18000030517578,97.7502670288086,5199000
2021-06-09,102.2300033569336,102.26000213623047,100.94999694824219,97.2979736328125,4502000
2021-06-10,102.05000305175781,103.25,101.05999755859375,98.65481567382812,5926500
2021-06-11,102.95999908447266,103.08999633789062,101.94000244140625,99.14559936523438,3100400
2021-06-14,103.11000061035156,103.73999786376953,102.12999725341797,99.8095703125,3112600
2021-06-15,103.83999633789062,103.83999633789062,102.45999908447266,99.2322006225586,4107900
2021-06-16,103.20999908447266,103.37000274658203,99.76000213623047,97.53855895996094,6908000
2021-06-17,101.0199966430664,102.0199966430664,99.37999725341797,97.50006866455078,6386400
2021-06-18,98.80999755859375,99.25,97.02999877929688,93.54501342773438,8814300
2021-06-21,98.48999786376953,101.5,97.87999725341797,97.5770263671875,6806300
2021-06-22,101.33000183105469,103.55000305175781,100.73999786376953,99.05091094970703,4563700
2021-06-23,102.97000122070312,103.5999984741211,102.47000122070312,98.75250244140625,4695100
2021-06-24,104.22000122070312,104.69000244140625,104.0199966430664,100.49494934082031,4456500
2021-06-25,104.95999908447266,105.77999877929688,104.66999816894531,101.49614715576172,4216000
2021-06-28,105.86000061035156,106.19000244140625,104.91000366210938,102.1700210571289,5005200
2021-06-29,106.38999938964844,106.87999725341797,105.83000183105469,102.21817779541016,3014800
2021-06-30,105.88999938964844,107.05000305175781,105.87000274658203,102.60324096679688,3709200
2021-07-01,107.12999725341797,108.41999816894531,107.08999633789062,104.24942779541016,3204300
2021-07-02,109.19999694824219,111.0199966430664,108.94000244140625,106.64651489257812,3785400
2021-07-06,110.79000091552734,110.95999908447266,107.88999938964844,105.97265625,6158700
2021-07-07,110.66000366210938,111.51000213623047,109.02999877929688,107.13750457763672,5539000
2021-07-08,106.94000244140625,109.19000244140625,105.97000122070312,104.46124267578125,7673200
2021-07-09,109.79000091552734,112.22000122070312,109.58999633789062,107.7824935913086,4569100
2021-07-12,111.97000122070312,113.44000244140625,111.61000061035156,109.04361724853516,4352100
2021-07-13,112.5999984741211,113.83000183105469,111.8499984741211,107.91728210449219,6289500
2021-07-14,113.4800033569336,113.8499984741211,111.54000091552734,108.24459838867188,5660500
2021-07-15,111.44000244140625,112.0,109.81999969482422,107.26266479492188,7281300
2021-07-16,112.30999755859375,112.37999725341797,108.43000030517578,104.69227600097656,6291800
2021-07-19,104.83999633789062,105.2300033569336,101.66999816894531,100.15801239013672,13982800
2021-07-20,104.44000244140625,109.36000061035156,103.83000183105469,104.40345764160156,8119200
2021-07-21,109.36000061035156,111.12999725341797,109.19999694824219,106.88719940185547,4571300
2021-07-22,111.1500015258789,111.9000015258789,110.33999633789062,107.57070922851562,3831300
2021-07-23,113.27999877929688,115.37999725341797,112.73999786376953,110.8245849609375,5189100
2021-07-26,114.62000274658203,115.94999694824219,114.58999633789062,111.62360382080078,3245500
2021-07-27,115.08999633789062,115.0999984741211,111.98999786376953,110.03518676757812,6186400
2021-07-28,114.87000274658203,115.37999725341797,113.04000091552734,109.96780395507812,5684900
2021-07-29,115.0,116.55000305175781,115.0,111.37332916259766,4976100
2021-07-30,113.5,115.19000244140625,113.38999938964844,109.630859375,4179900
2021-08-02,115.37000274658203,115.81999969482422,113.01000213623047,109.04361724853516,4638900
2021-08-03,113.83999633789062,116.04000091552734,112.05999755859375,111.65250396728516,5010800
2021-08-04,114.87999725341797,115.38999938964844,114.06999969482422,110.03518676757812,4198000
2021-08-05,115.22000122070312,116.4800033569336,114.94999694824219,111.99906158447266,3082300
2021-08-06,116.66000366210938,117.33000183105469,116.44000244140625,112.6633071899414,3275200
2021-08-09,116.94000244140625,117.20999908447266,116.02999877929688,112.35525512695312,3102900
2021-08-10,117.01000213623047,117.7300033569336,116.4800033569336,112.74034881591797,4221500
2021-08-11,118.01000213623047,118.08000183105469,117.06999969482422,113.56825256347656,3684400
2021-08-12,117.87000274658203,119.16000366210938,117.0999984741211,114.52132415771484,4313200
2021-08-13,119.43000030517578,119.69000244140625,119.0199966430664,115.2048110961914,2980300
2021-08-16,118.55000305175781,120.5999984741211,117.20999908447266,116.07122802734375,5006900
2021-08-17,118.30000305175781,118.9000015258789,115.56999969482422,113.72228240966797,7677600
2021-08-18,117.2699966430664,118.61000061035156,114.04000091552734,109.95818328857422,8226600
2021-08-19,111.95999908447266,115.77999877929688,111.83999633789062,110.53579711914062,12093900
2021-08-20,115.05000305175781,117.77999877929688,114.6500015258789,113.19281768798828,7774600
2021-08-23,118.91000366210938,121.38999938964844,118.91000366210938,116.04237365722656,5414700
2021-08-24,121.20999908447266,121.62000274658203,120.73999786376953,116.677734375,3534900
2021-08-25,121.3499984741211,122.37000274658203,121.02999877929688,117.39012145996094,3057100
2021-08-26,121.69000244140625,121.93000030517578,119.68000030517578,115.29147338867188,6338500
2021-08-27,120.41999816894531,123.27999877929688,120.38999938964844,118.34319305419922,6340700
2021-08-30,123.5199966430664,125.29000091552734,123.3499984741211,119.94123840332031,3879400
2021-08-31,124.5,124.80000305175781,123.5,119.45027160644531,4874800
2021-09-01,124.87000274658203,125.30000305175781,124.0199966430664,119.75833129882812,5289100
2021-09-02,125.44999694824219,126.08999633789062,124.30999755859375,120.74026489257812,4795300
2021-09-03,124.33999633789062,125.69999694824219,123.9800033569336,120.59586334228516,3796200
2021-09-07,124.93000030517578,125.02999877929688,123.30999755859375,119.35400390625,4966900
2021-09-08,123.37000274658203,124.05999755859375,121.7699966430664,118.85340881347656,7544500
2021-09-09,123.2300033569336,124.80000305175781,121.62999725341797,117.21683502197266,6556100
2021-09-10,123.5,123.87000274658203,118.8499984741211,114.5790786743164,6188700
2021-09-13,121.52999877929688,121.72000122070312,117.87999725341797,115.36846160888672,6312000
2021-09-14,121.05999755859375,121.25,117.1500015258789,113.53936767578125,6883700
2021-09-15,118.26000213623047,121.80000305175781,117.30000305175781,116.35040283203125,6201100
2021-09-16,120.37000274658203,121.22000122070312,117.7300033569336,115.73429107666016,5749400
2021-09-17,119.58999633789062,119.94999694824219,116.41999816894531,112.49003601074219,8439300
2021-09-20,111.58999633789062,112.9000015258789,106.80000305175781,106.74279022216797,16118700
2021-09-21,112.7699966430664,113.83000183105469,110.13999938964844,106.531005859375,10362500
2021-09-22,112.45999908447266,115.47000122070312,111.6500015258789,109.5442123413086,9034900
2021-09-23,115.3499984741211,119.26000213623047,115.16000366210938,113.56825256347656,6627900
2021-09-24,116.55999755859375,119.0999984741211,116.3499984741211,114.10734558105469,5312400
2021-09-27,117.62000274658203,118.61000061035156,116.88999938964844,113.13504028320312,5406300
2021-09-28,115.12999725341797,115.41000366210938,109.77999877929688,106.22295379638672,12695700
2021-09-29,111.48999786376953,112.9000015258789,110.47000122070312,106.74279022216797,10159700
2021-09-30,112.12000274658203,112.68000030517578,106.70999908447266,102.98831939697266,12615700
2021-10-01,108.19999694824219,111.9800033569336,105.44000244140625,106.55988311767578,11396700
2021-10-04,109.69999694824219,110.41999816894531,104.62000274658203,102.48770141601562,10960100
2021-10-05,107.55000305175781,111.44000244140625,106.91000366210938,105.55870819091797,8072900
2021-10-06,106.76000213623047,111.19000244140625,105.43000030517578,106.93534088134766,12328000
2021-10-07,113.7300033569336,116.19999694824219,113.54000091552734,109.65013122558594,7771500
2021-10-08,114.51000213623047,114.83000183105469,112.72000122070312,109.05323028564453,7450200
2021-10-11,112.72000122070312,115.12000274658203,110.7300033569336,106.68502807617188,5798200
2021-10-12,111.55000305175781,111.86000061035156,109.33999633789062,105.92449188232422,7474400
2021-10-13,110.80000305175781,111.80999755859375,108.38999938964844,106.93534088134766,6322200
2021-10-14,114.13999938964844,116.86000061035156,113.7699966430664,112.38414764404297,5996300
2021-10-15,118.55999755859375,119.70999908447266,117.97000122070312,114.93526458740234,4842900
2021-10-18,117.87000274658203,120.75,117.30999755859375,115.99423217773438,4172800
2021-10-19,121.88999938964844,123.30000305175781,121.3499984741211,118.61273193359375,4177200
2021-10-20,123.63999938964844,124.97000122070312,123.54000091552734,120.0760269165039,4475300
2021-10-21,124.13999938964844,125.83999633789062,123.76000213623047,121.0579605102539,3938600
2021-10-22,125.27999877929688,126.5199966430664,123.5199966430664,120.52847290039062,6502900
2021-10-25,126.19999694824219,127.54000091552734,124.62999725341797,122.3768310546875,4164100
2021-10-26,128.66000366210938,129.7100067138672,127.27999877929688,122.84855651855469,5058400
2021-10-27,128.0,128.60000610351562,125.8499984741211,121.1831283569336,4377700
2021-10-28,127.16999816894531,129.5800018310547,127.12999725341797,124.66804504394531,4920500
2021-10-29,127.41000366210938,130.55999755859375,127.19999694824219,125.37078094482422,5797800
2021-11-01,131.19000244140625,131.5500030517578,129.4199981689453,126.05430603027344,5712200
2021-11-02,131.11000061035156,132.8300018310547,131.0,127.53683471679688,4322600
2021-11-03,132.0399932861328,135.32000732421875,131.6300048828125,129.87615966796875,4903400
2021-11-04,135.52000427246094,136.97999572753906,135.22999572753906,131.64752197265625,4972700
2021-11-05,139.02999877929688,140.74000549316406,136.8699951171875,133.05303955078125,6861400
2021-11-08,139.33999633789062,139.77999877929688,137.97999572753906,133.52476501464844,4918100
2021-11-09,138.99000549316406,139.1999969482422,135.89999389648438,132.177001953125,6974900
2021-11-10,135.64999389648438,137.25999450683594,132.52999877929688,129.0001220703125,8314100
2021-11-11,135.27999877929688,135.36000061035156,134.02000427246094,129.01937866210938,2755500
2021-11-12,135.25,137.60000610351562,134.33999633789062,131.9652099609375,4817000
2021-11-15,138.32000732421875,138.39999389648438,136.1699981689453,132.05184936523438,4204000
2021-11-16,136.9600067138672,139.91000366210938,136.91000366210938,133.63067626953125,4453600
2021-11-17,138.55999755859375,138.77000427246094,137.25,132.65835571289062,4660400
2021-11-18,138.77999877929688,139.47999572753906,136.22999572753906,134.0349884033203,5128500
2021-11-19,139.14999389648438,140.27000427246094,138.1300048828125,133.30335998535156,5414800
2021-11-22,140.13999938964844,142.60000610351562,137.0800018310547,132.18661499023438,7615400
2021-11-23,136.9600067138672,138.6199951171875,134.52999877929688,132.80274963378906,8749300
2021-11-24,135.97999572753906,139.02000427246094,135.14999389648438,133.68838500976562,6555500
2021-11-26,132.66000366210938,133.94000244140625,128.57000732421875,124.68729400634766,10118200
2021-11-29,133.86000061035156,135.99000549316406,131.92999267578125,129.43331909179688,7920300
2021-11-30,132.1199951171875,133.80999755859375,126.26000213623047,122.0398941040039,13180400
2021-12-01,131.55999755859375,134.10000610351562,122.05000305175781,117.77518463134766,13099200
2021-12-02,122.44000244140625,129.2100067138672,122.0999984741211,123.01221466064453,10999300
2021-12-03,129.35000610351562,130.30999755859375,120.76000213623047,119.7005615234375,15928700
2021-12-06,126.68000030517578,130.57000732421875,124.58000183105469,124.11929321289062,9729200
2021-12-07,133.67999267578125,137.4499969482422,133.61000061035156,131.84007263183594,12174400
2021-12-08,137.3000030517578,138.4600067138672,135.69000244140625,132.83163452148438,8039100
2021-12-09,136.82000732421875,137.64999389648438,135.0800018310547,130.22274780273438,7510300
2021-12-10,137.7100067138672,139.16000366210938,135.33999633789062,133.90985107421875,9002500
2021-12-13,138.47000122070312,138.80999755859375,135.0800018310547,130.3671417236328,6281100
2021-12-14,132.25999450683594,134.58999633789062,129.80999755859375,127.62346649169922,10135400
2021-12-15,132.55999755859375,138.9600067138672,130.2899932861328,133.57289123535156,10319900
2021-12-16,140.5,140.72000122070312,133.55999755859375,130.00132751464844,10628200
2021-12-17,132.1199951171875,134.9199981689453,129.1300048828125,125.90986633300781,13202600
2021-12-20,126.06999969482422,126.88999938964844,123.26000213623047,121.72220611572266,11011900
2021-12-21,129.41000366210938,133.25,127.51000213623047,128.27926635742188,7575000
2021-12-22,132.8800048828125,137.22999572753906,132.72000122070312,132.1913604736328,8470500
2021-12-23,138.00999450683594,141.0399932861328,137.9199981689453,134.58096313476562,7106300
2021-12-27,140.8800048828125,145.6199951171875,140.8000030517578,140.28526306152344,5790000
2021-12-28,146.0,146.97999572753906,144.47000122070312,139.97695922851562,5386400
2021-12-29,145.2899932861328,146.72999572753906,144.32000732421875,140.46835327148438,4199000
2021-12-30,146.1300048828125,147.13999938964844,144.10000610351562,139.3024444580078,4315000
2021-12-31,143.97999572753906,145.16000366210938,143.16000366210938,138.1846923828125,3783500
2022-01-03,144.67999267578125,146.00999450683594,142.39999389648438,140.63214111328125,5746300
2022-01-04,147.22999572753906,147.97999572753906,143.94000244140625,140.46835327148438,7599500
2022-01-05,145.44000244140625,146.1199951171875,137.25999450683594,132.30697631835938,8885300
2022-01-06,136.92999267578125,139.4499969482422,134.75,131.95042419433594,8199400
2022-01-07,136.8800048828125,138.0399932861328,134.0399932861328,130.43763732910156,8150700
2022-01-10,132.30999755859375,135.00999450683594,127.01000213623047,129.9269256591797,13552100
2022-01-11,134.50999450683594,138.5500030517578,131.77999877929688,133.42469787597656,8969600
2022-01-12,140.0800018310547,141.5,137.74000549316406,134.51351928710938,7799700
2022-01-13,140.60000610351562,141.2100067138672,132.86000061035156,129.00192260742188,9608300
2022-01-14,130.8699951171875,134.24000549316406,129.75999450683594,129.05975341796875,11210100
2022-01-18,129.58999633789062,129.7899932861328,125.83000183105469,122.26660919189453,13441300
2022-01-19,128.05999755859375,129.38999938964844,122.58999633789062,118.4123764038086,9600500
2022-01-20,124.45999908447266,128.5500030517578,118.36000061035156,114.51956176757812,10253500
2022-01-21,117.86000061035156,119.79000091552734,111.75,107.70716857910156,16252100
2022-01-24,107.22000122070312,113.5999984741211,98.55999755859375,109.17180633544922,20937700
2022-01-25,107.94000244140625,113.06999969482422,103.37999725341797,104.83575439453125,14093600
2022-01-26,113.73999786376953,116.19000244140625,104.80999755859375,104.43104553222656,15475500
2022-01-27,111.81999969482422,114.31999969482422,105.22000122070312,102.66773986816406,10835100
2022-01-28,107.66999816894531,114.58000183105469,104.0199966430664,110.40515899658203,12638100
2022-01-31,113.97000122070312,120.97000122070312,112.87000274658203,116.350341796875,8764000
2022-02-01,121.3499984741211,123.63999938964844,118.29000091552734,118.79780578613281,7107200
2022-02-02,125.16999816894531,127.33999633789062,123.16999816894531,122.141357421875,10222700
2022-02-03,121.37999725341797,123.05999755859375,117.0199966430664,113.39219665527344,8857900
2022-02-04,117.5199966430664,122.5999984741211,115.54000091552734,115.09772491455078,8459900
2022-02-07,120.0199966430664,121.20999908447266,117.0999984741211,113.9317855834961,7321600
2022-02-08,117.77999877929688,121.91999816894531,116.62000274658203,116.82247924804688,8664000
2022-02-09,124.55999755859375,126.66999816894531,124.41999816894531,121.76557922363281,9299400
2022-02-10,121.30999755859375,126.58999633789062,117.87999725341797,115.4542236328125,11558900
2022-02-11,119.66999816894531,121.43000030517578,111.3499984741211,108.45873260498047,12697800
2022-02-14,112.11000061035156,113.37999725341797,108.63999938964844,107.52409362792969,12200100
2022-02-15,115.0199966430664,116.91999816894531,114.56999969482422,112.48644256591797,9705600
2022-02-16,115.05999755859375,118.33000183105469,113.5199966430664,112.98751831054688,7697000
2022-02-17,114.4800033569336,114.97000122070312,109.18000030517578,105.69331359863281,8353100
2022-02-18,109.94999694824219,110.87000274658203,105.69999694824219,103.52531433105469,9125300
2022-02-22,105.77999877929688,108.44999694824219,101.29000091552734,100.39371490478516,11755300
2022-02-23,106.26000213623047,106.79000091552734,98.05000305175781,94.73760223388672,15104000
2022-02-24,90.75,103.23999786376953,90.54000091552734,99.16999053955078,18091400
2022-02-25,103.9000015258789,109.79000091552734,102.61000061035156,105.62586212158203,11338200
2022-02-28,105.62999725341797,110.0999984741211,104.41999816894531,104.81648254394531,10903600
2022-03-01,107.87999725341797,109.29000091552734,101.81999969482422,100.21064758300781,10814000
2022-03-02,105.66000366210938,110.86000061035156,105.04000091552734,105.70294952392578,12709200
2022-03-03,111.54000091552734,112.02999877929688,106.58999633789062,103.96854400634766,11707600
2022-03-04,105.01000213623047,106.22000122070312,102.12000274658203,101.43438720703125,11242700
2022-03-07,104.87999725341797,105.05999755859375,95.95999908447266,92.5599365234375,13056900
2022-03-08,96.08000183105469,101.31999969482422,93.01000213623047,90.34375,16802400
2022-03-09,99.86000061035156,102.75,98.25,97.54158020019531,8842800
2022-03-10,97.86000061035156,100.62000274658203,96.4000015258789,96.38529968261719,8077600
2022-03-11,101.86000061035156,102.26000213623047,95.75,92.66594696044922,9597500
2022-03-14,96.7699966430664,99.19999694824219,93.16999816894531,90.64244079589844,7248000
2022-03-15,95.86000061035156,100.66999816894531,94.97000122070312,96.46239471435547,7708600
2022-03-16,102.91000366210938,107.0,99.2699966430664,103.10134887695312,10438100
2022-03-17,105.37999725341797,110.94999694824219,105.11000061035156,106.81105041503906,7506100
2022-03-18,109.68000030517578,114.79000091552734,109.05000305175781,110.22207641601562,6148100
2022-03-21,114.58999633789062,116.04000091552734,111.58000183105469,110.29916381835938,7506800
2022-03-22,115.62000274658203,119.19999694824219,115.5999984741211,114.05705261230469,6513700
2022-03-23,116.37000274658203,117.58000183105469,113.83000183105469,109.74993133544922,5069600
2022-03-24,115.43000030517578,119.0,114.61000061035156,114.66410064697266,4491300
2022-03-25,119.5,120.97000122070312,117.37000274658203,116.23471069335938,5748900
2022-03-28,120.19000244140625,123.30999755859375,118.6500015258789,118.75923919677734,7393200
2022-03-29,126.6500015258789,128.3000030517578,124.36000061035156,123.16272735595703,7236100
2022-03-30,126.8499984741211,127.55999755859375,123.63999938964844,120.9658203125,5336000
2022-03-31,124.86000061035156,125.54000091552734,119.62999725341797,115.43496704101562,6692700
2022-04-01,121.01000213623047,121.08999633789062,117.69999694824219,116.18653869628906,6850500
2022-04-04,120.83000183105469,123.88999938964844,120.1500015258789,119.02904510498047,4653600
2022-04-05,122.5199966430664,124.61000061035156,118.1500015258789,114.88572692871094,6092400
2022-04-06,115.83000183105469,117.43000030517578,113.06999969482422,111.40727233886719,9206700
2022-04-07,114.76000213623047,118.73999786376953,113.18000030517578,112.98751831054688,7267200
2022-04-08,116.61000061035156,118.66000366210938,115.05000305175781,112.16847229003906,6495300
2022-04-11,113.58000183105469,114.27999877929688,109.91000366210938,106.30037689208984,6388400
2022-04-12,112.69000244140625,114.66999816894531,107.8499984741211,105.15371704101562,9118900
2022-04-13,108.83000183105469,113.37000274658203,108.73999786376953,108.69002532958984,7047500
2022-04-14,112.98999786376953,113.87000274658203,108.4800033569336,104.69123077392578,6975100
2022-04-18,107.86000061035156,110.02999877929688,106.94000244140625,104.7490234375,6748300
2022-04-19,108.5999984741211,114.5199966430664,108.4800033569336,109.75957489013672,7687700
2022-04-20,115.37000274658203,115.9000015258789,112.73999786376953,109.5475845336914,8736500
2022-04-21,116.62999725341797,117.7699966430664,107.86000061035156,104.6526870727539,8543600
2022-04-22,107.62000274658203,107.94000244140625,99.19999694824219,96.05770111083984,10642300
2022-04-25,97.93000030517578,101.47000122070312,94.55999755859375,97.6090316772461,12037500
2022-04-26,99.51000213623047,99.55000305175781,92.5,89.15857696533203,11509700
2022-04-27,93.2699966430664,97.06999969482422,91.80999755859375,89.95832824707031,10594900
2022-04-28,96.77999877929688,101.5999984741211,93.54000091552734,96.72252655029297,10951100
2022-04-29,97.44999694824219,99.0,88.70999908447266,86.08477783203125,12550600
2022-05-02,89.26000213623047,91.7699966430664,84.70999908447266,87.50123596191406,13005500
2022-05-03,91.16000366210938,93.75,90.08999633789062,88.73458862304688,11027900
2022-05-04,92.55999755859375,100.87999725341797,90.30000305175781,96.77073669433594,15271500
2022-05-05,97.27999877929688,97.37000274658203,86.7300033569336,86.4605941772461,17335800
2022-05-06,88.01000213623047,90.4000015258789,84.5,85.01524353027344,13026500
2022-05-09,84.13999938964844,84.94000244140625,78.62999725341797,76.81532287597656,12736100
2022-05-10,83.5,84.38999938964844,77.6500015258789,77.22002410888672,13279600
2022-05-11,79.56999969482422,83.18000030517578,75.88999938964844,73.61627960205078,14137800
2022-05-12,74.38999938964844,78.11000061035156,71.93000030517578,73.31756591796875,15103600
2022-05-13,78.63999938964844,82.41000366210938,78.0,78.49191284179688,12191800
2022-05-16,80.5199966430664,82.93000030517578,79.04000091552734,77.65361785888672,9002900
2022-05-17,84.44000244140625,85.6500015258789,82.06999969482422,82.30763244628906,9367400
2022-05-18,82.48999786376953,82.66000366210938,74.37000274658203,72.48892211914062,11188000
2022-05-19,73.19000244140625,76.44999694824219,72.43000030517578,71.02429962158203,12067600
2022-05-20,75.93000030517578,76.23999786376953,68.68000030517578,71.1592025756836,14309600
2022-05-23,75.69000244140625,78.44000244140625,74.2699966430664,75.12907409667969,8728100
2022-05-24,75.4000015258789,76.94000244140625,72.11000061035156,73.4332046508789,10000200
2022-05-25,75.25,79.41999816894531,75.04000091552734,75.42777252197266,9618600
2022-05-26,78.98999786376953,83.91999816894531,78.87999725341797,79.82162475585938,10289900
2022-05-27,84.48999786376953,89.05999755859375,84.36000061035156,85.76683044433594,9095800
2022-05-31,87.81999969482422,89.7300033569336,85.5999984741211,84.263671875,9368100
2022-06-01,88.87999725341797,89.55999755859375,83.63999938964844,82.25945281982422,12219200
2022-06-02,85.25,90.22000122070312,83.72000122070312,86.85565948486328,9263400
2022-06-03,86.94999694824219,88.0,85.06999969482422,82.6256103515625,8448800
2022-06-06,88.4000015258789,89.54000091552734,85.7300033569336,83.29047393798828,7023000
2022-06-07,84.18000030517578,89.27999877929688,83.8499984741211,85.70899200439453,6904400
2022-06-08,87.80000305175781,89.0199966430664,85.52999877929688,82.94358825683594,6714400
2022-06-09,84.8499984741211,86.36000061035156,79.87000274658203,77.02729797363281,9555400
2022-06-10,75.9800033569336,76.5,72.87000274658203,70.30162048339844,10201800
2022-06-13,67.31999969482422,68.4000015258789,63.61000061035156,62.28477096557617,13407400
2022-06-14,65.52999877929688,66.1500015258789,62.279998779296875,61.696998596191406,12747500
2022-06-15,65.79000091552734,69.12000274658203,63.06999969482422,64.22152709960938,13417500
2022-06-16,62.11000061035156,62.310001373291016,58.70000076293945,58.04509735107422,12441700
2022-06-17,60.27000045776367,62.150001525878906,58.59000015258789,58.2667121887207,12106700
2022-06-21,63.40999984741211,65.70999908447266,63.369998931884766,62.5545654296875,8899100
2022-06-22,62.58000183105469,66.79000091552734,62.33000183105469,62.243919372558594,10063100
2022-06-23,65.72000122070312,66.83000183105469,63.7599983215332,64.04796600341797,11448000
2022-06-24,68.22000122070312,72.7300033569336,68.1500015258789,70.12572479248047,9278000
2022-06-27,73.29000091552734,73.44999694824219,71.26000213623047,69.40217590332031,8297900
2022-06-28,72.77999877929688,74.44000244140625,67.43000030517578,65.20562744140625,14727700
2022-06-29,67.83999633789062,68.3499984741211,66.30000305175781,65.0030288696289,9291700
2022-06-30,65.18000030517578,67.45999908447266,63.150001525878906,63.27617645263672,12643500
2022-07-01,65.25,67.94999694824219,63.84000015258789,65.28280639648438,10493100
2022-07-05,64.83000183105469,68.11000061035156,63.2599983215332,65.65904998779297,11532800
2022-07-06,68.1500015258789,70.16999816894531,66.83000183105469,66.36331176757812,10819900
2022-07-07,69.77999877929688,72.29000091552734,69.77999877929688,69.28639221191406,8082100
2022-07-08,70.86000061035156,72.7300033569336,69.9800033569336,69.10308837890625,10610000
2022-07-11,70.08999633789062,70.62999725341797,68.77999877929688,66.77812957763672,6940000
2022-07-12,68.87000274658203,70.20999908447266,66.33999633789062,65.0126724243164,8034000
2022-07-13,64.29000091552734,67.88999938964844,64.02999877929688,63.90325164794922,11907800
2022-07-14,63.56999969482422,66.0999984741211,62.15999984741211,63.430538177490234,12825300
2022-07-15,68.19999694824219,69.56999969482422,67.08999633789062,67.08684539794922,9905500
2022-07-18,71.19999694824219,71.62999725341797,67.06999969482422,65.43716430664062,8195000
2022-07-19,69.94000244140625,73.56999969482422,69.5999984741211,70.64667510986328,10098500
2022-07-20,73.33000183105469,75.48999786376953,72.56999969482422,71.98763275146484,12396000
2022-07-21,74.2699966430664,76.93000030517578,72.86000061035156,74.15827178955078,8852800
2022-07-22,76.95999908447266,77.69000244140625,73.4000015258789,72.1612777709961,8868100
2022-07-25,75.11000061035156,75.52999877929688,73.66999816894531,72.33494567871094,9424100
2022-07-26,74.04000091552734,74.1500015258789,71.80999755859375,69.78805541992188,11276600
2022-07-27,74.2699966430664,78.9800033569336,74.08999633789062,75.21943664550781,9784300
2022-07-28,78.44000244140625,81.30000305175781,76.26000213623047,77.97856903076172,12277200
2022-07-29,81.76000213623047,85.01000213623047,81.27999877929688,81.49014282226562,9893900
2022-08-01,82.62999725341797,85.25,82.18000030517578,80.70870971679688,9870600
2022-08-02,82.61000061035156,84.98999786376953,81.19000244140625,79.1072769165039,7797400
2022-08-03,83.27999877929688,86.55999755859375,83.12999725341797,82.7925033569336,7349200
2022-08-04,85.75,86.19000244140625,84.55000305175781,82.5610122680664,6793800
2022-08-05,82.80000305175781,85.55999755859375,82.73999786376953,82.059326171875,7612200
2022-08-08,86.20999908447266,87.69999694824219,84.11000061035156,81.87604522705078,6500600
2022-08-09,84.33999633789062,84.66000366210938,83.0999984741211,80.84379577636719,5581100
2022-08-10,88.29000091552734,89.18000030517578,87.08999633789062,85.88928985595703,8169300
2022-08-11,90.94999694824219,92.20999908447266,88.55999755859375,85.91822814941406,7822500
2022-08-12,90.30000305175781,93.58000183105469,89.66999816894531,90.17266845703125,6495100
2022-08-15,91.9800033569336,95.01000213623047,91.93000030517578,91.3206787109375,7073500
2022-08-16,93.91999816894531,96.55000305175781,93.33999633789062,91.85128021240234,8066800
2022-08-17,92.69999694824219,95.08000183105469,91.7699966430664,89.94110870361328,8655700
2022-08-18,93.2300033569336,94.43000030517578,92.4000015258789,90.6164321899414,5583200
2022-08-19,92.0199966430664,92.18000030517578,89.52999877929688,86.9022445678711,8116000
2022-08-22,86.9000015258789,86.94999694824219,83.87000274658203,81.50943756103516,8334300
2022-08-23,84.16000366210938,85.72000122070312,83.48999786376953,80.89202880859375,5783000
2022-08-24,83.69000244140625,85.51000213623047,83.2300033569336,81.60591888427734,6041800
2022-08-25,85.55000305175781,88.22000122070312,84.87999725341797,85.04033660888672,6901900
2022-08-26,88.12000274658203,88.44000244140625,79.18000030517578,76.42535400390625,11030500
2022-08-29,77.37000274658203,79.4800033569336,76.75,74.88179779052734,8057100
2022-08-30,78.33000183105469,78.43000030517578,73.75,72.3638687133789,10544800
2022-08-31,75.98999786376953,76.7300033569336,73.22000122070312,70.63700866699219,9523800
2022-09-01,71.97000122070312,74.1500015258789,70.4000015258789,71.36055755615234,11599800
2022-09-02,76.12000274658203,76.87000274658203,70.5,68.9969711303711,12264000
2022-09-06,72.05000305175781,72.5999984741211,69.47000122070312,68.2155532836914,11998900
2022-09-07,70.54000091552734,74.98999786376953,70.44999694824219,71.89115142822266,10334600
2022-09-08,73.12999725341797,76.26000213623047,72.45999908447266,73.31896209716797,11296900
2022-09-09,77.36000061035156,80.0199966430664,77.1500015258789,76.68582916259766,8487900
2022-09-12,80.77999877929688,82.5199966430664,80.5999984741211,79.13622283935547,7788200
2022-09-13,76.55000305175781,77.31999969482422,70.62999725341797,68.90050506591797,11152800
2022-09-14,72.05000305175781,72.98999786376953,70.25,69.61441802978516,7029500
2022-09-15,71.19000244140625,72.8499984741211,68.9000015258789,67.2219009399414,12230600
2022-09-16,67.20999908447266,68.37999725341797,66.16000366210938,65.57221984863281,12083900
2022-09-19,66.2300033569336,69.58999633789062,66.22000122070312,67.09649658203125,8042900
2022-09-20,67.69000244140625,68.25,65.63999938964844,64.83903503417969,10868000
2022-09-21,68.25,69.91000366210938,63.650001525878906,61.42390441894531,15241600
2022-09-22,63.209999084472656,63.7599983215332,61.630001068115234,59.83211898803711,13544300
2022-09-23,60.20000076293945,60.20000076293945,56.560001373291016,56.812530517578125,17195900
2022-09-26,58.099998474121094,59.93000030517578,56.4900016784668,55.10498046875,17961500
2022-09-27,58.93000030517578,59.959999084472656,55.47999954223633,54.69014358520508,20382900
2022-09-28,57.09000015258789,60.79999923706055,56.27000045776367,57.835147857666016,19484000
2022-09-29,58.16999816894531,58.29999923706055,54.70000076293945,54.18848419189453,19694400
2022-09-30,55.75,57.599998474121094,53.52000045776367,51.68985366821289,19868600
2022-10-03,55.369998931884766,58.66999816894531,54.459999084472656,55.72239303588867,16506800
2022-10-04,60.47999954223633,63.16999816894531,60.470001220703125,60.85472106933594,16016000
2022-10-05,60.83000183105469,63.880001068115234,59.619998931884766,60.44954299926758,20527700
2022-10-06,61.95000076293945,63.4900016784668,60.439998626708984,58.568321228027344,15517900
2022-10-07,58.61000061035156,58.790000915527344,54.709999084472656,53.667545318603516,16948000
2022-10-10,56.13999938964844,56.25,53.2400016784668,52.50022506713867,15983000
2022-10-11,53.52000045776367,55.66999816894531,52.349998474121094,51.40043640136719,18223100
2022-10-12,53.470001220703125,54.189998626708984,52.630001068115234,50.908443450927734,12665200
2022-10-13,49.4900016784668,57.56999969482422,48.970001220703125,54.844505310058594,25478900
2022-10-14,58.060001373291016,58.86000061035156,52.68000030517578,51.11102294921875,18814600
2022-10-17,55.81999969482422,57.54999923706055,55.779998779296875,54.98920440673828,13425000
2022-10-18,60.91999816894531,61.040000915527344,57.36000061035156,56.90900802612305,25395900
2022-10-19,57.97999954223633,59.369998931884766,56.36000061035156,55.7899284362793,16483800
2022-10-20,57.52000045776367,59.70000076293945,55.900001525878906,54.333194732666016,15314200
2022-10-21,56.15999984741211,60.61000061035156,55.40999984741211,58.21138000488281,19980700
2022-10-24,61.130001068115234,63.15999984741211,59.77000045776367,60.36272048950195,19565700
2022-10-25,62.529998779296875,65.7300033569336,62.5,63.26653289794922,18654000
2022-10-26,63.880001068115234,66.91999816894531,63.720001220703125,61.819454193115234,19561100
2022-10-27,64.58000183105469,65.55000305175781,62.689998626708984,60.78718566894531,14103700
2022-10-28,62.91999816894531,67.72000122070312,62.84000015258789,65.0802230834961,16617300
2022-10-31,66.0999984741211,67.13999938964844,65.48999786376953,63.67170715332031,13927900
2022-11-01,67.98999786376953,68.11000061035156,64.5,62.8420524597168,13013100
2022-11-02,64.77999877929688,67.20999908447266,60.150001525878906,58.09561538696289,20956900
2022-11-03,58.54999923706055,59.84000015258789,57.22999954223633,56.22405242919922,15490300
2022-11-04,61.099998474121094,61.9900016784668,57.790000915527344,58.62621307373047,20630700
2022-11-07,61.43000030517578,62.81999969482422,60.38999938964844,60.314483642578125,10806700
2022-11-08,63.06999969482422,65.05999755859375,61.40999984741211,61.298500061035156,17112900
2022-11-09,62.439998626708984,63.06999969482422,59.310001373291016,57.49748992919922,14645000
2022-11-10,66.19999694824219,69.54000091552734,65.05999755859375,66.89388275146484,18469400
2022-11-11,69.8499984741211,71.81999969482422,68.7699966430664,68.87157440185547,16787600
2022-11-14,70.3499984741211,72.25,69.37999725341797,67.08684539794922,11720600
2022-11-15,72.66000366210938,73.30000305175781,69.18000030517578,68.78475189208984,18633600
2022-11-16,70.4000015258789,70.87999725341797,69.29000091552734,67.24119567871094,13779600
2022-11-17,66.97000122070312,69.33999633789062,66.80000305175781,66.52730560302734,13413600
2022-11-18,70.77999877929688,70.80999755859375,68.29000091552734,67.45342254638672,12012100
2022-11-21,69.13999938964844,69.7300033569336,68.04000091552734,66.65270233154297,8489200
2022-11-22,70.05999755859375,71.95999908447266,69.3499984741211,69.34427642822266,11029400
2022-11-23,71.6500015258789,73.44999694824219,71.51000213623047,70.55018615722656,12872500
2022-11-25,72.83000183105469,73.41000366210938,72.66999816894531,70.50194549560547,3990700
2022-11-28,71.30000305175781,72.23999786376953,69.12999725341797,67.14472198486328,9502300
2022-11-29,69.62000274658203,70.27999877929688,68.18000030517578,66.76847839355469,10442100
2022-11-30,69.30999755859375,75.66999816894531,68.26000213623047,72.92340087890625,15591700
2022-12-01,76.37000274658203,77.0199966430664,74.05999755859375,72.88481903076172,13780700
2022-12-02,72.58999633789062,75.73999786376953,72.55999755859375,72.53752899169922,13710900
2022-12-05,73.5999984741211,74.12000274658203,70.3499984741211,68.64005279541016,12565200
2022-12-06,71.01000213623047,71.33000183105469,66.86000061035156,65.668701171875,14167700
2022-12-07,67.5199966430664,68.94999694824219,67.05000305175781,65.24420928955078,16501500
2022-12-08,68.6500015258789,69.80000305175781,67.79000091552734,66.78777313232422,16590200
2022-12-09,68.5,69.9000015258789,67.58000183105469,65.27315521240234,10681100
2022-12-12,68.02999877929688,70.54000091552734,67.68000030517578,68.01296997070312,8340400
2022-12-13,76.56999969482422,76.62999725341797,70.5999984741211,69.54688262939453,22673500
2022-12-14,71.9000015258789,74.11000061035156,69.05000305175781,68.24449920654297,17011800
2022-12-15,67.98999786376953,68.47000122070312,64.55999755859375,63.17970275878906,17687900
2022-12-16,64.11000061035156,64.79000091552734,62.0,60.8740234375,16196200
2022-12-19,63.2400016784668,63.369998931884766,60.63999938964844,59.349761962890625,12163300
2022-12-20,60.970001220703125,62.41999816894531,60.31999969482422,59.5566291809082,14691000
2022-12-21,62.91999816894531,64.93000030517578,62.619998931884766,62.21497344970703,15715800
2022-12-22,62.720001220703125,62.88999938964844,58.61000061035156,59.54695510864258,22328200
2022-12-23,61.02000045776367,62.630001068115234,60.20000076293945,60.44596481323242,12906400
2022-12-27,62.5,62.66999816894531,60.95000076293945,59.75962448120117,9214400
2022-12-28,61.77000045776367,62.7599983215332,59.41999816894531,57.54594421386719,14031200
2022-12-29,60.869998931884766,63.099998474121094,60.619998931884766,60.52330017089844,12007000
2022-12-30,61.22999954223633,62.150001525878906,60.15999984741211,60.03995895385742,11174400
2023-01-03,63.029998779296875,64.04000091552734,59.880001068115234,59.31496810913086,18048500
2023-01-04,62.439998626708984,63.75,60.900001525878906,60.619964599609375,17139400
2023-01-05,61.689998626708984,61.7400016784668,60.25,58.51261901855469,15680900
2023-01-06,62.04999923706055,65.22000122070312,60.529998779296875,62.48563766479492,18489900
2023-01-09,65.80000305175781,67.44999694824219,64.44000244140625,62.40830993652344,11824200
2023-01-10,64.20999908447266,65.91999816894531,63.720001220703125,63.68430709838867,11130700
2023-01-11,66.70999908447266,68.41999816894531,66.27999877929688,66.10098266601562,12485900
2023-01-12,68.91000366210938,69.86000061035156,66.7300033569336,66.75833129882812,18862000
2023-01-13,67.26000213623047,70.11000061035156,67.12000274658203,67.45433044433594,11262000
2023-01-17,69.80000305175781,70.69000244140625,69.02999877929688,67.10633087158203,9122800
2023-01-18,70.04000091552734,70.62999725341797,66.0199966430664,63.916316986083984,16848500
2023-01-19,64.95999908447266,65.8499984741211,63.93000030517578,62.5146484375,14128500
2023-01-20,65.33000183105469,68.2699966430664,64.44000244140625,65.85932922363281,9568900
2023-01-23,68.58000183105469,71.66000366210938,68.08000183105469,68.23733520507812,11032800
2023-01-24,69.70999908447266,70.87999725341797,69.0199966430664,68.02466583251953,9483300
2023-01-25,68.0999984741211,70.62999725341797,66.86000061035156,68.12133026123047,16059100
2023-01-26,71.86000061035156,72.79000091552734,70.23999786376953,70.22869110107422,13947200
2023-01-27,72.08999633789062,74.51000213623047,71.97000122070312,70.70233917236328,13196400
2023-01-30,71.58999633789062,72.86000061035156,70.23999786376953,68.072998046875,11013700
2023-01-31,70.66000366210938,73.48999786376953,70.45999908447266,71.00200653076172,10904800
2023-02-01,72.80000305175781,77.38999938964844,71.2300033569336,73.29302215576172,17770400
2023-02-02,77.98999786376953,79.91999816894531,76.91999816894531,76.39604187011719,16604600
2023-02-03,76.12999725341797,79.16999816894531,75.80000305175781,73.97936248779297,13377300
2023-02-06,75.04000091552734,75.9000015258789,74.12000274658203,72.64535522460938,9206900
2023-02-07,74.54000091552734,78.7300033569336,73.83000183105469,75.4003677368164,15933100
2023-02-08,76.8499984741211,77.62999725341797,75.05000305175781,72.98368072509766,14326300
2023-02-09,77.48999786376953,77.55999755859375,72.70999908447266,71.01167297363281,13055200
2023-02-10,72.72000122070312,74.11000061035156,72.26000213623047,71.39835357666016,10542400
2023-02-13,74.26000213623047,76.54000091552734,73.97000122070312,73.90203094482422,10826700
2023-02-14,75.55999755859375,77.69000244140625,74.04000091552734,73.79569244384766,18702000
2023-02-15,75.06999969482422,77.12999725341797,74.58000183105469,74.49169921875,14441800
2023-02-16,74.12999725341797,76.41999816894531,73.75,71.3886947631836,16007700
2023-02-17,72.62000274658203,73.33999633789062,71.45999908447266,70.76033782958984,11919400
2023-02-21,70.91999816894531,71.5,68.62999725341797,66.48766326904297,15302900
2023-02-22,68.9800033569336,69.81999969482422,67.72000122070312,66.21699523925781,22711300
2023-02-23,69.98999786376953,70.31999969482422,67.25,67.17400360107422,15793700
2023-02-24,66.7300033569336,67.70999908447266,65.81999969482422,64.98932647705078,19089700
2023-02-27,69.0199966430664,69.72000122070312,67.41999816894531,65.60800170898438,12635100
2023-02-28,67.6500015258789,68.66999816894531,67.08000183105469,64.89265441894531,13500300
2023-03-01,66.68000030517578,67.3499984741211,65.6500015258789,64.206298828125,19913800
2023-03-02,65.2699966430664,68.29000091552734,65.0999984741211,65.55964660644531,16244500
2023-03-03,68.80000305175781,71.20999908447266,68.41000366210938,68.6433334350586,16509000
2023-03-06,71.5199966430664,72.77999877929688,70.98999786376953,68.84634399414062,12063200
2023-03-07,71.12000274658203,71.30000305175781,67.56999969482422,65.65631866455078,18030500
2023-03-08,67.95999908447266,68.62999725341797,67.02999877929688,65.93666076660156,17279500
2023-03-09,68.58999633789062,69.48999786376953,63.849998474121094,62.28264617919922,19511800
2023-03-10,64.08000183105469,65.13999938964844,60.779998779296875,59.537288665771484,28624600
2023-03-13,59.61000061035156,63.70000076293945,59.060001373291016,59.247291564941406,22789800
2023-03-14,63.72999954223633,65.12000274658203,62.04999923706055,62.08930969238281,18774200
2023-03-15,61.34000015258789,63.16999816894531,60.310001373291016,61.03563690185547,31288500
2023-03-16,61.849998474121094,66.47000122070312,61.56999969482422,64.09031677246094,23814300
2023-03-17,65.6500015258789,66.18000030517578,63.2400016784668,61.87664031982422,19615100
2023-03-20,64.33000183105469,66.0,63.9900016784668,63.577980041503906,14210100
2023-03-21,67.29000091552734,68.36000061035156,66.41999816894531,66.08390045166016,10938300
2023-03-22,68.0,69.91999816894531,64.58999633789062,62.77437973022461,16604200
2023-03-23,66.02999877929688,68.11000061035156,63.70000076293945,63.11405944824219,18413100
2023-03-24,64.41999816894531,66.37999725341797,63.16999816894531,64.35635375976562,14070100
2023-03-27,67.51000213623047,67.9000015258789,66.20999908447266,64.68633270263672,11815200
2023-03-28,66.30999755859375,66.66000366210938,65.23999786376953,64.26899719238281,10817000
2023-03-29,68.37999725341797,69.2300033569336,67.76000213623047,67.07383728027344,11417500
2023-03-30,70.47000122070312,70.5999984741211,69.25,68.16085052490234,13065200
2023-03-31,70.70999908447266,73.31999969482422,70.6500015258789,71.02394104003906,10711800
2023-04-03,72.87000274658203,74.20999908447266,72.62999725341797,71.77125549316406,12177900
2023-04-04,74.3499984741211,74.5,71.95999908447266,70.6163101196289,13972700
2023-04-05,72.25,72.69999694824219,71.19999694824219,69.9854736328125,11163000
2023-04-06,71.63999938964844,73.04000091552734,71.02999877929688,70.71337127685547,10565400
2023-04-10,71.4800033569336,73.13999938964844,71.1500015258789,70.95601654052734,9575800
2023-04-11,73.4000015258789,73.9000015258789,72.70999908447266,70.93659210205078,8626100
2023-04-12,74.2699966430664,74.41999816894531,71.91000366210938,70.13105773925781,17729600
2023-04-13,72.80000305175781,75.2300033569336,72.52999877929688,72.7806167602539,10435000
2023-04-14,74.6500015258789,75.87000274658203,73.12999725341797,72.30504608154297,11725200
2023-04-17,74.37000274658203,75.29000091552734,73.68000030517578,73.03294372558594,10242600
2023-04-18,76.12000274658203,76.18000030517578,74.56999969482422,73.1300048828125,9345700
2023-04-19,74.2699966430664,75.81999969482422,74.2300033569336,73.1300048828125,11041200
2023-04-20,73.6500015258789,75.01000213623047,73.13999938964844,71.8100814819336,11843300
2023-04-21,74.08999633789062,74.38999938964844,73.04000091552734,71.93624114990234,9073600
2023-04-24,73.98999786376953,74.58999633789062,73.23999786376953,72.14006805419922,7780300
2023-04-25,73.25,73.5199966430664,70.76000213623047,68.74317169189453,11346600
2023-04-26,71.13999938964844,71.68000030517578,69.58000183105469,67.840576171875,12637700
2023-04-27,71.19000244140625,74.13999938964844,71.08000183105469,71.8100814819336,12998600
2023-04-28,73.48999786376953,75.87000274658203,73.44000244140625,73.63469696044922,9661000
2023-05-01,75.55000305175781,76.75,75.44999694824219,73.35324096679688,7783300
2023-05-02,75.16999816894531,75.18000030517578,71.37000274658203,70.91717529296875,13992500
2023-05-03,73.27999877929688,74.61000061035156,71.36000061035156,69.36432647705078,20785000
2023-05-04,70.87000274658203,71.04000091552734,69.19000244140625,67.89881896972656,15061700
2023-05-05,71.86000061035156,74.30999755859375,71.69000244140625,71.54804229736328,10082500
2023-05-08,73.87000274658203,74.05000305175781,73.0199966430664,71.62567901611328,7587800
2023-05-09,72.87999725341797,73.4000015258789,72.66000366210938,70.69393920898438,5791000
2023-05-10,74.3499984741211,74.69000244140625,71.69000244140625,71.64508819580078,16785600
2023-05-11,73.27999877929688,73.51000213623047,72.19999694824219,71.16952514648438,9695100
2023-05-12,73.98999786376953,74.08999633789062,71.66000366210938,70.85895538330078,10101000
2023-05-15,73.33000183105469,73.95999908447266,72.2699966430664,71.538330078125,8893000
2023-05-16,73.08999633789062,73.5999984741211,72.2300033569336,70.12134552001953,7032600
2023-05-17,73.33000183105469,75.19000244140625,72.44000244140625,72.63504028320312,11161200
2023-05-18,74.62000274658203,77.18000030517578,74.5,74.64404296875,11482500
2023-05-19,77.41999816894531,77.70999908447266,75.86000061035156,74.34317016601562,9511500
2023-05-22,76.55999755859375,77.51000213623047,75.86000061035156,74.40141296386719,8110000
2023-05-23,75.68000030517578,76.23999786376953,73.80000305175781,71.87800598144531,8885700
2023-05-24,73.13999938964844,73.31999969482422,71.75,70.29603576660156,16363700
2023-05-25,74.25,75.02999877929688,73.05000305175781,72.0235824584961,11940300
2023-05-26,74.52999877929688,77.44000244140625,74.47000122070312,74.79933166503906,13126000
2023-05-30,78.12999725341797,78.43000030517578,76.30999755859375,74.80903625488281,9094100
2023-05-31,75.9800033569336,76.55999755859375,74.91000366210938,73.59587860107422,12182400
2023-06-01,75.87999725341797,78.5,75.19000244140625,75.63399505615234,11584500
2023-06-02,79.37000274658203,81.69999694824219,79.04000091552734,78.8561782836914,10481200
2023-06-05,81.44000244140625,82.16999816894531,80.33000183105469,78.34180450439453,10645600
2023-06-06,80.45999908447266,81.55999755859375,80.08999633789062,78.8755874633789,7150300
2023-06-07,81.44999694824219,82.13999938964844,80.13999938964844,78.09916687011719,14289000
2023-06-08,80.37999725341797,82.04000091552734,79.93000030517578,79.32203674316406,8148100
2023-06-09,82.2300033569336,83.36000061035156,81.58000183105469,79.78789520263672,8884800
2023-06-12,82.75,84.41000366210938,82.30999755859375,81.8551254272461,6507300
2023-06-13,85.2699966430664,86.41000366210938,84.8499984741211,83.46623992919922,10559700
2023-06-14,86.22000122070312,87.44999694824219,84.19999694824219,83.88357543945312,20155900
2023-06-15,85.76000213623047,90.22000122070312,85.69999694824219,86.76605987548828,13981000
2023-06-16,90.66000366210938,90.69999694824219,88.16000366210938,85.853759765625,10017400
2023-06-20,87.22000122070312,87.7699966430664,85.7699966430664,84.57263946533203,6915800
2023-06-21,86.16999816894531,86.66999816894531,85.08000183105469,83.23710632324219,10555800
2023-06-22,84.81999969482422,86.33999633789062,84.5999984741211,83.98663330078125,9987200
2023-06-23,84.12000274658203,85.37999725341797,83.8499984741211,82.07874298095703,8737800
2023-06-26,83.94000244140625,85.08000183105469,83.0999984741211,81.01770782470703,9601100
2023-06-27,83.73999786376953,86.31999969482422,83.45999908447266,83.68489074707031,11297600
2023-06-28,85.2699966430664,86.68000030517578,84.87999725341797,83.860107421875,14974900
2023-06-29,85.7300033569336,87.11000061035156,85.5199966430664,84.72644805908203,8989900
2023-06-30,88.91999816894531,90.5999984741211,88.72000122070312,87.58831024169922,8264600
2023-07-03,89.73999786376953,90.44000244140625,89.55999755859375,87.8998031616211,3604500
2023-07-05,89.0999984741211,90.31999969482422,89.0999984741211,87.48123168945312,12400100
2023-07-06,87.5199966430664,87.94000244140625,86.08999633789062,85.28128814697266,14827000
2023-07-07,86.9800033569336,89.37999725341797,86.77999877929688,84.59989166259766,8788800
2023-07-10,86.6500015258789,87.68000030517578,86.33000183105469,85.20342254638672,6371500
2023-07-11,88.0,89.52999877929688,87.4000015258789,86.88744354248047,10022700
2023-07-12,91.56999969482422,92.2300033569336,90.68000030517578,88.90242004394531,20474600
2023-07-13,92.41000366210938,93.94000244140625,92.18000030517578,90.87846374511719,7872500
2023-07-14,93.97000122070312,94.5,92.70999908447266,90.69351196289062,7729100
2023-07-17,93.04000091552734,94.81999969482422,93.01000213623047,91.62799072265625,7687300
2023-07-18,93.91000366210938,96.62000274658203,93.62000274658203,93.6040267944336,10001400
2023-07-19,96.70999908447266,97.58999633789062,96.2699966430664,94.12966918945312,11096800
2023-07-20,96.05999755859375,96.68000030517578,94.31999969482422,92.3191146850586,10804600
2023-07-21,95.86000061035156,96.01000213623047,94.73999786376953,92.25096893310547,7187700
2023-07-24,95.47000122070312,96.51000213623047,95.08000183105469,93.40935516357422,5986500
2023-07-25,95.77999877929688,97.55999755859375,95.75,94.19781494140625,6582100
2023-07-26,96.0999984741211,97.69999694824219,95.41000366210938,94.2562255859375,15197000
2023-07-27,98.94000244140625,99.19999694824219,94.16000366210938,92.28990173339844,11782900
2023-07-28,96.83999633789062,98.05000305175781,96.3499984741211,94.88896179199219,8873600
2023-07-31,97.77999877929688,98.27999877929688,96.91999816894531,95.48271942138672,5720700
2023-08-01,97.02999877929688,97.6500015258789,96.54000091552734,94.53851318359375,5450100
2023-08-02,95.05000305175781,95.25,92.58999633789062,90.6351089477539,9704600
2023-08-03,91.7300033569336,93.41000366210938,91.29000091552734,89.78822326660156,7617400
2023-08-04,93.33000183105469,94.66000366210938,90.56999969482422,88.48384094238281,10493700
2023-08-07,92.02999877929688,93.33999633789062,91.5999984741211,90.75191497802734,6696200
2023-08-08,91.61000061035156,92.29000091552734,89.83999633789062,89.59355163574219,8697300
2023-08-09,92.19000244140625,92.2300033569336,89.63999938964844,87.792724609375,10228400
2023-08-10,91.51000213623047,93.66000366210938,89.4000015258789,87.77325439453125,15466100
2023-08-11,88.87999725341797,90.56999969482422,88.52999877929688,87.54936218261719,9366200
2023-08-14,89.29000091552734,91.38999938964844,89.12999725341797,88.92188262939453,6042800
2023-08-15,90.25,90.44999694824219,87.81999969482422,85.88481903076172,8806300
2023-08-16,87.83999633789062,88.9000015258789,86.16000366210938,83.95745086669922,9315300
2023-08-17,87.0199966430664,87.16000366210938,83.80999755859375,81.90351867675781,11069200
2023-08-18,82.33999633789062,84.83000183105469,82.19000244140625,81.91326141357422,8221100
2023-08-21,84.76000213623047,86.27999877929688,83.48999786376953,83.55833435058594,6650500
2023-08-22,86.77999877929688,86.87999725341797,84.76000213623047,82.79907989501953,7012000
2023-08-23,85.66000366210938,88.27999877929688,85.62000274658203,85.53437805175781,6090900
2023-08-24,88.81999969482422,89.13999938964844,84.13999938964844,81.98139953613281,6831200
2023-08-25,85.18000030517578,86.69000244140625,83.04000091552734,83.64595031738281,10681400
2023-08-28,87.20999908447266,87.9000015258789,86.41000366210938,85.1352767944336,5712900
2023-08-29,87.44999694824219,91.47000122070312,87.33000183105469,88.84400177001953,7596400
2023-08-30,91.52999877929688,92.80000305175781,91.0199966430664,90.01211547851562,7348800
2023-08-31,92.70999908447266,93.41000366210938,91.79000091552734,89.46701049804688,5453400
2023-09-01,93.62000274658203,93.87999725341797,91.44000244140625,89.91476440429688,5485400
2023-09-05,92.06999969482422,92.26000213623047,91.0999984741211,88.71745300292969,4136800
2023-09-06,90.5999984741211,90.66000366210938,87.80999755859375,86.91664123535156,6308600
2023-09-07,87.33999633789062,88.79000091552734,87.12000274658203,85.9821548461914,5910700
2023-09-08,88.38999938964844,89.66000366210938,88.12000274658203,86.36177825927734,5419300
2023-09-11,90.27999877929688,90.62999725341797,89.23999786376953,88.03607940673828,5197400
2023-09-12,89.48999786376953,90.44999694824219,88.55999755859375,86.5467529296875,5367300
2023-09-13,89.0,89.91999816894531,88.33999633789062,86.87769317626953,6003100
2023-09-14,90.68000030517578,91.8499984741211,89.83000183105469,88.99976348876953,5651200
2023-09-15,90.44000244140625,90.58000183105469,87.80000305175781,85.72907257080078,9077400
2023-09-18,87.8499984741211,88.9800033569336,87.55999755859375,85.89454650878906,5653800
2023-09-19,87.37999725341797,87.76000213623047,85.7699966430664,85.35213470458984,7027700
2023-09-20,88.12999725341797,88.41000366210938,84.88999938964844,82.88396453857422,10040700
2023-09-21,83.19999694824219,83.36000061035156,80.5999984741211,78.76708221435547,10337700
2023-09-22,81.25,82.16999816894531,79.87999725341797,78.12320709228516,10096700
2023-09-25,79.36000061035156,81.11000061035156,79.13999938964844,79.09876251220703,8551700
2023-09-26,79.29000091552734,79.69999694824219,77.0199966430664,75.57699584960938,13269800
2023-09-27,78.12000274658203,78.44000244140625,75.51000213623047,75.61601257324219,14746900
2023-09-28,77.25,79.77999877929688,76.83999633789062,76.9427719116211,11895200
2023-09-29,80.54000091552734,80.62000274658203,77.37000274658203,76.28913879394531,15546100
2023-10-02,77.72000122070312,78.80999755859375,76.55999755859375,76.20133972167969,13468200
2023-10-03,76.83000183105469,77.70999908447266,74.16999816894531,73.09905242919922,13343700
2023-10-04,75.16000366210938,76.97000122070312,74.36000061035156,74.74774169921875,12714500
2023-10-05,76.33000183105469,76.86000061035156,74.62000274658203,74.54288482666016,8347300
2023-10-06,75.0,79.91000366210938,74.23999786376953,77.08909606933594,12329600
2023-10-09,77.94000244140625,80.88999938964844,77.63999938964844,78.55245208740234,9563600
2023-10-10,80.91000366210938,83.27999877929688,80.6500015258789,79.79141998291016,9483900
2023-10-11,82.4000015258789,82.91999816894531,80.9800033569336,80.7767333984375,8294000
2023-10-12,83.05000305175781,83.2699966430664,79.80000305175781,79.25486755371094,11726300
2023-10-13,82.02999877929688,82.69999694824219,79.0,77.96711730957031,13110800
2023-10-16,81.18000030517578,83.02999877929688,81.02999877929688,80.4157943725586,11148700
2023-10-17,80.55999755859375,83.55999755859375,80.3499984741211,80.35723876953125,14245700
2023-10-18,81.30999755859375,81.87000274658203,78.41999816894531,77.13789367675781,14273500
2023-10-19,79.36000061035156,80.4000015258789,76.51000213623047,75.0306625366211,14782300
2023-10-20,76.62999725341797,76.9000015258789,73.93000030517578,72.21128845214844,16557500
2023-10-23,73.12000274658203,75.69000244140625,72.18000030517578,71.78203582763672,17597900
2023-10-24,74.69000244140625,75.8499984741211,73.70999908447266,73.41123962402344,13914400
2023-10-25,74.30999755859375,74.30999755859375,71.69000244140625,70.21138763427734,14034300
2023-10-26,71.3499984741211,71.77999877929688,68.81999969482422,67.6749038696289,13897800
2023-10-27,70.0999984741211,70.30000305175781,67.5999984741211,66.66032409667969,16908800
2023-10-30,69.73999786376953,71.29000091552734,69.06999969482422,69.05044555664062,13486500
2023-10-31,71.0199966430664,72.22000122070312,70.02999877929688,70.27967071533203,14616400
2023-11-01,72.54000091552734,74.77999877929688,72.26000213623047,72.5234603881836,14963500
2023-11-02,76.4000015258789,78.6500015258789,76.36000061035156,76.65010070800781,10974000
2023-11-03,79.83000183105469,81.55000305175781,79.76000213623047,78.69879150390625,13149800
2023-11-06,81.08000183105469,81.45999908447266,80.08999633789062,79.21583557128906,11053500
2023-11-07,81.16999816894531,82.2300033569336,80.5199966430664,79.86946868896484,8066300
2023-11-08,82.18000030517578,82.48999786376953,80.68000030517578,79.99629211425781,9689000
2023-11-09,82.62999725341797,82.63999938964844,79.77999877929688,78.06466674804688,13341500
2023-11-10,81.1500015258789,83.91000366210938,80.31999969482422,81.66449737548828,11454200
2023-11-13,82.93000030517578,84.12999725341797,82.47000122070312,81.37183380126953,10214800
2023-11-14,86.97000122070312,89.05999755859375,86.80000305175781,86.13258361816406,10930700
2023-11-15,89.08000183105469,89.83999633789062,88.33000183105469,86.66913604736328,8035400
2023-11-16,88.51000213623047,89.29000091552734,87.86000061035156,86.87401580810547,8829600
2023-11-17,89.05000305175781,89.76000213623047,88.51000213623047,87.34229278564453,10775100
2023-11-20,89.20999908447266,91.94999694824219,89.20999908447266,89.1666030883789,10069200
2023-11-21,90.72000122070312,91.04000091552734,90.0,88.52271270751953,12771000
2023-11-22,91.70999908447266,92.56999969482422,91.08000183105469,89.51779174804688,8061700
2023-11-24,91.69999694824219,91.95999908447266,91.5199966430664,89.60559844970703,2941200
2023-11-27,91.41000366210938,91.95999908447266,91.0999984741211,89.09829711914062,6130200
2023-11-28,91.05000305175781,92.4000015258789,90.72000122070312,89.34220123291016,6739200
2023-11-29,92.9000015258789,93.58999633789062,91.12999725341797,89.18611145019531,7805900
2023-11-30,91.83000183105469,92.58999633789062,90.52999877929688,90.13240814208984,10001900
2023-12-01,91.95999908447266,94.30999755859375,91.58999633789062,91.6250228881836,10621300
2023-12-04,91.80000305175781,92.63999938964844,91.02999877929688,90.23970794677734,11775000
2023-12-05,91.52999877929688,92.9800033569336,91.33000183105469,90.15192413330078,10406000
2023-12-06,93.68000030517578,93.70999908447266,90.95999908447266,88.97147369384766,9167000
2023-12-07,92.44000244140625,93.63999938964844,92.05999755859375,90.9421157836914,7221800
2023-12-08,92.70999908447266,94.69999694824219,92.55999755859375,92.03473663330078,9790700
2023-12-11,94.23999786376953,95.55999755859375,93.91000366210938,93.13713836669922,6082500
2023-12-12,95.20999908447266,96.79000091552734,94.56999969482422,94.3760986328125,6052000
2023-12-13,96.94000244140625,100.87999725341797,96.70999908447266,98.20032501220703,10743200
2023-12-14,101.88999938964844,102.68000030517578,99.79000091552734,99.06857299804688,10282000
2023-12-15,101.12999725341797,101.87000274658203,100.47000122070312,98.64908599853516,9053500
2023-12-18,102.12000274658203,103.37000274658203,101.9800033569336,100.2197494506836,7070200
2023-12-19,103.08000183105469,104.5999984741211,103.0,101.97573852539062,5429400
2023-12-20,103.9000015258789,105.20999908447266,99.91999816894531,97.59546661376953,11952500
2023-12-21,101.69999694824219,102.7300033569336,100.12000274658203,100.30994415283203,8639100
2023-12-22,103.27999877929688,104.26000213623047,101.87999725341797,100.9264144897461,6531300
2023-12-26,103.37999725341797,105.01000213623047,103.30000305175781,102.12022399902344,4480100
2023-12-27,104.23999786376953,105.08000183105469,103.91000366210938,102.74650573730469,7931500
2023-12-28,105.01000213623047,105.4800033569336,104.6500015258789,102.74650573730469,5232600
2023-12-29,104.6500015258789,105.11000061035156,102.6500015258789,101.75816345214844,8692600
2024-01-02,101.87999725341797,102.83999633789062,100.76000213623047,99.92830657958984,8732800
2024-01-03,100.69999694824219,101.19999694824219,99.25,97.49175262451172,11632600
2024-01-04,99.2699966430664,100.93000030517578,98.44000244140625,96.51319885253906,7422300
2024-01-05,98.6500015258789,100.55000305175781,98.0,96.8067626953125,10967400
2024-01-08,99.22000122070312,103.2300033569336,99.1500015258789,100.88727569580078,8596400
2024-01-09,101.31999969482422,103.33000183105469,100.98999786376953,100.3588638305664,11699800
2024-01-10,102.80000305175781,104.93000030517578,102.5999984741211,102.12022399902344,9823600
2024-01-11,104.87000274658203,105.22000122070312,101.37999725341797,101.84623718261719,8716900
2024-01-12,104.97000122070312,105.4800033569336,103.29000091552734,102.0125961303711,6557100
2024-01-16,103.26000213623047,104.1500015258789,101.81999969482422,100.84813690185547,13261800
2024-01-17,100.95999908447266,101.62000274658203,99.72000122070312,99.14546966552734,8442300
2024-01-18,102.27999877929688,104.22000122070312,101.2699966430664,101.67010498046875,7684400
2024-01-19,104.5999984741211,107.91000366210938,104.13999938964844,105.34941864013672,10010800
2024-01-22,108.70999908447266,109.55999755859375,107.91999816894531,106.02459716796875,12762900
2024-01-23,108.68000030517578,109.43000030517578,107.95999908447266,106.89549255371094,6720800
2024-01-24,111.18000030517578,111.87000274658203,109.3499984741211,107.1988525390625,7679600
2024-01-25,110.94999694824219,111.4800033569336,109.51000213623047,108.93084716796875,6089600
2024-01-26,110.93000030517578,111.9800033569336,110.2300033569336,108.5394287109375,10774900
2024-01-29,110.95999908447266,113.51000213623047,110.61000061035156,110.94664001464844,5696300
2024-01-30,112.87999725341797,113.61000061035156,112.56999969482422,110.71177673339844,4861300
2024-01-31,111.5,111.83000183105469,107.48999786376953,105.25154876708984,10411500
2024-02-01,108.58000183105469,111.68000030517578,108.02999877929688,109.21463012695312,15098100
2024-02-02,111.91000366210938,116.30000305175781,111.68000030517578,112.6395034790039,9528000
2024-02-05,114.63999938964844,114.95999908447266,112.2300033569336,111.377197265625,11377300
2024-02-06,114.47000122070312,115.0199966430664,113.44999694824219,112.27745056152344,6819200
2024-02-07,116.36000061035156,117.93000030517578,115.73999786376953,115.04672241210938,5542800
2024-02-08,117.52999877929688,117.94000244140625,116.91999816894531,115.18370819091797,4075700
2024-02-09,118.0,119.98999786376953,117.73999786376953,117.05271911621094,5414900
2024-02-12,119.6500015258789,121.26000213623047,118.93000030517578,116.85700225830078,5474100
2024-02-13,114.80000305175781,115.75,112.08999633789062,112.0523910522461,9210600
2024-02-14,116.33999633789062,117.93000030517578,114.66000366210938,115.03693389892578,6561800
2024-02-15,117.98999786376953,119.98999786376953,117.58999633789062,117.24842071533203,6601900
2024-02-16,119.61000061035156,120.4000015258789,117.47000122070312,115.43812561035156,6946900
2024-02-20,116.70999908447266,117.19000244140625,114.38999938964844,113.46147918701172,6589200
2024-02-21,115.0199966430664,116.38999938964844,113.7300033569336,113.75505065917969,6509200
2024-02-22,120.91000366210938,124.0999984741211,120.2699966430664,120.75160217285156,6293300
2024-02-23,124.62999725341797,125.27999877929688,123.05999755859375,120.87879943847656,6649300
2024-02-26,123.87999725341797,124.22000122070312,122.12000274658203,119.60670471191406,4292600
2024-02-27,122.69000244140625,123.0199966430664,121.27999877929688,120.17424774169922,4652400
2024-02-28,121.68000030517578,122.76000213623047,121.37999725341797,119.62626647949219,3882300
2024-02-29,123.55000305175781,124.73999786376953,121.56999969482422,120.78094482421875,6950900
2024-03-01,124.16000366210938,127.30999755859375,123.83000183105469,124.31348419189453,6119100
2024-03-04,126.37999725341797,127.94000244140625,126.31999969482422,123.77527618408203,4766400
2024-03-05,124.94000244140625,125.31999969482422,121.0,120.06661224365234,6849300
2024-03-06,125.12000274658203,126.19999694824219,123.54000091552734,121.86712646484375,6240700
2024-03-07,126.93000030517578,128.92999267578125,126.22000122070312,125.39964294433594,5795800
2024-03-08,128.57000732421875,130.60000610351562,125.29000091552734,123.0315933227539,9774600
2024-03-11,124.75,125.80000305175781,123.33000183105469,122.67931365966797,7690100
2024-03-12,126.91999816894531,129.80999755859375,125.0,126.61305236816406,6147900
2024-03-13,129.5500030517578,129.7100067138672,127.62000274658203,125.94763946533203,3708000
2024-03-14,129.3300018310547,129.4600067138672,125.48999786376953,125.05717468261719,5564600
2024-03-15,125.41000366210938,126.52999877929688,124.05000305175781,122.34660339355469,6092300
2024-03-18,128.1699981689453,129.24000549316406,126.9800033569336,124.55810546875,6188800
2024-03-19,126.33999633789062,129.2100067138672,125.58000183105469,126.69303894042969,5291800
2024-03-20,129.02000427246094,132.63999938964844,128.47999572753906,130.01080322265625,6279100
2024-03-21,134.6699981689453,135.1999969482422,133.50999450683594,131.22796630859375,4330600
2024-03-22,133.49000549316406,133.99000549316406,132.75,130.4917755126953,4111700
2024-03-25,131.75999450683594,132.67999267578125,131.64999389648438,129.45132446289062,5737500
2024-03-26,132.8699951171875,133.08999633789062,130.67999267578125,128.40101623535156,6567800
2024-03-27,133.0,134.13999938964844,131.33999633789062,131.61077880859375,4600500
2024-03-28,134.1300048828125,135.16000366210938,133.77999877929688,131.56170654296875,3843700
2024-04-01,134.5399932861328,134.9499969482422,132.3300018310547,130.8942413330078,5667000
2024-04-02,130.16000366210938,130.75,128.8300018310547,128.2733612060547,3696600
2024-04-03,129.74000549316406,132.19000244140625,129.72000122070312,128.63658142089844,4613100
2024-04-04,134.02999877929688,134.3000030517578,125.87000274658203,123.85627746582031,7072700
2024-04-05,127.0999984741211,131.47999572753906,126.73999786376953,127.5372085571289,6946100
2024-04-08,130.5,131.27000427246094,129.5500030517578,127.6746597290039,6096000
2024-04-09,131.47999572753906,131.6699981689453,126.83999633789062,128.11634826660156,5409100
2024-04-10,126.11000061035156,128.1300048828125,125.08000183105469,124.2783432006836,7529400
2024-04-11,127.61000061035156,130.42999267578125,124.9800033569336,127.01697540283203,5004700
2024-04-12,126.56999969482422,127.62999725341797,122.58999633789062,121.55937194824219,8850300
2024-04-15,127.01000213623047,127.0999984741211,118.5999984741211,117.06371307373047,8718500
2024-04-16,119.52999877929688,120.62000274658203,117.58999633789062,116.33733367919922,5997700
2024-04-17,120.26000213623047,120.36000061035156,115.36000061035156,114.20729064941406,6666500
2024-04-18,117.22000122070312,118.72000122070312,114.83999633789062,113.40239715576172,5587900
2024-04-19,115.37999725341797,116.0999984741211,111.54000091552734,110.47728729248047,11659000
2024-04-22,114.20999908447266,117.30999755859375,112.56999969482422,113.32386779785156,6315100
2024-04-23,116.87999725341797,119.87000274658203,116.5,117.30911254882812,5019700
2024-04-24,120.1500015258789,120.72000122070312,117.73999786376953,117.15206146240234,10395500
2024-04-25,114.79000091552734,118.41999816894531,113.5999984741211,115.66986083984375,6755700
2024-04-26,119.8499984741211,122.30999755859375,119.37999725341797,118.90908813476562,6060500
2024-04-29,122.41000366210938,122.88999938964844,120.38999938964844,120.10662841796875,3177100
2024-04-30,121.2699966430664,122.0,116.54000091552734,114.47232818603516,5167600
2024-05-01,116.06999969482422,120.8499984741211,115.02999877929688,113.2257080078125,6631100
2024-05-02,117.88999938964844,119.06999969482422,114.70999908447266,116.2588119506836,4396500
2024-05-03,122.7699966430664,123.63999938964844,120.94000244140625,120.597412109375,4857700
2024-05-06,124.55999755859375,126.62999725341797,124.30000305175781,124.28817749023438,3515200
2024-05-07,127.30999755859375,128.0500030517578,126.5,124.75932312011719,7257900
2024-05-08,125.58000183105469,127.37999725341797,125.47000122070312,124.69062805175781,2878500
2024-05-09,127.01000213623047,129.11000061035156,126.54000091552734,126.72248840332031,3182100
2024-05-10,130.22000122070312,130.86000061035156,128.55999755859375,127.16419219970703,3421400
2024-05-13,130.75999450683594,130.82000732421875,128.6300048828125,127.18384552001953,2517700
2024-05-14,129.60000610351562,131.6300048828125,129.2100067138672,128.79364013671875,3804900
2024-05-15,133.13999938964844,136.32000732421875,132.6300048828125,133.58377075195312,3676600
2024-05-16,136.02999877929688,137.3000030517578,134.97000122070312,132.5825653076172,10316300
2024-05-17,135.13999938964844,135.69000244140625,134.0,133.0929718017578,3344400
2024-05-20,135.69000244140625,137.22999572753906,135.38999938964844,133.60336303710938,2645700
2024-05-21,135.41000366210938,137.16000366210938,135.27999877929688,134.47702026367188,2329900
2024-05-22,136.42999267578125,136.99000549316406,134.0800018310547,133.28927612304688,4506300
2024-05-23,138.0800018310547,138.1199951171875,131.6999969482422,130.2267608642578,4623300
2024-05-24,134.0500030517578,135.8300018310547,133.27999877929688,132.73960876464844,2688100
2024-05-28,135.8300018310547,136.00999450683594,133.41000366210938,133.00465393066406,2587100
2024-05-29,132.2899932861328,133.5,132.0500030517578,130.2071075439453,6054300
2024-05-30,131.3699951171875,131.8699951171875,128.97999572753906,127.58628845214844,4307800
2024-05-31,130.52000427246094,133.49000549316406,126.61000061035156,130.8451690673828,5937800
2024-06-03,134.57000732421875,134.64999389648438,129.67999267578125,131.10037231445312,4743100
2024-06-04,132.61000061035156,134.58999633789062,131.38999938964844,131.473388671875,3825400
2024-06-05,135.72999572753906,138.75,134.24000549316406,136.13589477539062,3774200
2024-06-06,138.97999572753906,139.2899932861328,137.13999938964844,136.08682250976562,2680500
2024-06-07,137.8000030517578,140.2899932861328,136.89999389648438,135.42916870117188,3539000
2024-06-10,137.3800048828125,139.5399932861328,136.89999389648438,136.6757354736328,2695200
2024-06-11,138.02999877929688,140.2899932861328,136.39999389648438,137.57884216308594,2803400
2024-06-12,143.85000610351562,145.77000427246094,142.8000030517578,140.926025390625,4086600
2024-06-13,145.02000427246094,145.14999389648438,142.1999969482422,141.79962158203125,6772000
2024-06-14,143.10000610351562,144.6300048828125,142.25,141.9075927734375,6709800
2024-06-17,144.02000427246094,149.0800018310547,143.60000610351562,145.225341796875,2904900
2024-06-18,147.97000122070312,149.14999389648438,147.63999938964844,146.28546142578125,2066300
2024-06-20,149.7899932861328,150.33999633789062,146.3300018310547,145.06829833984375,3665200
2024-06-21,147.02000427246094,147.97000122070312,145.85000610351562,144.03761291503906,2250300
2024-06-24,146.82000732421875,148.9499969482422,145.4600067138672,142.81068420410156,8573400
2024-06-25,146.13999938964844,147.1699981689453,144.92999267578125,144.4901123046875,2334300
2024-06-26,145.89999389648438,147.9499969482422,145.33999633789062,145.0509033203125,6060000
2024-06-27,147.22999572753906,148.47999572753906,146.57000732421875,145.54283142089844,2235000
2024-06-28,148.4600067138672,151.0,145.10000610351562,143.71286010742188,3460700
2024-07-01,147.1699981689453,147.35000610351562,144.63999938964844,144.61801147460938,2699400
2024-07-02,145.5399932861328,149.82000732421875,145.47999572753906,147.35316467285156,2550600
2024-07-03,149.47000122070312,152.00999450683594,149.44000244140625,149.22250366210938,5058400
2024-07-05,151.82000732421875,154.5500030517578,151.25999450683594,151.72149658203125,2321600
2024-07-08,154.85000610351562,155.5,153.75999450683594,152.19374084472656,2247500
2024-07-09,155.4600067138672,156.22000122070312,154.80999755859375,152.56764221191406,2039400
2024-07-10,156.07000732421875,159.9199981689453,155.82000732421875,156.975341796875,2631300
2024-07-11,159.6699981689453,160.4499969482422,154.88999938964844,152.92181396484375,4128400
2024-07-12,156.24000549316406,161.3300018310547,155.9600067138672,155.60777282714844,3862600
2024-07-15,159.88999938964844,162.27000427246094,157.85000610351562,156.87693786621094,7173000
2024-07-16,160.5500030517578,162.49000549316406,159.89999389648438,159.64161682128906,2921800
2024-07-17,157.00999450683594,158.39999389648438,155.0500030517578,152.88246154785156,3420700
2024-07-18,156.60000610351562,157.42999267578125,149.8800048828125,149.28152465820312,4144000
2024-07-19,151.32000732421875,152.6999969482422,147.63999938964844,146.15284729003906,3471000
2024-07-22,151.77000427246094,153.55999755859375,150.1199951171875,150.54086303710938,2958300
2024-07-23,152.9199981689453,154.75999450683594,151.8800048828125,149.75379943847656,2358100
2024-07-24,148.14999389648438,148.39999389648438,141.0800018310547,139.6199951171875,4813500
2024-07-25,141.89999389648438,146.7100067138672,138.8300018310547,137.32757568359375,5296400
2024-07-26,142.4499969482422,146.27000427246094,141.83999633789062,141.71560668945312,3872600
2024-07-29,145.36000061035156,146.14999389648438,142.74000549316406,141.96157836914062,2990200
2024-07-30,145.5,146.3300018310547,139.32000732421875,139.77743530273438,4576900
2024-07-31,147.47999572753906,151.0800018310547,146.42999267578125,146.31027221679688,5787400
2024-08-01,150.3300018310547,152.1999969482422,139.69000244140625,140.22998046875,8116300
2024-08-02,136.69000244140625,137.67999267578125,131.0800018310547,132.33941650390625,10774900
2024-08-05,118.26000213623047,127.3499984741211,117.29000091552734,120.75933074951172,11317000
2024-08-06,123.91000366210938,131.3699951171875,122.95999908447266,123.91753387451172,5711200
2024-08-07,130.5500030517578,132.75999450683594,122.95999908447266,121.44803619384766,10799500
2024-08-08,127.06999969482422,132.3300018310547,125.5999984741211,129.6928253173828,4320700
2024-08-09,131.14999389648438,134.6199951171875,130.1699981689453,131.19813537597656,8065000
2024-08-12,134.3699951171875,135.5,131.88999938964844,131.44407653808594,3327100
2024-08-13,136.08999633789062,140.35000610351562,135.88999938964844,137.86871337890625,3235200
2024-08-14,140.82000732421875,142.39999389648438,138.6699981689453,139.2264404296875,2989300
2024-08-15,145.9199981689453,148.94000244140625,145.44000244140625,146.2709197998047,3578500
2024-08-16,147.25999450683594,150.1199951171875,147.1199951171875,147.06781005859375,2597600
2024-08-19,149.8699951171875,153.7899932861328,149.19000244140625,151.3082733154297,2768100
2024-08-20,153.41000366210938,154.77999877929688,151.8800048828125,150.5113525390625,2297900
2024-08-21,153.77000427246094,155.72000122070312,152.38999938964844,152.0166473388672,3040600
2024-08-22,156.0500030517578,156.5500030517578,149.7899932861328,148.32717895507812,3765200
2024-08-23,153.3699951171875,156.25,151.5500030517578,152.87265014648438,4743200
2024-08-26,156.27000427246094,156.86000061035156,152.83999633789062,151.80020141601562,2804300
2024-08-27,153.17999267578125,155.27000427246094,152.2100067138672,152.37083435058594,3837300
2024-08-28,154.50999450683594,154.88999938964844,149.41000366210938,149.70458984375,3511300
2024-08-29,153.74000549316406,156.47000122070312,151.14999389648438,149.70458984375,4573200
2024-08-30,153.88999938964844,156.67999267578125,150.92999267578125,153.65966796875,3453600
2024-09-03,153.50999450683594,153.80999755859375,144.38999938964844,144.23431396484375,10244100
2024-09-04,145.0,148.3699951171875,144.41000366210938,143.1323699951172,3761000
2024-09-05,145.50999450683594,147.77000427246094,142.47000122070312,142.06982421875,3801300
2024-09-06,144.60000610351562,145.91000366210938,136.25999450683594,134.9171142578125,6112800
2024-09-09,140.25,142.52999877929688,138.72000122070312,139.29531860351562,3600400
2024-09-10,143.0399932861328,143.6300048828125,139.22000122070312,141.05641174316406,3421000
2024-09-11,143.22999572753906,148.44000244140625,136.35000610351562,145.2870330810547,5710000
2024-09-12,148.11000061035156,151.6300048828125,146.32000732421875,148.9076690673828,3872100
2024-09-13,151.74000549316406,154.4499969482422,151.5399932861328,151.052490234375,3245400
2024-09-16,153.3699951171875,154.4499969482422,151.83999633789062,151.69200134277344,5514200
2024-09-17,156.0500030517578,157.25,152.47000122070312,151.8887481689453,2924900
2024-09-18,154.8800048828125,158.94000244140625,152.4499969482422,150.38345336914062,5223200
2024-09-19,160.74000549316406,162.27999877929688,158.3300018310547,158.04776000976562,3716300
2024-09-20,159.3800048828125,160.6199951171875,157.1300048828125,156.975341796875,3322900
2024-09-23,160.5800018310547,161.39999389648438,159.52999877929688,158.224853515625,2099500
2024-09-24,161.32000732421875,162.0500030517578,158.83999633789062,159.5083465576172,2788500
2024-09-25,161.7899932861328,162.42999267578125,159.9199981689453,158.3755340576172,5808500
2024-09-26,164.5500030517578,164.77000427246094,160.72000122070312,160.33578491210938,3407200
2024-09-27,163.5399932861328,164.25,161.0,159.419677734375,2367600
2024-09-30,160.9499969482422,164.30999755859375,159.02000427246094,161.4981231689453,2960000
2024-10-01,163.38999938964844,163.4600067138672,157.0500030517578,156.9373779296875,4132200
2024-10-02,158.50999450683594,160.3300018310547,156.44000244140625,157.06544494628906,2898700
2024-10-03,158.19000244140625,160.2100067138672,156.60000610351562,156.1394805908203,2641100
2024-10-04,162.1999969482422,163.0399932861328,158.6999969482422,160.20773315429688,3457000
2024-10-07,161.27000427246094,161.7899932861328,157.25999450683594,155.91294860839844,3427800
2024-10-08,160.3699951171875,163.13999938964844,159.66000366210938,160.20773315429688,2280700
2024-10-09,162.6699981689453,166.47999572753906,162.1300048828125,163.43869018554688,2653200
2024-10-10,164.8000030517578,166.33999633789062,163.6699981689453,162.58169555664062,3037400
2024-10-11,164.82000732421875,168.47999572753906,164.72000122070312,165.26101684570312,2558400
2024-10-14,169.2100067138672,172.7100067138672,168.94000244140625,169.32925415039062,2107300
2024-10-15,172.1699981689453,172.4199981689453,166.80999755859375,165.38906860351562,2916300
2024-10-16,167.8699951171875,170.5,167.14999389648438,167.4084014892578,2130800
2024-10-17,173.19000244140625,173.3300018310547,169.8800048828125,167.49705505371094,2881400
2024-10-18,171.3800048828125,172.52999877929688,170.08999633789062,169.1913299560547,1942400
2024-10-21,171.16000366210938,171.99000549316406,168.25999450683594,168.4131622314453,2997100
2024-10-22,168.60000610351562,171.58999633789062,167.97000122070312,167.98956298828125,2744700
2024-10-23,168.69000244140625,169.08999633789062,162.67999267578125,163.31060791015625,4029100
2024-10-24,167.5399932861328,167.5500030517578,164.6199951171875,164.33509826660156,2580500
2024-10-25,168.7100067138672,171.25999450683594,165.7100067138672,164.04937744140625,3395400
2024-10-28,169.58999633789062,169.58999633789062,167.7899932861328,165.55653381347656,2245000
2024-10-29,167.2100067138672,169.8000030517578,165.9499969482422,166.26576232910156,2111100
2024-10-30,168.38999938964844,170.13999938964844,166.66000366210938,164.74879455566406,2960500
2024-10-31,163.36000061035156,163.42999267578125,157.2100067138672,154.9771270751953,4449600
2024-11-01,159.41000366210938,162.99000549316406,158.83999633789062,156.79946899414062,2965300
2024-11-04,159.25,160.38999938964844,156.52000427246094,155.79473876953125,2184900
2024-11-05,158.9199981689453,163.80999755859375,158.75,161.35035705566406,2332900
2024-11-06,174.47000122070312,176.77999877929688,171.19000244140625,173.34823608398438,4871700
2024-11-07,177.75999450683594,180.97000122070312,177.6999969482422,177.3967742919922,3284300
2024-11-08,180.3800048828125,183.5,180.36000061035156,179.5047607421875,2296600
2024-11-11,183.66000366210938,183.9600067138672,181.10000610351562,179.96774291992188,2620300
2024-11-12,182.60000610351562,183.1199951171875,178.61000061035156,178.15525817871094,2664100
2024-11-13,181.25,182.97999572753906,179.10000610351562,178.4507598876953,2840800
2024-11-14,181.14999389648438,181.6199951171875,176.9600067138672,174.89474487304688,2691600
2024-11-15,174.16000366210938,174.5800018310547,168.8800048828125,167.99945068359375,4853700
2024-11-18,170.9499969482422,173.8000030517578,170.16000366210938,170.10740661621094,2639600
2024-11-19,169.5,175.0800018310547,168.91000366210938,171.87063598632812,3473700
2024-11-20,174.38999938964844,174.74000549316406,169.27999877929688,171.8903350830078,3790800
2024-11-21,177.02000427246094,178.52000427246094,171.75,174.51060485839844,4258700
2024-11-22,177.1300048828125,179.35000610351562,176.67999267578125,176.0669708251953,2961800
2024-11-25,182.32000732421875,183.5,178.42999267578125,177.73165893554688,3279800
2024-11-26,181.63999938964844,183.92999267578125,180.97000122070312,180.57847595214844,2197000
2024-11-27,183.02000427246094,183.4499969482422,180.0800018310547,178.7068634033203,2578700
2024-11-29,182.08999633789062,185.44000244140625,181.88999938964844,181.92799377441406,1492700
2024-12-02,185.0800018310547,186.3000030517578,184.6300048828125,182.90316772460938,2172200
2024-12-03,185.41000366210938,186.11000061035156,184.42999267578125,183.08045959472656,1916700
2024-12-04,187.39999389648438,189.47999572753906,186.77000427246094,186.34097290039062,2323000
2024-12-05,189.17999267578125,189.97000122070312,187.9600067138672,185.47412109375,2068900
2024-12-06,188.82000732421875,190.33999633789062,188.4199981689453,186.3902130126953,2718100
2024-12-09,189.0,189.16000366210938,185.61000061035156,183.37599182128906,2350200
2024-12-10,186.75,187.0500030517578,183.74000549316406,181.7211151123047,2396300
2024-12-11,187.10000610351562,189.52000427246094,186.77000427246094,185.81890869140625,2438600
2024-12-12,187.72000122070312,188.25,185.64999389648438,182.9130401611328,2141900
2024-12-13,187.39999389648438,188.02999877929688,184.0500030517578,182.64706420898438,2494500
2024-12-16,186.9199981689453,188.55999755859375,186.19000244140625,184.8437042236328,6451400
2024-12-17,185.14999389648438,186.07000732421875,183.97000122070312,182.38108825683594,3083100
2024-12-18,184.88999938964844,187.13999938964844,168.19000244140625,166.2066650390625,4801400
2024-12-19,172.8800048828125,174.36000061035156,168.17999267578125,165.85203552246094,4162000
2024-12-20,166.1300048828125,178.2100067138672,165.39999389648438,171.3387451171875,4783800
2024-12-23,173.63999938964844,177.57000732421875,170.77999877929688,174.7838897705078,7031100
2024-12-24,178.07000732421875,182.75,177.57000732421875,180.2412567138672,2183200
2024-12-26,181.07000732421875,183.7899932861328,179.80999755859375,180.25112915039062,2446700
2024-12-27,179.0500030517578,179.3300018310547,172.94000244140625,174.56678771972656,4005300
2024-12-30,170.42999267578125,173.8000030517578,167.3000030517578,168.49757385253906,3726900
2024-12-31,172.08999633789062,172.6699981689453,167.30999755859375,166.4843292236328,3802500
2025-01-02,171.52999877929688,173.0399932861328,163.82000732421875,165.1125946044922,5967200
2025-01-03,169.72999572753906,174.0500030517578,168.75999450683594,171.09300231933594,7668000
2025-01-06,177.24000549316406,180.2899932861328,174.91000366210938,174.15228271484375,3588000
2025-01-07,178.2100067138672,178.5500030517578,168.77999877929688,168.29029846191406,4255700
2025-01-08,170.38999938964844,172.0,167.36000061035156,168.7245330810547,4246400
2025-01-10,167.72999572753906,167.75,161.3800048828125,160.94801330566406,7967500
2025-01-13,158.97999572753906,164.0,158.63999938964844,161.6388397216797,3609100
2025-01-14,166.1999969482422,166.74000549316406,161.13999938964844,162.06320190429688,3542200
2025-01-15,171.25,174.22999572753906,170.25,170.87588500976562,2980000
2025-01-16,174.3699951171875,174.6199951171875,171.61000061035156,170.03707885742188,2327800
2025-01-17,176.6300048828125,178.72999572753906,175.4199981689453,174.7838897705078,2967800
2025-01-21,179.92999267578125,181.94000244140625,178.14999389648438,179.45176696777344,4732500
2025-01-22,184.50999450683594,186.2100067138672,184.0800018310547,182.36302185058594,2074800
2025-01-23,184.3300018310547,187.89999389648438,184.10000610351562,185.3630828857422,1996100
2025-01-24,187.8300018310547,188.72000122070312,184.99000549316406,183.54727172851562,2318400
2025-01-27,173.94000244140625,178.4199981689453,173.77000427246094,175.8595733642578,3714300
2025-01-28,179.1699981689453,183.38999938964844,176.25,180.1228485107422,2542500
2025-01-29,181.8000030517578,182.22999572753906,177.82000732421875,177.86288452148438,2515300
2025-01-30,182.0500030517578,184.4199981689453,179.14999389648438,180.62612915039062,2688300
2025-01-31,185.1999969482422,187.3800048828125,179.25999450683594,177.61618041992188,3496200
2025-02-03,171.6300048828125,178.4600067138672,169.6999969482422,173.8365020751953,4077300
2025-02-04,176.2100067138672,180.13999938964844,175.72000122070312,177.17208862304688,2073400
2025-02-05,178.6999969482422,181.9600067138672,176.8300018310547,179.43203735351562,2030500
2025-02-06,183.30999755859375,183.74000549316406,180.36000061035156,181.25772094726562,2003300
2025-02-07,183.94000244140625,185.10000610351562,177.7899932861328,176.14578247070312,3280600
2025-02-10,181.2899932861328,182.6199951171875,180.1199951171875,179.55044555664062,4471300
2025-02-11,179.8699951171875,182.88999938964844,179.77999877929688,179.9254608154297,1807900
2025-02-12,176.7899932861328,181.64999389648438,176.25,178.2872772216797,2622700
2025-02-13,181.55999755859375,186.41000366210938,180.39999389648438,183.69529724121094,2325600
2025-02-14,186.1699981689453,187.13999938964844,185.39999389648438,183.5275421142578,1542800
2025-02-18,187.00999450683594,187.47999572753906,184.6999969482422,184.94862365722656,1500000
2025-02-19,186.17999267578125,189.07000732421875,185.7100067138672,186.27102661132812,1804400
2025-02-20,187.47999572753906,187.57000732421875,183.30999755859375,183.87294006347656,2364200
2025-02-21,186.02000427246094,186.0500030517578,176.25,174.4384765625,3413500
2025-02-24,178.38999938964844,179.32000732421875,173.5500030517578,171.90225219726562,2548900
2025-02-25,174.11000061035156,174.7100067138672,167.44000244140625,169.24757385253906,3707600
2025-02-26,172.9600067138672,176.1199951171875,169.42999267578125,169.37586975097656,3217300
2025-02-27,173.66000366210938,174.67999267578125,163.10000610351562,161.4019775390625,3875300
2025-02-28,163.75999450683594,171.3699951171875,161.1199951171875,168.62583923339844,6333800
2025-03-03,172.58999633789062,173.6199951171875,158.57000732421875,159.87234497070312,4012000
2025-03-04,158.4600067138672,163.1300048828125,152.2100067138672,154.1584014892578,5799400
2025-03-05,155.85000610351562,162.50999450683594,152.9600067138672,158.39202880859375,4771000
2025-03-06,154.67999267578125,158.58999633789062,150.3000030517578,150.5365753173828,5562300
2025-03-07,150.80999755859375,155.9600067138672,146.66000366210938,152.66822814941406,6690100
2025-03-10,148.02999877929688,149.61000061035156,138.35000610351562,140.62844848632812,6907200
2025-03-11,141.41000366210938,144.0500030517578,135.80999755859375,136.97705078125,5825000
2025-03-12,143.44000244140625,144.1300048828125,137.07000732421875,139.00999450683594,5739400
2025-03-13,140.58999633789062,141.02000427246094,133.94000244140625,133.56248474121094,6311200
2025-03-14,138.5800018310547,144.24000549316406,138.16000366210938,141.51663208007812,4291700
2025-03-17,143.44000244140625,148.77000427246094,143.10000610351562,144.61538696289062,10771000
2025-03-18,144.91000366210938,145.0500030517578,140.47000122070312,140.2238311767578,4032600
2025-03-19,143.27000427246094,149.47000122070312,142.4199981689453,144.49696350097656,4179300
2025-03-20,143.5500030517578,149.1699981689453,143.0,143.49034118652344,4695700
2025-03-21,141.58999633789062,145.9199981689453,140.63999938964844,143.41140747070312,3962500
2025-03-24,150.47999572753906,153.80999755859375,150.0,150.91160583496094,3407300
2025-03-25,153.4499969482422,154.33999633789062,152.1699981689453,151.99473571777344,2468800
2025-03-26,153.33999633789062,154.14999389648438,146.92999267578125,146.68797302246094,3513500
2025-03-27,146.92999267578125,149.7899932861328,145.14999389648438,145.34149169921875,3465300
2025-03-28,145.44000244140625,146.02999877929688,137.36000061035156,136.5596160888672,7069400
2025-03-31,133.4199981689453,141.47999572753906,131.24000549316406,138.99517822265625,5325900
2025-04-01,139.0399932861328,143.16000366210938,136.19000244140625,140.30206298828125,3831700
2025-04-02,137.13999938964844,146.52000427246094,136.97999572753906,142.91583251953125,4748400
2025-04-03,129.3800048828125,131.5800018310547,123.11000061035156,122.58980560302734,7706000
2025-04-04,113.88999938964844,115.37999725341797,101.12000274658203,100.4915542602539,17536900
2025-04-07,91.45999908447266,111.93000030517578,87.08000183105469,99.74901580810547,19566300
2025-04-08,111.0999984741211,112.94000244140625,91.56999969482422,95.15512084960938,19905100
2025-04-09,94.08000183105469,124.66000366210938,93.83000183105469,121.38192749023438,22776600
2025-04-10,115.31999969482422,116.16999816894531,99.94000244140625,108.9962158203125,16152200
2025-04-11,109.06999969482422,117.5199966430664,107.19000244140625,114.590087890625,9627100
2025-04-14,122.54000091552734,122.66000366210938,115.88999938964844,117.956298828125,6601600
2025-04-15,119.62999725341797,121.94999694824219,117.7300033569336,117.11475372314453,5973800
2025-04-16,114.2699966430664,116.56999969482422,106.80999755859375,109.29324340820312,8068400
2025-04-17,111.37000274658203,113.5999984741211,109.08000183105469,109.5407485961914,6780000
2025-04-21,107.31999969482422,107.61000061035156,99.30999755859375,101.73905181884766,7740100
2025-04-22,106.4800033569336,111.91000366210938,105.8499984741211,109.33284759521484,6813100
2025-04-23,118.9800033569336,122.0199966430664,114.81999969482422,114.6890869140625,7358700
2025-04-24,116.56999969482422,123.5,115.80000305175781,121.7878646850586,4818000
2025-04-25,123.01000213623047,125.91000366210938,120.95999908447266,124.3719253540039,5054200
2025-04-28,126.11000061035156,127.56999969482422,121.7699966430664,124.56993865966797,5281800
2025-04-29,124.41000366210938,128.83999633789062,124.19999694824219,126.73817443847656,3640400
2025-04-30,123.4000015258789,129.47000122070312,119.19000244140625,126.8173828125,6637100
2025-05-01,132.22999572753906,134.77999877929688,130.47000122070312,129.50047302246094,4671300
2025-05-02,135.22000122070312,137.75,133.50999450683594,135.19332885742188,9120400
2025-05-05,133.5399932861328,136.52000427246094,132.89999389648438,132.89637756347656,7693300
2025-05-06,130.1699981689453,134.02999877929688,129.49000549316406,129.58956909179688,3660700
2025-05-07,131.74000549316406,134.2899932861328,128.82000732421875,131.18356323242188,5290900
2025-05-08,135.30999755859375,138.89999389648438,132.75999450683594,133.85675048828125,5376700
2025-05-09,136.07000732421875,136.77000427246094,133.44000244140625,133.18350219726562,3287000
2025-05-12,146.72999572753906,147.8000030517578,143.5800018310547,146.2622528076172,4961600
2025-05-13,148.14999389648438,152.4199981689453,147.6999969482422,149.15321350097656,4033000
2025-05-14,151.47000122070312,152.32000732421875,149.6300048828125,149.6977996826172,3133600
2025-05-15,149.60000610351562,153.80999755859375,149.25999450683594,151.80662536621094,3577900
2025-05-16,153.88999938964844,156.42999267578125,152.3699951171875,154.69760131835938,3894300
2025-05-19,151.3800048828125,157.19000244140625,151.30999755859375,155.1233367919922,3712200
2025-05-20,155.22999572753906,155.97000122070312,152.50999450683594,153.39071655273438,3303300
2025-05-21,151.50999450683594,154.77999877929688,146.3000030517578,145.75732421875,6423800
2025-05-22,146.94000244140625,149.9199981689453,146.0399932861328,145.68798828125,3330800
2025-05-23,141.72999572753906,146.1199951171875,141.3800048828125,142.7178192138672,5231900
2025-05-27,149.3000030517578,153.14999389648438,147.97000122070312,151.49969482421875,7967800
2025-05-28,153.3699951171875,154.27999877929688,149.7899932861328,148.68789672851562,9107900
2025-05-29,154.39999389648438,154.49000549316406,149.00999450683594,150.7076416015625,9198800
2025-05-30,151.0800018310547,152.75999450683594,146.6999969482422,149.93540954589844,4948600
2025-06-02,150.1300048828125,154.02000427246094,148.05999755859375,152.43035888671875,3406700
2025-06-03,153.64999389648438,157.3300018310547,153.25,155.05404663085938,3018300
2025-06-04,157.22000122070312,157.97000122070312,156.0500030517578,154.74710083007812,7565500
2025-06-05,157.74000549316406,158.72000122070312,152.50999450683594,152.5194549560547,3782100
2025-06-06,158.27999877929688,159.97999572753906,156.88999938964844,156.9945526123047,2813200
2025-06-09,159.0800018310547,160.3000030517578,158.13999938964844,157.410400390625,2091900
2025-06-10,159.4199981689453,162.00999450683594,158.52999877929688,160.0637664794922,2635100
2025-06-11,162.5500030517578,163.3000030517578,158.6300048828125,158.73707580566406,3205600
2025-06-12,159.1999969482422,162.1300048828125,158.77999877929688,160.420166015625,2346200
2025-06-13,157.82000732421875,160.4600067138672,155.35000610351562,155.00450134277344,4041600
2025-06-16,159.25999450683594,162.39999389648438,159.13999938964844,159.4300994873047,2247500
2025-06-17,158.99000549316406,160.2100067138672,156.22999572753906,155.27186584472656,2824600
2025-06-18,157.47000122070312,159.64999389648438,155.94000244140625,155.07383728027344,2670000
2025-06-20,158.66000366210938,159.52999877929688,154.3000030517578,153.5293426513672,3006900
2025-06-23,155.9499969482422,160.32000732421875,153.4600067138672,158.3806610107422,8424500
2025-06-24,162.66000366210938,165.49000549316406,161.99000549316406,163.4213104248047,7873600
2025-06-25,165.52000427246094,165.97999572753906,163.60000610351562,163.6995086669922,5010800
2025-06-26,166.35000610351562,169.00999450683594,165.8699951171875,167.60446166992188,2286500
2025-06-27,169.49000549316406,172.2899932861328,167.69000244140625,169.84011840820312,3089300
2025-06-30,173.0800018310547,174.57000732421875,171.16000366210938,172.4235382080078,2878100
2025-07-01,172.1300048828125,174.22999572753906,171.5,172.1254425048828,2748400
2025-07-02,172.83999633789062,175.50999450683594,172.36000061035156,174.31141662597656,2045000
2025-07-03,177.0800018310547,180.24000549316406,177.0399932861328,178.2660369873047,4986000
2025-07-07,177.7100067138672,178.30999755859375,172.97000122070312,174.2915496826172,7478400
2025-07-08,175.9499969482422,176.5800018310547,174.38999938964844,173.9537353515625,2787500
2025-07-09,177.08999633789062,178.75,175.52999877929688,176.9842529296875,2502000
2025-07-10,178.25,180.5500030517578,177.25,178.49456787109375,2247700
2025-07-11,176.86000061035156,178.63999938964844,175.85000610351562,176.40794372558594,2303400
2025-07-14,177.14999389648438,178.85000610351562,176.0,177.35191345214844,2292400
2025-07-15,180.8699951171875,181.08999633789062,176.14999389648438,175.05662536621094,2427800
2025-07-16,177.55999755859375,178.3300018310547,172.7100067138672,176.72592163085938,2619500
2025-07-17,178.11000061035156,181.4600067138672,177.8699951171875,179.8856201171875,2268000
2025-07-18,182.0500030517578,182.1300048828125,179.6300048828125,179.44847106933594,1946600
2025-07-21,181.60000610351562,184.0,181.2100067138672,180.3924102783203,2388300
2025-07-22,181.77999877929688,182.2899932861328,179.3699951171875,180.3824462890625,1938600
2025-07-23,183.91000366210938,186.17999267578125,182.3000030517578,184.95314025878906,2472000
2025-07-24,186.5,187.8000030517578,185.9600067138672,185.18165588378906,2018400
2025-07-25,186.77999877929688,188.91000366210938,186.5500030517578,187.228515625,1606600
2025-07-28,188.83999633789062,189.30999755859375,187.13999938964844,187.08941650390625,1925700
2025-07-29,189.55999755859375,189.7899932861328,185.97000122070312,185.5691680908203,2123900
2025-07-30,187.39999389648438,188.8699951171875,183.4199981689453,184.87364196777344,2895500
2025-07-31,190.3699951171875,190.72000122070312,182.7100067138672,182.6280517578125,3018700
2025-08-01,178.7100067138672,178.7100067138672,172.6300048828125,173.53639221191406,4788400
2025-08-04,178.02000427246094,182.6300048828125,177.89999389648438,181.36614990234375,2112600
2025-08-05,183.14999389648438,183.83999633789062,179.0,178.68336486816406,1928100
2025-08-06,180.7100067138672,184.41000366210938,179.9199981689453,182.5883026123047,1941900
2025-08-07,186.86000061035156,187.47999572753906,180.66000366210938,182.26039123535156,2431100
2025-08-08,184.75999450683594,187.8800048828125,184.52999877929688,186.20509338378906,1965600
2025-08-11,187.66000366210938,188.99000549316406,185.24000549316406,185.10218811035156,5326300
2025-08-12,188.33999633789062,192.3800048828125,187.0500030517578,190.9248046875,7123800
2025-08-13,194.1300048828125,195.27999877929688,192.17999267578125,192.8822479248047,2437500
2025-08-14,192.22000122070312,194.72000122070312,191.74000549316406,192.80274963378906,2379700
2025-08-15,194.88999938964844,194.99000549316406,191.77999877929688,191.3917999267578,2427700
2025-08-18,192.0399932861328,193.0,191.42999267578125,191.20301818847656,1579800
2025-08-19,192.22999572753906,193.10000610351562,188.0800018310547,188.00357055664062,3094100
2025-08-20,188.75,188.88999938964844,183.0500030517578,186.33425903320312,2976400
2025-08-21,185.91000366210938,187.39999389648438,183.77000427246094,184.05886840820312,2419600
2025-08-22,187.08999633789062,194.6999969482422,186.6999969482422,192.35562133789062,3025000
2025-08-25,192.4600067138672,193.6199951171875,191.0399932861328,189.9510498046875,1914400
2025-08-26,190.75,193.75,190.22999572753906,192.1866912841797,2166600
2025-08-27,192.7899932861328,195.36000061035156,192.7899932861328,193.41880798339844,2090000
2025-08-28,195.2100067138672,197.19000244140625,193.47999572753906,195.41598510742188,2710000
2025-08-29,195.1999969482422,195.49000549316406,191.25999450683594,191.77931213378906,2888100
2025-09-02,186.13999938964844,188.75,183.86000061035156,187.3974609375,4055100
2025-09-03,190.66000366210938,192.0,188.75,190.32864379882812,2654700
2025-09-04,192.22000122070312,196.35000610351562,191.36000061035156,194.96885681152344,2387200
2025-09-05,198.32000732421875,199.02999877929688,190.9499969482422,192.9816131591797,6581800
2025-09-08,195.6699981689453,196.77000427246094,194.44000244140625,194.70057678222656,2170300
2025-09-09,195.92999267578125,197.6199951171875,194.3699951171875,195.90286254882812,3257300
2025-09-10,200.0800018310547,200.9499969482422,197.39999389648438,197.64170837402344,3512900
2025-09-11,200.60000610351562,204.33999633789062,200.0800018310547,202.34153747558594,3043100
2025-09-12,203.50999450683594,205.0,202.89999389648438,202.0533905029297,2928700
2025-09-15,205.39999389648438,206.72000122070312,205.16000366210938,205.16343688964844,2710500
2025-09-16,207.0399932861328,207.32000732421875,204.97000122070312,204.2691650390625,2334300
2025-09-17,205.6300048828125,207.1699981689453,200.35000610351562,203.55377197265625,3528200
2025-09-18,207.3000030517578,210.07000732421875,205.75999450683594,206.36573791503906,2118800
2025-09-19,209.17999267578125,211.27000427246094,207.39999389648438,209.0782928466797,2527500
2025-09-22,209.0,213.85000610351562,208.97999572753906,211.9796905517578,2941900
2025-09-23,213.0,213.57000732421875,208.47999572753906,208.44166564941406,4738400
2025-09-24,210.8000030517578,210.8300018310547,206.27000427246094,206.5015106201172,3007500
2025-09-25,204.57000732421875,205.92999267578125,201.2899932861328,203.526611328125,3809300
2025-09-26,205.8800048828125,208.5,204.39999389648438,206.93930053710938,2133300
2025-09-29,210.33999633789062,211.10000610351562,207.97999572753906,208.58094787597656,2324500
2025-09-30,208.88999938964844,212.39999389648438,207.67999267578125,210.82952880859375,2285300
2025-10-01,209.0399932861328,214.97999572753906,208.97999572753906,213.05821228027344,2315400
2025-10-02,215.9499969482422,216.0800018310547,212.44000244140625,213.63528442382812,1928300
2025-10-03,215.35000610351562,217.92999267578125,213.63999938964844,213.43629455566406,4442200
2025-10-06,216.83999633789062,217.7100067138672,214.77999877929688,215.7644805908203,2879000
2025-10-07,217.7100067138672,218.13999938964844,212.99000549316406,213.3069610595703,2993700
2025-10-08,215.44000244140625,218.22999572753906,214.61000061035156,217.00816345214844,2730000
2025-10-09,218.52000427246094,218.8800048828125,214.32000732421875,215.1575469970703,2284200
2025-10-10,217.0,218.72000122070312,198.35000610351562,197.5967254638672,6283900
2025-10-13,205.39999389648438,209.0,204.6199951171875,206.52142333984375,2536200
2025-10-14,202.0500030517578,210.14999389648438,198.3000030517578,205.75527954101562,3213600
2025-10-15,211.02999877929688,214.22999572753906,203.67999267578125,208.40187072753906,2773100
2025-10-16,210.97999572753906,212.72999572753906,201.8000030517578,204.1036834716797,3655600
2025-10-17,203.89999389648438,209.64999389648438,202.7100067138672,207.3671112060547,3382300
2025-10-20,211.08999633789062,215.69000244140625,211.0500030517578,213.70492553710938,1847500
2025-10-21,214.8800048828125,216.3699951171875,213.5,213.53578186035156,2023400
2025-10-22,215.33999633789062,215.33999633789062,206.97000122070312,210.23257446289062,3336000
2025-10-23,211.55999755859375,215.92999267578125,211.36000061035156,213.7546844482422,2436700
2025-10-24,219.35000610351562,221.27999877929688,218.61000061035156,218.88861083984375,2482600
2025-10-27,225.4600067138672,228.17999267578125,224.85000610351562,226.70892333984375,4133200
2025-10-28,229.6199951171875,231.4499969482422,227.42999267578125,228.390380859375,2562400
2025-10-29,231.1999969482422,232.19000244140625,225.3800048828125,228.7386016845703,4267200
2025-10-30,226.3699951171875,228.33999633789062,222.3300018310547,221.27647399902344,3652900
2025-10-31,227.2899932861328,227.3300018310547,221.61000061035156,223.10720825195312,3639600
2025-11-03,227.75,227.88999938964844,222.13999938964844,224.33099365234375,2692200
2025-11-04,218.2899932861328,222.0500030517578,216.74000549316406,216.46095275878906,3289300
2025-11-05,217.0800018310547,222.77000427246094,216.30999755859375,218.45083618164062,5505100
2025-11-06,218.44000244140625,219.30999755859375,210.92999267578125,211.28720092773438,3689800
2025-11-07,209.99000549316406,213.0399932861328,203.6300048828125,211.88418579101562,6900300
2025-11-10,218.8300018310547,223.50999450683594,216.75999450683594,221.53517150878906,3136600
2025-11-11,221.3000030517578,224.8300018310547,220.1300048828125,223.02760314941406,4998900
2025-11-12,226.02999877929688,226.14999389648438,222.22000122070312,223.3857879638672,2485100
2025-11-13,221.77000427246094,222.0399932861328,211.88999938964844,212.31201171875,5224100
2025-11-14,206.88999938964844,216.64999389648438,204.8300018310547,212.04336547851562,4485200
2025-11-17,210.91000366210938,214.7100067138672,203.7899932861328,206.02394104003906,4342500
2025-11-18,203.6699981689453,206.5,197.9199981689453,200.90988159179688,8626400
2025-11-19,202.3800048828125,208.42999267578125,200.55999755859375,203.0988006591797,4469800
2025-11-20,213.5800018310547,216.02000427246094,194.1300048828125,193.736328125,9485500
2025-11-21,196.74000549316406,205.25999450683594,192.8800048828125,199.41746520996094,7134000
2025-11-24,203.5800018310547,210.30999755859375,202.60000610351562,208.12327575683594,2778700
2025-11-25,208.97000122070312,216.05999755859375,205.14999389648438,213.88401794433594,2974400
2025-11-26,217.32000732421875,221.19000244140625,216.49000549316406,218.13246154785156,2289300
2025-11-28,220.2899932861328,222.9199981689453,219.97000122070312,221.60482788085938,1185200
2025-12-01,218.16000366210938,222.25,218.07000732421875,218.52047729492188,1946100
2025-12-02,221.11000061035156,222.97000122070312,218.6300048828125,219.60498046875,2185000
2025-12-03,219.80999755859375,223.97999572753906,218.9199981689453,221.8535614013672,4354400
2025-12-04,224.3000030517578,224.3300018310547,220.4499969482422,222.42066955566406,5639600
2025-12-05,224.3699951171875,227.19000244140625,223.49000549316406,223.39572143554688,2444500
2025-12-08,225.35000610351562,225.3800048828125,220.39999389648438,221.3461456298828,2490500
2025-12-09,221.8699951171875,224.05999755859375,221.3800048828125,220.64967346191406,1995300
2025-12-10,221.24000549316406,227.4600067138672,220.00999450683594,224.83839416503906,2900600
2025-12-11,223.67999267578125,227.7100067138672,220.74000549316406,226.4203643798828,5215200
2025-12-12,226.5,227.1699981689453,217.5800018310547,218.9781494140625,4527700
2025-12-15,223.91000366210938,223.9199981689453,217.6699981689453,217.953369140625,2664500
2025-12-16,217.4600067138672,219.25999450683594,213.4600067138672,216.01321411132812,3353600
2025-12-17,218.0800018310547,218.61000061035156,209.67999267578125,208.6704864501953,4089200
2025-12-18,215.66000366210938,218.5800018310547,213.1199951171875,213.50595092773438,3063300
2025-12-19,216.4600067138672,220.74000549316406,216.36000061035156,219.07765197753906,1868000
2025-12-22,223.44000244140625,224.8000030517578,222.2100067138672,223.08729553222656,1551300
2025-12-23,223.13999938964844,227.3300018310547,223.1199951171875,226.126220703125,1414800
2025-12-24,226.97999572753906,229.83999633789062,226.86000061035156,228.39645385742188,895000
2025-12-26,229.5,230.5,228.16000366210938,228.13755798339844,1314600
2025-12-29,226.36000061035156,227.9499969482422,224.8800048828125,225.6482696533203,1546600
2025-12-30,226.1999969482422,227.2899932861328,225.3800048828125,224.67247009277344,1453100
2025-12-31,225.75999450683594,225.97000122070312,220.39999389648438,219.66404724121094,1749900
2026-01-02,224.10000610351562,225.22999572753906,218.44000244140625,220.6896209716797,2844300
2026-01-05,224.8800048828125,227.67999267578125,224.74000549316406,225.06080627441406,1967600
2026-01-06,226.17999267578125,230.47000122070312,226.02999877929688,229.01377868652344,1793400
2026-01-07,230.2899932861328,232.07000732421875,227.5,226.79335021972656,2176400
2026-01-08,226.85000610351562,228.64999389648438,225.52999877929688,226.5742950439453,1533600
2026-01-09,228.47999572753906,233.0800018310547,227.08999633789062,230.82598876953125,2272500
2026-01-12,228.4499969482422,233.83999633789062,228.44000244140625,231.96109008789062,1523600
2026-01-13,233.1999969482422,233.77999877929688,229.05999755859375,230.39781188964844,2087900
2026-01-14,228.6300048828125,229.3000030517578,223.7899932861328,227.0323028564453,2980700
2026-01-15,232.07000732421875,232.9499969482422,228.89999389648438,228.77479553222656,2112500
2026-01-16,231.0,231.52000427246094,227.47999572753906,227.92845153808594,1726700
2026-01-20,218.72000122070312,221.99000549316406,213.88999938964844,213.94863891601562,4337000
2026-01-21,216.74000549316406,225.38999938964844,215.32000732421875,221.18746948242188,4193500
2026-01-22,226.50999450683594,227.75,223.60000610351562,224.53306579589844,2424000
2026-01-23,224.6300048828125,227.39999389648438,223.6999969482422,224.6326446533203,1704000
2026-01-26,226.86000061035156,230.42999267578125,226.35000610351562,228.1475067138672,1666400
2026-01-27,230.4199981689453,232.8000030517578,229.8800048828125,230.90562438964844,1563400
2026-01-28,233.25999450683594,234.08999633789062,230.1999969482422,230.78614807128906,1844300
2026-01-29,232.5,233.16000366210938,221.02999877929688,229.15316772460938,3463200
2026-01-30,227.89999389648438,230.25999450683594,223.19000244140625,226.99249267578125,3154100
2026-02-02,225.5500030517578,232.75,225.4499969482422,230.30821228027344,1810800
2026-02-03,232.07000732421875,232.74000549316406,219.9499969482422,224.3638153076172,4209500
2026-02-04,226.11000061035156,227.16000366210938,217.67999267578125,221.0082550048828,4885600
2026-02-05,216.86000061035156,219.4499969482422,211.8699951171875,212.55465698242188,6840300
2026-02-06,217.10000610351562,227.35000610351562,216.55999755859375,224.831787109375,2726000
2026-02-09,224.5500030517578,230.8300018310547,223.47000122070312,227.9882049560547,2003400
2026-02-10,229.86000061035156,231.4499969482422,226.61000061035156,226.0067138671875,1596400
2026-02-11,231.2899932861328,231.9600067138672,224.14999389648438,225.89718627929688,2002600
2026-02-12,229.0399932861328,230.1199951171875,215.4600067138672,215.40240478515625,3511100
2026-02-13,216.4499969482422,220.82000732421875,212.5,215.4820556640625,3122200
2026-02-17,214.91000366210938,219.4199981689453,210.75999450683594,216.5275421142578,3297200
2026-02-18,218.57000732421875,223.44000244140625,217.42999267578125,219.79348754882812,2447000
2026-02-19,218.3300018310547,220.5500030517578,216.1199951171875,217.99124145507812,2402700
2026-02-20,216.6199951171875,224.0,216.1999969482422,222.48190307617188,5183600
2026-02-23,221.85000610351562,224.0,214.6699981689453,215.69114685058594,2959400
2026-02-24,216.00999450683594,222.14999389648438,214.32000732421875,220.3610382080078,2497900
2026-02-25,223.8800048828125,227.27000427246094,223.8800048828125,225.76776123046875,1543700
2026-02-26,226.83999633789062,226.83999633789062,218.1199951171875,221.99400329589844,2919200
2026-02-27,216.6699981689453,220.3300018310547,215.36000061035156,218.78781127929688,2720500
2026-03-02,212.5,222.0,211.8800048828125,218.86746215820312,2866200
2026-03-03,208.88999938964844,216.19000244140625,203.74000549316406,213.02264404296875,6179200
2026-03-04,215.16000366210938,220.30999755859375,213.30999755859375,217.41372680664062,3064200
2026-03-05,215.47000122070312,218.77000427246094,209.3000030517578,213.96856689453125,5008600
2026-03-06,207.08999633789062,209.6300048828125,203.66000366210938,205.28594970703125,4380500
2026-03-09,200.52000427246094,212.97000122070312,196.88999938964844,210.6229705810547,5762800
2026-03-10,210.94000244140625,216.2100067138672,208.1699981689453,209.408203125,3961400
2026-03-11,210.72999572753906,213.0,206.7899932861328,208.64151000976562,3004900
2026-03-12,204.63999938964844,205.1300048828125,199.77999877929688,199.0528106689453,4041500
2026-03-13,202.61000061035156,205.44000244140625,195.57000732421875,195.50807189941406,5109500
2026-03-16,201.74000549316406,205.0,200.6199951171875,201.39273071289062,3695700
2026-03-17,205.27999877929688,207.16000366210938,203.19000244140625,202.97592163085938,2752800
2026-03-18,201.5800018310547,202.8000030517578,195.0800018310547,194.5023956298828,3272700
2026-03-19,191.19000244140625,196.5500030517578,189.63999938964844,192.91921997070312,5214500
2026-03-20,192.27000427246094,192.35000610351562,181.9199981689453,184.3262176513672,5306900
2026-03-23,193.25999450683594,197.1999969482422,189.80999755859375,190.19094848632812,7420400
2026-03-24,186.97999572753906,191.97999572753906,185.77000427246094,188.19482421875,3828100
2026-03-25,193.25999450683594,195.2100067138672,189.47999572753906,191.28883361816406,2634100
2026-03-26,187.42999267578125,189.97000122070312,181.2100067138672,181.15847778320312,3254400
2026-03-27,179.07000732421875,179.1999969482422,171.19000244140625,171.71681213378906,4875900
2026-03-30,176.77999877929688,177.0,168.0399932861328,169.87039184570312,3828200
2026-03-31,175.77999877929688,185.92999267578125,175.0500030517578,184.5319366455078,4984400
2026-04-01,187.9600067138672,191.91000366210938,187.25,188.77371215820312,3446000
2026-04-02,181.30999755859375,191.16000366210938,180.1999969482422,189.23281860351562,3724000
2026-04-06,189.39999389648438,192.75,189.1699981689453,191.6082000732422,2377800
2026-04-07,190.02000427246094,192.5399932861328,185.1699981689453,191.9475555419922,3658500
2026-04-08,207.22999572753906,207.86000061035156,202.99000549316406,206.4993133544922,5166400
2026-04-09,205.85000610351562,211.5800018310547,204.88999938964844,210.06240844726562,2594600
2026-04-10,211.58999633789062,212.1999969482422,208.9499969482422,209.35377502441406,3916900
2026-04-13,207.9199981689453,216.0800018310547,207.14999389648438,215.4918670654297,2474000
2026-04-14,217.38999938964844,223.88999938964844,217.38999938964844,223.23683166503906,2760300
2026-04-15,224.58999633789062,229.30999755859375,223.5800018310547,228.5565185546875,2798500
2026-04-16,230.0,231.72999572753906,227.58999633789062,230.17337036132812,2107100
2026-04-17,234.92999267578125,241.05999755859375,234.52000427246094,238.26766967773438,3534800
2026-04-20,237.35000610351562,238.5,234.72999572753906,236.87039184570312,2085400
2026-04-21,238.75999450683594,239.8300018310547,231.19000244140625,232.22938537597656,2841700
2026-04-22,237.57000732421875,239.91000366210938,236.7100067138672,239.22581481933594,2439200
2026-04-23,237.74000549316406,240.75999450683594,230.64999389648438,236.16175842285156,3101100
2026-04-24,238.89999389648438,242.60000610351562,237.17999267578125,241.6710662841797,2241800
2026-04-27,241.30999755859375,243.72000122070312,240.4499969482422,242.82882690429688,1327200
2026-04-28,239.82000732421875,240.8699951171875,237.22000122070312,239.2457733154297,1877600
2026-04-29,238.8699951171875,240.1199951171875,236.2899932861328,239.135986328125,1717600
2026-04-30,242.5800018310547,247.60000610351562,238.39999389648438,245.8928680419922,2600800
2026-05-01,249.0500030517578,252.8000030517578,248.2899932861328,247.998779296875,2197800
2026-05-04,247.77000427246094,249.8800048828125,242.30999755859375,245.2541046142578,2017500
2026-05-05,249.47999572753906,252.7899932861328,249.25,250.96302795410156,1542900
2026-05-06,256.04998779296875,262.7200012207031,255.6999969482422,261.4327392578125,2037500
2026-05-07,263.20001220703125,264.3399963378906,257.5199890136719,258.877685546875,2415900
2026-05-08,262.7900085449219,266.1400146484375,262.489990234375,265.04571533203125,1479100
2026-05-11,264.4599914550781,269.010009765625,264.3800048828125,266.75238037109375,1499100
2026-05-12,264.8699951171875,266.8299865722656,259.260009765625,265.67449951171875,2477700
2026-05-13,266.4100036621094,272.2099914550781,263.19000244140625,270.05596923828125,1737600
2026-05-14,272.0299987792969,278.44000244140625,271.92999267578125,276.3637390136719,2033700
2026-05-15,269.69000244140625,271.489990234375,265.3999938964844,266.0837097167969,2322800
2026-05-18,267.32000732421875,269.0400085449219,260.3699951171875,265.3551025390625,3031300
2026-05-19,261.8299865722656,264.8599853515625,258.32000732421875,260.19512939453125,2938400
2026-05-20,262.54998779296875,269.25,260.80999755859375,268.1297302246094,2081700
2026-05-21,265.6400146484375,272.5,264.1499938964844,269.7166442871094,2323000
2026-05-22,273.7099914550781,276.69000244140625,271.8500061035156,272.5511474609375,1898800
2026-05-26,277.8800048828125,280.1700134277344,276.07000732421875,277.85089111328125,1714300
2026-05-27,278.760009765625,279.25,275.92999267578125,277.8309020996094,1878300
2026-05-28,277.82000732421875,283.4599914550781,276.8599853515625,282.36212158203125,1607300
2026-05-29,284.1000061035156,286.5,282.7799987792969,284.0987243652344,2267000
2026-06-01,283.489990234375,288.9100036621094,282.7200012207031,286.304443359375,1840800
2026-06-02,285.17999267578125,289.0,284.9200134277344,287.4721984863281,1147500
2026-06-03,286.3999938964844,287.1600036621094,281.29998779296875,281.48382568359375,2044200
2026-06-04,279.489990234375,286.45001220703125,278.7799987792969,284.5079345703125,1202900
2026-06-05,279.4599914550781,280.0799865722656,260.510009765625,262.051513671875,4850800
2026-06-08,268.8699951171875,271.04998779296875,263.45001220703125,264.0177001953125,2328300
2026-06-09,269.1600036621094,272.55999755859375,246.55999755859375,261.552490234375,3786100
2026-06-10,258.1000061035156,263.45001220703125,249.5,249.1864776611328,3270200
2026-06-11,252.91000366210938,264.5199890136719,248.5,261.7121887207031,3313100
2026-06-12,265.30999755859375,269.1499938964844,259.239990234375,265.75433349609375,2576200
2026-06-15,277.2099914550781,282.3399963378906,277.0799865722656,279.6773376464844,3371700
2026-06-16,279.9599914550781,280.92999267578125,274.7799987792969,274.766845703125,1470700
2026-06-17,276.20001220703125,277.0400085449219,262.9800109863281,264.4369201660156,2199700
2026-06-18,273.8399963378906,274.2799987792969,269.70001220703125,272.092041015625,1592200
2026-06-22,273.7799987792969,276.5,268.7200012207031,269.5369873046875,1594500
2026-06-23,257.7799987792969,264.3299865722656,256.3999938964844,257.9700012207031,1969200
2026-06-24,259.3699951171875,264.44000244140625,254.80999755859375,257.1199951171875,1679000
2026-06-25,263.260009765625,263.70001220703125,253.42999267578125,257.5299987792969,1895700
2026-06-26,252.36000061035156,260.5199890136719,250.3699951171875,251.64999389648438,1889500
2026-06-29,260.3800048828125,265.70001220703125,255.86000061035156,265.1300048828125,1373600
2026-06-30,265.19000244140625,272.5400085449219,265.0,270.6700134277344,1356700
2026-07-01,269.2200012207031,274.07000732421875,266.4100036621094,269.989990234375,1660700
2026-07-02,271.6600036621094,275.75,263.57000732421875,268.80999755859375,2686900
2026-07-06,272.8599853515625,276.9700012207031,271.6099853515625,275.80999755859375,1419900
2026-07-07,274.5199890136719,275.32000732421875,268.989990234375,271.55999755859375,1660700
2026-07-08,266.6700134277344,269.9200134277344,262.7099914550781,269.1000061035156,1797100
2026-07-09,271.1700134277344,276.20001220703125,269.25,275.7900085449219,1387700
2026-07-10,276.1400146484375,279.7699890136719,271.8299865722656,279.17999267578125,1364300
2026-07-13,276.4200134277344,278.010009765625,271.45001220703125,272.7200012207031,1488200
2026-07-14,274.6499938964844,277.17999267578125,272.25,275.6300048828125,1605700
2026-07-15,278.07000732421875,279.6400146484375,273.75,278.7099914550781,1529700
2026-07-16,276.510009765625,278.3399963378906,271.04998779296875,274.239990234375,1513200
2026-07-17,264.5199890136719,270.1700134277344,263.07000732421875,265.7300109863281,1785400
2026-07-20,269.7699890136719,271.510009765625,263.8599853515625,264.5400085449219,1592800
2026-07-21,268.9100036621094,271.7900085449219,266.6000061035156,271.0400085449219,1229900
2026-07-22,269.17999267578125,272.79998779296875,268.8299865722656,269.9700012207031,1106300
2026-07-23,261.2200012207031,264.5899963378906,256.67999267578125,260.04998779296875,1869000
2026-07-24,260.0299987792969,265.489990234375,258.7699890136719,260.3999938964844,1803400
2026-07-27,266.8699951171875,267.4100036621094,257.260009765625,260.5799865722656,1589200
2026-07-28,260.57000732421875,264.4200134277344,257.2799987792969,262.4200134277344,1764500
2026-07-29,261.32000732421875,264.260009765625,249.8800048828125,250.1999969482422,2631800
2026-07-30,256.9200134277344,263.5400085449219,255.4600067138672,262.9100036621094,2036400
2026-07-31,265.8900146484375,270.20001220703125,258.44000244140625,268.20001220703125,2493000
2026-08-03,270.67999267578125,280.6499938964844,270.42999267578125,279.67999267578125,2080400
2026-08-04,282.8999938964844,296.9599914550781,282.75,294.55999755859375,4497400
2026-08-05,299.7699890136719,300.9599914550781,292.5,292.8500061035156,2087300
2026-08-06,293.2099914550781,295.07000732421875,290.19000244140625,291.20001220703125,1490300
2026-08-07,293.8699951171875,297.1700134277344,292.3699951171875,296.3299865722656,1299500
2026-08-10,295.7200012207031,298.5199890136719,294.760009765625,296.17999267578125,1238600
2026-08-11,297.80999755859375,297.95001220703125,291.8399963378906,293.1700134277344,1265800
2026-08-12,297.9700012207031,298.04998779296875,293.8399963378906,295.4200134277344,1081500
2026-08-13,297.9700012207031,303.17999267578125,297.2799987792969,301.3500061035156,1483100
2026-08-14,301.989990234375,302.2300109863281,298.3800048828125,299.30999755859375,987500
2026-08-17,299.19000244140625,299.82000732421875,294.8599853515625,294.989990234375,1302700
2026-08-18,290.3900146484375,291.3599853515625,288.3900146484375,288.8699951171875,1507900
2026-08-19,292.260009765625,294.54998779296875,289.7099914550781,290.8599853515625,1310700
2026-08-20,287.30999755859375,289.6000061035156,282.80999755859375,283.42999267578125,1479800
2026-08-21,286.8999938964844,288.9700012207031,284.8699951171875,286.6400146484375,2483900
2026-08-24,285.6199951171875,285.94000244140625,282.44000244140625,284.07000732421875,1369700
