Date,Open,High,Low,Close,Volume
1993-01-29,43.96875,43.96875,43.75,24.11326789855957,1003200
1993-02-01,43.96875,44.25,43.96875,24.284765243530273,480500
1993-02-02,44.21875,44.375,44.125,24.33621597290039,201300
1993-02-03,44.40625,44.84375,44.375,24.59345817565918,529400
1993-02-04,44.96875,45.09375,44.46875,24.69635581970215,531500
1993-02-05,44.96875,45.0625,44.71875,24.679229736328125,492100
1993-02-08,44.96875,45.125,44.90625,24.679229736328125,596100
1993-02-09,44.8125,44.8125,44.5625,24.50771713256836,122100
1993-02-10,44.65625,44.75,44.53125,24.542016983032227,379600
1993-02-11,44.78125,45.125,44.78125,24.66207504272461,19500
1993-02-12,44.875,44.875,44.59375,24.473413467407227,42500
1993-02-16,44.46875,44.46875,43.40625,23.856000900268555,374800
1993-02-17,43.46875,43.53125,43.28125,23.838842391967773,210900
1993-02-18,43.9375,43.9375,42.8125,23.821704864501953,378100
1993-02-19,43.40625,43.5625,43.34375,23.907461166381836,34900
1993-02-22,43.6875,43.78125,43.5625,23.993207931518555,513600
1993-02-23,43.84375,43.875,43.46875,23.976062774658203,373700
1993-02-24,43.71875,44.25,43.71875,24.284765243530273,26300
1993-02-25,44.21875,44.375,44.125,24.33621597290039,44500
1993-02-26,44.4375,44.4375,44.1875,24.37052345275879,66200
1993-03-01,44.5625,44.5625,44.21875,24.301916122436523,66500
1993-03-02,44.3125,44.9375,44.25,24.66207504272461,182400
1993-03-03,45.0,45.15625,44.9375,24.764965057373047,280100
1993-03-04,45.1875,45.1875,44.875,24.627777099609375,89500
1993-03-05,44.9375,45.125,44.71875,24.559144973754883,40000
1993-03-08,44.84375,45.75,44.84375,25.107994079589844,50800
1993-03-09,45.65625,45.6875,45.5,25.02223014831543,169300
1993-03-10,45.59375,45.6875,45.40625,25.073678970336914,194400
1993-03-11,45.71875,45.84375,45.5,25.005067825317383,70900
1993-03-12,45.1875,45.21875,44.8125,24.747827529907227,643600
1993-03-15,45.0625,45.3125,45.0625,24.867870330810547,310800
1993-03-16,45.3125,45.4375,45.3125,24.867870330810547,30800
1993-03-17,45.25,45.25,44.96875,24.713518142700195,21800
1993-03-18,45.21875,45.5,45.21875,24.867870330810547,59300
1993-03-19,45.28125,45.28125,45.03125,24.830236434936523,66900
1993-03-22,44.59375,44.875,44.5625,24.692394256591797,183400
1993-03-23,44.90625,44.9375,44.8125,24.744091033935547,55200
1993-03-24,44.8125,45.0625,44.59375,24.744091033935547,37200
1993-03-25,44.90625,45.25,44.84375,24.899158477783203,110100
1993-03-26,45.125,45.15625,44.875,24.76130485534668,101500
1993-03-29,44.9375,45.3125,44.9375,24.864707946777344,87100
1993-03-30,45.15625,45.21875,45.09375,24.933624267578125,56000
1993-03-31,45.34375,45.46875,45.1875,24.9163818359375,111600
1993-04-01,45.25,45.25,44.9375,24.830236434936523,129500
1993-04-02,44.65625,44.65625,44.09375,24.313310623168945,59400
1993-04-05,44.4375,44.4375,44.1875,24.433927536010742,172200
1993-04-06,44.40625,44.40625,44.0625,24.3649959564209,129700
1993-04-07,44.25,44.34375,44.15625,24.451152801513672,28000
1993-04-08,44.53125,44.53125,44.09375,24.416690826416016,180800
1993-04-12,44.71875,44.9375,44.65625,24.76130485534668,348500
1993-04-13,44.875,45.15625,44.84375,24.8129940032959,146100
1993-04-14,45.03125,45.0625,44.90625,24.77855110168457,119600
1993-04-15,44.90625,45.03125,44.75,24.77855110168457,148600
1993-04-16,44.96875,45.03125,44.875,24.77855110168457,47900
1993-04-19,44.9375,45.0625,44.71875,24.675134658813477,157000
1993-04-20,44.6875,44.75,44.25,24.554540634155273,279500
1993-04-21,44.625,44.625,44.375,24.53730010986328,67900
1993-04-22,44.3125,44.6875,43.9375,24.22715187072754,97700
1993-04-23,43.84375,43.96875,43.6875,24.12375259399414,106000
1993-04-26,43.78125,43.9375,43.28125,23.93421173095703,62600
1993-04-27,43.34375,43.875,43.34375,24.192691802978516,156800
1993-04-28,43.8125,43.90625,43.71875,24.140995025634766,85900
1993-04-29,43.875,43.96875,43.625,24.244380950927734,85000
1993-04-30,44.125,44.28125,44.03125,24.27884292602539,88500
1993-05-03,44.09375,44.3125,43.90625,24.433927536010742,80500
1993-05-04,44.40625,44.625,44.34375,24.520082473754883,149100
1993-05-05,44.46875,44.75,44.46875,24.588998794555664,109000
1993-05-06,44.53125,44.5625,44.40625,24.502843856811523,54700
1993-05-07,44.46875,44.46875,44.28125,24.451152801513672,68000
1993-05-10,44.40625,44.6875,44.40625,24.502843856811523,113900
1993-05-11,44.4375,44.625,44.3125,24.606224060058594,42600
1993-05-12,44.4375,44.59375,44.4375,24.571775436401367,31000
1993-05-13,44.375,44.375,44.0,24.27884292602539,129100
1993-05-14,44.03125,44.15625,43.96875,24.261594772338867,63500
1993-05-17,44.125,44.15625,43.9375,24.34775733947754,34000
1993-05-18,44.1875,44.21875,43.96875,24.330530166625977,105200
1993-05-19,44.125,45.03125,43.84375,24.830236434936523,50200
1993-05-20,45.03125,45.15625,44.9375,24.899158477783203,98200
1993-05-21,45.1875,45.25,44.71875,24.675134658813477,221400
1993-05-24,44.84375,45.09375,44.84375,24.77855110168457,30500
1993-05-25,45.125,45.125,45.03125,24.830236434936523,191800
1993-05-26,45.15625,45.625,45.125,25.14040756225586,102400
1993-05-27,45.65625,45.65625,45.375,25.054250717163086,53800
1993-05-28,45.40625,45.40625,45.0,24.933624267578125,79100
1993-06-01,45.375,45.8125,45.3125,25.174863815307617,28300
1993-06-02,45.53125,45.75,45.34375,25.14040756225586,20300
1993-06-03,45.5,45.5,45.34375,25.054250717163086,21600
1993-06-04,45.3125,45.3125,45.09375,24.968082427978516,32000
1993-06-07,45.375,45.375,45.125,24.881927490234375,121400
1993-06-08,45.0,45.0,44.71875,24.65792465209961,104500
1993-06-09,44.875,45.0625,44.8125,24.744091033935547,43300
1993-06-10,44.84375,44.9375,44.75,24.76130485534668,17900
1993-06-11,45.0625,45.15625,44.90625,24.864707946777344,647400
1993-06-14,45.15625,45.1875,45.03125,24.830236434936523,64200
1993-06-15,45.09375,45.125,44.9375,24.77855110168457,142400
1993-06-16,44.9375,45.03125,44.8125,24.830236434936523,330900
1993-06-17,45.125,45.1875,45.03125,24.9163818359375,37400
1993-06-18,44.84375,44.84375,44.5,24.711198806762695,58500
1993-06-21,44.625,44.625,44.53125,24.76326560974121,29300
1993-06-22,44.65625,44.65625,44.5625,24.780614852905273,137500
1993-06-23,44.625,44.625,44.21875,24.555030822753906,227600
1993-06-24,44.34375,44.8125,44.34375,24.88473129272461,243700
1993-06-25,44.78125,44.90625,44.75,24.86739730834961,44800
1993-06-28,45.0,45.28125,44.9375,25.145038604736328,439900
1993-06-29,45.21875,45.21875,45.0,25.0235652923584,207500
1993-06-30,45.125,45.21875,45.0,25.0235652923584,437600
1993-07-01,45.125,45.125,44.875,24.954160690307617,605700
1993-07-02,44.78125,44.8125,44.53125,24.81532096862793,285400
1993-07-06,44.625,44.75,44.15625,24.555030822753906,246400
1993-07-07,44.1875,44.40625,44.1875,24.62444305419922,343700
1993-07-08,44.375,44.9375,44.3125,24.902097702026367,248200
1993-07-09,44.84375,44.96875,44.75,24.971519470214844,378200
1993-07-12,44.90625,44.96875,44.84375,24.954160690307617,373700
1993-07-13,44.96875,45.09375,44.65625,24.93679428100586,389600
1993-07-14,44.9375,45.1875,44.90625,25.0235652923584,617300
1993-07-15,45.03125,45.03125,44.78125,24.91945457458496,443800
1993-07-16,44.90625,44.9375,44.6875,24.850011825561523,216400
1993-07-19,44.75,44.75,44.59375,24.83268165588379,188200
1993-07-20,44.6875,44.84375,44.46875,24.902097702026367,68500
1993-07-21,44.78125,44.8125,44.65625,24.88473129272461,142700
1993-07-22,44.75,44.8125,44.5,24.711198806762695,632400
1993-07-23,44.59375,44.71875,44.5625,24.83268165588379,286200
1993-07-26,44.84375,45.0625,44.84375,24.971519470214844,121300
1993-07-27,45.0,45.03125,44.78125,24.954160690307617,92800
1993-07-28,44.84375,44.9375,44.78125,24.902097702026367,30800
1993-07-29,44.9375,45.21875,44.875,25.040931701660156,331000
1993-07-30,45.09375,45.09375,44.78125,24.902097702026367,75300
1993-08-02,44.90625,45.125,44.90625,24.971519470214844,41300
1993-08-03,45.0625,45.1875,44.84375,24.988847732543945,81600
1993-08-04,45.0,45.09375,44.875,24.988847732543945,434000
1993-08-05,45.0,45.0,44.84375,24.93679428100586,36800
1993-08-06,45.03125,45.0625,44.90625,24.971519470214844,402300
1993-08-09,45.09375,45.34375,45.0,25.110334396362305,828200
1993-08-10,45.1875,45.21875,45.125,25.092966079711914,604900
1993-08-11,45.15625,45.3125,45.15625,25.092966079711914,542200
1993-08-12,45.3125,45.3125,44.90625,25.0235652923584,303700
1993-08-13,45.09375,45.15625,45.09375,25.058271408081055,103500
1993-08-16,45.15625,45.5,45.15625,25.19708824157715,241800
1993-08-17,45.34375,45.53125,45.34375,25.283876419067383,369300
1993-08-18,45.6875,45.875,45.65625,25.422697067260742,414300
1993-08-19,45.8125,45.8125,45.71875,25.422697067260742,28500
1993-08-20,45.6875,45.8125,45.65625,25.440044403076172,80700
1993-08-23,45.625,45.75,45.625,25.387990951538086,15600
1993-08-24,45.71875,46.21875,45.71875,25.66564178466797,273400
1993-08-25,46.21875,46.4375,46.15625,25.682998657226562,242300
1993-08-26,46.28125,46.53125,46.09375,25.700353622436523,120000
1993-08-27,46.15625,46.25,46.15625,25.682998657226562,25700
1993-08-30,46.28125,46.5,46.28125,25.787105560302734,183500
1993-08-31,46.40625,46.5625,46.34375,25.856525421142578,66500
1993-09-01,46.40625,46.59375,46.40625,25.82181739807129,136500
1993-09-02,46.53125,46.59375,46.3125,25.735044479370117,472400
1993-09-03,46.3125,46.4375,46.25,25.752408981323242,630500
1993-09-07,46.375,46.4375,46.0,25.578872680664062,196400
1993-09-08,46.0625,46.0625,45.59375,25.492115020751953,269900
1993-09-09,45.71875,46.03125,45.71875,25.544170379638672,239200
1993-09-10,46.125,46.4375,46.0625,25.769777297973633,106500
1993-09-13,46.5625,46.5625,46.4375,25.787105560302734,66900
1993-09-14,46.3125,46.3125,46.09375,25.682998657226562,184500
1993-09-15,46.0625,46.40625,45.90625,25.752408981323242,101000
1993-09-16,46.3125,46.34375,46.15625,25.648292541503906,54300
1993-09-17,45.875,45.90625,45.75,25.598546981811523,200900
1993-09-20,45.875,45.96875,45.4375,25.38901710510254,57800
1993-09-21,45.5,45.5625,44.8125,25.301713943481445,318200
1993-09-22,45.4375,45.71875,45.375,25.511247634887695,439700
1993-09-23,45.78125,45.9375,45.71875,25.650943756103516,88500
1993-09-24,45.84375,45.875,45.71875,25.58109474182129,53500
1993-09-27,46.125,46.28125,46.125,25.860475540161133,274600
1993-09-28,46.3125,46.3125,46.15625,25.808094024658203,158300
1993-09-29,46.1875,46.3125,45.96875,25.72077178955078,221000
1993-09-30,46.03125,46.125,45.84375,25.66840934753418,99300
1993-10-01,45.875,46.21875,45.8125,25.790647506713867,22700
1993-10-04,46.21875,46.21875,46.09375,25.82556915283203,1038500
1993-10-05,46.3125,46.3125,46.0,25.790647506713867,436500
1993-10-06,46.1875,46.375,46.125,25.77318000793457,209200
1993-10-07,46.1875,46.1875,45.96875,25.703323364257812,59400
1993-10-08,46.125,46.15625,45.71875,25.738250732421875,54400
1993-10-11,46.15625,46.25,46.15625,25.790647506713867,467100
1993-10-12,46.21875,46.25,46.1875,25.82556915283203,26200
1993-10-13,46.25,46.25,46.15625,25.82556915283203,139100
1993-10-14,46.40625,46.8125,46.28125,26.157331466674805,108100
1993-10-15,47.03125,47.15625,46.90625,26.297019958496094,1502500
1993-10-18,47.03125,47.03125,46.875,26.2271671295166,722400
1993-10-19,46.875,46.96875,46.59375,26.035099029541016,880100
1993-10-20,46.75,46.75,46.5625,26.07003402709961,230400
1993-10-21,46.6875,46.6875,46.53125,26.035099029541016,56200
1993-10-22,46.65625,46.84375,46.375,25.91286277770996,390700
1993-10-25,46.40625,46.5625,46.28125,25.982717514038086,114500
1993-10-26,46.46875,46.5,46.3125,25.965255737304688,186200
1993-10-27,46.40625,46.53125,46.40625,25.982717514038086,118400
1993-10-28,46.5625,46.96875,46.5625,26.17479133605957,129600
1993-10-29,46.8125,46.875,46.78125,26.17479133605957,80700
1993-11-01,46.78125,47.0,46.78125,26.244644165039062,36400
1993-11-02,46.90625,47.0,46.65625,26.2271671295166,262100
1993-11-03,46.90625,46.90625,46.125,25.895416259765625,479100
1993-11-04,46.34375,46.34375,45.8125,25.61602783203125,130400
1993-11-05,45.71875,46.0625,45.53125,25.738250732421875,363200
1993-11-08,46.09375,46.25,45.96875,25.77318000793457,367600
1993-11-09,46.4375,46.46875,46.125,25.790647506713867,246900
1993-11-10,46.15625,46.5,46.03125,25.982717514038086,46500
1993-11-11,46.5,46.625,46.34375,25.91286277770996,88900
1993-11-12,46.46875,46.75,46.4375,26.035099029541016,108200
1993-11-15,46.6875,46.6875,46.4375,26.017637252807617,243300
1993-11-16,46.65625,46.8125,46.46875,26.13985824584961,492600
1993-11-17,46.8125,46.8125,46.40625,26.00015640258789,39600
1993-11-18,46.46875,46.5625,46.28125,25.93032455444336,240800
1993-11-19,46.25,46.375,46.21875,25.877952575683594,106000
1993-11-22,46.1875,46.21875,45.875,25.72077178955078,165300
1993-11-23,46.28125,46.3125,46.03125,25.860475540161133,89700
1993-11-24,46.40625,46.5,46.34375,25.965255737304688,77200
1993-11-26,46.59375,46.59375,46.46875,25.982717514038086,1019800
1993-11-29,46.625,46.71875,46.3125,25.877952575683594,517500
1993-11-30,46.28125,46.5625,46.25,25.895416259765625,230000
1993-12-01,46.59375,46.625,46.40625,25.93032455444336,379200
1993-12-02,46.5,46.5625,46.40625,26.00015640258789,352000
1993-12-03,46.5,46.71875,46.5,26.10495376586914,306000
1993-12-06,46.78125,46.9375,46.78125,26.192264556884766,99500
1993-12-07,46.875,46.90625,46.78125,26.17479133605957,88800
1993-12-08,46.84375,46.84375,46.78125,26.17479133605957,146700
1993-12-09,46.84375,46.90625,46.625,26.087482452392578,416500
1993-12-10,46.71875,46.71875,46.5,26.035099029541016,412900
1993-12-13,46.59375,46.875,46.53125,26.192264556884766,273200
1993-12-14,46.90625,46.90625,46.53125,26.00015640258789,41900
1993-12-15,46.59375,46.625,46.46875,25.965255737304688,82600
1993-12-16,46.65625,46.65625,46.5625,26.052555084228516,78200
1993-12-17,46.40625,46.59375,46.375,26.195741653442383,104700
1993-12-20,46.53125,46.65625,46.5,26.230897903442383,68800
1993-12-21,46.5625,46.5625,46.40625,26.143009185791016,205700
1993-12-22,46.59375,46.8125,46.5,26.318803787231445,410300
1993-12-23,46.75,46.84375,46.6875,26.30121421813965,533800
1993-12-27,46.75,47.0,46.75,26.441877365112305,447100
1993-12-28,46.96875,47.125,46.9375,26.494626998901367,880600
1993-12-29,47.125,47.15625,47.0,26.459449768066406,266700
1993-12-30,47.0,47.0,46.75,26.35397720336914,219900
1993-12-31,46.9375,47.0,46.5625,26.21331214904785,312900
1994-01-03,46.59375,46.65625,46.40625,26.143009185791016,960900
1994-01-04,46.53125,46.65625,46.46875,26.248483657836914,164300
1994-01-05,46.71875,46.78125,46.53125,26.30121421813965,710900
1994-01-06,46.8125,46.84375,46.6875,26.30121421813965,201000
1994-01-07,46.84375,47.0625,46.71875,26.459449768066406,775500
1994-01-10,47.09375,47.59375,46.96875,26.775915145874023,593700
1994-01-11,47.5625,47.5625,47.34375,26.723167419433594,295200
1994-01-12,47.53125,47.53125,47.1875,26.63527488708496,158400
1994-01-13,47.21875,47.3125,47.15625,26.5649356842041,244300
1994-01-14,47.375,47.5,47.375,26.670433044433594,137200
1994-01-17,47.40625,47.46875,47.3125,26.670433044433594,17700
1994-01-18,47.46875,47.53125,47.375,26.705589294433594,166400
1994-01-19,47.40625,47.46875,47.25,26.63527488708496,200800
1994-01-20,47.40625,47.5,47.375,26.705589294433594,281100
1994-01-21,47.53125,47.53125,47.34375,26.65284538269043,85600
1994-01-24,47.34375,47.5625,47.1875,26.5473575592041,373800
1994-01-25,47.21875,47.25,47.09375,26.5473575592041,310400
1994-01-26,47.1875,47.34375,47.125,26.617698669433594,145100
1994-01-27,47.40625,47.8125,47.34375,26.863832473754883,344500
1994-01-28,47.9375,48.03125,47.875,26.934152603149414,356500
1994-01-31,48.0625,48.3125,48.0,27.127534866333008,313800
1994-02-01,48.15625,48.15625,47.90625,26.986896514892578,303600
1994-02-02,48.125,48.28125,48.09375,27.16269302368164,307600
1994-02-03,48.1875,48.1875,47.90625,27.039642333984375,466100
1994-02-04,48.0625,48.125,46.96875,26.424287796020508,1403200
1994-02-07,46.84375,47.3125,46.84375,26.5473575592041,516400
1994-02-08,47.28125,47.28125,47.03125,26.5649356842041,188200
1994-02-09,47.25,47.4375,47.1875,26.670433044433594,144600
1994-02-10,47.375,47.40625,47.0,26.441877365112305,883900
1994-02-11,47.03125,47.28125,46.8125,26.52978515625,519400
1994-02-14,47.0625,47.375,47.0,26.5649356842041,2742100
1994-02-15,47.3125,47.5,47.25,26.705589294433594,374700
1994-02-16,47.53125,47.53125,47.34375,26.687997817993164,287600
1994-02-17,47.65625,47.6875,47.03125,26.52978515625,342400
1994-02-18,47.1875,47.21875,46.75,26.371557235717773,313300
1994-02-22,47.0,47.34375,47.0,26.63527488708496,154500
1994-02-23,47.40625,47.4375,47.0625,26.5649356842041,391700
1994-02-24,47.0625,47.0625,46.5625,26.21331214904785,770800
1994-02-25,46.65625,46.8125,46.5625,26.336389541625977,531300
1994-02-28,46.9375,47.0625,46.8125,26.336389541625977,333000
1994-03-01,46.8125,46.90625,46.375,26.230897903442383,423600
1994-03-02,46.03125,46.6875,45.90625,26.26607894897461,581500
1994-03-03,46.625,46.625,46.4375,26.195741653442383,223200
1994-03-04,46.5625,46.8125,46.40625,26.26607894897461,595800
1994-03-07,46.84375,47.0,46.84375,26.406702041625977,539800
1994-03-08,46.96875,46.96875,46.6875,26.30121421813965,880300
1994-03-09,46.8125,47.0,46.59375,26.424287796020508,2500100
1994-03-10,46.9375,46.9375,46.4375,26.21331214904785,207400
1994-03-11,46.65625,46.90625,46.40625,26.35397720336914,576600
1994-03-14,47.03125,47.03125,46.84375,26.389123916625977,345900
1994-03-15,47.0,47.09375,46.84375,26.371557235717773,748600
1994-03-16,46.9375,47.25,46.78125,26.582517623901367,455500
1994-03-17,47.09375,47.3125,47.09375,26.582517623901367,133000
1994-03-18,46.75,47.03125,46.71875,26.576717376708984,365500
1994-03-21,46.8125,46.9375,46.71875,26.505990982055664,324800
1994-03-22,46.84375,47.0625,46.75,26.576717376708984,435700
1994-03-23,46.9375,47.0625,46.90625,26.559038162231445,698500
1994-03-24,46.75,46.84375,46.15625,26.240753173828125,1200500
1994-03-25,46.40625,46.53125,45.9375,25.99320411682129,100900
1994-03-28,46.0,46.0625,45.59375,26.028562545776367,1117200
1994-03-29,46.0,46.03125,45.09375,25.51578140258789,338400
1994-03-30,45.125,45.25,44.46875,25.162128448486328,1123900
1994-03-31,44.46875,44.6875,43.53125,25.23286247253418,788800
1994-04-04,43.34375,44.03125,43.34375,24.84384536743164,2627300
1994-04-05,44.34375,44.8125,44.34375,25.356639862060547,1179000
1994-04-06,44.875,44.90625,44.5,25.356639862060547,516500
1994-04-07,44.78125,45.125,44.53125,25.480409622192383,666100
1994-04-08,44.9375,44.9375,44.46875,25.285900115966797,242400
1994-04-11,44.8125,45.0625,44.703125,25.391996383666992,203300
1994-04-12,44.921875,45.0,44.71875,25.356639862060547,1409200
1994-04-13,44.796875,44.90625,44.25,25.224010467529297,364100
1994-04-14,44.5,44.828125,44.40625,25.23286247253418,419900
1994-04-15,44.578125,44.78125,44.515625,25.23286247253418,387300
1994-04-18,44.640625,44.765625,44.15625,25.064865112304688,369100
1994-04-19,44.25,44.53125,43.984375,25.10024070739746,472200
1994-04-20,44.40625,44.515625,44.078125,25.07370376586914,508000
1994-04-21,44.5,44.96875,44.34375,25.409669876098633,200300
1994-04-22,45.015625,45.046875,44.734375,25.383159637451172,301800
1994-04-25,44.84375,45.359375,44.84375,25.648380279541016,394600
1994-04-26,45.265625,45.34375,45.1875,25.621871948242188,399000
1994-04-28,45.1875,45.25,44.8125,25.436195373535156,287000
1994-04-29,44.875,45.15625,44.8125,25.51578140258789,481900
1994-05-02,45.09375,45.71875,44.9375,25.6749210357666,275000
1994-05-03,45.390625,45.40625,45.0625,25.648380279541016,183400
1994-05-04,45.421875,45.421875,45.078125,25.604177474975586,401900
1994-05-05,45.296875,45.375,45.1875,25.56882667541504,659800
1994-05-06,44.96875,44.96875,44.59375,25.321277618408203,216300
1994-05-09,44.625,44.75,44.28125,25.10024070739746,499300
1994-05-10,44.578125,44.84375,44.546875,25.294742584228516,583400
1994-05-11,44.65625,44.71875,44.171875,25.064865112304688,210600
1994-05-12,44.578125,44.625,44.40625,25.188650131225586,305200
1994-05-13,44.640625,44.640625,44.296875,25.188650131225586,321300
1994-05-16,44.609375,44.75,44.515625,25.197486877441406,450400
1994-05-17,44.5625,45.1875,44.5,25.56882667541504,470200
1994-05-18,45.21875,45.6875,45.015625,25.754478454589844,824800
1994-05-19,45.421875,45.859375,45.421875,25.878259658813477,531000
1994-05-20,45.65625,45.6875,45.5,25.7810115814209,370400
1994-05-23,45.515625,45.53125,45.34375,25.73678970336914,262700
1994-05-24,45.609375,45.84375,45.609375,25.842918395996094,549600
1994-05-25,45.5,45.828125,45.34375,25.91362953186035,738200
1994-05-26,45.78125,45.9375,45.734375,25.931318283081055,369600
1994-05-27,45.75,45.875,45.671875,25.957822799682617,162000
1994-05-31,45.734375,45.90625,45.65625,25.9224796295166,160000
1994-06-01,45.703125,46.015625,45.5625,26.03740692138672,200500
1994-06-02,46.046875,46.046875,45.890625,26.01087760925293,55100
1994-06-03,46.0,46.390625,45.859375,26.16120147705078,550400
1994-06-06,46.328125,46.46875,46.1875,26.152332305908203,99300
1994-06-07,46.140625,46.21875,46.03125,26.11697006225586,120600
1994-06-08,46.265625,46.265625,45.78125,25.90479278564453,131900
1994-06-09,45.984375,46.03125,45.890625,26.046255111694336,80500
1994-06-10,46.078125,46.203125,46.078125,26.09043312072754,83100
1994-06-13,46.046875,46.1875,46.03125,26.12582778930664,109700
1994-06-14,46.3125,46.546875,46.3125,26.329174041748047,161000
1994-06-15,46.546875,46.5625,46.3125,26.223072052001953,142800
1994-06-16,46.34375,46.46875,46.296875,26.276119232177734,44000
1994-06-17,46.15625,46.203125,45.8125,26.129440307617188,403800
1994-06-20,45.546875,45.625,45.4375,25.90694808959961,137400
1994-06-21,45.453125,45.453125,44.90625,25.68448257446289,139200
1994-06-22,45.21875,45.421875,45.171875,25.78236198425293,279900
1994-06-23,45.34375,45.40625,44.9375,25.63106346130371,922500
1994-06-24,44.78125,44.78125,44.0,25.09710121154785,353800
1994-06-27,44.234375,44.828125,44.015625,25.533180236816406,371200
1994-06-28,44.84375,44.84375,44.25,25.408584594726562,5382300
1994-06-29,44.671875,45.015625,44.625,25.488683700561523,311800
1994-06-30,44.828125,44.84375,44.3125,25.32848358154297,271900
1994-07-01,44.6875,44.6875,44.375,25.381893157958984,406900
1994-07-05,44.65625,44.859375,44.515625,25.515380859375,112000
1994-07-06,44.625,44.8125,44.46875,25.479766845703125,174800
1994-07-07,44.734375,44.921875,44.6875,25.58658790588379,66700
1994-07-08,44.640625,44.984375,44.625,25.577665328979492,148400
1994-07-11,44.9375,45.015625,44.53125,25.488683700561523,124000
1994-07-12,44.765625,44.828125,44.515625,25.524282455444336,257300
1994-07-13,44.828125,45.03125,44.828125,25.568784713745117,532700
1994-07-14,45.109375,45.46875,45.078125,25.844667434692383,494200
1994-07-15,45.34375,45.484375,45.328125,25.853567123413086,49100
1994-07-18,45.390625,45.578125,45.390625,25.898067474365234,72300
1994-07-19,45.546875,45.5625,45.375,25.844667434692383,609500
1994-07-20,45.40625,45.40625,45.0625,25.728967666625977,185300
1994-07-21,45.171875,45.296875,45.078125,25.78236198425293,86300
1994-07-22,45.375,45.40625,45.25,25.826860427856445,151600
1994-07-25,45.359375,45.453125,45.3125,25.86247444152832,120900
1994-07-26,45.390625,45.421875,45.3125,25.835769653320312,489600
1994-07-27,45.359375,45.359375,45.171875,25.835769653320312,83200
1994-07-28,45.359375,45.578125,45.359375,25.8891658782959,828200
1994-07-29,45.765625,46.046875,45.75,26.14726448059082,459100
1994-08-01,45.9375,46.15625,45.890625,26.2718448638916,486300
1994-08-02,46.28125,46.375,46.03125,26.30745506286621,505500
1994-08-03,46.171875,46.234375,46.09375,26.31633758544922,144100
1994-08-04,46.171875,46.21875,45.921875,26.16505241394043,231700
1994-08-05,45.703125,45.84375,45.65625,26.076061248779297,138400
1994-08-08,45.828125,45.9375,45.78125,26.138347625732422,328600
1994-08-09,45.71875,45.96875,45.71875,26.182846069335938,105900
1994-08-10,46.0,46.1875,45.9375,26.280750274658203,840300
1994-08-11,46.03125,46.234375,45.734375,26.182846069335938,876200
1994-08-12,46.046875,46.34375,46.046875,26.387550354003906,184100
1994-08-15,46.375,46.484375,46.3125,26.378643035888672,325900
1994-08-16,46.34375,46.6875,46.15625,26.565542221069336,1089500
1994-08-17,46.703125,46.734375,46.578125,26.547727584838867,133700
1994-08-18,46.453125,46.5625,46.40625,26.458740234375,620000
1994-08-19,46.46875,46.515625,46.3125,26.440942764282227,103200
1994-08-22,46.4375,46.4375,46.28125,26.414243698120117,79700
1994-08-23,46.578125,46.859375,46.515625,26.565542221069336,268600
1994-08-24,46.6875,47.140625,46.671875,26.850337982177734,254700
1994-08-25,47.09375,47.203125,46.890625,26.779129028320312,147400
1994-08-26,47.125,47.78125,47.125,27.161819458007812,339500
1994-08-29,47.8125,47.984375,47.640625,27.14400863647461,350300
1994-08-30,47.640625,47.859375,47.578125,27.215219497680664,36000
1994-08-31,47.703125,47.890625,47.59375,27.14400863647461,356200
1994-09-01,47.5,47.53125,47.328125,27.05503273010254,294600
1994-09-02,47.71875,47.71875,47.21875,26.939327239990234,99600
1994-09-06,47.265625,47.359375,47.125,26.948230743408203,229800
1994-09-07,47.421875,47.421875,47.21875,26.92152214050293,27900
1994-09-08,47.359375,47.5625,47.34375,27.05503273010254,284800
1994-09-09,47.03125,47.125,46.8125,26.77022361755371,488400
1994-09-12,47.0,47.0625,46.78125,26.690134048461914,129400
1994-09-13,46.953125,47.125,46.859375,26.77022361755371,389200
1994-09-14,46.84375,47.109375,46.84375,26.796934127807617,423500
1994-09-15,47.171875,47.640625,47.171875,27.135120391845703,779800
1994-09-16,47.0,47.140625,46.84375,26.942007064819336,571300
1994-09-19,47.125,47.328125,47.015625,26.9688663482666,167300
1994-09-20,46.8125,46.859375,46.171875,26.458507537841797,355600
1994-09-21,46.3125,46.3125,45.734375,26.458507537841797,397500
1994-09-22,46.28125,46.28125,46.015625,26.395830154418945,266400
1994-09-23,46.078125,46.171875,45.828125,26.306289672851562,176600
1994-09-26,46.078125,46.171875,45.984375,26.440587997436523,223000
1994-09-27,46.140625,46.265625,46.0,26.422658920288086,479500
1994-09-28,46.359375,46.53125,46.328125,26.628625869750977,324000
1994-09-29,46.46875,46.46875,46.09375,26.494319915771484,195900
1994-09-30,46.21875,46.4375,46.171875,26.458507537841797,5200
1994-10-03,46.203125,46.25,45.984375,26.395830154418945,72600
1994-10-04,46.296875,46.296875,45.34375,26.00185775756836,84200
1994-10-05,45.296875,45.390625,45.0,26.01081085205078,461900
1994-10-06,45.421875,45.453125,45.171875,25.930208206176758,345200
1994-10-07,45.25,45.578125,45.203125,26.0466251373291,188700
1994-10-10,45.65625,46.015625,45.640625,26.324188232421875,213600
1994-10-11,46.140625,46.75,46.140625,26.718162536621094,461400
1994-10-12,46.6875,46.75,46.578125,26.753978729248047,162400
1994-10-13,47.21875,47.328125,46.796875,26.843509674072266,1564500
1994-10-14,47.0,47.0625,46.6875,26.959915161132812,72800
1994-10-17,47.0,47.0625,46.90625,26.906179428100586,282300
1994-10-18,46.90625,46.90625,46.6875,26.843509674072266,132100
1994-10-19,46.671875,47.234375,46.65625,26.9688663482666,136700
1994-10-20,47.0625,47.0625,46.609375,26.789770126342773,290300
1994-10-21,46.625,46.6875,46.359375,26.68233299255371,87800
1994-10-24,46.578125,46.765625,46.15625,26.458507537841797,149600
1994-10-25,46.015625,46.3125,46.0,26.48534393310547,91800
1994-10-26,46.390625,46.4375,46.171875,26.58385467529297,201000
1994-10-27,46.5625,46.671875,46.453125,26.745014190673828,210300
1994-10-28,46.765625,47.703125,46.765625,27.309101104736328,192100
1994-10-31,47.546875,47.59375,47.46875,27.210622787475586,36300
1994-11-01,47.28125,47.28125,46.9375,26.906179428100586,435200
1994-11-02,46.8125,47.234375,46.6875,26.753978729248047,115600
1994-11-03,46.84375,47.015625,46.78125,26.89722442626953,87000
1994-11-04,47.15625,47.15625,46.328125,26.54804229736328,124400
1994-11-07,46.4375,46.59375,46.3125,26.628625869750977,115000
1994-11-08,46.625,46.984375,46.546875,26.834556579589844,308300
1994-11-09,47.328125,47.328125,46.5,26.879314422607422,318500
1994-11-10,46.9375,47.03125,46.546875,26.6912841796875,172100
1994-11-11,46.515625,46.5625,46.28125,26.592803955078125,302200
1994-11-14,46.609375,46.859375,46.609375,26.843509674072266,181400
1994-11-15,46.796875,47.09375,46.328125,26.753978729248047,316900
1994-11-16,46.765625,46.84375,46.609375,26.843509674072266,106900
1994-11-17,46.875,46.875,46.34375,26.664443969726562,104700
1994-11-18,46.546875,46.625,46.265625,26.628625869750977,269300
1994-11-21,46.4375,46.578125,46.0,26.36001205444336,283100
1994-11-22,45.828125,46.0,45.0,25.78695297241211,483600
1994-11-23,45.03125,45.265625,44.609375,25.930208206176758,601600
1994-11-25,45.28125,45.53125,45.28125,26.055583953857422,77300
1994-11-28,45.453125,45.6875,45.34375,26.171987533569336,79900
1994-11-29,45.65625,45.75,45.5,26.16303062438965,105500
1994-11-30,45.890625,45.953125,45.59375,26.12720489501953,218800
1994-12-01,45.640625,45.640625,45.046875,25.867549896240234,439000
1994-12-02,45.046875,45.5625,45.046875,26.10930061340332,318500
1994-12-05,45.65625,45.8125,45.5,26.136154174804688,139200
1994-12-06,45.4375,45.65625,45.359375,26.154069900512695,249900
1994-12-07,45.359375,45.5,45.265625,25.966028213500977,531900
1994-12-08,45.5,45.5625,44.75,25.715328216552734,261500
1994-12-09,44.875,45.078125,44.6875,25.813814163208008,235900
1994-12-12,44.953125,45.34375,44.953125,25.98394012451172,151100
1994-12-13,45.3125,45.53125,45.3125,26.082426071166992,70900
1994-12-14,45.453125,45.953125,45.453125,26.21674346923828,203300
1994-12-15,45.8125,46.03125,45.8125,26.297327041625977,130100
1994-12-16,45.671875,45.84375,45.625,26.42576789855957,266100
1994-12-19,45.75,45.84375,45.609375,26.461881637573242,1120200
1994-12-20,45.859375,45.890625,45.671875,26.380645751953125,675600
1994-12-21,45.703125,46.265625,45.703125,26.660430908203125,544500
1994-12-22,46.15625,46.203125,45.96875,26.579198837280273,222000
1994-12-23,45.984375,46.171875,45.984375,26.60628318786621,125800
1994-12-27,46.21875,46.40625,46.1875,26.75067901611328,95200
1994-12-28,46.359375,46.359375,45.96875,26.615306854248047,358200
1994-12-29,46.25,46.25,46.0625,26.633338928222656,220100
1994-12-30,46.203125,46.25,45.5625,26.317476272583008,2209500
1995-01-03,45.703125,45.84375,45.6875,26.4438419342041,324300
1995-01-04,45.984375,46.0,45.75,26.5701847076416,351800
1995-01-05,46.03125,46.109375,45.953125,26.5701847076416,89800
1995-01-06,46.09375,46.25,45.90625,26.597248077392578,448400
1995-01-09,46.03125,46.09375,46.0,26.62433433532715,36800
1995-01-10,46.203125,46.390625,46.140625,26.651416778564453,229800
1995-01-11,46.296875,46.296875,45.8125,26.66946029663086,222400
1995-01-12,46.125,46.21875,46.03125,26.67848014831543,40300
1995-01-13,46.4375,46.734375,46.375,26.99437713623047,170600
1995-01-16,46.71875,47.03125,46.71875,27.156816482543945,105100
1995-01-17,46.921875,47.0625,46.859375,27.165822982788086,89500
1995-01-18,47.0,47.078125,46.875,27.138763427734375,84500
1995-01-19,46.828125,46.875,46.6875,26.985332489013672,139100
1995-01-20,46.65625,46.671875,46.453125,26.88606834411621,78700
1995-01-23,46.234375,46.6875,46.203125,26.96729850769043,53700
1995-01-24,46.671875,46.75,46.640625,27.003387451171875,32400
1995-01-25,46.515625,47.046875,46.515625,27.075593948364258,15700
1995-01-26,46.84375,46.984375,46.75,27.1026554107666,9800
1995-01-27,47.234375,47.234375,46.921875,27.210973739624023,91200
1995-01-30,47.015625,47.046875,46.84375,27.093626022338867,26600
1995-01-31,47.0,47.171875,46.921875,27.201942443847656,127500
1995-02-01,47.15625,47.328125,47.0,27.192916870117188,380200
1995-02-02,47.0625,47.359375,47.0625,27.355375289916992,131700
1995-02-03,47.65625,48.109375,47.578125,27.743459701538086,405100
1995-02-06,48.015625,48.375,47.96875,27.860769271850586,405400
1995-02-07,48.3125,48.3125,48.140625,27.896888732910156,702900
1995-02-08,48.234375,48.46875,48.203125,27.896888732910156,521500
1995-02-09,48.21875,48.296875,48.125,27.896888732910156,390700
1995-02-10,48.234375,48.359375,48.09375,27.93299102783203,148300
1995-02-13,48.328125,48.46875,48.328125,27.9420166015625,79700
1995-02-14,48.53125,48.53125,48.25,27.978099822998047,170200
1995-02-15,48.4375,48.765625,48.390625,28.131547927856445,431500
1995-02-16,48.640625,48.6875,48.5,28.095436096191406,99300
1995-02-17,48.59375,48.625,48.4375,27.987138748168945,49100
1995-02-21,48.453125,48.53125,48.421875,27.978099822998047,168000
1995-02-22,48.484375,48.796875,48.453125,28.18570899963379,386400
1995-02-23,48.984375,49.15625,48.859375,28.23082160949707,402800
1995-02-24,48.9375,49.015625,48.8125,28.303024291992188,307600
1995-02-27,48.859375,49.0,48.53125,28.0773868560791,280900
1995-02-28,48.5625,49.015625,48.5625,28.312040328979492,493500
1995-03-01,48.96875,49.03125,48.65625,28.131547927856445,242600
1995-03-02,48.6875,48.765625,48.546875,28.16765022277832,488600
1995-03-03,48.609375,48.78125,48.484375,28.17665672302246,290000
1995-03-06,48.453125,48.8125,48.390625,28.194713592529297,85700
1995-03-07,48.640625,48.75,48.21875,27.978099822998047,180900
1995-03-08,48.515625,48.625,48.34375,28.050315856933594,155900
1995-03-09,48.546875,48.59375,48.421875,28.041284561157227,63500
1995-03-10,48.59375,49.390625,48.53125,28.456449508666992,192100
1995-03-13,49.234375,49.390625,49.171875,28.429367065429688,261300
1995-03-14,49.359375,49.640625,49.359375,28.63694953918457,223300
1995-03-15,49.5,49.578125,49.296875,28.58279800415039,278500
1995-03-16,49.4375,49.8125,49.4375,28.754276275634766,20400
1995-03-17,49.4375,49.625,49.40625,28.782861709594727,89900
1995-03-20,49.625,49.625,49.46875,28.782861709594727,91700
1995-03-21,49.5625,49.875,49.359375,28.710285186767578,104400
1995-03-22,49.53125,49.53125,49.328125,28.737510681152344,74900
1995-03-23,49.421875,49.65625,49.359375,28.755657196044922,220500
1995-03-24,49.671875,50.21875,49.671875,29.163990020751953,134000
1995-03-27,50.296875,50.421875,50.171875,29.281949996948242,132100
1995-03-28,50.296875,50.421875,50.234375,29.281949996948242,121900
1995-03-29,50.375,50.890625,50.125,29.272876739501953,246100
1995-03-30,50.515625,50.515625,50.109375,29.218442916870117,298400
1995-03-31,49.921875,50.171875,49.546875,29.100467681884766,541300
1995-04-03,50.09375,50.234375,50.0625,29.173049926757812,193300
1995-04-04,50.25,50.5625,50.25,29.363611221313477,66900
1995-04-05,50.453125,50.609375,50.421875,29.363611221313477,107200
1995-04-06,50.6875,50.796875,50.59375,29.472490310668945,352500
1995-04-07,50.859375,50.859375,50.46875,29.445281982421875,361400
1995-04-10,50.625,50.796875,50.59375,29.49972915649414,285400
1995-04-11,50.921875,50.9375,50.59375,29.399911880493164,250300
1995-04-12,50.703125,50.796875,50.609375,29.49972915649414,150900
1995-04-13,50.890625,51.09375,50.859375,29.66305923461914,243400
1995-04-17,51.265625,51.3125,50.625,29.490652084350586,178900
1995-04-18,50.828125,50.828125,50.484375,29.39084243774414,329500
1995-04-19,50.609375,50.71875,50.296875,29.363611221313477,223000
1995-04-20,50.703125,50.78125,50.4375,29.40900230407715,207900
1995-04-21,50.65625,50.90625,50.65625,29.55416488647461,145000
1995-04-24,50.859375,51.484375,50.859375,29.898984909057617,169000
1995-04-25,51.40625,51.484375,51.3125,29.81730842590332,293200
1995-04-26,51.25,51.421875,51.125,29.844554901123047,204400
1995-04-27,51.3125,51.546875,51.28125,29.917139053344727,502200
1995-04-28,51.5,51.671875,51.171875,29.96250343322754,130800
1995-05-01,51.546875,51.65625,51.453125,29.88082504272461,518700
1995-05-02,51.5,51.640625,51.390625,29.944334030151367,228400
1995-05-03,51.734375,52.28125,51.734375,30.361757278442383,724700
1995-05-04,52.34375,52.6875,52.125,30.343616485595703,311400
1995-05-05,52.46875,52.46875,52.078125,30.30731964111328,314900
1995-05-08,52.140625,52.734375,52.09375,30.525110244750977,183100
1995-05-09,52.78125,52.84375,52.4375,30.497875213623047,180600
1995-05-10,52.65625,52.671875,52.328125,30.534154891967773,330300
1995-05-11,52.65625,52.71875,52.484375,30.615825653076172,351700
1995-05-12,52.515625,52.875,52.5,30.63398551940918,94600
1995-05-15,52.890625,53.0,52.78125,30.779165267944336,147200
1995-05-16,52.984375,53.15625,52.890625,30.79730987548828,221600
1995-05-17,53.03125,53.046875,52.78125,30.679357528686523,189200
1995-05-18,52.734375,52.765625,52.0625,30.234716415405273,577800
1995-05-19,51.984375,52.1875,51.90625,30.252866744995117,363900
1995-05-22,52.265625,52.75,52.234375,30.588607788085938,216000
1995-05-23,52.765625,53.15625,52.609375,30.869909286499023,136800
1995-05-24,53.25,53.421875,52.796875,30.851768493652344,370800
1995-05-25,52.96875,53.21875,52.71875,30.878978729248047,379900
1995-05-26,52.96875,52.984375,52.359375,30.525110244750977,518600
1995-05-30,52.6875,52.828125,52.375,30.516023635864258,61500
1995-05-31,52.453125,53.640625,52.453125,31.151203155517578,564500
1995-06-01,53.40625,53.90625,53.25,31.069536209106445,810100
1995-06-02,53.28125,53.921875,53.09375,31.096736907958984,112900
1995-06-05,53.546875,54.046875,53.5,31.287311553955078,257200
1995-06-06,53.828125,54.015625,53.78125,31.232864379882812,165800
1995-06-07,53.671875,53.703125,53.4375,31.069536209106445,41900
1995-06-08,53.484375,53.640625,53.375,30.996938705444336,141100
1995-06-09,53.265625,53.328125,52.75,30.815462112426758,304900
1995-06-12,53.234375,53.578125,53.203125,30.987878799438477,378500
1995-06-13,53.609375,53.96875,53.5625,31.32358741760254,120000
1995-06-14,53.859375,53.953125,53.6875,31.2963809967041,389400
1995-06-15,53.96875,54.234375,53.875,31.432493209838867,274500
1995-06-16,53.703125,53.96875,53.703125,31.52583885192871,325100
1995-06-19,54.125,54.609375,54.09375,31.881776809692383,134600
1995-06-20,54.421875,54.609375,54.390625,31.79962730407715,287800
1995-06-21,54.609375,54.65625,54.40625,31.781381607055664,158200
1995-06-22,54.640625,55.15625,54.640625,32.20124053955078,297000
1995-06-23,55.0,55.03125,54.84375,32.137359619140625,315400
1995-06-26,54.859375,54.953125,54.359375,31.75399398803711,132900
1995-06-27,54.34375,54.703125,54.21875,31.69009780883789,127700
1995-06-28,54.25,54.75,54.078125,31.85440444946289,212600
1995-06-29,54.53125,54.671875,54.0625,31.79962730407715,89200
1995-06-30,54.546875,54.734375,54.296875,31.781381607055664,714100
1995-07-03,54.46875,54.609375,54.46875,31.900041580200195,9500
1995-07-05,54.765625,55.0625,54.640625,32.018680572509766,409300
1995-07-06,54.828125,55.515625,54.71875,32.4294319152832,202500
1995-07-07,55.40625,55.78125,55.375,32.5754508972168,481700
1995-07-10,55.8125,55.953125,55.703125,32.593719482421875,400400
1995-07-11,55.75,55.796875,55.453125,32.43854904174805,420500
1995-07-12,55.640625,56.3125,55.53125,32.84014892578125,203400
1995-07-13,56.140625,56.265625,56.03125,32.76713943481445,215600
1995-07-14,55.796875,56.09375,55.75,32.7397575378418,543700
1995-07-17,56.125,56.421875,56.078125,32.92229080200195,171500
1995-07-18,56.265625,56.265625,55.828125,32.63935089111328,221200
1995-07-19,55.65625,55.71875,54.203125,32.283390045166016,486600
1995-07-20,55.328125,55.578125,55.03125,32.40202713012695,318900
1995-07-21,55.421875,55.625,55.1875,32.36553955078125,94000
1995-07-24,55.484375,55.875,55.484375,32.602840423583984,108400
1995-07-25,55.875,56.3125,55.703125,32.849273681640625,107400
1995-07-26,56.203125,56.46875,56.171875,32.8218879699707,167800
1995-07-27,56.453125,56.703125,56.453125,33.09572982788086,187700
1995-07-28,56.703125,56.703125,56.25,32.88579177856445,415600
1995-07-31,56.34375,56.390625,56.03125,32.803627014160156,342500
1995-08-01,56.234375,56.234375,55.75,32.748863220214844,141000
1995-08-02,56.390625,56.796875,55.84375,32.67585754394531,240400
1995-08-03,55.546875,55.953125,55.453125,32.666725158691406,1193600
1995-08-04,56.03125,56.078125,55.921875,32.7032470703125,240500
1995-08-07,56.109375,56.28125,56.078125,32.7762451171875,193100
1995-08-08,56.140625,56.3125,55.9375,32.7762451171875,951900
1995-08-09,56.296875,56.296875,56.046875,32.76713943481445,107100
1995-08-10,56.15625,56.28125,55.734375,32.6941032409668,280800
1995-08-11,55.921875,55.984375,55.421875,32.51156234741211,257200
1995-08-14,55.796875,56.15625,55.671875,32.803627014160156,254800
1995-08-15,56.140625,56.140625,55.65625,32.7397575378418,44400
1995-08-16,56.0,56.203125,55.9375,32.83100891113281,374900
1995-08-17,56.234375,56.234375,55.90625,32.7762451171875,353800
1995-08-18,56.390625,56.40625,56.125,32.81277847290039,85400
1995-08-21,56.40625,56.640625,56.0,32.72147750854492,266700
1995-08-22,56.09375,56.21875,55.8125,32.785404205322266,220200
1995-08-23,56.171875,56.203125,55.921875,32.666725158691406,176500
1995-08-24,55.9375,56.09375,55.75,32.7032470703125,167400
1995-08-25,56.078125,56.390625,56.078125,32.88579177856445,195000
1995-08-28,56.453125,56.453125,56.0,32.76713943481445,293000
1995-08-29,56.15625,56.25,55.765625,32.849273681640625,1133100
1995-08-30,56.28125,56.421875,56.21875,32.92229080200195,437400
1995-08-31,56.34375,56.5,56.296875,32.949684143066406,491900
1995-09-01,56.390625,56.75,56.34375,33.09572982788086,629900
1995-09-05,56.828125,57.21875,56.734375,33.40605545043945,272200
1995-09-06,57.234375,57.359375,57.21875,33.46995544433594,214500
1995-09-07,57.359375,57.390625,57.25,33.48818588256836,258800
1995-09-08,57.546875,57.546875,57.171875,33.61599349975586,107300
1995-09-11,57.640625,57.8125,57.640625,33.707244873046875,260700
1995-09-12,57.71875,57.96875,57.578125,33.8624267578125,139500
1995-09-13,57.90625,58.3125,57.890625,34.0175895690918,239800
1995-09-14,58.4375,58.8125,58.28125,34.327919006347656,457600
1995-09-15,58.40625,58.578125,58.203125,34.31843185424805,431200
1995-09-18,58.234375,58.265625,57.9375,34.18998718261719,307500
1995-09-19,58.328125,58.53125,58.125,34.35514831542969,549600
1995-09-20,58.59375,58.78125,58.546875,34.52030563354492,290800
1995-09-21,58.703125,58.75,58.0625,34.235843658447266,508500
1995-09-22,57.828125,58.375,57.78125,34.245033264160156,449900
1995-09-25,58.375,58.375,58.015625,34.18998718261719,130000
1995-09-26,58.390625,58.53125,58.0625,34.1807975769043,466600
1995-09-27,57.953125,58.1875,57.59375,34.153263092041016,654400
1995-09-28,58.203125,58.59375,58.15625,34.41020584106445,456200
1995-09-29,58.546875,58.90625,58.40625,34.345977783203125,606600
1995-10-02,58.484375,58.625,58.046875,34.171634674072266,293100
1995-10-03,58.1875,58.34375,57.953125,34.20832061767578,839700
1995-10-04,58.28125,58.28125,58.109375,34.171634674072266,248800
1995-10-05,58.25,58.359375,58.09375,34.272560119628906,268800
1995-10-06,58.390625,58.578125,58.390625,34.30007553100586,75300
1995-10-09,58.1875,58.21875,57.8125,34.015625,358200
1995-10-10,57.328125,57.890625,57.265625,33.997276306152344,360800
1995-10-11,58.09375,58.09375,57.875,34.10740280151367,228100
1995-10-12,58.125,58.46875,58.125,34.31843185424805,199800
1995-10-13,58.703125,58.859375,58.625,34.42854690551758,488100
1995-10-16,58.453125,58.5625,58.34375,34.26337814331055,443600
1995-10-17,58.40625,58.796875,58.296875,34.4927978515625,146000
1995-10-18,59.015625,59.09375,58.71875,34.59371566772461,228100
1995-10-19,58.875,59.1875,58.796875,34.758888244628906,500600
1995-10-20,59.140625,59.1875,58.828125,34.54783248901367,748400
1995-10-23,58.546875,58.8125,58.546875,34.474430084228516,533000
1995-10-24,58.78125,58.84375,58.625,34.511146545410156,172200
1995-10-25,58.8125,58.890625,58.28125,34.226688385009766,302700
1995-10-26,58.375,58.421875,57.28125,33.9146842956543,606800
1995-10-27,57.6875,58.1875,57.421875,34.171634674072266,905800
1995-10-30,58.328125,58.59375,58.328125,34.39183807373047,488700
1995-10-31,58.71875,58.84375,58.3125,34.245033264160156,508200
1995-11-01,58.28125,58.78125,58.234375,34.52030563354492,415700
1995-11-02,58.6875,59.15625,58.6875,34.74054718017578,326000
1995-11-03,59.234375,59.25,59.0625,34.78641128540039,615000
1995-11-06,59.21875,59.21875,59.015625,34.66714096069336,311200
1995-11-07,59.0,59.0,58.625,34.53866195678711,358200
1995-11-08,58.890625,59.375,58.890625,34.85063934326172,357200
1995-11-09,59.578125,59.578125,59.28125,34.979129791259766,503700
1995-11-10,59.234375,59.609375,59.21875,34.96075439453125,795600
1995-11-13,59.421875,59.65625,59.3125,34.924049377441406,818500
1995-11-14,59.359375,59.484375,59.078125,34.694664001464844,341800
1995-11-15,59.140625,59.6875,59.109375,35.04335021972656,584700
1995-11-16,59.671875,60.0625,59.65625,35.236053466796875,577700
1995-11-17,60.09375,60.203125,60.015625,35.34615707397461,267000
1995-11-20,60.28125,60.296875,59.859375,35.16263961791992,448800
1995-11-21,59.9375,60.359375,59.921875,35.447086334228516,119200
1995-11-22,60.3125,60.375,60.171875,35.33699035644531,351600
1995-11-24,60.234375,60.328125,60.1875,35.42875671386719,62400
1995-11-27,60.453125,60.640625,60.34375,35.43791961669922,273000
1995-11-28,60.296875,60.984375,60.15625,35.81413269042969,479000
1995-11-29,61.09375,61.09375,60.84375,35.85083770751953,549200
1995-11-30,61.046875,61.203125,60.84375,35.76826095581055,286200
1995-12-01,60.984375,61.078125,60.84375,35.81413269042969,465200
1995-12-04,61.125,61.734375,61.046875,36.25458526611328,631700
1995-12-05,61.671875,62.203125,61.625,36.493160247802734,567700
1995-12-06,62.296875,62.53125,62.0,36.575740814208984,272800
1995-12-07,62.203125,62.28125,61.90625,36.383026123046875,289700
1995-12-08,62.21875,62.234375,61.765625,36.50233840942383,296900
1995-12-11,62.28125,62.546875,62.15625,36.65833282470703,186500
1995-12-12,62.140625,62.359375,62.140625,36.5482177734375,299400
1995-12-13,62.3125,62.703125,62.3125,36.777610778808594,390700
1995-12-14,62.6875,62.796875,62.015625,36.51152420043945,395000
1995-12-15,61.875,61.875,61.59375,36.5248908996582,416700
1995-12-18,61.265625,61.265625,60.609375,35.82318878173828,862300
1995-12-19,60.65625,61.34375,60.578125,36.20172882080078,1022600
1995-12-20,61.453125,61.515625,60.671875,35.85087966918945,1349800
1995-12-21,61.03125,61.171875,60.75,36.03555679321289,857600
1995-12-22,61.3125,61.375,61.140625,36.16480255126953,332800
1995-12-26,61.453125,61.53125,61.328125,36.34025573730469,432200
1995-12-27,61.65625,61.65625,61.359375,36.3217658996582,151800
1995-12-28,61.34375,61.65625,61.25,36.28482437133789,256200
1995-12-29,61.46875,61.53125,61.25,36.33100509643555,339200
1996-01-02,61.40625,62.140625,61.34375,36.71877670288086,514400
1996-01-03,62.34375,62.5,62.0,36.82032775878906,610300
1996-01-04,62.390625,62.625,61.21875,36.469482421875,1129700
1996-01-05,61.3125,61.75,61.171875,36.395633697509766,302400
1996-01-08,61.8125,61.90625,61.734375,36.53412628173828,179900
1996-01-09,62.015625,62.0625,60.625,35.90629959106445,415500
1996-01-10,60.6875,60.8125,59.640625,35.43540954589844,787700
1996-01-11,60.0625,60.328125,59.78125,35.647762298583984,513200
1996-01-12,60.484375,60.5,59.671875,35.592376708984375,390400
1996-01-15,60.25,60.453125,59.859375,35.51852798461914,154200
1996-01-16,60.40625,60.890625,59.890625,35.952449798583984,454600
1996-01-17,60.703125,61.125,60.453125,35.841651916503906,407600
1996-01-18,60.890625,60.90625,60.375,35.96168899536133,425600
1996-01-19,60.859375,61.421875,60.796875,36.20172882080078,169800
1996-01-22,61.21875,61.421875,61.109375,36.210975646972656,288200
1996-01-23,61.25,61.421875,61.125,36.2940673828125,362200
1996-01-24,61.515625,62.046875,61.484375,36.589515686035156,1506500
1996-01-25,61.96875,62.0,61.625,36.46026611328125,298400
1996-01-26,61.65625,62.265625,61.578125,36.77416229248047,726300
1996-01-29,62.1875,62.484375,62.140625,36.92190170288086,254800
1996-01-30,62.609375,63.140625,62.53125,37.235801696777344,272100
1996-01-31,63.0,63.6875,62.96875,37.62358093261719,498000
1996-02-01,63.609375,63.90625,63.5625,37.76207733154297,373900
1996-02-02,63.875,64.015625,63.5,37.605125427246094,496200
1996-02-05,63.53125,64.25,63.4375,37.909793853759766,295300
1996-02-06,64.1875,64.828125,64.09375,38.269893646240234,301600
1996-02-07,64.75,65.140625,64.6875,38.491458892822266,585100
1996-02-08,65.046875,65.90625,64.921875,38.90694046020508,1526600
1996-02-09,65.8125,66.375,65.515625,38.89772033691406,804600
1996-02-12,65.953125,66.625,65.890625,39.193153381347656,626500
1996-02-13,66.046875,66.6875,66.0,39.110084533691406,1045900
1996-02-14,66.140625,66.359375,65.578125,38.76846694946289,431400
1996-02-15,65.46875,65.90625,65.125,38.52839660644531,889500
1996-02-16,65.078125,65.234375,64.734375,38.3714485168457,606100
1996-02-20,64.4375,64.625,63.875,37.99288558959961,492300
1996-02-21,64.421875,65.140625,64.421875,38.463768005371094,434000
1996-02-22,65.453125,66.328125,65.40625,39.07313919067383,721400
1996-02-23,66.5,66.609375,65.328125,38.96234893798828,1430400
1996-02-26,65.75,65.890625,64.96875,38.408363342285156,1408400
1996-02-27,65.15625,65.171875,64.5,38.28836441040039,601000
1996-02-28,65.3125,65.734375,64.5,38.11292266845703,865900
1996-02-29,64.125,64.953125,63.875,37.74361801147461,914300
1996-03-01,64.640625,64.890625,63.609375,38.34374237060547,1452600
1996-03-04,65.03125,65.65625,64.8125,38.56533432006836,652600
1996-03-05,65.109375,65.875,65.078125,38.92540740966797,402000
1996-03-06,65.78125,65.96875,65.296875,38.58378982543945,624700
1996-03-07,65.421875,65.65625,65.234375,38.77769088745117,534200
1996-03-08,64.1875,64.875,62.0,37.522029876708984,2289900
1996-03-11,63.25,64.328125,63.0625,37.95597457885742,1511400
1996-03-12,63.8125,64.046875,62.90625,37.6605110168457,1385300
1996-03-13,64.15625,64.4375,63.796875,37.919044494628906,1019300
1996-03-14,64.265625,64.8125,64.234375,38.085205078125,725600
1996-03-15,64.0625,64.328125,63.75,38.05963897705078,869200
1996-03-18,64.71875,65.359375,64.578125,38.792259216308594,917600
1996-03-19,65.9375,65.9375,65.0,38.70879364013672,858300
1996-03-20,65.53125,65.53125,64.640625,38.662418365478516,744300
1996-03-21,65.21875,65.25,64.765625,38.56969451904297,650800
1996-03-22,65.015625,65.328125,64.9375,38.67171096801758,344500
1996-03-25,65.75,65.8125,64.859375,38.59750747680664,802400
1996-03-26,64.921875,65.515625,64.859375,38.782981872558594,969400
1996-03-27,65.4375,65.484375,64.6875,38.43058395385742,809600
1996-03-28,64.515625,65.03125,64.5,38.578983306884766,1001300
1996-03-29,65.1875,65.1875,64.375,38.39347457885742,457700
1996-04-01,65.0,65.453125,64.796875,38.838626861572266,773400
1996-04-02,65.515625,65.5625,65.296875,38.912818908691406,638800
1996-04-03,65.328125,65.609375,65.171875,38.912818908691406,288000
1996-04-04,65.5625,65.71875,65.5,38.88499450683594,934900
1996-04-08,63.875,64.390625,63.59375,38.2172737121582,2217200
1996-04-09,64.640625,64.640625,64.015625,38.06889343261719,1180900
1996-04-10,64.03125,64.3125,62.75,37.39190673828125,939500
1996-04-11,63.15625,63.46875,62.125,37.34553527832031,1276000
1996-04-12,63.359375,63.8125,63.171875,37.81850051879883,411300
1996-04-15,64.046875,64.328125,63.84375,38.13383102416992,484200
1996-04-16,64.375,64.65625,64.234375,38.24510955810547,429700
1996-04-17,64.375,64.5625,63.84375,38.15237808227539,525300
1996-04-18,64.4375,64.578125,64.09375,38.20798873901367,818600
1996-04-19,64.6875,64.859375,64.421875,38.300750732421875,885100
1996-04-22,65.125,65.28125,64.59375,38.59750747680664,828900
1996-04-23,64.921875,65.28125,64.78125,38.718074798583984,225400
1996-04-24,65.5625,65.5625,64.859375,38.578983306884766,699000
1996-04-25,65.140625,65.5625,64.75,38.75517272949219,475500
1996-04-26,65.46875,65.8125,65.234375,38.838626861572266,563300
1996-04-29,65.15625,65.5625,65.15625,38.838626861572266,219900
1996-04-30,65.4375,65.5625,65.125,38.810791015625,184400
1996-05-01,65.375,65.796875,65.28125,38.894283294677734,561900
1996-05-02,65.015625,65.375,64.09375,38.2265510559082,1299600
1996-05-03,64.78125,64.984375,63.75,38.1709098815918,1329300
1996-05-06,64.5625,64.5625,63.6875,38.13383102416992,647500
1996-05-07,64.25,64.25,63.765625,37.97616958618164,582100
1996-05-08,63.671875,64.78125,63.078125,38.449119567871094,1694700
1996-05-09,64.5625,65.0625,64.5,38.42131805419922,593400
1996-05-10,65.375,65.59375,65.0625,38.80152130126953,925100
1996-05-13,65.53125,66.640625,65.46875,39.385807037353516,867500
1996-05-14,66.625,66.9375,66.5625,39.626895904541016,632300
1996-05-15,66.78125,67.3125,66.640625,39.58053207397461,466100
1996-05-16,66.3125,66.9375,66.28125,39.663997650146484,514400
1996-05-17,67.0,67.296875,67.0,39.87728500366211,427700
1996-05-20,67.65625,67.75,66.984375,40.14622497558594,788500
1996-05-21,67.75,67.875,67.5,40.0905876159668,352700
1996-05-22,67.625,68.1875,67.390625,40.47079849243164,1218100
1996-05-23,68.28125,68.4375,67.53125,40.30387878417969,967900
1996-05-24,67.96875,68.328125,67.9375,40.46152877807617,659100
1996-05-28,68.375,68.375,67.3125,40.053489685058594,456400
1996-05-29,67.625,67.6875,66.8125,39.7845344543457,649600
1996-05-30,66.9375,67.71875,66.75,39.98860168457031,895800
1996-05-31,67.359375,67.640625,66.875,39.69182586669922,923500
1996-06-03,66.890625,67.109375,66.703125,39.80311965942383,503100
1996-06-04,67.375,67.59375,67.25,40.081321716308594,627100
1996-06-05,67.5625,68.203125,67.421875,40.43373489379883,428000
1996-06-06,68.5,68.5,67.5,40.13694381713867,523300
1996-06-07,66.1875,67.640625,66.1875,40.13694381713867,1422800
1996-06-10,67.53125,67.734375,67.296875,40.00710678100586,548800
1996-06-11,67.65625,68.03125,67.34375,39.97002410888672,688700
1996-06-12,67.5625,67.734375,67.109375,39.89582061767578,1120600
1996-06-13,67.375,67.46875,66.828125,39.89582061767578,1502000
1996-06-14,67.25,67.25,66.71875,39.72890853881836,1468200
1996-06-17,66.96875,67.21875,66.71875,39.701107025146484,1101000
1996-06-18,66.84375,67.03125,66.328125,39.376502990722656,718000
1996-06-19,66.65625,67.0,66.421875,39.55271530151367,552100
1996-06-20,66.703125,66.921875,66.1875,39.52488708496094,1234400
1996-06-21,66.5625,66.8125,66.375,39.864837646484375,573300
1996-06-24,66.96875,67.21875,66.84375,39.93943405151367,416500
1996-06-25,67.125,67.171875,66.78125,39.892822265625,454400
1996-06-26,66.78125,66.921875,66.390625,39.62245559692383,838200
1996-06-27,66.40625,67.046875,66.15625,39.90211486816406,1090500
1996-06-28,67.15625,67.5,66.96875,40.0419807434082,1060800
1996-07-01,67.28125,67.703125,67.1875,40.386924743652344,471300
1996-07-02,67.625,67.640625,67.328125,40.23776626586914,389400
1996-07-03,67.40625,67.5,67.0625,40.153873443603516,308300
1996-07-05,66.125,66.4375,65.375,39.128318786621094,842900
1996-07-08,65.625,65.984375,65.125,38.96986389160156,942000
1996-07-09,65.609375,65.8125,65.375,39.128318786621094,716300
1996-07-10,65.5625,65.84375,64.921875,39.286834716796875,1132300
1996-07-11,65.5625,65.6875,63.875,38.494346618652344,1587400
1996-07-12,64.625,64.90625,64.078125,38.5223503112793,1312000
1996-07-15,64.71875,64.71875,62.65625,37.38494110107422,1951300
1996-07-16,62.84375,63.5,60.375,37.47816467285156,4141000
1996-07-17,63.75,64.0,63.0,37.92567443847656,1340500
1996-07-18,63.75,64.546875,63.328125,38.4477653503418,1432500
1996-07-19,64.28125,64.375,63.625,38.16808319091797,1216000
1996-07-22,63.53125,63.75,63.015625,37.888370513916016,519800
1996-07-23,63.59375,63.9375,62.578125,37.40358352661133,1479800
1996-07-24,61.9375,63.1875,61.625,37.47816467285156,2463400
1996-07-25,63.4375,63.5625,63.125,37.813777923583984,1989800
1996-07-26,63.5625,63.8125,63.390625,38.01888656616211,642300
1996-07-29,63.625,63.71875,62.9375,37.599369049072266,1297900
1996-07-30,63.4375,63.6875,62.9375,37.96296310424805,1868200
1996-07-31,63.671875,64.265625,63.515625,38.242652893066406,767100
1996-08-01,64.15625,65.390625,64.0625,38.876609802246094,1168600
1996-08-02,66.0,66.59375,65.75,39.715660095214844,1098500
1996-08-05,66.578125,66.59375,65.96875,39.48258972167969,710200
1996-08-06,66.15625,66.515625,65.796875,39.60380554199219,640000
1996-08-07,66.625,66.75,66.125,39.706336975097656,917800
1996-08-08,66.5625,66.5625,66.1875,39.64107894897461,925100
1996-08-09,66.671875,66.765625,66.0625,39.51055908203125,648800
1996-08-12,66.25,66.859375,66.0,39.799598693847656,764200
1996-08-13,66.578125,66.625,66.0,39.48258972167969,805200
1996-08-14,66.1875,66.46875,66.0,39.62245559692383,533800
1996-08-15,66.234375,66.625,66.203125,39.5478630065918,632600
1996-08-16,66.46875,66.875,66.46875,39.88344955444336,475100
1996-08-19,66.859375,66.921875,66.625,39.90211486816406,436400
1996-08-20,66.890625,66.90625,66.671875,39.87416458129883,645700
1996-08-21,66.65625,66.8125,66.375,39.734317779541016,266400
1996-08-22,66.75,67.34375,66.71875,40.107234954833984,584800
1996-08-23,67.09375,67.203125,66.640625,39.892822265625,757100
1996-08-26,66.703125,66.78125,66.421875,39.6970329284668,784700
1996-08-27,66.71875,66.84375,66.5,39.8462028503418,389400
1996-08-28,66.9375,67.0,66.65625,39.78095245361328,227600
1996-08-29,66.59375,66.59375,65.625,39.38935852050781,680200
1996-08-30,66.0,66.015625,65.125,38.97916030883789,1500900
1996-09-03,64.46875,65.84375,64.375,39.23088073730469,1782000
1996-09-04,65.75,66.75,65.484375,39.26815414428711,930200
1996-09-05,65.5,65.765625,65.015625,38.792728424072266,616600
1996-09-06,65.25,66.171875,65.140625,39.34275817871094,804900
1996-09-09,66.1875,66.734375,66.078125,39.80891036987305,719200
1996-09-10,66.625,66.90625,66.375,39.79026412963867,669900
1996-09-11,66.5625,67.125,66.40625,40.01399612426758,713500
1996-09-12,67.25,67.734375,67.15625,40.2937126159668,713300
1996-09-13,68.3125,68.625,68.125,40.90902328491211,2008800
1996-09-16,68.65625,69.15625,68.5625,41.058189392089844,1220200
1996-09-17,68.875,68.984375,68.234375,40.964969635009766,604700
1996-09-18,68.5625,68.75,68.21875,40.86240005493164,225500
1996-09-19,68.375,68.796875,68.28125,41.02088928222656,410000
1996-09-20,68.59375,68.78125,68.375,41.1663818359375,948400
1996-09-23,68.46875,68.75,68.15625,41.15700912475586,466800
1996-09-24,68.5625,69.25,68.3125,41.147640228271484,1269800
1996-09-25,68.9375,68.9375,68.5,41.1757698059082,1353300
1996-09-26,68.75,69.1875,68.390625,41.15700912475586,773200
1996-09-27,68.71875,68.71875,68.375,41.194488525390625,407600
1996-09-30,68.78125,69.0625,68.578125,41.15700912475586,578200
1996-10-01,68.703125,69.046875,68.4375,41.381919860839844,561400
1996-10-02,69.25,69.59375,69.15625,41.66305160522461,609000
1996-10-03,69.5,69.53125,69.203125,41.62554931640625,342200
1996-10-04,69.6875,70.34375,69.5,42.18782043457031,754100
1996-10-07,70.3125,70.625,70.25,42.23467254638672,235100
1996-10-08,70.453125,70.6875,70.015625,42.06599044799805,386200
1996-10-09,70.25,70.375,69.515625,41.738033294677734,528800
1996-10-10,69.59375,69.859375,69.375,41.653682708740234,1562200
1996-10-11,69.71875,70.3125,69.71875,42.169071197509766,331300
1996-10-14,70.3125,70.6875,70.296875,42.22529983520508,201600
1996-10-15,71.125,71.125,69.953125,42.169071197509766,776900
1996-10-16,70.5,70.65625,69.9375,42.375213623046875,590100
1996-10-17,70.875,71.03125,70.546875,42.487693786621094,792500
1996-10-18,70.875,71.3125,70.71875,42.712589263916016,695800
1996-10-21,71.28125,71.625,70.9375,42.65635299682617,879200
1996-10-22,71.0625,71.078125,70.59375,42.35647964477539,848900
1996-10-23,70.46875,70.890625,70.1875,42.4970817565918,735900
1996-10-24,70.859375,70.984375,70.21875,42.1316032409668,379300
1996-10-25,70.234375,70.5625,70.125,42.169071197509766,568300
1996-10-28,70.375,70.734375,69.8125,41.887962341308594,975400
1996-10-29,70.0625,70.578125,69.703125,42.22529983520508,815900
1996-10-30,70.625,70.625,70.09375,42.084739685058594,495400
1996-10-31,70.265625,70.875,70.1875,42.487693786621094,726300
1996-11-01,70.984375,71.15625,70.265625,42.3377685546875,821300
1996-11-04,70.6875,71.0625,70.53125,42.61888885498047,1608400
1996-11-05,71.296875,71.796875,71.28125,42.8625373840332,764000
1996-11-06,71.59375,72.875,71.53125,43.68715286254883,1665000
1996-11-07,72.625,73.296875,72.53125,43.790245056152344,1446300
1996-11-08,73.03125,73.4375,72.75,44.03389358520508,1355700
1996-11-11,73.25,73.515625,73.21875,43.98704147338867,655900
1996-11-12,73.546875,73.59375,73.015625,43.85584259033203,719900
1996-11-13,73.203125,73.5625,73.015625,44.05262756347656,481900
1996-11-14,73.1875,73.9375,73.15625,44.34312438964844,558800
1996-11-15,74.125,74.5,73.71875,44.399356842041016,2250900
1996-11-18,74.171875,74.25,73.734375,44.40873718261719,1518200
1996-11-19,74.140625,74.59375,74.03125,44.727352142333984,1029300
1996-11-20,74.5625,75.015625,74.3125,44.802303314208984,730000
1996-11-21,74.796875,74.84375,74.375,44.73671340942383,653000
1996-11-22,74.703125,75.25,74.703125,45.083431243896484,965100
1996-11-25,75.25,76.15625,75.078125,45.655067443847656,2058800
1996-11-26,76.28125,76.6875,75.46875,45.50510787963867,2861800
1996-11-27,76.0625,76.1875,75.640625,45.4207649230957,872000
1996-11-29,76.0,76.21875,75.859375,45.58946228027344,1073400
1996-12-02,75.921875,76.125,75.390625,45.60818862915039,1350600
1996-12-03,76.0625,76.578125,74.75,44.830421447753906,1777800
1996-12-04,74.875,75.0625,74.09375,44.95223617553711,2365100
1996-12-05,74.84375,75.140625,74.53125,44.830421447753906,1697700
1996-12-06,73.25,74.75,72.65625,44.56801986694336,3401800
1996-12-09,74.6875,75.421875,74.578125,45.223976135253906,1864600
1996-12-10,75.5625,75.671875,74.96875,45.008453369140625,1331600
1996-12-11,73.625,74.625,73.3125,44.59614944458008,1847900
1996-12-12,74.78125,74.875,72.9375,43.85584259033203,2540200
1996-12-13,73.0625,73.578125,72.40625,43.968292236328125,1678300
1996-12-16,73.5,73.6875,72.0625,43.40603256225586,1831100
1996-12-17,72.15625,73.28125,71.875,43.75277328491211,2023200
1996-12-18,73.375,73.765625,73.265625,44.09949493408203,1666800
1996-12-19,74.1875,75.125,73.890625,45.008453369140625,2269300
1996-12-20,75.125,75.71875,74.75,45.10722351074219,1543200
1996-12-23,75.09375,75.203125,74.328125,44.994232177734375,1263700
1996-12-24,74.84375,75.203125,74.796875,45.32381057739258,633000
1996-12-26,75.4375,75.828125,75.375,45.67222595214844,1384300
1996-12-27,75.78125,76.03125,75.5,45.72873306274414,410400
1996-12-30,76.125,76.125,75.15625,45.33324432373047,694100
1996-12-31,75.28125,75.375,73.84375,44.504554748535156,1378100
1997-01-02,74.375,74.375,72.75,44.6175422668457,2031900
1997-01-03,74.375,75.125,74.078125,45.25789260864258,2123200
1997-01-06,75.09375,75.4375,74.3125,44.86237716674805,1374100
1997-01-07,74.4375,75.46875,74.125,45.408565521240234,939000
1997-01-08,75.75,75.78125,74.6875,45.01305389404297,1802200
1997-01-09,75.0625,75.875,74.9375,45.389732360839844,1415700
1997-01-10,74.25,76.25,74.25,45.879425048828125,2369500
1997-01-13,76.5,76.5,75.640625,45.8134880065918,1364600
1997-01-14,76.6875,77.390625,76.5,46.387935638427734,2111200
1997-01-15,76.71875,77.203125,76.375,46.27494430541992,1583900
1997-01-16,77.03125,77.296875,76.5,46.46327590942383,1308400
1997-01-17,77.203125,77.75,77.109375,46.74578857421875,1604000
1997-01-20,77.75,78.09375,77.46875,46.80228042602539,1889900
1997-01-21,77.375,78.546875,77.109375,47.1789436340332,2785800
1997-01-22,78.3125,78.84375,77.875,47.517974853515625,1201600
1997-01-23,79.0625,79.6875,76.90625,46.85878372192383,2601100
1997-01-24,77.875,77.90625,76.75,46.256107330322266,2176000
1997-01-27,76.875,77.234375,76.375,46.1242561340332,2108500
1997-01-28,77.625,77.84375,76.0,46.256107330322266,4376000
1997-01-29,76.875,77.5,76.59375,46.70809555053711,1122700
1997-01-30,77.875,78.53125,77.40625,47.31080627441406,2126300
1997-01-31,78.9375,79.40625,78.375,47.25429916381836,3208100
1997-02-03,78.71875,78.890625,78.359375,47.395530700683594,755000
1997-02-04,78.75,79.203125,78.4375,47.68747329711914,654100
1997-02-05,79.234375,79.46875,77.125,46.792869567871094,2255400
1997-02-06,77.78125,78.203125,77.40625,47.10362243652344,2483100
1997-02-07,78.8125,79.25,77.78125,47.74397277832031,2321000
1997-02-10,79.25,79.53125,78.421875,47.291954040527344,1670000
1997-02-11,78.78125,79.375,78.125,47.83814239501953,1664300
1997-02-12,79.375,80.640625,79.265625,48.516197204589844,2675400
1997-02-13,80.8125,81.5625,80.6875,49.043521881103516,1104800
1997-02-14,81.1875,81.46875,80.90625,48.93050003051758,1112900
1997-02-18,81.34375,81.9375,80.75,49.3448486328125,833100
1997-02-19,81.65625,82.0,81.15625,49.01530075073242,648100
1997-02-20,81.03125,81.359375,80.15625,48.422000885009766,1193900
1997-02-21,80.40625,80.765625,80.140625,48.440853118896484,1844400
1997-02-24,79.96875,81.375,79.96875,49.01530075073242,787300
1997-02-25,81.40625,81.53125,80.875,49.052913665771484,1653900
1997-02-26,81.3125,81.4375,79.625,48.572654724121094,1597800
1997-02-27,80.8125,80.8125,79.375,47.847564697265625,1813100
1997-02-28,79.25,79.875,79.0625,47.70631790161133,2961200
1997-03-03,78.75,79.75,78.6875,48.02647018432617,1210400
1997-03-04,79.90625,80.125,79.09375,47.76280975341797,1478700
1997-03-05,79.71875,80.59375,79.453125,48.572654724121094,1254800
1997-03-06,80.625,80.90625,79.875,48.2901611328125,1528500
1997-03-07,80.4375,81.15625,80.25,48.723350524902344,1859300
1997-03-10,80.9375,81.6875,80.546875,49.23183822631836,1074900
1997-03-11,81.75,81.796875,81.25,48.96819305419922,624600
1997-03-12,81.3125,81.34375,80.296875,48.53501892089844,1055600
1997-03-13,80.25,80.46875,79.0625,47.78164291381836,2514100
1997-03-14,79.640625,80.03125,79.25,48.02647018432617,1642700
1997-03-17,79.25,80.03125,78.4375,48.1583251953125,3013500
1997-03-18,80.0,80.109375,78.71875,47.64042282104492,1352500
1997-03-19,78.84375,79.5,78.0625,47.48030090332031,1510000
1997-03-20,78.75,79.0,77.875,47.23545837402344,1808200
1997-03-21,78.6875,78.75,78.34375,47.45417404174805,2810600
1997-03-24,78.5,79.578125,78.09375,48.11588668823242,2145600
1997-03-25,79.34375,79.96875,78.53125,47.643226623535156,2125800
1997-03-26,79.0625,79.65625,78.6875,47.8511962890625,1335300
1997-03-27,79.375,79.375,76.15625,46.58449935913086,2898500
1997-03-31,76.90625,77.125,75.25,45.60138702392578,4270700
1997-04-01,75.25,76.1875,75.046875,45.89440155029297,3210900
1997-04-02,75.625,75.9375,74.4375,45.07200622558594,2672700
1997-04-03,74.4375,75.125,74.1875,45.31779861450195,2284200
1997-04-04,74.5,75.859375,74.15625,45.88496017456055,3706700
1997-04-07,76.1875,76.625,76.140625,46.0645866394043,2596200
1997-04-08,76.125,76.78125,75.84375,46.395408630371094,1822700
1997-04-09,77.0,77.046875,75.84375,46.01730728149414,2453200
1997-04-10,76.09375,76.546875,75.6875,45.84714889526367,1996500
1997-04-11,75.0625,75.3125,73.375,44.39139938354492,4221600
1997-04-14,73.734375,74.453125,73.3125,44.986942291259766,3988500
1997-04-15,75.25,75.640625,74.5,45.75260925292969,2760400
1997-04-16,75.375,76.609375,75.25,46.282005310058594,2273300
1997-04-17,76.5,77.0,76.0,46.09292984008789,1386000
1997-04-18,76.8125,76.984375,76.25,46.319801330566406,1702100
1997-04-21,76.75,76.90625,75.46875,46.01730728149414,2809400
1997-04-22,76.109375,77.734375,76.0,47.0287971496582,3215000
1997-04-23,77.65625,78.03125,77.1875,47.07603454589844,2047700
1997-04-24,78.046875,78.28125,76.875,46.83971405029297,2689900
1997-04-25,77.0625,77.203125,76.421875,46.30089569091797,1606200
1997-04-28,76.5,77.8125,76.375,46.754642486572266,1666500
1997-04-29,78.59375,79.78125,78.296875,48.22930908203125,3197400
1997-04-30,79.25,80.6875,79.21875,48.456207275390625,3372200
1997-05-01,80.21875,80.53125,79.3125,48.399478912353516,2149500
1997-05-02,80.28125,81.671875,80.0625,49.269161224365234,1448300
1997-05-05,81.65625,83.5625,81.296875,50.44133377075195,3636200
1997-05-06,82.96875,83.46875,82.5,50.403526306152344,1721100
1997-05-07,83.0,83.0,81.40625,49.30695343017578,2327200
1997-05-08,81.3125,83.21875,81.1875,49.64725875854492,2923700
1997-05-09,82.96875,83.125,81.65625,49.98759078979492,2558200
1997-05-12,82.9375,84.25,82.875,50.81947708129883,2357900
1997-05-13,83.9375,84.09375,83.015625,50.61147689819336,1195100
1997-05-14,84.234375,84.5,83.4375,50.70601272583008,2772000
1997-05-15,83.8125,84.59375,83.515625,51.04630661010742,884100
1997-05-16,84.125,84.3125,83.0,50.3467903137207,1934200
1997-05-19,83.3125,83.90625,83.0625,50.498050689697266,1375800
1997-05-20,83.28125,84.6875,82.75,51.10303497314453,1756400
1997-05-21,84.6875,84.984375,83.65625,50.98961639404297,1208000
1997-05-22,84.375,84.46875,83.5625,50.81947708129883,907600
1997-05-23,84.375,85.21875,84.15625,51.292091369628906,644400
1997-05-27,84.375,85.53125,84.265625,51.50005340576172,1531000
1997-05-28,85.125,85.453125,84.515625,51.490604400634766,716700
1997-05-29,85.09375,85.25,84.5,51.188114166259766,1282700
1997-05-30,83.21875,85.5625,83.125,51.51897430419922,2143300
1997-06-02,85.34375,85.5,84.71875,51.292091369628906,1479100
1997-06-03,84.40625,85.4375,84.34375,51.12196731567383,1562100
1997-06-04,84.53125,84.75,84.078125,51.065216064453125,1063100
1997-06-05,84.59375,85.3125,84.421875,51.25428771972656,1180800
1997-06-06,84.59375,86.4375,84.59375,52.256290435791016,1511100
1997-06-09,86.4375,86.875,86.34375,52.52098846435547,1823400
1997-06-10,86.84375,87.40625,86.5,52.681697845458984,1217500
1997-06-11,87.0,87.40625,86.828125,52.80458068847656,1673800
1997-06-12,87.875,89.0,87.5625,53.825523376464844,4273300
1997-06-13,89.0625,90.0,88.90625,54.27925109863281,2132900
1997-06-16,89.75,90.0,89.46875,54.29817581176758,800400
1997-06-17,89.4375,90.234375,88.9375,54.22254180908203,2048100
1997-06-18,89.125,89.625,88.96875,54.03346252441406,1971900
1997-06-19,89.609375,90.5,89.375,54.59117889404297,2029900
1997-06-20,89.9375,90.34375,89.5,54.405189514160156,1396900
1997-06-23,89.40625,89.90625,87.34375,53.08608627319336,3991500
1997-06-24,88.25,89.875,88.0,54.43366241455078,4895100
1997-06-25,89.484375,90.25,87.9375,54.054046630859375,4708900
1997-06-26,88.84375,89.625,87.6875,53.78837203979492,2569900
1997-06-27,88.96875,89.71875,88.6875,53.99713134765625,2617900
1997-06-30,88.90625,89.46875,87.875,53.63654327392578,2384900
1997-07-01,88.5,89.5625,88.390625,54.262840270996094,1749000
1997-07-02,89.5625,90.8125,89.21875,55.1548957824707,1961800
1997-07-03,91.875,92.15625,91.46875,55.91408157348633,2539100
1997-07-07,92.375,92.5,90.90625,55.344703674316406,1158600
1997-07-08,91.25,92.1875,91.1875,55.92356872558594,3396500
1997-07-09,92.3125,92.375,90.03125,55.30672073364258,5390300
1997-07-10,91.125,91.84375,90.484375,55.553443908691406,2072200
1997-07-11,91.59375,92.1875,91.375,55.7432861328125,2258900
1997-07-14,91.890625,92.3125,91.21875,55.91408157348633,3186400
1997-07-15,92.3125,92.765625,91.46875,56.19877624511719,2983100
1997-07-16,93.125,94.09375,92.890625,56.93900680541992,2621300
1997-07-17,93.625,93.8125,92.78125,56.65431594848633,1794800
1997-07-18,93.015625,93.21875,91.0625,55.4490852355957,3961900
1997-07-21,91.28125,91.59375,90.6875,55.45859146118164,3810300
1997-07-22,91.6875,93.796875,91.625,56.92951202392578,4243400
1997-07-23,93.9375,94.484375,93.53125,56.88203430175781,3204300
1997-07-24,93.9375,94.265625,92.6875,57.147769927978516,4152700
1997-07-25,94.5625,94.8125,93.625,57.10980224609375,2364800
1997-07-28,94.25,94.5625,93.5,57.07181167602539,2794700
1997-07-29,93.625,94.46875,93.421875,57.26165008544922,2737100
1997-07-30,94.5,95.625,94.40625,57.94489669799805,4839800
1997-07-31,95.40625,96.03125,95.03125,57.887969970703125,2138700
1997-08-01,95.5,95.71875,93.8125,57.660186767578125,7077700
1997-08-04,94.78125,95.546875,94.40625,57.81206512451172,2339500
1997-08-05,95.09375,95.6875,94.90625,57.8499870300293,1466700
1997-08-06,95.4375,96.53125,95.0625,58.324501037597656,2478200
1997-08-07,96.5,96.625,95.125,57.887969970703125,3641900
1997-08-08,94.3125,94.75,92.40625,56.71123123168945,7113100
1997-08-11,93.75,94.28125,92.625,57.12876892089844,6355900
1997-08-12,94.21875,94.546875,92.46875,56.217750549316406,6132500
1997-08-13,93.6875,93.84375,91.46875,56.04692459106445,6982300
1997-08-14,93.09375,93.3125,91.71875,56.2557258605957,3462700
1997-08-15,92.125,92.125,89.625,54.528564453125,4907100
1997-08-18,90.375,91.78125,89.34375,55.7432861328125,5638900
1997-08-19,92.21875,92.90625,91.53125,56.388572692871094,3802800
1997-08-20,92.9375,94.3125,92.609375,57.24263381958008,3564600
1997-08-21,94.125,94.25,92.09375,56.23674774169922,5392600
1997-08-22,91.0,92.734375,90.5625,56.217750549316406,8087800
1997-08-25,92.78125,93.40625,91.84375,56.00897216796875,3888000
1997-08-26,92.0,92.5625,90.703125,55.18335723876953,4290000
1997-08-27,91.0,91.96875,90.40625,55.515499114990234,5484300
1997-08-28,91.1875,91.9375,90.0,54.67092514038086,4287900
1997-08-29,90.125,91.109375,89.71875,54.889183044433594,2652300
1997-09-02,90.6875,93.359375,90.59375,56.67329025268555,7294000
1997-09-03,93.296875,94.0,92.75,56.36958694458008,2812500
1997-09-04,93.0625,93.71875,92.75,56.7302131652832,2473700
1997-09-05,93.96875,94.4375,92.59375,56.56886672973633,3663300
1997-09-08,93.71875,94.0,93.3125,56.81562423706055,803500
1997-09-09,93.21875,94.28125,92.90625,56.84406661987305,1885200
1997-09-10,93.125,93.5,91.65625,55.6673469543457,3623700
1997-09-11,91.78125,91.90625,90.25,55.3826789855957,7055900
1997-09-12,92.0,92.96875,90.9375,56.27469253540039,6708000
1997-09-15,92.65625,93.3125,92.1875,56.179813385009766,2060500
1997-09-16,93.3125,95.28125,93.03125,57.58427047729492,6979000
1997-09-17,95.375,95.5,94.5,57.58427047729492,2220000
1997-09-18,95.0,96.375,94.96875,57.83102035522461,5045400
1997-09-19,94.65625,95.359375,94.40625,57.928871154785156,1566400
1997-09-22,95.5,96.203125,95.21875,58.252681732177734,3259000
1997-09-23,95.5625,95.703125,94.75,57.98601531982422,1872800
1997-09-24,95.375,96.109375,94.28125,57.50979232788086,2793100
1997-09-25,94.25,94.75,93.625,57.1097526550293,6327800
1997-09-26,94.4375,94.8125,94.1875,57.58599090576172,3995800
1997-09-29,94.5,95.5625,94.15625,58.138423919677734,2065000
1997-09-30,95.0,95.6875,94.375,57.5288200378418,4137600
1997-10-01,95.25,95.8125,94.78125,58.290794372558594,3567500
1997-10-02,95.53125,96.1875,95.3125,58.61465072631836,2577500
1997-10-03,97.46875,97.75,95.34375,58.909881591796875,6499900
1997-10-06,97.3125,97.609375,96.90625,59.30038833618164,2272100
1997-10-07,97.53125,98.5,97.203125,59.85285186767578,1832800
1997-10-08,98.359375,98.375,96.734375,59.43378448486328,4439400
1997-10-09,96.78125,97.609375,96.21875,59.22422409057617,3607600
1997-10-10,96.3125,96.984375,96.25,59.05280303955078,2858100
1997-10-13,97.34375,97.546875,96.71875,59.109901428222656,1760300
1997-10-14,97.46875,97.5,96.1875,59.12898254394531,2235700
1997-10-15,96.3125,97.0625,96.28125,58.99565124511719,2601700
1997-10-16,97.3125,97.5,95.0,58.06221008300781,9488100
1997-10-17,95.015625,95.375,93.0,57.4716796875,8151300
1997-10-20,94.84375,95.75,94.15625,58.290794372558594,3636400
1997-10-21,96.21875,97.5,96.03125,59.42420959472656,5225400
1997-10-22,97.34375,97.390625,96.53125,59.03371810913086,4485200
1997-10-23,94.9375,95.75,94.28125,57.871707916259766,8054100
1997-10-24,96.15625,96.15625,93.671875,57.30023193359375,6778700
1997-10-27,93.015625,93.9375,86.84375,53.14748764038086,10840700
1997-10-28,84.375,92.875,84.375,56.21443176269531,19548000
1997-10-29,92.5,93.75,91.28125,56.06203842163086,10134400
1997-10-30,90.625,92.5625,89.75,54.82381057739258,9772900
1997-10-31,91.8125,92.5,90.4375,56.11918258666992,7072700
1997-11-03,93.1875,94.375,92.875,57.30023193359375,5548500
1997-11-04,93.875,94.4375,93.28125,57.30023193359375,3455700
1997-11-05,94.1875,95.28125,93.84375,57.490726470947266,4774900
1997-11-06,94.03125,94.34375,93.5,57.271644592285156,3679800
1997-11-07,92.375,93.25,91.4375,56.652549743652344,10606800
1997-11-10,93.625,93.84375,92.0,56.309661865234375,4347900
1997-11-11,92.6875,93.0625,92.03125,56.3287467956543,3212400
1997-11-12,91.625,92.71875,90.375,55.16672897338867,6775300
1997-11-13,91.46875,92.15625,90.09375,55.96678161621094,8589600
1997-11-14,92.3125,93.390625,91.609375,56.7287483215332,5827900
1997-11-17,94.375,95.3125,94.03125,57.77647018432617,5149900
1997-11-18,94.8125,95.09375,93.890625,57.41454315185547,3433600
1997-11-19,93.6875,95.0625,92.75,57.700286865234375,4387900
1997-11-20,95.3125,96.53125,95.28125,58.57654571533203,4822700
1997-11-21,96.625,96.8125,95.65625,58.9765625,5436500
1997-11-24,96.0,96.34375,94.625,57.90981674194336,4337200
1997-11-25,95.625,95.8125,94.65625,58.06221008300781,4525000
1997-11-26,95.875,95.984375,95.3125,58.23366165161133,2681100
1997-11-28,95.75,96.25,95.59375,58.290794372558594,1564700
1997-12-01,96.21875,98.09375,96.03125,59.795719146728516,4850900
1997-12-02,97.6875,97.984375,97.25,59.43378448486328,1974900
1997-12-03,97.625,98.53125,96.875,59.60518264770508,3302500
1997-12-04,98.5,98.71875,97.375,59.54803466796875,2872500
1997-12-05,97.375,99.0,97.125,60.31003189086914,3458800
1997-12-08,98.96875,99.0,98.25,60.138587951660156,2289200
1997-12-09,98.21875,98.59375,97.625,59.77663803100586,1703000
1997-12-10,97.5625,97.84375,96.46875,59.262306213378906,3558400
1997-12-11,96.3125,96.59375,95.3125,58.252681732177734,5072800
1997-12-12,96.4375,96.5,94.90625,58.366981506347656,4478400
1997-12-15,96.25,97.109375,95.875,58.9575080871582,4674700
1997-12-16,97.21875,97.8125,96.875,59.31946563720703,2885800
1997-12-17,97.84375,97.875,96.703125,59.014652252197266,2236300
1997-12-18,96.9375,96.9375,95.21875,58.44317626953125,4658300
1997-12-19,94.53125,95.875,92.375,58.00637435913086,8556000
1997-12-22,95.4375,95.90625,94.5625,58.37931442260742,5136800
1997-12-23,95.4375,95.625,93.53125,57.33698654174805,4436500
1997-12-24,94.4375,94.4375,93.25,57.16486358642578,2019200
1997-12-26,94.125,94.125,93.40625,57.39435958862305,941800
1997-12-29,94.59375,95.71875,94.4375,58.52273941040039,2080000
1997-12-30,95.9375,97.25,95.84375,59.44076156616211,3616000
1997-12-31,96.875,97.625,96.6875,59.40251159667969,4359500
1998-01-02,97.3125,97.65625,96.53125,59.70847702026367,2360900
1998-01-05,97.84375,98.4375,96.78125,59.84237289428711,4191800
1998-01-06,97.25,97.28125,96.1875,58.88612365722656,3154900
1998-01-07,96.09375,96.71875,95.21875,59.03915786743164,4424200
1998-01-08,96.3125,96.3125,95.375,58.52273941040039,3831000
1998-01-09,95.25,95.5,91.90625,56.495513916015625,10258800
1998-01-12,91.125,94.1875,90.90625,57.52827453613281,12097900
1998-01-13,94.625,95.375,94.21875,58.33152389526367,5224900
1998-01-14,95.6875,95.96875,94.71875,58.59925079345703,3770400
1998-01-15,95.5,95.75,94.8125,58.111595153808594,2875400
1998-01-16,96.25,96.6875,95.65625,58.94352340698242,4374800
1998-01-20,96.6875,98.015625,96.5,59.8997802734375,5091700
1998-01-21,97.21875,97.6875,96.15625,59.32600021362305,4699400
1998-01-22,96.15625,96.875,95.875,58.800048828125,4543400
1998-01-23,96.5,96.78125,95.0,58.71403884887695,6350300
1998-01-26,96.375,96.734375,95.40625,58.67574691772461,4362900
1998-01-27,95.8125,97.5,95.65625,59.26863479614258,7044200
1998-01-28,97.40625,98.109375,97.1875,59.80412673950195,4268600
1998-01-29,97.84375,99.5625,97.5625,60.129241943359375,8007700
1998-01-30,98.78125,98.96875,98.0,60.16753387451172,3649100
1998-02-02,99.90625,100.5,99.75,61.16200637817383,5756300
1998-02-03,100.0,100.8125,99.71875,61.62100601196289,2759600
1998-02-04,100.28125,101.15625,99.9375,61.54452133178711,3374000
1998-02-05,101.3125,101.59375,100.03125,61.50625991821289,5076200
1998-02-06,101.0,101.625,100.6875,62.19477462768555,5701200
1998-02-09,101.71875,101.75,100.71875,61.98439025878906,2322200
1998-02-10,101.4375,102.46875,101.1875,62.57728576660156,3660400
1998-02-11,102.09375,102.34375,101.703125,62.51991653442383,4073200
1998-02-12,101.71875,102.9375,100.875,62.78765869140625,5024700
1998-02-13,102.1875,102.515625,101.875,62.42427062988281,2101300
1998-02-17,102.8125,103.09375,102.15625,62.730289459228516,3055500
1998-02-18,102.3125,103.484375,102.28125,63.30402755737305,3007400
1998-02-19,103.25,103.40625,102.75,62.96931076049805,3387800
1998-02-20,103.15625,103.71875,102.375,63.437870025634766,3707000
1998-02-23,104.25,104.25,103.34375,63.68653869628906,3227800
1998-02-24,103.90625,104.09375,102.9375,63.189266204833984,3386800
1998-02-25,103.75,104.875,103.625,63.9734001159668,3481800
1998-02-26,104.4375,105.21875,104.1875,64.3367919921875,3187600
1998-02-27,104.96875,105.53125,104.53125,64.3367919921875,3442900
1998-03-02,105.25,105.75,104.625,64.2029037475586,4252300
1998-03-03,104.53125,105.625,104.53125,64.5662841796875,3349200
1998-03-04,105.09375,105.40625,104.4375,64.14551544189453,4404100
1998-03-05,103.5,104.4375,103.15625,63.55267333984375,7268000
1998-03-06,104.5625,105.9375,104.4375,64.83405303955078,6896300
1998-03-09,105.53125,106.21875,105.25,64.60450744628906,3362800
1998-03-10,106.21875,106.84375,105.9375,65.21653747558594,5481900
1998-03-11,106.96875,107.3125,106.78125,65.52251434326172,3439600
1998-03-12,107.09375,107.59375,106.5,65.7903060913086,3191300
1998-03-13,107.84375,108.0,106.875,65.54169464111328,2879400
1998-03-16,107.84375,108.375,107.53125,66.24929809570312,3223600
1998-03-17,108.3125,108.5625,107.65625,66.4405288696289,4581900
1998-03-18,108.25,108.96875,108.03125,66.68914794921875,1944100
1998-03-19,108.96875,109.375,108.65625,66.86128997802734,2554800
1998-03-20,109.5625,110.1875,108.875,67.4369888305664,3123300
1998-03-23,109.71875,110.3125,109.40625,67.28357696533203,4453100
1998-03-24,110.0625,110.8125,109.9375,67.85892486572266,3333600
1998-03-25,111.40625,111.53125,109.1875,67.6095962524414,4597600
1998-03-26,109.875,110.75,109.625,67.57125854492188,3333500
1998-03-27,110.75,110.78125,109.0,67.28357696533203,2611300
1998-03-30,109.625,110.09375,108.96875,67.24517059326172,3108700
1998-03-31,110.15625,111.1875,109.75,67.47538757324219,5926500
1998-04-01,110.3125,111.078125,109.40625,68.02195739746094,2929000
1998-04-02,110.9375,112.25,110.75,68.76044464111328,3920900
1998-04-03,112.34375,112.8125,111.84375,69.10565948486328,3787600
1998-04-06,113.25,113.375,111.6875,68.5494384765625,4550500
1998-04-07,111.75,111.9375,110.15625,68.08910369873047,5583700
1998-04-08,111.21875,111.28125,109.75,67.70555877685547,4854800
1998-04-09,110.5625,111.28125,110.53125,68.24251556396484,4481200
1998-04-13,111.375,111.375,110.0,68.05075073242188,4350200
1998-04-14,111.125,111.8125,110.90625,68.62616729736328,3279100
1998-04-15,111.96875,112.125,111.15625,68.8179702758789,3867200
1998-04-16,111.3125,111.5,110.5,68.01240539550781,7177900
1998-04-17,110.71875,112.4375,110.4375,68.91386413574219,5688800
1998-04-20,112.0,112.5625,111.875,68.89469146728516,3688300
1998-04-21,112.4375,113.15625,111.90625,69.22077178955078,4573200
1998-04-22,112.875,113.4375,112.8125,69.41253662109375,2386100
1998-04-23,112.625,113.0,111.75,68.74122619628906,5062000
1998-04-24,111.75,112.46875,110.34375,68.01240539550781,11039700
1998-04-27,109.375,109.6875,107.625,66.72732543945312,14510200
1998-04-28,109.78125,109.8125,108.125,66.6314468383789,6511400
1998-04-29,109.03125,109.96875,108.4375,67.09175872802734,7703100
1998-04-30,110.5625,111.921875,110.40625,68.33844757080078,8684500
1998-05-01,111.75,112.59375,111.3125,69.10565948486328,4008800
1998-05-04,112.71875,113.3125,112.15625,68.9330062866211,4537200
1998-05-05,112.0,112.15625,111.125,68.45355987548828,5146400
1998-05-06,112.125,112.125,110.1875,67.64798736572266,5526100
1998-05-07,110.5,110.5625,109.34375,67.1109619140625,6940400
1998-05-08,110.0,111.375,110.0,68.20419311523438,7951000
1998-05-11,111.5625,112.21875,110.375,67.97403717041016,6336300
1998-05-12,110.8125,111.96875,110.34375,68.702880859375,6045200
1998-05-13,112.0625,112.5625,111.59375,68.8755111694336,4441500
1998-05-14,111.53125,112.6875,111.34375,68.5302505493164,4187500
1998-05-15,112.0,112.21875,110.8125,68.1466064453125,6716100
1998-05-18,110.71875,111.59375,109.828125,67.87820434570312,4847200
1998-05-19,111.0,111.6875,110.78125,68.33844757080078,5918700
1998-05-20,112.09375,112.5,110.875,68.9905776977539,5716600
1998-05-21,112.375,112.78125,111.3125,68.5494384765625,6301500
1998-05-22,111.75,112.0625,110.9375,68.28091430664062,4862200
1998-05-26,112.09375,112.09375,109.1875,67.18765258789062,6899300
1998-05-27,108.53125,109.90625,107.578125,67.28357696533203,10202600
1998-05-28,109.875,110.375,109.0625,67.59043884277344,4907600
1998-05-29,110.625,110.8125,109.03125,66.91912841796875,4772600
1998-06-01,108.96875,110.21875,108.5625,67.22600555419922,6092200
1998-06-02,110.0,110.34375,109.15625,67.28357696533203,6701100
1998-06-03,109.875,110.1875,107.875,66.20947265625,6445100
1998-06-04,108.25,110.0625,108.0625,67.4369888305664,6566300
1998-06-05,110.375,112.0,109.875,68.74122619628906,8463200
1998-06-08,111.9375,112.46875,111.65625,68.6645278930664,4159900
1998-06-09,111.71875,112.421875,111.40625,68.8755111694336,2725300
1998-06-10,111.625,113.0625,111.25,68.43434143066406,6186900
1998-06-11,111.4375,111.875,109.375,67.1493148803711,8056600
1998-06-12,109.875,110.4375,108.25,67.78223419189453,9779000
1998-06-15,108.8125,109.90625,107.5,65.99847412109375,10234200
1998-06-16,108.40625,109.21875,107.75,67.01504516601562,7471500
1998-06-17,110.15625,111.78125,109.9375,68.41517639160156,12057700
1998-06-18,111.1875,111.4375,110.75,68.1082992553711,3844600
1998-06-19,111.0625,111.234375,109.625,67.76702117919922,3549100
1998-06-22,110.25,111.0625,110.0625,68.09415435791016,5438300
1998-06-23,111.09375,112.0625,111.0,68.90226745605469,5004600
1998-06-24,112.15625,113.6875,111.609375,69.82584381103516,8291900
1998-06-25,113.90625,114.4375,112.8125,69.71038055419922,5854800
1998-06-26,113.3125,113.84375,113.125,69.99897766113281,4833100
1998-06-29,114.25,114.6875,113.796875,70.24913787841797,5953400
1998-06-30,113.90625,114.1875,113.0625,69.76815032958984,4284800
1998-07-01,114.0625,114.9375,113.625,70.57624053955078,3489500
1998-07-02,114.71875,114.875,114.25,70.71094512939453,3503900
1998-07-06,114.78125,116.0,114.5625,71.42283630371094,3144400
1998-07-07,115.984375,116.125,115.28125,71.28813934326172,4920700
1998-07-08,115.875,116.9375,115.75,71.80766296386719,6875000
1998-07-09,116.28125,116.71875,115.625,71.32662200927734,6942500
1998-07-10,116.03125,116.9375,115.0625,71.71142578125,7849700
1998-07-13,116.5625,116.84375,116.0625,71.730712890625,6555100
1998-07-14,116.9375,118.15625,116.9375,72.53883361816406,6983600
1998-07-15,118.0625,118.28125,117.53125,72.4041519165039,4977500
1998-07-16,117.6875,118.59375,117.0625,72.90441131591797,6315600
1998-07-17,118.625,119.0,118.3125,73.00061798095703,3539500
1998-07-20,118.75,119.234375,117.9375,73.00061798095703,2338400
1998-07-21,119.0,119.0,116.28125,71.730712890625,5518600
1998-07-22,116.34375,116.984375,115.53125,71.730712890625,10417300
1998-07-23,116.3125,116.59375,113.90625,70.30686950683594,15110900
1998-07-24,114.96875,115.09375,112.875,70.24913787841797,11540500
1998-07-27,113.625,115.0,112.84375,70.74939727783203,9600000
1998-07-28,114.4375,114.65625,111.875,69.55648803710938,13693000
1998-07-29,113.71875,114.125,112.25,69.28710174560547,7462400
1998-07-30,113.625,114.59375,113.40625,70.32608795166016,6821600
1998-07-31,114.34375,114.5,111.3125,68.8252944946289,7680500
1998-08-03,111.78125,112.421875,111.03125,68.53669738769531,10486500
1998-08-04,112.21875,112.21875,107.0,65.88141632080078,15091600
1998-08-05,107.9375,108.875,105.59375,66.78575134277344,21718400
1998-08-06,108.125,109.5,107.5625,67.0743408203125,13084400
1998-08-07,109.6875,110.59375,108.46875,67.18980407714844,12083800
1998-08-10,108.75,109.65625,108.1875,66.80496215820312,6273000
1998-08-11,106.78125,107.4375,105.5,65.80443572998047,14287100
1998-08-12,107.75,108.875,107.5,66.92042541503906,11158400
1998-08-13,108.8125,109.65625,107.375,66.1123275756836,9073900
1998-08-14,108.34375,108.71875,105.78125,65.34263610839844,8628500
1998-08-17,106.0,108.9375,105.5,66.72801971435547,11290000
1998-08-18,109.0,110.59375,108.78125,67.9594497680664,7603900
1998-08-19,111.09375,111.09375,109.625,67.78629302978516,6258600
1998-08-20,109.6875,110.40625,109.15625,67.38218688964844,7402800
1998-08-21,108.1875,108.71875,105.5,66.84349822998047,16685400
1998-08-24,109.25,109.9375,108.3125,67.26677703857422,7201700
1998-08-25,110.375,111.25,108.640625,67.42068481445312,9688300
1998-08-26,108.28125,109.625,107.75,67.03590393066406,9339700
1998-08-27,107.0,107.5625,103.46875,63.88037109375,24887800
1998-08-28,104.96875,105.71875,102.15625,63.64942932128906,23735900
1998-08-31,103.75,104.015625,95.0,59.10853576660156,22563100
1998-09-01,96.0625,100.5625,93.625,61.609886169433594,24748500
1998-09-02,99.8125,101.75,98.78125,61.16734313964844,13843200
1998-09-03,97.625,99.375,96.75,60.68631362915039,17311300
1998-09-04,99.4375,99.8125,95.75,60.18606185913086,17783800
1998-09-08,100.875,103.0,99.8125,63.41855239868164,14746500
1998-09-09,102.75,103.125,100.4375,61.879295349121094,12109700
1998-09-10,98.4375,99.34375,96.8125,60.647865295410156,19889300
1998-09-11,98.1875,101.6875,97.0,62.61045455932617,20379800
1998-09-14,102.875,104.453125,102.09375,63.687931060791016,10686800
1998-09-15,102.875,104.3125,102.28125,64.07273864746094,8337900
1998-09-16,104.75,105.25,103.15625,64.64994812011719,11024900
1998-09-17,102.25,103.03125,101.78125,62.802852630615234,12945200
1998-09-18,102.375,102.40625,101.09375,63.08262252807617,7019200
1998-09-21,99.625,103.40625,98.9375,63.04397964477539,8834600
1998-09-22,103.5,103.65625,102.15625,63.56535339355469,7270100
1998-09-23,103.875,107.0,103.78125,66.11410522460938,13688500
1998-09-24,106.3125,106.8125,103.25,64.49214935302734,11129500
1998-09-25,103.125,105.421875,102.625,64.4149169921875,10247400
1998-09-28,105.3125,106.3125,104.25,64.99417877197266,8847800
1998-09-29,105.375,105.9375,103.375,64.83970642089844,10618100
1998-09-30,103.5,104.3125,101.375,62.870182037353516,7908400
1998-10-01,100.03125,101.546875,98.09375,61.05514907836914,13335600
1998-10-02,98.875,100.875,97.21875,62.232994079589844,14351800
1998-10-05,99.59375,99.96875,96.34375,60.97792434692383,12807200
1998-10-06,100.75,101.28125,97.53125,60.919986724853516,12621000
1998-10-07,98.625,100.03125,95.75,60.012451171875,14348500
1998-10-08,94.5625,96.75,92.21875,59.68421936035156,20625000
1998-10-09,97.0,98.78125,94.0625,60.88134765625,12708500
1998-10-12,100.625,101.4375,99.6875,61.76959228515625,9508500
1998-10-13,99.5625,100.40625,98.75,61.55720138549805,6256800
1998-10-14,98.9375,101.8125,98.84375,62.136474609375,8176900
1998-10-15,100.125,107.25,99.9375,65.47689819335938,20541100
1998-10-16,106.125,106.75,105.0,65.4961929321289,16573900
1998-10-19,105.6875,106.8125,105.5,65.72787475585938,7915900
1998-10-20,107.5625,108.796875,106.09375,66.11410522460938,14611600
1998-10-21,106.875,107.625,105.875,65.88237762451172,9178400
1998-10-22,106.78125,108.46875,106.15625,66.86714935302734,8277500
1998-10-23,107.96875,108.0,106.78125,66.01757049560547,6237200
1998-10-26,107.71875,108.46875,106.78125,66.50028991699219,5838600
1998-10-27,108.4375,108.96875,106.28125,66.11410522460938,10089700
1998-10-28,106.5625,107.53125,106.03125,65.99826049804688,5650600
1998-10-29,107.09375,109.4375,106.625,67.60089111328125,9625600
1998-10-30,110.125,110.90625,109.5,67.9677963256836,9872800
1998-11-02,110.8125,111.875,110.1875,69.12632751464844,6501400
1998-11-03,111.59375,111.8125,110.75,68.624267578125,6866000
1998-11-04,112.46875,113.09375,111.09375,69.35801696777344,8233600
1998-11-05,111.53125,113.9375,111.125,70.30416870117188,6841500
1998-11-06,113.46875,114.5625,113.3125,70.51654815673828,5224800
1998-11-09,113.9375,114.25,112.5,70.01457214355469,6188700
1998-11-10,113.0,113.9375,112.25,69.82144165039062,14015200
1998-11-11,113.8125,114.0,111.890625,69.35801696777344,10922400
1998-11-12,112.3125,113.125,111.6875,69.28079223632812,5457400
1998-11-13,112.21875,113.21875,112.125,69.95661926269531,5524600
1998-11-16,114.21875,114.359375,112.890625,70.47795867919922,6023700
1998-11-17,113.65625,115.625,113.0,70.47795867919922,9058900
1998-11-18,114.3125,115.0,113.5,70.90276336669922,4567700
1998-11-19,115.28125,115.90625,114.625,71.52062225341797,5249300
1998-11-20,116.359375,116.75,115.84375,72.061279296875,5562000
1998-11-23,117.46875,119.625,117.15625,73.760498046875,7151300
1998-11-24,119.0,119.65625,118.453125,73.29705810546875,5323700
1998-11-25,118.9375,119.1875,118.21875,73.29705810546875,4393500
1998-11-27,119.46875,119.71875,119.015625,73.83770751953125,4557900
1998-11-30,119.015625,119.375,116.125,71.75234985351562,8705400
1998-12-01,116.125,118.03125,115.21875,72.67919158935547,8950600
1998-12-02,117.21875,117.90625,116.0,72.466796875,7495500
1998-12-03,117.25,118.3125,115.09375,71.26961517333984,12145300
1998-12-04,116.625,118.5,116.5,73.14260864257812,10339500
1998-12-07,118.0625,119.46875,118.0,73.49017333984375,4290000
1998-12-08,118.53125,119.75,117.5,73.16191864013672,10102600
1998-12-09,118.6875,118.96875,117.875,73.29705810546875,5327900
1998-12-10,118.84375,118.84375,116.71875,72.22540283203125,5966600
1998-12-11,116.4375,117.34375,115.5625,72.37023162841797,8198200
1998-12-14,116.15625,116.40625,113.75,70.28488159179688,9521400
1998-12-15,114.6875,116.75,114.53125,72.09993743896484,9631500
1998-12-16,117.125,117.125,115.75,72.00336456298828,7260000
1998-12-17,117.21875,118.59375,117.03125,73.15225219726562,6914700
1998-12-18,118.3125,119.125,117.875,73.46308898925781,4802400
1998-12-21,119.25,121.34375,119.0,74.48983764648438,8580700
1998-12-22,120.40625,121.21875,119.1875,74.81920623779297,5461100
1998-12-23,121.1875,123.21875,120.8125,76.38842010498047,7791000
1998-12-24,123.15625,123.25,122.5,76.05908203125,1507100
1998-12-28,123.25,123.3125,122.0,75.86534881591797,4203600
1998-12-29,122.71875,124.484375,122.125,77.06649780273438,3935800
1998-12-30,123.9375,124.75,123.03125,76.44654083251953,6810700
1998-12-31,123.3125,123.9375,122.46875,76.44654083251953,6790500
1999-01-04,123.375,125.21875,121.71875,76.27220916748047,9450400
1999-01-05,122.9375,124.875,122.9375,77.1439437866211,8031000
1999-01-06,125.8125,127.75,125.75,79.00379943847656,7737700
1999-01-07,126.375,127.21875,125.78125,78.61634063720703,5504900
1999-01-08,128.1875,128.5,125.96875,79.197509765625,6224400
1999-01-11,127.6875,127.6875,125.21875,78.44196319580078,7578300
1999-01-12,126.21875,126.21875,123.75,77.02774047851562,7768800
1999-01-13,120.40625,125.125,120.375,76.48529815673828,10810600
1999-01-14,123.625,123.90625,120.90625,75.14850616455078,11400700
1999-01-15,122.375,124.78125,122.0625,77.10526275634766,7817700
1999-01-19,125.296875,125.625,123.5,77.60890197753906,6535100
1999-01-20,126.09375,127.9375,125.03125,78.2288589477539,6534400
1999-01-21,125.578125,125.84375,122.59375,76.15592193603516,6937500
1999-01-22,122.125,123.84375,121.78125,75.98155975341797,7522300
1999-01-25,123.28125,124.0,121.90625,76.75655364990234,5700300
1999-01-26,124.125,126.0625,123.625,78.1513671875,6047000
1999-01-27,126.375,126.625,124.15625,77.2408447265625,7399400
1999-01-28,125.25,126.96875,125.1875,78.53883361816406,5961700
1999-01-29,127.34375,128.296875,125.40625,79.1393814086914,6456800
1999-02-01,128.6875,128.6875,126.90625,78.67443084716797,9426800
1999-02-02,127.078125,127.21875,124.765625,78.19012451171875,9194500
1999-02-03,125.6875,127.9375,125.65625,78.98442077636719,10290700
1999-02-04,127.375,127.5,124.78125,77.80265045166016,7761100
1999-02-05,125.65625,125.65625,123.21875,76.91150665283203,7516100
1999-02-08,125.09375,125.09375,123.34375,77.06649780273438,8528400
1999-02-09,124.375,124.5,121.515625,75.34227752685547,8985700
1999-02-10,122.125,123.0,121.328125,75.82661437988281,6936700
1999-02-11,123.0625,126.09375,122.5,77.5701675415039,9181800
1999-02-12,124.8125,125.5,122.625,76.64028930664062,10676600
1999-02-16,124.75,125.625,122.875,76.17530059814453,6915500
1999-02-17,123.1875,125.359375,122.25,76.09783172607422,7858100
1999-02-18,123.1875,124.375,122.21875,76.69839477539062,9048900
1999-02-19,124.0,125.75,123.375,77.02774047851562,5312200
1999-02-22,124.4375,127.71875,124.28125,79.08128356933594,10695800
1999-02-23,127.59375,128.5,126.59375,79.04257202148438,7770700
1999-02-24,127.84375,128.84375,125.0,77.64768981933594,7271000
1999-02-25,124.53125,125.28125,122.6875,76.91150665283203,11633000
1999-02-26,124.75,124.84375,122.8125,76.60150146484375,9621300
1999-03-01,123.65625,124.3125,122.375,76.81462097167969,7607200
1999-03-02,124.5,125.3125,122.3125,76.1365737915039,9651500
1999-03-03,123.09375,123.5625,121.78125,76.54339599609375,7881400
1999-03-04,124.0625,125.484375,123.265625,77.5120849609375,8256400
1999-03-05,127.5,128.125,126.5625,79.07162475585938,10703100
1999-03-08,128.28125,128.796875,127.25,79.58497619628906,4802200
1999-03-09,128.125,129.9375,127.75,79.39127349853516,7893400
1999-03-10,128.46875,129.25,127.78125,80.0887451171875,3950000
1999-03-11,129.6875,131.1875,128.875,80.97986602783203,6583700
1999-03-12,131.0,131.03125,129.21875,80.20491790771484,5286500
1999-03-15,129.9375,131.25,129.5,81.3479232788086,5394400
1999-03-16,131.125,131.65625,130.46875,81.03797912597656,4547500
1999-03-17,130.6875,130.9375,129.625,80.68925476074219,4524100
1999-03-18,129.78125,132.375,129.75,81.98725891113281,3506300
1999-03-19,132.3125,132.625,129.6875,80.59369659423828,5526700
1999-03-22,130.0625,130.59375,129.421875,80.7490463256836,4603800
1999-03-23,129.3125,129.53125,125.703125,78.41860961914062,9713800
1999-03-24,126.84375,127.171875,125.625,78.86528778076172,6280900
1999-03-25,128.0625,129.5,127.75,80.47713470458984,6639600
1999-03-26,128.625,129.125,127.71875,79.89456939697266,6159700
1999-03-29,129.15625,131.4375,129.15625,81.5064468383789,5863900
1999-03-30,129.9375,131.21875,129.5625,81.0792236328125,5401400
1999-03-31,131.15625,131.609375,128.3125,79.7780532836914,7413600
1999-04-01,129.6875,129.6875,128.125,80.38005828857422,7683600
1999-04-05,130.9375,132.59375,130.25,82.28321838378906,5791100
1999-04-06,132.1875,132.984375,131.15625,82.08908081054688,5381300
1999-04-07,132.6875,133.375,131.375,82.74931335449219,6248600
1999-04-08,133.1875,134.9375,132.28125,83.79801177978516,5909100
1999-04-09,134.4375,135.5,133.59375,83.81741333007812,4365800
1999-04-12,133.46875,136.40625,133.21875,84.71074676513672,8213200
1999-04-13,136.25,136.46875,134.5,84.16696166992188,10071400
1999-04-14,136.0625,136.0625,132.6875,82.74931335449219,11551700
1999-04-15,133.4375,133.5625,131.0,82.43859100341797,11150000
1999-04-16,132.90625,132.90625,131.1875,81.73947143554688,6476200
1999-04-19,132.6875,134.53125,128.375,80.47713470458984,12487200
1999-04-20,129.8125,131.1875,129.0,81.48701477050781,9049600
1999-04-21,131.0625,135.625,130.40625,83.81741333007812,5772200
1999-04-22,135.125,136.375,134.390625,84.6136245727539,6897400
1999-04-23,135.875,136.75,135.0,84.40001678466797,4593100
1999-04-26,136.5,136.8125,135.46875,84.88552856445312,3606500
1999-04-27,137.125,137.5,135.84375,85.2933349609375,5147200
1999-04-28,136.4375,137.25,135.0,84.128173828125,5544300
1999-04-29,135.5625,136.0625,133.8125,83.4872817993164,9824300
1999-04-30,135.09375,135.625,131.5,82.80757141113281,10991900
1999-05-03,133.4375,135.84375,133.09375,84.32234191894531,10709700
1999-05-04,135.125,135.8125,133.125,83.1182861328125,10509300
1999-05-05,133.9375,135.0625,131.84375,83.77855682373047,10032300
1999-05-06,134.4375,135.125,132.375,83.26394653320312,13507200
1999-05-07,134.5,135.125,133.4375,83.89511108398438,8680700
1999-05-10,134.84375,135.71875,133.53125,83.47757720947266,5580100
1999-05-11,135.3125,136.875,134.71875,84.32234191894531,7000600
1999-05-12,135.75,137.21875,131.5,84.98260498046875,13865800
1999-05-13,137.25,138.0,136.8125,85.35161590576172,4485700
1999-05-14,134.5625,135.875,133.5,83.13768005371094,8370100
1999-05-17,133.625,134.484375,132.375,83.39020538330078,6268100
1999-05-18,134.53125,134.984375,132.625,83.2348403930664,8218600
1999-05-19,134.46875,135.0,133.25,83.83684539794922,5052400
1999-05-20,135.125,135.59375,134.0625,83.33195495605469,4670400
1999-05-21,134.125,134.6875,132.59375,82.86585998535156,6418200
1999-05-24,133.84375,133.84375,130.390625,81.48701477050781,7952000
1999-05-25,131.375,132.34375,128.4375,80.16643524169922,15406400
1999-05-26,129.3125,131.0,128.09375,81.05976867675781,12575900
1999-05-27,129.84375,130.28125,128.0,79.89456939697266,14515400
1999-05-28,129.0,130.75,128.59375,80.91410827636719,8748000
1999-06-01,130.125,130.15625,128.375,80.63251495361328,6705300
1999-06-02,129.75,130.1875,128.015625,80.710205078125,6981900
1999-06-03,130.6875,130.875,129.78125,81.15685272216797,6076600
1999-06-04,131.46875,133.359375,130.9375,82.78813171386719,9787200
1999-06-07,133.4375,134.1875,132.90625,83.00180053710938,5299100
1999-06-08,133.375,133.796875,131.59375,82.18614959716797,4895700
1999-06-09,132.40625,133.09375,131.8125,82.10845184326172,7409700
1999-06-10,131.4375,131.46875,129.59375,81.35099792480469,7040700
1999-06-11,131.21875,132.21875,129.09375,80.67138671875,12824800
1999-06-14,130.6875,130.75,129.546875,80.7490463256836,6823500
1999-06-15,130.46875,131.65625,130.078125,81.29283905029297,5700900
1999-06-16,132.375,133.875,132.375,82.84646606445312,7865800
1999-06-17,132.875,135.5625,132.625,83.62318420410156,8162800
1999-06-18,134.0625,134.6875,133.375,83.7198715209961,2875100
1999-06-21,134.46875,135.25,133.65625,83.91459655761719,4646400
1999-06-22,134.0,135.1875,133.5,83.33023071289062,5862400
1999-06-23,133.0,133.625,132.125,82.92118835449219,9629200
1999-06-24,132.875,132.9375,130.65625,82.29788208007812,9176900
1999-06-25,132.59375,133.015625,131.25,82.0933609008789,4087000
1999-06-28,132.6875,133.625,132.5,83.0965576171875,5028900
1999-06-29,133.0,135.1875,132.78125,83.87567901611328,6956200
1999-06-30,134.625,137.5,133.84375,85.39502716064453,16856100
1999-07-01,137.0,138.5,136.0625,86.03782653808594,9939500
1999-07-02,138.125,139.5,137.90625,86.89488220214844,3772800
1999-07-06,139.25,140.75,138.59375,86.8753890991211,11221100
1999-07-07,139.0625,139.71875,138.515625,86.9922866821289,3230700
1999-07-08,139.0625,140.625,138.75,87.06040954589844,7101500
1999-07-09,140.0,140.59375,139.5625,87.57665252685547,2976800
1999-07-12,140.9375,140.9375,139.5,87.18708801269531,4436300
1999-07-13,139.375,139.921875,138.65625,86.8753890991211,6477600
1999-07-14,140.0,140.21875,138.75,87.36238098144531,4382500
1999-07-15,140.78125,141.375,140.3125,87.91753387451172,3348600
1999-07-16,141.25,142.15625,140.75,88.39471435546875,2281500
1999-07-19,142.1875,142.25,140.5625,87.81040954589844,4287000
1999-07-20,140.125,140.40625,137.53125,86.00857543945312,7060100
1999-07-21,138.09375,138.90625,137.3125,85.91117858886719,4793700
1999-07-22,137.4375,138.0,135.46875,84.78144073486328,7804100
1999-07-23,136.65625,137.0,135.125,84.61585235595703,4603000
1999-07-26,134.875,136.125,134.625,83.9925308227539,4333400
1999-07-27,136.0,137.203125,135.375,84.69377899169922,5908500
1999-07-28,136.25,137.3125,135.59375,84.96646881103516,3955500
1999-07-29,134.9375,135.25,133.3125,83.77828979492188,7760600
1999-07-30,134.8125,135.34375,132.5625,82.74586486816406,5994300
1999-08-02,132.75,134.75,132.5,82.9406967163086,6065500
1999-08-03,133.71875,133.84375,131.375,82.55110931396484,5445400
1999-08-04,132.71875,133.875,130.4375,81.42132568359375,6497900
1999-08-05,130.875,131.9375,128.84375,82.16154479980469,10322000
1999-08-06,131.21875,132.0,129.5,81.26553344726562,7537700
1999-08-09,130.59375,131.796875,129.75,81.09020233154297,5565900
1999-08-10,129.875,130.15625,127.0,80.1941909790039,9793300
1999-08-11,129.6875,130.53125,128.625,81.16814422607422,8003400
1999-08-12,130.6875,131.8125,129.90625,81.11941528320312,7036800
1999-08-13,131.625,133.25,131.125,82.99913024902344,5857700
1999-08-16,133.125,133.96875,132.25,83.36923217773438,3927000
1999-08-17,134.4375,134.84375,133.125,83.91459655761719,4808000
1999-08-18,134.203125,134.375,133.25,83.31083679199219,4355500
1999-08-19,132.375,133.234375,131.6875,82.6290054321289,6448100
1999-08-20,133.0625,134.125,132.6875,83.46661376953125,3663700
1999-08-23,134.8125,136.546875,134.65625,85.06385040283203,5637800
1999-08-24,136.0625,137.96875,135.375,85.37552642822266,9279500
1999-08-25,137.1875,138.78125,136.15625,86.25209045410156,6005300
1999-08-26,138.28125,138.421875,136.5,85.21971893310547,4322300
1999-08-27,136.875,137.0625,135.0625,84.18731689453125,6247400
1999-08-30,135.34375,135.5,132.0,82.6290054321289,4652000
1999-08-31,132.9375,133.75,130.875,82.31732940673828,11453700
1999-09-01,132.9375,133.734375,132.3125,83.33023071289062,6863900
1999-09-02,132.125,132.671875,130.65625,82.34660339355469,10896300
1999-09-03,134.875,136.5,134.6875,84.75222778320312,9160800
1999-09-07,136.0625,136.625,135.21875,84.4405517578125,4560800
1999-09-08,134.84375,136.0625,134.03125,84.03146362304688,6159600
1999-09-09,134.75,135.25,133.6875,83.9925308227539,6177800
1999-09-10,136.25,136.359375,134.9375,84.69377899169922,2934500
1999-09-13,135.125,135.46875,134.5,84.11914825439453,2320500
1999-09-14,134.0625,134.5625,133.375,83.56399536132812,3736000
1999-09-15,135.4375,135.4375,131.875,82.23944854736328,6984500
1999-09-16,132.5,132.8125,130.3125,82.56082916259766,15377600
1999-09-17,132.625,133.9375,132.15625,83.60403442382812,8542300
1999-09-20,133.9375,134.0,133.09375,83.4868392944336,2803900
1999-09-21,132.25,132.46875,130.15625,81.72877502441406,9335200
1999-09-22,131.25,131.84375,129.75,81.64090728759766,13009100
1999-09-23,131.8125,131.8125,127.625,79.93170166015625,12204100
1999-09-24,127.75,128.375,126.3125,79.85356140136719,13792900
1999-09-27,128.75,129.75,128.28125,80.3809585571289,6970300
1999-09-28,127.9375,128.8125,125.5625,80.2247314453125,11063400
1999-09-29,128.4375,129.125,126.75,79.26754760742188,7580300
1999-09-30,127.4375,129.4375,126.96875,80.47863006591797,7498900
1999-10-01,127.9375,128.5625,126.625,80.3028335571289,11127100
1999-10-04,129.1875,130.875,128.75,81.72877502441406,6341600
1999-10-05,130.71875,131.96875,128.6875,81.65067291259766,11976000
1999-10-06,130.75,132.8125,130.6875,82.90080261230469,10308200
1999-10-07,132.859375,133.0,131.5,82.43197631835938,6535600
1999-10-08,131.75,133.875,131.234375,83.6821517944336,9674300
1999-10-11,133.59375,134.125,133.3125,83.54544067382812,4282000
1999-10-12,133.125,133.3125,131.1875,82.25616455078125,8686100
1999-10-13,130.6875,131.3125,128.1875,80.12702178955078,10469300
1999-10-14,128.484375,129.1875,126.75,80.10750579833984,10562200
1999-10-15,126.0,126.75,124.5,78.05646514892578,14238700
1999-10-18,124.9375,125.9375,123.4375,78.6229019165039,9758800
1999-10-19,127.1875,128.25,125.9375,79.3847427368164,14392900
1999-10-20,127.75,129.46875,127.125,80.16607666015625,9759400
1999-10-21,127.21875,129.0,126.625,80.63489532470703,9105400
1999-10-22,129.75,131.21875,129.5625,81.3185806274414,8309600
1999-10-25,129.3125,130.46875,128.75,80.90835571289062,8114300
1999-10-26,130.1875,130.6875,127.8125,79.89263916015625,6256300
1999-10-27,128.375,130.3125,128.25,81.33815002441406,5433300
1999-10-28,132.4375,134.859375,132.1875,84.11188507080078,10509700
1999-10-29,135.84375,137.6875,135.71875,85.63554382324219,10988600
1999-11-01,136.5,137.0,135.5625,84.7369613647461,4006500
1999-11-02,135.96875,137.25,134.59375,84.13146209716797,6516900
1999-11-03,136.0,136.375,135.125,84.6978759765625,7222300
1999-11-04,136.75,137.359375,135.765625,85.3425064086914,7907500
1999-11-05,138.625,139.109375,136.78125,86.18244934082031,7431500
1999-11-08,137.0,138.375,136.75,86.26058959960938,4649200
1999-11-09,138.5,138.6875,136.28125,85.44991302490234,4533700
1999-11-10,136.25,138.390625,136.078125,86.08475494384766,6405600
1999-11-11,138.1875,138.5,137.46875,86.57315063476562,4794100
1999-11-12,139.25,139.984375,137.125,87.35446166992188,11802900
1999-11-15,139.84375,140.25,139.40625,87.55957794189453,2187500
1999-11-16,140.5625,143.0,140.09375,88.2920913696289,7544800
1999-11-17,142.25,142.9375,141.3125,88.5264892578125,9459000
1999-11-18,142.4375,143.0,141.625,89.15159606933594,4491000
1999-11-19,142.40625,142.96875,142.0,89.073486328125,4832100
1999-11-22,142.4375,143.0,141.5,89.05390930175781,4155400
1999-11-23,142.84375,142.84375,140.375,88.2725830078125,5918000
1999-11-24,140.75,142.4375,140.0,88.7413558959961,4459700
1999-11-26,142.46875,142.875,141.25,88.40927124023438,1693900
1999-11-29,140.875,141.921875,140.4375,88.09674072265625,7348600
1999-11-30,140.75,142.3125,139.0,87.06146240234375,7682000
1999-12-01,139.3125,140.5,139.0,87.76468658447266,6980200
1999-12-02,140.625,141.375,140.375,88.2920913696289,6698300
1999-12-03,143.03125,145.34375,143.03125,89.91339111328125,10045400
1999-12-06,143.53125,143.71875,142.25,89.24925231933594,3138900
1999-12-07,143.28125,143.3125,141.375,88.5264892578125,10714200
1999-12-08,141.34375,142.0625,140.5,87.96002960205078,4611400
1999-12-09,141.8125,142.21875,139.375,88.3897476196289,6474700
1999-12-10,142.28125,142.8125,140.875,88.68278503417969,5127300
1999-12-13,141.4375,142.71875,141.28125,88.83899688720703,4210800
1999-12-14,141.625,142.484375,140.625,87.97956848144531,5739000
1999-12-15,140.375,142.203125,140.03125,88.4483642578125,6879100
1999-12-16,142.1875,142.65625,141.15625,88.83899688720703,5854900
1999-12-17,143.0,143.3125,142.0625,89.4095458984375,4775400
1999-12-20,142.5625,143.1875,141.09375,88.76337432861328,4608700
1999-12-21,141.59375,144.0625,141.34375,90.11448669433594,7981300
1999-12-22,143.625,144.1875,142.96875,90.3494644165039,5377500
1999-12-23,145.015625,146.484375,145.0,91.78875732421875,5721700
1999-12-27,146.5,146.78125,145.0625,91.66144561767578,2691000
1999-12-28,145.875,146.5,145.484375,91.60270690917969,4084500
1999-12-29,146.3125,146.8125,145.3125,91.99434661865234,3001000
1999-12-30,147.125,147.5625,146.1875,91.88664245605469,3641300
1999-12-31,146.84375,147.5,146.25,92.03352355957031,3172700
2000-01-03,148.25,148.25,143.875,91.13277435302734,8164300
2000-01-04,143.53125,144.0625,139.640625,87.56888580322266,8089800
2000-01-05,139.9375,141.53125,137.25,87.72553253173828,12177900
2000-01-06,139.625,141.5,137.75,86.31568908691406,6227200
2000-01-07,140.3125,145.75,140.0625,91.32855224609375,8066500
2000-01-10,146.25,146.90625,145.03125,91.64190673828125,5741700
2000-01-11,145.8125,146.09375,143.5,90.54524993896484,7503700
2000-01-12,144.59375,144.59375,142.875,89.64452362060547,6907700
2000-01-13,144.46875,145.75,143.28125,90.85860443115234,5158300
2000-01-14,146.53125,147.46875,145.96875,92.09227752685547,7437300
2000-01-18,145.34375,146.625,145.1875,91.36774444580078,6488500
2000-01-19,145.3125,147.0,145.0,92.1118392944336,6157900
2000-01-20,146.96875,146.96875,143.8125,90.70196533203125,5800100
2000-01-21,145.5,145.5,144.0625,90.50611877441406,6244800
2000-01-24,145.65625,145.84375,139.40625,87.94099426269531,7896900
2000-01-25,140.515625,141.9375,139.0,88.93960571289062,9942500
2000-01-26,141.0,141.546875,140.09375,88.23468017578125,5158100
2000-01-27,141.84375,142.21875,138.125,87.88219451904297,10922700
2000-01-28,139.4375,140.0625,135.53125,85.14076232910156,11916200
2000-01-31,135.8125,139.671875,135.0,87.45140075683594,10768700
2000-02-01,139.75,141.6875,138.53125,88.31297302246094,8419900
2000-02-02,141.28125,142.25,140.375,88.39134979248047,6205900
2000-02-03,140.875,143.25,140.0,89.72290802001953,7997500
2000-02-04,143.1875,144.0,142.125,89.3508529663086,4925400
2000-02-07,142.5625,142.78125,141.4375,89.21373748779297,5845800
2000-02-08,143.96875,144.5625,143.625,90.42778015136719,4936400
2000-02-09,144.46875,144.46875,141.265625,88.52840423583984,8511500
2000-02-10,141.625,142.5625,140.875,88.70465850830078,6690600
2000-02-11,141.84375,141.9375,138.03125,86.9030990600586,9849800
2000-02-14,139.78125,139.78125,138.3125,87.4122314453125,8528800
2000-02-15,139.25,141.21875,137.796875,88.40109252929688,11078300
2000-02-16,140.375,140.9375,138.796875,87.09892272949219,8845400
2000-02-17,140.4375,140.4375,138.21875,86.6485824584961,7584200
2000-02-18,138.875,138.875,134.625,84.7883529663086,9409200
2000-02-22,135.1875,136.34375,133.53125,84.57292938232422,16415400
2000-02-23,135.625,137.46875,134.5,85.57156372070312,12119000
2000-02-24,136.6875,137.03125,133.09375,83.84843444824219,17375000
2000-02-25,135.1875,136.71875,133.125,83.54489135742188,10559900
2000-02-28,133.375,136.6875,132.71875,85.29745483398438,13397800
2000-02-29,136.0625,137.4375,135.75,86.11988830566406,8242500
2000-03-01,137.625,139.0,137.21875,86.74649047851562,6868000
2000-03-02,138.6875,139.125,137.34375,86.80522155761719,7600200
2000-03-03,140.4375,141.71875,139.71875,88.43050384521484,12770300
2000-03-06,140.8125,141.34375,138.75,87.56888580322266,11967100
2000-03-07,140.0,140.15625,135.21875,85.87509155273438,20062000
2000-03-08,136.46875,137.84375,135.03125,85.76737976074219,11808500
2000-03-09,137.25,140.875,136.125,88.27386474609375,5500900
2000-03-10,140.1875,142.0,139.53125,87.80384826660156,7924600
2000-03-13,136.6875,140.46875,135.6875,86.84441375732422,10540500
2000-03-14,139.28125,140.09375,136.15625,85.6107406616211,8263900
2000-03-15,136.875,140.4375,136.0625,87.60807800292969,10300800
2000-03-16,141.625,146.84375,140.875,91.70057678222656,25601400
2000-03-17,145.8125,148.0,145.4375,92.30668640136719,10272900
2000-03-20,146.875,147.34375,144.78125,91.83551788330078,12502300
2000-03-21,145.53125,149.75,144.5,93.72015380859375,13612600
2000-03-22,149.5625,150.84375,148.6875,94.28949737548828,8260000
2000-03-23,149.15625,153.46875,149.15625,95.89920806884766,11654500
2000-03-24,152.875,155.75,151.71875,96.46858215332031,11462900
2000-03-27,153.375,153.78125,151.8125,95.44767761230469,8798600
2000-03-28,151.25,152.984375,150.59375,94.89797973632812,6334400
2000-03-29,151.5625,152.484375,149.65625,94.99617767333984,6747500
2000-03-30,150.15625,151.921875,147.125,93.4060287475586,9491900
2000-03-31,149.625,152.3125,148.4375,94.46611785888672,9249100
2000-04-03,150.125,151.25,148.6875,95.01580047607422,8508200
2000-04-04,151.75,153.0,141.390625,94.3090591430664,19585500
2000-04-05,147.875,150.8125,147.625,93.72015380859375,8387200
2000-04-06,150.25,151.6875,149.0,94.53482818603516,6378500
2000-04-07,151.5625,152.125,150.5,95.13359069824219,6023600
2000-04-10,151.75,153.109375,150.3125,94.76060485839844,9624200
2000-04-11,150.0,151.625,148.375,94.48573303222656,9006400
2000-04-12,150.375,151.15625,146.15625,91.89437866210938,10779200
2000-04-13,147.46875,148.15625,143.78125,90.61839294433594,12225800
2000-04-14,142.625,142.8125,133.5,85.4356460571289,29604000
2000-04-17,135.1875,140.75,134.6875,88.41969299316406,23918200
2000-04-18,140.5625,144.46875,139.78125,90.75577545166016,11069200
2000-04-19,144.5,145.125,142.53125,89.9116439819336,6553700
2000-04-20,143.5625,143.9375,142.375,90.34351348876953,8537600
2000-04-24,141.5,143.3125,140.5,89.3619613647461,12893100
2000-04-25,144.625,148.15625,144.4375,93.07233428955078,14102000
2000-04-26,147.96875,148.75,146.0,92.02203369140625,7711100
2000-04-27,143.0,147.34375,143.0,91.71778106689453,15595300
2000-04-28,147.0,147.859375,145.0625,91.14840698242188,8743400
2000-05-01,146.5625,148.484375,145.84375,92.38520050048828,7328300
2000-05-02,145.5,147.125,144.125,90.53986358642578,9411900
2000-05-03,144.0,144.0,139.78125,88.41969299316406,12630700
2000-05-04,142.0,142.359375,140.75,89.08711242675781,5963600
2000-05-05,141.0625,144.0,140.9375,90.16682434082031,7862400
2000-05-08,142.75,143.375,141.84375,89.4896011352539,5064100
2000-05-09,143.0625,143.40625,140.265625,88.77301788330078,5620300
2000-05-10,140.5,140.96875,137.75,86.77059173583984,10293900
2000-05-11,140.125,141.5,139.125,88.75341033935547,7091100
2000-05-12,141.8125,143.46875,141.625,89.71537780761719,5960800
2000-05-15,142.75,145.609375,142.0,91.26619720458984,4441300
2000-05-16,146.5625,147.71875,145.3125,92.14962005615234,8192200
2000-05-17,145.6875,146.1875,144.46875,91.18766021728516,5907200
2000-05-18,145.625,146.3125,143.375,90.0687026977539,4325600
2000-05-19,142.5625,143.234375,140.40625,88.65524291992188,6518400
2000-05-22,141.25,141.46875,137.0,87.98780822753906,10839400
2000-05-23,140.4375,140.8125,137.5625,86.69212341308594,7979200
2000-05-24,138.0,140.6875,136.5,88.10555267333984,11081500
2000-05-25,140.6875,141.8125,137.71875,86.59394073486328,8278900
2000-05-26,138.8125,139.6875,137.328125,86.69212341308594,4814000
2000-05-30,140.0,142.9375,139.46875,89.5190658569336,5362700
2000-05-31,142.5625,144.0,142.09375,89.71537780761719,6056500
2000-06-01,143.6875,145.4375,143.0,91.28581237792969,8961600
2000-06-02,148.9375,149.09375,147.484375,92.87598419189453,8962200
2000-06-05,147.46875,148.21875,146.875,92.42447662353516,6998100
2000-06-06,146.625,147.78125,145.90625,92.01219177246094,4858900
2000-06-07,146.625,148.0,146.0,92.65019989013672,4919500
2000-06-08,147.5,147.75,146.0625,92.28704833984375,5723100
2000-06-09,147.5,147.96875,145.625,92.09075164794922,3085300
2000-06-12,146.96875,146.96875,144.875,91.0110092163086,3678900
2000-06-13,144.8125,147.75,144.625,92.71892547607422,6558700
2000-06-14,148.25,148.875,147.1875,92.87598419189453,6420500
2000-06-15,148.125,148.75,146.84375,93.07233428955078,5881200
2000-06-16,148.3125,148.3125,145.875,92.30754852294922,5567900
2000-06-19,146.46875,149.15625,146.25,93.48820495605469,5106900
2000-06-20,148.1875,148.875,147.0,93.15365600585938,6480000
2000-06-21,146.9375,148.4375,146.890625,93.11434173583984,3115000
2000-06-22,147.5625,147.6875,145.0,91.69754028320312,7490500
2000-06-23,145.8125,146.125,143.875,90.91041564941406,4863300
2000-06-26,145.375,146.25,144.875,92.08130645751953,5201300
2000-06-27,145.984375,146.71875,145.015625,91.40238189697266,4159500
2000-06-28,145.625,146.984375,145.3125,91.65821838378906,5347700
2000-06-29,144.75,145.75,143.515625,90.7923583984375,6345700
2000-06-30,143.9375,145.59375,143.890625,91.48110961914062,7420200
2000-07-03,145.4375,147.4375,145.1875,92.74044036865234,1436600
2000-07-05,146.375,146.65625,144.375,91.06782531738281,2748200
2000-07-06,144.9375,146.46875,144.21875,91.77623748779297,5963200
2000-07-07,146.6875,148.78125,146.25,93.25209045410156,3034800
2000-07-10,147.875,148.90625,147.53125,93.09468078613281,2816100
2000-07-11,147.46875,149.125,147.15625,93.29142761230469,5431600
2000-07-12,149.28125,150.125,148.6875,93.90138244628906,5883000
2000-07-13,149.984375,150.375,149.1875,94.31465911865234,5356000
2000-07-14,150.4375,151.25,149.671875,95.2394790649414,5341900
2000-07-17,150.984375,151.984375,150.6875,95.08211517333984,4208300
2000-07-18,150.625,150.625,149.34375,94.3048324584961,4262100
2000-07-19,149.46875,149.90625,148.25,93.54718780517578,8506800
2000-07-20,149.0,150.625,148.8125,94.84593200683594,4538900
2000-07-21,149.75,149.75,147.6875,92.99626922607422,5656900
2000-07-24,148.125,148.859375,146.5625,92.46495056152344,5628500
2000-07-25,147.75,147.84375,146.78125,92.76010131835938,4757100
2000-07-26,146.96875,147.15625,145.640625,91.85494232177734,12062500
2000-07-27,145.9375,146.625,144.6875,91.54015350341797,7652600
2000-07-28,145.71875,145.90625,141.515625,89.47396087646484,6229500
2000-07-31,142.9375,144.125,142.0625,90.04461669921875,5265500
2000-08-01,143.625,144.71875,143.125,90.59558868408203,3946600
2000-08-02,143.875,145.40625,143.625,91.04820251464844,7439800
2000-08-03,142.875,145.8125,142.625,91.6778335571289,4607100
2000-08-04,146.3125,146.71875,145.40625,92.16980743408203,3686600
2000-08-07,146.71875,148.4375,146.375,93.27172088623047,4159800
2000-08-08,147.5,148.8125,147.5,93.62596893310547,3658700
2000-08-09,149.140625,149.21875,147.375,92.83885192871094,5383800
2000-08-10,147.53125,147.859375,146.28125,92.38622283935547,4193400
2000-08-11,146.625,148.0,145.5625,92.81913757324219,5089400
2000-08-14,147.78125,149.5625,147.0625,93.99982452392578,2966700
2000-08-15,149.34375,149.8125,148.5625,93.92112731933594,5564600
2000-08-16,149.3125,149.9375,147.84375,93.58657836914062,5191600
2000-08-17,148.6875,150.4375,148.34375,94.57049560546875,5652200
2000-08-18,150.375,150.375,149.21875,94.25558471679688,4626400
2000-08-21,150.03125,150.71875,149.40625,94.76727294921875,2380600
2000-08-22,150.5625,151.3125,150.09375,94.6098403930664,3075300
2000-08-23,149.8125,151.28125,149.28125,94.98369598388672,5483200
2000-08-24,151.15625,151.5,150.5,95.27888488769531,4529000
2000-08-25,151.15625,151.625,150.9375,95.2394790649414,2822200
2000-08-28,151.25,152.90625,151.25,95.56417083740234,5518700
2000-08-29,151.4375,151.875,150.90625,95.5838623046875,3561900
2000-08-30,151.3125,151.5,150.34375,94.66887664794922,3964800
2000-08-31,151.0625,153.09375,150.90625,95.92826080322266,4863100
2000-09-01,153.25,153.59375,152.0,96.026611328125,3191200
2000-09-05,151.875,152.203125,150.8125,95.25916290283203,3470800
2000-09-06,151.1875,151.953125,149.53125,94.17689514160156,4322200
2000-09-07,150.25,151.078125,149.828125,94.98369598388672,4265500
2000-09-08,150.28125,150.5,149.328125,94.3343276977539,3518200
2000-09-11,149.75,151.1875,148.6875,94.19659423828125,3937500
2000-09-12,149.75,150.25,148.4375,93.50788116455078,4769100
2000-09-13,148.0,149.34375,147.65625,93.7538833618164,7691600
2000-09-14,149.875,149.9375,148.15625,94.22613525390625,3397100
2000-09-15,148.1875,148.25,146.0,92.16466522216797,4085700
2000-09-18,146.375,146.96875,144.203125,91.31636810302734,5109300
2000-09-19,145.125,146.3125,144.703125,92.14495086669922,6588200
2000-09-20,145.6875,146.03125,143.15625,91.46431732177734,6508100
2000-09-21,144.46875,145.5625,142.625,90.07360076904297,5972300
2000-09-22,142.625,145.3125,142.421875,91.7109375,7791300
2000-09-25,145.9375,146.0625,143.71875,91.05994415283203,9726300
2000-09-26,144.375,145.0,142.40625,89.89600372314453,5302400
2000-09-27,143.5625,143.96875,142.125,90.36949920654297,7186200
2000-09-28,143.1875,146.328125,142.890625,91.53339385986328,7036400
2000-09-29,145.46875,145.96875,143.625,90.66536712646484,9333600
2000-10-02,144.28125,144.90625,143.140625,90.80352783203125,5517800
2000-10-03,144.53125,145.75,142.28125,89.95526123046875,9347200
2000-10-04,142.875,144.25,141.75,90.70482635498047,6148900
2000-10-05,143.40625,144.84375,143.3125,91.02045440673828,4566900
2000-10-06,143.875,144.640625,139.75,89.04778289794922,10014900
2000-10-09,141.3125,141.3125,139.375,88.37702941894531,4508000
2000-10-10,140.09375,141.25,137.6875,86.9172592163086,6104700
2000-10-11,137.625,138.625,135.125,86.18736267089844,10346000
2000-10-12,137.28125,137.59375,132.78125,84.037109375,12336900
2000-10-13,132.9375,137.65625,132.875,86.83832550048828,11778800
2000-10-16,137.40625,138.234375,136.6875,87.23287200927734,5659000
2000-10-17,138.4375,138.5625,134.40625,85.0628890991211,7831700
2000-10-18,132.625,136.125,130.15625,84.74727630615234,10897300
2000-10-19,136.84375,139.453125,136.4375,87.94303894042969,8767300
2000-10-20,138.375,141.1875,138.375,88.31785583496094,7373500
2000-10-23,139.9375,141.03125,138.9375,88.7124252319336,5290000
2000-10-24,140.96875,141.9375,139.0,88.12056732177734,5750700
2000-10-25,138.75,139.5625,136.125,86.04925537109375,9137600
2000-10-26,137.125,137.65625,134.03125,86.28600311279297,9345800
2000-10-27,137.875,139.28125,136.625,87.92334747314453,9762900
2000-10-30,138.4375,141.09375,138.15625,88.7124252319336,10154100
2000-10-31,141.015625,143.6875,140.0625,90.2412338256836,7752400
2000-11-01,142.25,143.25,141.21875,89.93550109863281,6753600
2000-11-02,143.15625,143.90625,142.515625,90.0834732055664,11395100
2000-11-03,143.46875,143.75,142.375,90.13275909423828,5187100
2000-11-06,143.15625,144.296875,143.03125,90.76404571533203,4042500
2000-11-07,143.140625,144.0,142.5625,90.74430084228516,5231300
2000-11-08,144.0625,144.0625,140.5625,88.73213195800781,6123300
2000-11-09,140.0,141.21875,137.25,88.39677429199219,10635300
2000-11-10,139.0,139.46875,136.53125,86.24654388427734,8569500
2000-11-13,135.625,136.984375,133.015625,85.57584381103516,17285300
2000-11-14,137.46875,139.625,137.0,87.82467651367188,7668900
2000-11-15,139.0625,140.109375,137.75,88.10089874267578,8837700
2000-11-16,138.578125,139.875,137.3125,86.719970703125,6684100
2000-11-17,137.3125,139.0,135.75,86.25640869140625,6551100
2000-11-20,135.75,136.375,134.3125,85.02346801757812,5458500
2000-11-21,134.875,136.1875,133.515625,85.45748901367188,7684300
2000-11-22,134.34375,134.875,132.125,83.41570281982422,5736900
2000-11-24,133.625,134.96875,133.625,85.12210845947266,3411600
2000-11-27,136.46875,136.6875,135.3125,85.87168884277344,5992000
2000-11-28,135.125,136.59375,133.640625,84.39218139648438,5336100
2000-11-29,134.375,135.90625,133.265625,84.2343978881836,6914100
2000-11-30,132.5,133.5,129.75,83.50450134277344,11201600
2000-12-01,133.1875,134.0625,131.0,83.4649887084961,7587200
2000-12-04,131.875,133.875,131.5,84.17517852783203,6996600
2000-12-05,134.875,138.25,134.40625,86.93694305419922,8883400
2000-12-06,137.78125,138.34375,135.03125,85.5462417602539,12888000
2000-12-07,134.875,135.875,133.65625,84.3724594116211,6529100
2000-12-08,137.0625,139.46875,133.875,84.56974029541016,10276300
2000-12-11,137.375,139.5625,136.71875,87.50907897949219,6405600
2000-12-12,138.1875,138.8125,137.375,87.13424682617188,5022900
2000-12-13,139.25,139.40625,136.03125,85.9407730102539,6070500
2000-12-14,135.875,136.5,134.03125,84.8459243774414,7678400
2000-12-15,133.125,133.125,130.5625,82.9295654296875,9065300
2000-12-18,132.0625,133.46875,131.765625,84.03764343261719,7235400
2000-12-19,132.46875,134.96875,130.015625,82.32603454589844,9616600
2000-12-20,128.625,128.9375,126.09375,79.94160461425781,9994300
2000-12-21,126.0,128.859375,125.53125,80.49566650390625,14331500
2000-12-22,129.0,131.109375,128.84375,82.90974426269531,10182900
2000-12-26,130.84375,132.34375,130.28125,83.8001937866211,4665300
2000-12-27,131.75,133.734375,131.25,84.41362762451172,4854100
2000-12-28,132.8125,133.875,132.59375,84.6708755493164,8358700
2000-12-29,134.0625,134.28125,131.1875,83.06804656982422,8774600
2001-01-02,132.0,132.15625,127.5625,81.56420135498047,8737500
2001-01-03,128.3125,136.0,127.65625,85.48214721679688,19431600
2001-01-04,134.9375,135.46875,133.0,84.56201171875,9219000
2001-01-05,133.46875,133.625,129.1875,81.80164337158203,12911400
2001-01-08,129.875,130.1875,127.6875,82.43486785888672,6625300
2001-01-09,131.046875,131.5,129.421875,82.2171859741211,5702400
2001-01-10,129.0,132.125,128.8125,83.66168212890625,8746100
2001-01-11,131.09375,133.484375,131.09375,83.74082946777344,7245100
2001-01-12,132.6875,133.71875,131.28125,83.58252716064453,7244000
2001-01-16,132.0,133.1875,131.515625,84.1167984008789,8542200
2001-01-17,134.84375,135.046875,132.640625,84.5026626586914,7851400
2001-01-18,133.4375,135.703125,132.9375,85.34361267089844,8107000
2001-01-19,136.1875,136.1875,133.875,84.85883331298828,7782500
2001-01-22,134.25,135.78125,133.5625,85.42277526855469,7050900
2001-01-23,134.46875,136.65625,134.15625,86.09553527832031,8463100
2001-01-24,136.25,137.3125,135.84375,86.3528060913086,6199900
2001-01-25,136.25,137.25,135.65625,86.13511657714844,10818300
2001-01-26,135.15625,136.125,134.453125,86.03614807128906,7136800
2001-01-29,135.5,136.89999389648438,135.3699951171875,86.4952621459961,6705900
2001-01-30,136.3000030517578,137.9199981689453,135.7899932861328,87.25505065917969,7069100
2001-01-31,137.39999389648438,138.6999969482422,136.60000610351562,86.76123046875,9706900
2001-02-01,137.10000610351562,137.9499969482422,136.25,87.33739471435547,8239100
2001-02-02,137.39999389648438,137.99000549316406,134.75,85.35548400878906,8276600
2001-02-05,134.8000030517578,135.94000244140625,134.75,85.9823226928711,4352900
2001-02-06,135.3000030517578,136.6999969482422,135.22000122070312,85.72907257080078,7106700
2001-02-07,134.72000122070312,135.39999389648438,133.67999267578125,85.28582763671875,5748700
2001-02-08,134.8000030517578,135.39999389648438,133.10000610351562,84.29171752929688,5943300
2001-02-09,133.35000610351562,133.35000610351562,131.25999450683594,83.48118591308594,9913000
2001-02-12,131.6999969482422,133.5,131.6999969482422,84.43733215332031,5804400
2001-02-13,133.6999969482422,134.1699981689453,132.0,83.74715423583984,6587600
2001-02-14,132.64999389648438,132.64999389648438,130.66000366210938,83.62055206298828,8400100
2001-02-15,132.83999633789062,133.52000427246094,131.99000549316406,84.4310073852539,5929800
2001-02-16,131.0,131.2899932861328,129.3000030517578,82.56941223144531,6434900
2001-02-20,131.0399932861328,131.13999938964844,128.10000610351562,81.29667663574219,5760000
2001-02-21,127.9000015258789,128.83999633789062,125.5,79.54271697998047,10910800
2001-02-22,126.3499984741211,126.54000091552734,123.0199966430664,79.66304016113281,21281600
2001-02-23,125.08000183105469,125.54000091552734,121.80000305175781,79.12480926513672,20173000
2001-02-26,125.80000305175781,127.62000274658203,124.5,80.80909729003906,11503700
2001-02-27,126.80000305175781,127.83999633789062,125.51000213623047,80.0618896484375,11415000
2001-02-28,126.75,126.83999633789062,123.2699966430664,78.48523712158203,14825800
2001-03-01,124.05000305175781,124.5999984741211,121.75,78.89678955078125,14672000
2001-03-02,122.5,125.6500015258789,122.30000305175781,78.26994323730469,12564300
2001-03-05,124.1500015258789,124.77999877929688,123.80999755859375,78.98551177978516,5293200
2001-03-06,126.3499984741211,127.75,125.48999786376953,79.83397674560547,6917000
2001-03-07,126.9000015258789,127.04000091552734,125.76000213623047,80.40386199951172,6371700
2001-03-08,126.5999984741211,127.23999786376953,126.13999938964844,80.49249267578125,6055000
2001-03-09,126.0999984741211,126.0999984741211,123.11000061035156,78.11168670654297,10020300
2001-03-12,122.33999633789062,122.5,117.75,74.76835632324219,13972900
2001-03-13,119.4000015258789,120.44000244140625,117.52999877929688,75.99675750732422,12888000
2001-03-14,117.05000305175781,119.29000091552734,115.75,74.49609375,19883400
2001-03-15,118.44999694824219,118.86000061035156,117.36000061035156,74.51508331298828,10370300
2001-03-16,117.12999725341797,117.4000015258789,114.80999755859375,73.02052307128906,58514600
2001-03-19,115.76000213623047,117.69000244140625,114.81999969482422,74.5062026977539,10067800
2001-03-20,117.9000015258789,118.45999908447266,114.11000061035156,72.50621795654297,15083900
2001-03-21,114.18000030517578,115.26000213623047,111.9000015258789,71.27452087402344,19004600
2001-03-22,112.0199966430664,112.5999984741211,108.04000091552734,70.55072021484375,28624800
2001-03-23,113.25,114.66000366210938,111.5,72.68399047851562,12861700
2001-03-26,115.69999694824219,116.2699966430664,114.7699966430664,73.61099243164062,9943800
2001-03-27,115.62000274658203,118.6500015258789,115.27999877929688,75.1156997680664,12880700
2001-03-28,116.9000015258789,116.94999694824219,114.9000015258789,73.03960418701172,10953300
2001-03-29,114.69999694824219,116.5,112.13999938964844,73.31893920898438,12060300
2001-03-30,115.55000305175781,116.69000244140625,114.5,74.08712768554688,9183600
2001-04-02,116.30000305175781,117.37999725341797,113.80000305175781,72.50621795654297,10561000
2001-04-03,113.9800033569336,114.1500015258789,110.05999755859375,70.08726501464844,12836000
2001-04-04,110.56999969482422,112.0999984741211,109.30000305175781,70.3792953491211,14884300
2001-04-05,113.30000305175781,115.48999786376953,112.5,73.04591369628906,21522800
2001-04-06,113.98999786376953,114.4000015258789,112.05999755859375,71.93482208251953,14937800
2001-04-09,114.0,114.98999786376953,112.77999877929688,72.73478698730469,9034300
2001-04-10,115.44999694824219,117.75,115.16999816894531,74.061767578125,17873600
2001-04-11,118.77999877929688,118.98999786376953,116.13999938964844,74.11253356933594,12722300
2001-04-12,116.30000305175781,118.94000244140625,115.95999908447266,75.45856475830078,9233200
2001-04-16,118.29000091552734,118.88999938964844,116.91000366210938,74.66487884521484,7350000
2001-04-17,117.30999755859375,119.66000366210938,117.0199966430664,75.71885681152344,10924700
2001-04-18,121.05999755859375,126.0,120.69000244140625,78.72834014892578,32481600
2001-04-19,124.25,125.83999633789062,123.58000183105469,79.77593231201172,13809900
2001-04-20,124.9000015258789,125.4000015258789,123.66000366210938,79.0457992553711,7626700
2001-04-23,123.6500015258789,123.88999938964844,121.91000366210938,77.61088562011719,8451800
2001-04-24,122.5199966430664,123.6500015258789,121.0999984741211,77.19183349609375,10044700
2001-04-25,121.41999816894531,123.66999816894531,120.94999694824219,78.20133972167969,8249000
2001-04-26,123.7300033569336,125.22000122070312,123.5,78.55054473876953,10590400
2001-04-27,124.91999816894531,125.83999633789062,124.19999694824219,79.85845184326172,7938700
2001-04-30,126.44999694824219,127.2699966430664,124.66999816894531,80.41715240478516,10766900
2001-05-01,125.06999969482422,127.1500015258789,124.5999984741211,80.6647720336914,10578000
2001-05-02,127.41000366210938,127.69000244140625,126.0,80.51876068115234,9572900
2001-05-03,126.12999725341797,126.1500015258789,124.22000122070312,79.49653625488281,9926200
2001-05-04,123.6500015258789,127.3499984741211,123.44000244140625,80.84891510009766,12145300
2001-05-07,126.86000061035156,127.37999725341797,126.2300033569336,80.15049743652344,7185200
2001-05-08,126.86000061035156,127.0999984741211,125.55999755859375,80.1124038696289,6952600
2001-05-09,125.25,126.55000305175781,125.05999755859375,79.77593231201172,9507400
2001-05-10,127.26000213623047,127.5,125.7699966430664,80.0108413696289,6872400
2001-05-11,126.0,126.48999786376953,124.4000015258789,79.45849609375,7734400
2001-05-14,124.9000015258789,125.44000244140625,124.45999908447266,79.61717224121094,7914000
2001-05-15,125.55000305175781,126.5,124.8499984741211,79.98545837402344,9782200
2001-05-16,124.83999633789062,129.1999969482422,124.62000274658203,81.87109375,14909000
2001-05-17,129.0,130.0800018310547,128.55999755859375,81.99811553955078,11824600
2001-05-18,129.08999633789062,129.74000549316406,128.10000610351562,82.3726806640625,6683100
2001-05-21,129.83999633789062,131.83999633789062,129.14999389648438,83.58536529541016,11531500
2001-05-22,131.8300018310547,132.08999633789062,131.07000732421875,83.47737121582031,8342700
2001-05-23,131.0500030517578,131.0500030517578,129.25,82.06155395507812,12330800
2001-05-24,129.47000122070312,130.0,128.5500030517578,82.30284118652344,7902800
2001-05-25,129.64999389648438,129.6999969482422,127.9000015258789,81.33143615722656,7425000
2001-05-29,128.22000122070312,128.35000610351562,126.9000015258789,80.68385314941406,9003900
2001-05-30,126.58999633789062,127.08999633789062,125.0,79.55369567871094,10041800
2001-05-31,125.43000030517578,126.76000213623047,125.26000213623047,79.96641540527344,9874200
2001-06-01,126.19999694824219,127.0999984741211,125.12000274658203,80.46160125732422,8848300
2001-06-04,126.80000305175781,127.43000030517578,126.08000183105469,80.84891510009766,5623500
2001-06-05,127.48999786376953,129.22999572753906,127.2699966430664,81.77589416503906,9115400
2001-06-06,128.8300018310547,128.8300018310547,127.36000061035156,81.09651184082031,12064900
2001-06-07,127.05000305175781,128.35000610351562,127.0,81.38861083984375,7355300
2001-06-08,127.69999694824219,127.87000274658203,126.13999938964844,80.63304901123047,8170600
2001-06-11,126.70999908447266,126.98999786376953,125.41000366210938,80.0616226196289,7012200
2001-06-12,124.86000061035156,126.73999786376953,124.04000091552734,79.92193603515625,9364400
2001-06-13,126.16999816894531,126.58000183105469,124.6500015258789,79.23626708984375,7629400
2001-06-14,124.18000030517578,124.30000305175781,121.75,77.45848846435547,12603000
2001-06-15,120.91000366210938,122.4000015258789,120.4000015258789,77.58329772949219,16821100
2001-06-18,121.6500015258789,122.44000244140625,120.91000366210938,77.2076416015625,11368300
2001-06-19,122.37999725341797,122.88999938964844,120.88999938964844,77.54507446289062,7732300
2001-06-20,121.19000244140625,122.86000061035156,121.0999984741211,77.95256042480469,8787200
2001-06-21,122.22000122070312,124.30999755859375,122.1500015258789,78.83761596679688,12259100
2001-06-22,123.48999786376953,123.58999633789062,122.16000366210938,78.21998596191406,12212000
2001-06-25,123.27999877929688,123.44000244140625,121.5,77.50055694580078,8406800
2001-06-26,120.9000015258789,122.38999938964844,120.56999969482422,77.39227294921875,8005800
2001-06-27,121.5999984741211,122.23999786376953,120.91000366210938,77.3477554321289,10105100
2001-06-28,122.0,123.94000244140625,121.93000030517578,77.7743148803711,10269300
2001-06-29,122.80000305175781,124.01000213623047,122.26000213623047,78.06087493896484,9824200
2001-07-02,122.80000305175781,124.31999969482422,122.62000274658203,79.03501892089844,8522200
2001-07-03,123.9800033569336,124.0999984741211,123.05000305175781,79.01593780517578,3303100
2001-07-05,123.06999969482422,123.6500015258789,121.66000366210938,77.47506713867188,5517900
2001-07-06,121.30999755859375,121.48999786376953,119.05000305175781,75.80049896240234,11665900
2001-07-09,119.48999786376953,120.54000091552734,119.19999694824219,76.21439361572266,8339300
2001-07-10,120.29000091552734,120.63999938964844,118.20999908447266,75.29752349853516,8630700
2001-07-11,118.0999984741211,118.88999938964844,117.08999633789062,75.37391662597656,15328600
2001-07-12,119.5,121.47000122070312,119.30999755859375,77.1631088256836,12002800
2001-07-13,120.83999633789062,122.31999969482422,120.62000274658203,77.83161163330078,10433800
2001-07-16,121.7699966430664,122.27999877929688,120.29000091552734,76.85743713378906,6915300
2001-07-17,120.19999694824219,121.94999694824219,119.83000183105469,77.57695007324219,7469800
2001-07-18,120.55999755859375,121.63999938964844,120.05999755859375,77.04849243164062,7709300
2001-07-19,122.18000030517578,122.9800033569336,120.76000213623047,77.723388671875,10082900
2001-07-20,121.1500015258789,121.94000244140625,120.91999816894531,77.25859832763672,6705800
2001-07-23,121.80000305175781,121.87999725341797,118.94999694824219,75.73683166503906,8065200
2001-07-24,119.0,119.19999694824219,116.75,75.00463104248047,12269000
2001-07-25,117.91999816894531,119.4800033569336,117.45999908447266,75.83236694335938,12088500
2001-07-26,119.05999755859375,120.8499984741211,118.55999755859375,76.62823486328125,12898200
2001-07-27,120.83000183105469,121.3499984741211,119.91000366210938,76.92113494873047,8478800
2001-07-30,121.19000244140625,121.3499984741211,120.30000305175781,76.94660186767578,8547700
2001-07-31,121.0,122.68000030517578,120.80000305175781,77.26495361328125,11918100
2001-08-01,121.97000122070312,122.69999694824219,121.55000305175781,77.74882507324219,11940800
2001-08-02,123.2300033569336,123.25,121.88999938964844,78.06720733642578,11070100
2001-08-03,122.36000061035156,122.36000061035156,120.9000015258789,77.64060974121094,10816300
2001-08-06,121.3499984741211,121.51000213623047,120.0999984741211,76.59640502929688,8550100
2001-08-07,120.2699966430664,121.19999694824219,119.91000366210938,76.8956527709961,8865100
2001-08-08,120.12000274658203,121.16000366210938,118.43000030517578,75.46942138671875,15183800
2001-08-09,118.69999694824219,118.97000122070312,117.86000061035156,75.69224548339844,14118500
2001-08-10,118.80000305175781,119.83999633789062,117.33999633789062,75.95331573486328,11173300
2001-08-13,119.5999984741211,119.8499984741211,118.80999755859375,75.97241973876953,7431600
2001-08-14,120.13999938964844,120.3499984741211,118.80000305175781,75.94061279296875,13178100
2001-08-15,119.2300033569336,119.61000061035156,118.08000183105469,75.2847671508789,8520600
2001-08-16,117.80000305175781,118.75,117.0,75.54582977294922,10734700
2001-08-17,117.6500015258789,117.87000274658203,116.01000213623047,74.33610534667969,11604600
2001-08-20,116.80000305175781,117.9000015258789,116.55000305175781,75.0237045288086,10417400
2001-08-21,117.80000305175781,118.54000091552734,115.80000305175781,73.74395751953125,14480800
2001-08-22,116.75,117.43000030517578,115.77999877929688,74.50800323486328,11752300
2001-08-23,116.95999908447266,117.5199966430664,116.48999786376953,74.24056243896484,8744100
2001-08-24,117.20999908447266,119.12999725341797,116.73999786376953,75.78142547607422,11687700
2001-08-27,118.97000122070312,119.19999694824219,118.26000213623047,75.3293228149414,7425100
2001-08-28,118.27999877929688,118.48999786376953,116.58000183105469,74.22783660888672,12046600
2001-08-29,117.12999725341797,117.18000030517578,115.16999816894531,73.56568145751953,16180000
2001-08-30,114.8499984741211,115.73999786376953,112.04000091552734,72.15216827392578,17692600
2001-08-31,113.4000015258789,114.7699966430664,113.12999725341797,72.68062591552734,15985400
2001-09-04,113.8499984741211,116.16999816894531,113.37000274658203,72.21581268310547,24473400
2001-09-05,113.69999694824219,114.19000244140625,111.94999694824219,72.39411163330078,21477100
2001-09-06,112.6500015258789,113.30000305175781,110.7699966430664,70.52849578857422,21653000
2001-09-07,110.0199966430664,111.25,108.62999725341797,69.22329711914062,33133900
2001-09-10,107.69999694824219,110.3499984741211,107.69999694824219,70.07011413574219,23408700
2001-09-17,101.0,106.4000015258789,100.0,66.40898895263672,32388700
2001-09-18,104.33000183105469,105.30000305175781,103.36000061035156,66.24983215332031,22029200
2001-09-19,104.0999984741211,104.5,98.55999755859375,64.9127426147461,42771800
2001-09-20,100.4000015258789,101.80999755859375,98.55999755859375,62.849830627441406,36210900
2001-09-21,94.27999877929688,98.98999786376953,93.80000305175781,62.171695709228516,49782100
2001-09-24,99.72000122070312,101.16000366210938,99.05999755859375,64.357421875,25549600
2001-09-25,100.75,102.0,99.9000015258789,65.02847290039062,25466200
2001-09-26,102.3499984741211,102.4000015258789,100.43000030517578,64.79840850830078,18587500
2001-09-27,101.25,102.29000091552734,100.0,65.36083984375,20536800
2001-09-28,102.9800033569336,109.62000274658203,102.5,66.74765014648438,21687200
2001-10-01,103.9000015258789,104.31999969482422,102.83000183105469,66.6390151977539,20457400
2001-10-02,104.0,105.58000183105469,103.6500015258789,67.47624969482422,19833100
2001-10-03,104.5999984741211,107.87999725341797,104.3499984741211,68.60746002197266,32045800
2001-10-04,108.29000091552734,108.97000122070312,106.75,68.66499328613281,32674100
2001-10-05,107.25,107.62000274658203,105.5199966430664,68.53074645996094,29796100
2001-10-08,106.2699966430664,107.30000305175781,105.87000274658203,68.0833969116211,12970300
2001-10-09,106.61000061035156,106.75,105.5999984741211,67.71913146972656,15976300
2001-10-10,105.80000305175781,108.55000305175781,105.5199966430664,69.22734832763672,19987400
2001-10-11,108.94999694824219,110.30000305175781,108.94999694824219,70.30105590820312,23006300
2001-10-12,109.1500015258789,109.88999938964844,107.30000305175781,69.98152160644531,31360500
2001-10-15,108.62999725341797,109.44999694824219,108.05999755859375,69.85369110107422,16873000
2001-10-16,109.80000305175781,110.61000061035156,108.94999694824219,70.29467010498047,15877100
2001-10-17,111.06999969482422,111.1500015258789,107.6500015258789,68.79922485351562,28542300
2001-10-18,107.81999969482422,108.16000366210938,106.75,68.65219116210938,16510000
2001-10-19,107.0,107.91000366210938,106.01000213623047,68.60746002197266,21912500
2001-10-22,107.30000305175781,109.56999969482422,107.20999908447266,69.96233367919922,17540600
2001-10-23,109.95999908447266,110.27999877929688,108.37999725341797,69.60443115234375,22062500
2001-10-24,108.9800033569336,109.44999694824219,108.22000122070312,69.41910552978516,16065200
2001-10-25,107.44999694824219,110.5999984741211,106.73999786376953,70.66532897949219,27467900
2001-10-26,109.94999694824219,111.79000091552734,109.66999816894531,70.5055923461914,18623300
2001-10-29,110.16000366210938,110.55000305175781,107.44999694824219,68.67138671875,18727500
2001-10-30,107.3499984741211,107.69999694824219,105.55999755859375,67.8469467163086,26178600
2001-10-31,106.9000015258789,107.86000061035156,105.80000305175781,67.6168441772461,28124200
2001-11-01,106.5999984741211,109.01000213623047,105.69999694824219,69.34883117675781,29806800
2001-11-02,108.44000244140625,109.37999725341797,107.87000274658203,69.82173156738281,17575900
2001-11-05,110.12000274658203,111.08999633789062,109.94999694824219,70.73570251464844,15929500
2001-11-06,110.3499984741211,112.4800033569336,109.8499984741211,71.83487701416016,23245800
2001-11-07,111.7699966430664,113.12000274658203,111.63999938964844,71.73905181884766,19716000
2001-11-08,112.87000274658203,114.08000183105469,111.9000015258789,71.96275329589844,22563500
2001-11-09,112.25,112.95999908447266,111.44000244140625,72.0394058227539,15895800
2001-11-12,111.0,112.6500015258789,110.0,71.5984115600586,26068800
2001-11-13,113.44000244140625,114.55000305175781,113.18000030517578,73.20899963378906,15296200
2001-11-14,115.16999816894531,115.4000015258789,113.70999908447266,73.279296875,17571300
2001-11-15,114.37000274658203,115.18000030517578,113.93000030517578,73.41349029541016,19470200
2001-11-16,115.08000183105469,115.0999984741211,113.4000015258789,73.08753967285156,18134900
2001-11-19,114.91999816894531,115.8499984741211,114.44999694824219,73.9886703491211,13625400
2001-11-20,115.37000274658203,115.80000305175781,114.63999938964844,73.3687515258789,16209700
2001-11-21,114.5,114.66999816894531,113.51000213623047,72.8830337524414,11470200
2001-11-23,114.04000091552734,115.75,114.0,73.93116760253906,6717100
2001-11-26,115.75,116.33999633789062,115.06999969482422,74.09093475341797,13726000
2001-11-27,115.62000274658203,116.9000015258789,114.08999633789062,73.77140045166016,19261400
2001-11-28,114.73999786376953,115.16999816894531,113.25,72.43566131591797,20195500
2001-11-29,113.66000366210938,114.91999816894531,113.0,73.41349029541016,16354700
2001-11-30,114.4000015258789,114.91000366210938,114.0199966430664,72.88945007324219,13680300
2001-12-03,113.6500015258789,114.08000183105469,113.01000213623047,72.45482635498047,15220400
2001-12-04,113.91999816894531,115.30000305175781,113.3499984741211,73.6819076538086,17239900
2001-12-05,115.61000061035156,118.0,115.55999755859375,75.03040313720703,25204000
2001-12-06,117.33999633789062,117.94000244140625,116.93000030517578,74.9920654296875,17972900
2001-12-07,116.9000015258789,117.08999633789062,115.69999694824219,74.49356842041016,18857800
2001-12-10,115.8499984741211,116.38999938964844,114.3499984741211,73.10032653808594,13862700
2001-12-11,114.9000015258789,115.72000122070312,113.9000015258789,72.95333099365234,20833300
2001-12-12,114.55000305175781,114.77999877929688,113.11000061035156,73.03640747070312,16171500
2001-12-13,113.44999694824219,113.69999694824219,112.04000091552734,71.61763000488281,19026700
2001-12-14,112.33000183105469,113.48999786376953,112.0,72.30147552490234,16721900
2001-12-17,112.98999786376953,114.36000061035156,112.9000015258789,73.04924011230469,13925900
2001-12-18,114.62999725341797,115.1500015258789,114.33999633789062,73.48381042480469,13663700
2001-12-19,114.08999633789062,115.91999816894531,114.0,74.00147247314453,20143400
2001-12-20,115.5,115.80000305175781,114.55000305175781,73.27288818359375,14867900
2001-12-21,115.02999877929688,115.06999969482422,114.19999694824219,73.71732330322266,14037700
2001-12-24,114.83000183105469,115.04000091552734,114.61000061035156,73.57621765136719,5728800
2001-12-26,114.6500015258789,116.20999908447266,114.6500015258789,73.980224609375,10304800
2001-12-27,115.30000305175781,116.08000183105469,115.25,74.42916107177734,9407300
2001-12-28,116.29000091552734,116.75,115.91999816894531,74.39068603515625,10593800
2001-12-31,116.1500015258789,116.38999938964844,114.2300033569336,73.30046844482422,14619500
2002-01-02,115.11000061035156,115.75,113.80999755859375,74.08927917480469,18651900
2002-01-03,115.6500015258789,116.94999694824219,115.54000091552734,74.92938232421875,15743000
2002-01-04,117.16999816894531,117.9800033569336,116.55000305175781,75.4295883178711,20140700
2002-01-07,117.69999694824219,117.98999786376953,116.55999755859375,74.8973159790039,13106500
2002-01-08,116.79000091552734,117.05999755859375,115.97000122070312,74.7241439819336,12683700
2002-01-09,116.68000030517578,117.77999877929688,115.33999633789062,74.11493682861328,16610300
2002-01-10,115.69000244140625,116.3499984741211,115.30000305175781,74.4419937133789,12823400
2002-01-11,116.20999908447266,116.27999877929688,114.69999694824219,73.71090698242188,13708400
2002-01-14,114.6500015258789,114.83999633789062,113.95999908447266,73.24915313720703,12301100
2002-01-15,114.55000305175781,115.38999938964844,113.9000015258789,73.8455581665039,20219900
2002-01-16,114.30000305175781,114.4000015258789,112.69000244140625,72.35136413574219,17067000
2002-01-17,113.76000213623047,114.23999786376953,113.4000015258789,72.89643859863281,17283400
2002-01-18,113.0,113.8499984741211,112.66999816894531,72.5629653930664,17028000
2002-01-22,113.75,113.93000030517578,112.0199966430664,72.0627670288086,11689300
2002-01-23,112.62999725341797,113.55000305175781,112.0199966430664,72.61429595947266,12438900
2002-01-24,113.63999938964844,114.25,113.31999969482422,72.83869934082031,12142800
2002-01-25,113.12000274658203,114.18000030517578,113.04000091552734,72.8194808959961,12810700
2002-01-28,113.9000015258789,114.19000244140625,112.91999816894531,73.01830291748047,10589200
2002-01-29,113.8499984741211,114.12999725341797,110.05000305175781,70.72244262695312,27720800
2002-01-30,110.38999938964844,113.38999938964844,108.4000015258789,71.74213409423828,34711800
2002-01-31,112.1500015258789,113.30000305175781,111.62000274658203,72.58219146728516,19909200
2002-02-01,113.08999633789062,113.30000305175781,112.16999816894531,72.24234008789062,15838500
2002-02-04,112.2300033569336,112.2300033569336,109.44000244140625,70.44666290283203,24243400
2002-02-05,109.4000015258789,110.48999786376953,108.52999877929688,70.01060485839844,33614000
2002-02-06,109.6500015258789,109.73999786376953,108.05999755859375,69.70919036865234,29486000
2002-02-07,108.72000122070312,109.86000061035156,108.0,69.27311706542969,23445400
2002-02-08,108.62999725341797,110.75,108.30000305175781,70.60057067871094,19277800
2002-02-11,110.05000305175781,111.63999938964844,109.81999969482422,71.46632385253906,18792400
2002-02-12,110.95999908447266,111.70999908447266,110.02999877929688,71.24191284179688,13942500
2002-02-13,111.4800033569336,112.54000091552734,111.3499984741211,71.99861907958984,16781100
2002-02-14,112.51000213623047,112.97000122070312,111.58999633789062,71.86396789550781,20453800
2002-02-15,112.1500015258789,112.23999786376953,110.70999908447266,71.1136474609375,18366800
2002-02-19,110.1500015258789,110.29000091552734,108.61000061035156,69.74766540527344,15988100
2002-02-20,109.05000305175781,110.58999633789062,107.81999969482422,70.92125701904297,29242800
2002-02-21,109.93000030517578,110.62999725341797,108.26000213623047,69.4526596069336,26288600
2002-02-22,108.3499984741211,109.94000244140625,107.87000274658203,70.31204223632812,26572900
2002-02-25,109.73999786376953,111.80999755859375,109.69999694824219,71.47276306152344,17458700
2002-02-26,111.5999984741211,112.04000091552734,110.56999969482422,71.32527923583984,22346500
2002-02-27,111.95999908447266,112.86000061035156,110.6500015258789,71.60104370117188,28597900
2002-02-28,111.83000183105469,112.75,111.02999877929688,71.28035736083984,23755400
2002-03-01,111.72000122070312,113.8499984741211,111.51000213623047,72.94134521484375,26273600
2002-03-04,113.9000015258789,115.98999786376953,113.6500015258789,74.2303695678711,27184600
2002-03-05,115.33000183105469,116.4000015258789,114.97000122070312,73.99307250976562,22718900
2002-03-06,115.0999984741211,117.1500015258789,115.06999969482422,74.87165832519531,20143200
2002-03-07,117.36000061035156,117.5,115.56999969482422,74.71131134033203,19330800
2002-03-08,117.37999725341797,117.9000015258789,116.4800033569336,75.02555847167969,19930100
2002-03-11,116.88999938964844,117.9000015258789,116.43000030517578,75.18589782714844,15621800
2002-03-12,116.0999984741211,117.25,115.94000244140625,75.14099884033203,17153600
2002-03-13,116.62999725341797,116.75,115.63999938964844,74.41632843017578,17175300
2002-03-14,116.04000091552734,116.43000030517578,115.62999725341797,74.31375122070312,11168100
2002-03-15,115.97000122070312,116.94999694824219,115.9000015258789,75.0218276977539,21220100
2002-03-18,117.0999984741211,117.55999755859375,116.0999984741211,75.03468322753906,17548900
2002-03-19,117.30000305175781,117.73999786376953,116.81999969482422,75.53630828857422,17912000
2002-03-20,116.5,116.58000183105469,115.19000244140625,74.11502075195312,17114500
2002-03-21,115.30000305175781,115.9000015258789,114.12000274658203,74.14716339111328,25846800
2002-03-22,115.5,115.94000244140625,114.69999694824219,73.98637390136719,15235400
2002-03-25,115.08999633789062,115.36000061035156,113.30000305175781,73.06668090820312,17499600
2002-03-26,113.5199966430664,115.0199966430664,113.47000122070312,73.49114227294922,19947600
2002-03-27,114.02999877929688,115.01000213623047,113.76000213623047,73.68408203125,19020300
2002-03-28,114.97000122070312,115.7699966430664,114.5,73.65193176269531,17532900
2002-04-01,114.2300033569336,115.0999984741211,113.5,73.68408203125,17711000
2002-04-02,113.9800033569336,114.94999694824219,113.7699966430664,73.2789077758789,15669500
2002-04-03,114.01000213623047,114.20999908447266,112.16000366210938,72.76439666748047,25658500
2002-04-04,112.5999984741211,113.4000015258789,112.2300033569336,72.46211242675781,23549000
2002-04-05,113.19000244140625,113.62999725341797,112.18000030517578,72.47499084472656,19404900
2002-04-08,111.31999969482422,113.02999877929688,111.2300033569336,72.62937927246094,16470100
2002-04-09,113.18000030517578,113.18000030517578,111.93000030517578,72.12124633789062,15122700
2002-04-10,112.0999984741211,113.54000091552734,112.08999633789062,72.93805694580078,17199300
2002-04-11,112.88999938964844,113.05000305175781,110.5,71.12442016601562,25453700
2002-04-12,111.0199966430664,111.6500015258789,110.04000091552734,71.658203125,14950600
2002-04-15,111.62000274658203,111.86000061035156,110.19999694824219,71.11154174804688,17394900
2002-04-16,111.69999694824219,113.31999969482422,111.66999816894531,72.80301666259766,15040900
2002-04-17,113.38999938964844,113.66999816894531,112.5999984741211,72.64864349365234,12920100
2002-04-18,112.9000015258789,113.45999908447266,111.1500015258789,72.33349609375,25204800
2002-04-19,113.19999694824219,113.23999786376953,112.55999755859375,72.59719848632812,10499200
2002-04-22,112.37999725341797,112.43000030517578,110.83999633789062,71.3880844116211,13922900
2002-04-23,111.08999633789062,111.4800033569336,110.16999816894531,71.07937622070312,16967000
2002-04-24,110.55999755859375,111.80999755859375,109.4000015258789,70.3655014038086,18902700
2002-04-25,109.20999908447266,109.73999786376953,108.72000122070312,70.4040756225586,25451500
2002-04-26,109.79000091552734,110.01000213623047,107.29000091552734,69.06636810302734,19769800
2002-04-29,107.93000030517578,108.26000213623047,106.62999725341797,68.72550964355469,17724400
2002-04-30,107.0199966430664,108.63999938964844,106.63999938964844,69.36868286132812,19473500
2002-05-01,107.97000122070312,109.25,106.80000305175781,70.21759033203125,24575600
2002-05-02,109.0999984741211,109.91000366210938,107.77999877929688,69.94749450683594,15666800
2002-05-03,108.5999984741211,108.76000213623047,107.19999694824219,69.18856048583984,18185500
2002-05-06,107.63999938964844,107.98999786376953,105.30999755859375,67.83155059814453,23630400
2002-05-07,106.0999984741211,106.31999969482422,104.9000015258789,67.59361267089844,21910000
2002-05-08,107.05000305175781,109.36000061035156,106.79000091552734,70.10826873779297,27917400
2002-05-09,108.6500015258789,109.0999984741211,107.58000183105469,69.29792022705078,18085600
2002-05-10,107.97000122070312,108.05000305175781,105.5999984741211,67.99234008789062,18958900
2002-05-13,106.22000122070312,107.94999694824219,105.79000091552734,69.37505340576172,14677700
2002-05-14,109.62000274658203,110.37000274658203,109.0,70.88642883300781,34201200
2002-05-15,109.5,110.91000366210938,109.29000091552734,70.60993194580078,29535300
2002-05-16,109.69999694824219,110.4800033569336,109.33000183105469,70.97648620605469,28092000
2002-05-17,110.66000366210938,111.25,110.0999984741211,71.32376098632812,27823700
2002-05-20,110.63999938964844,110.69000244140625,109.48999786376953,70.55199432373047,13833800
2002-05-21,110.11000061035156,110.4800033569336,108.31999969482422,69.90887451171875,16877200
2002-05-22,108.22000122070312,109.12000274658203,108.0,70.06324768066406,15844200
2002-05-23,109.26000213623047,110.36000061035156,108.4800033569336,70.80924224853516,13879800
2002-05-24,109.9800033569336,110.19999694824219,108.61000061035156,69.9024429321289,11877000
2002-05-28,109.05000305175781,109.12999725341797,107.44999694824219,69.52300262451172,24236900
2002-05-29,107.62000274658203,108.0199966430664,107.12999725341797,69.00846862792969,14773300
2002-05-30,106.55000305175781,107.51000213623047,105.9000015258789,68.8155517578125,18217900
2002-05-31,107.4000015258789,108.55999755859375,106.8499984741211,68.95704650878906,19826300
2002-06-03,107.08999633789062,107.5999984741211,104.12999725341797,67.1241226196289,26056300
2002-06-04,104.1500015258789,105.19999694824219,103.55000305175781,67.29131317138672,25856200
2002-06-05,104.94999694824219,105.66999816894531,104.3499984741211,67.92159271240234,19695900
2002-06-06,105.54000091552734,105.5999984741211,103.1500015258789,66.53886413574219,22998500
2002-06-07,101.77999877929688,103.91999816894531,101.72000122070312,66.46166229248047,24011600
2002-06-10,103.23999786376953,104.45999908447266,103.0199966430664,66.71891784667969,18759900
2002-06-11,104.12999725341797,104.54000091552734,101.7300033569336,65.57414245605469,19990700
2002-06-12,101.70999908447266,102.80999755859375,100.77999877929688,65.972900390625,31266000
2002-06-13,102.12999725341797,103.0,101.33999633789062,65.31048583984375,21043900
2002-06-14,100.30999755859375,101.55999755859375,98.5,65.2139663696289,39267500
2002-06-17,101.91999816894531,104.33999633789062,101.8499984741211,66.96331787109375,17647200
2002-06-18,103.73999786376953,105.02999877929688,103.62999725341797,67.50995635986328,21628500
2002-06-19,103.5,104.43000030517578,102.23999786376953,65.93431091308594,21540700
2002-06-20,102.26000213623047,103.05000305175781,100.95999908447266,65.091796875,25691000
2002-06-21,100.47000122070312,100.93000030517578,98.68000030517578,64.07401275634766,31190700
2002-06-24,98.61000061035156,100.69000244140625,97.25,64.40959930419922,37169700
2002-06-25,100.30000305175781,100.88999938964844,97.54000091552734,62.96394348144531,33355000
2002-06-26,95.19999694824219,98.1500015258789,95.19000244140625,63.067222595214844,37913600
2002-06-27,98.5,99.48999786376953,96.56999969482422,64.17083740234375,31616400
2002-06-28,99.23999786376953,100.5,98.87999725341797,63.867515563964844,28184200
2002-07-01,99.18000030517578,99.80000305175781,96.88999938964844,62.62189483642578,20270200
2002-07-02,96.86000061035156,97.19999694824219,94.7699966430664,61.29240798950195,34213900
2002-07-03,94.62000274658203,95.83999633789062,93.72000122070312,61.64087677001953,30565800
2002-07-05,96.77999877929688,99.52999877929688,96.66000366210938,64.09339904785156,19013500
2002-07-08,98.9800033569336,99.69999694824219,97.55999755859375,63.29313278198242,19118600
2002-07-09,97.7300033569336,98.33999633789062,95.01000213623047,61.6989860534668,28620400
2002-07-10,96.0,96.06999969482422,92.04000091552734,59.453033447265625,50522500
2002-07-11,91.76000213623047,93.3499984741211,90.31999969482422,59.93710708618164,59476500
2002-07-12,93.33000183105469,93.88999938964844,91.5199966430664,59.27876663208008,39018600
2002-07-15,91.63999938964844,92.4000015258789,87.88999938964844,59.59502029418945,77317200
2002-07-16,91.12000274658203,92.37999725341797,89.87000274658203,58.446258544921875,53282400
2002-07-17,92.45999908447266,93.30000305175781,89.75,58.5623893737793,48880600
2002-07-18,90.69999694824219,91.0999984741211,87.75,56.66496658325195,32656700
2002-07-19,86.76000213623047,87.55000305175781,84.30000305175781,54.67073059082031,77572600
2002-07-22,84.0999984741211,85.91000366210938,81.44999694824219,53.050811767578125,78134000
2002-07-23,82.55000305175781,83.23999786376953,79.75,51.598690032958984,74484100
2002-07-24,78.12999725341797,85.12000274658203,77.68000030517578,54.67720413208008,107022800
2002-07-25,84.2699966430664,85.8499984741211,81.5999984741211,54.21251678466797,87176600
2002-07-26,84.6500015258789,85.93000030517578,83.80000305175781,55.2451171875,41206800
2002-07-29,87.5,90.33999633789062,87.30000305175781,57.93638610839844,53492900
2002-07-30,89.31999969482422,91.4000015258789,88.72000122070312,58.69150161743164,47532200
2002-07-31,90.48999786376953,91.55000305175781,89.25,58.8334846496582,44669900
2002-08-01,90.87999725341797,91.3499984741211,88.33000183105469,57.29743957519531,66571900
2002-08-02,88.5,88.91000366210938,85.62000274658203,56.01316833496094,51772900
2002-08-05,86.48999786376953,86.93000030517578,83.55000305175781,54.064048767089844,47191300
2002-08-06,85.2300033569336,87.9000015258789,85.11000061035156,55.884063720703125,64730000
2002-08-07,87.87000274658203,88.5,85.7699966430664,56.85857391357422,43289400
2002-08-08,88.41999816894531,91.0999984741211,87.80000305175781,58.69792938232422,48339800
2002-08-09,90.0999984741211,91.94000244140625,89.3499984741211,58.91739273071289,41879200
2002-08-12,89.98999786376953,91.2699966430664,89.55000305175781,58.4849739074707,25841700
2002-08-13,90.1500015258789,91.66000366210938,88.6500015258789,57.420066833496094,49690500
2002-08-14,89.0199966430664,92.62999725341797,88.0199966430664,59.517547607421875,57423600
2002-08-15,92.83999633789062,93.98999786376953,92.19999694824219,60.34366226196289,45551500
2002-08-16,92.81999969482422,94.08000183105469,92.0,60.16292953491211,36517300
2002-08-19,93.45999908447266,95.75,93.0999984741211,61.56988525390625,33669900
2002-08-20,94.81999969482422,95.4000015258789,93.62000274658203,60.918060302734375,30508300
2002-08-21,95.05999755859375,95.77999877929688,93.56999969482422,61.795780181884766,39628900
2002-08-22,95.48999786376953,97.1500015258789,95.06999969482422,62.39601135253906,38399800
2002-08-23,96.01000213623047,96.1500015258789,94.1500015258789,61.05359649658203,33716400
2002-08-26,94.91000366210938,95.63999938964844,93.5,61.47951889038086,33830100
2002-08-27,95.69999694824219,96.25,93.5,60.76963806152344,35335700
2002-08-28,93.27999877929688,93.48999786376953,91.80000305175781,59.44015121459961,38970600
2002-08-29,91.2699966430664,93.05000305175781,90.80999755859375,59.465980529785156,42965700
2002-08-30,91.68000030517578,93.38999938964844,91.4000015258789,59.23360824584961,30366700
2002-09-03,90.7300033569336,91.0,88.1500015258789,56.97476577758789,76586400
2002-09-04,88.61000061035156,90.25,88.05999755859375,57.78793716430664,51099500
2002-09-05,88.48999786376953,89.43000030517578,87.5,57.29743957519531,67250900
2002-09-06,89.75,90.56999969482422,89.33999633789062,58.08478927612305,38622200
2002-09-09,89.0999984741211,91.3499984741211,88.80000305175781,58.510765075683594,33998400
2002-09-10,91.13999938964844,91.77999877929688,90.55999755859375,59.18197250366211,41416600
2002-09-11,92.47000122070312,93.33000183105469,91.0999984741211,58.81411361694336,27711200
2002-09-12,90.75,90.83999633789062,88.98999786376953,57.7298698425293,43601700
2002-09-13,88.69000244140625,89.9000015258789,88.25,57.871826171875,41131000
2002-09-16,89.30999755859375,89.88999938964844,88.45999908447266,58.013832092285156,28167600
2002-09-17,90.88999938964844,91.19000244140625,87.75,56.68434524536133,47609700
2002-09-18,87.01000213623047,88.5,86.27999877929688,56.11640167236328,54719400
2002-09-19,85.98999786376953,86.80000305175781,84.69999694824219,54.66427230834961,48510500
2002-09-20,84.91999816894531,85.19999694824219,84.05000305175781,54.68243408203125,46325600
2002-09-23,83.6500015258789,84.05999755859375,82.69000244140625,54.235103607177734,46893800
2002-09-24,82.44000244140625,83.6500015258789,81.8499984741211,53.35991668701172,69507000
2002-09-25,83.37000274658203,84.7699966430664,82.04000091552734,54.68243408203125,59294400
2002-09-26,85.0199966430664,85.97000122070312,84.44999694824219,55.577083587646484,53638000
2002-09-27,85.0,85.62999725341797,82.75,53.645137786865234,64648300
2002-09-30,82.0,82.80000305175781,80.9000015258789,53.02283477783203,73096400
2002-10-01,82.43000030517578,85.7699966430664,81.47000122070312,55.57056427001953,67198100
2002-10-02,84.69000244140625,85.52999877929688,82.5999984741211,53.90451431274414,56749100
2002-10-03,83.13999938964844,84.5999984741211,81.94999694824219,53.35991668701172,55547000
2002-10-04,82.80000305175781,82.91999816894531,79.58000183105469,52.38104248046875,68483700
2002-10-07,80.05999755859375,81.19999694824219,78.55000305175781,51.29839324951172,53188000
2002-10-08,79.80999755859375,81.30999755859375,78.19999694824219,52.10230255126953,79531000
2002-10-09,79.08999633789062,79.69999694824219,77.77999877929688,50.63068771362305,79956400
2002-10-10,77.94000244140625,81.06999969482422,77.06999969482422,52.27084732055664,76749000
2002-10-11,82.0999984741211,84.7300033569336,81.81999969482422,54.55924606323242,82308300
2002-10-14,83.19999694824219,84.8499984741211,83.04000091552734,54.86396789550781,40631900
2002-10-15,86.98999786376953,88.72000122070312,86.8499984741211,57.5024528503418,82320300
2002-10-16,87.41000366210938,87.80000305175781,85.91999816894531,56.10865783691406,62977800
2002-10-17,88.87000274658203,89.30000305175781,87.8499984741211,57.22368240356445,68534100
2002-10-18,87.6500015258789,89.11000061035156,86.93000030517578,57.463558197021484,47448700
2002-10-21,88.12000274658203,90.5,87.56999969482422,58.455413818359375,45859100
2002-10-22,89.05000305175781,90.01000213623047,88.5199966430664,58.034034729003906,40966800
2002-10-23,88.7699966430664,90.2699966430664,87.68000030517578,58.4748649597168,54905800
2002-10-24,90.75,90.9000015258789,88.0999984741211,57.28202819824219,54987400
2002-10-25,88.20999908447266,90.38999938964844,87.94000244140625,58.4748649597168,43672100
2002-10-28,91.1500015258789,91.29000091552734,88.8499984741211,58.09239959716797,39416100
2002-10-29,89.08000183105469,89.48999786376953,87.0,57.4182014465332,59508200
2002-10-30,88.68000030517578,89.95999908447266,88.2300033569336,57.97567367553711,41688600
2002-10-31,89.66000366210938,90.30000305175781,88.19000244140625,57.38574981689453,41620600
2002-11-01,88.3499984741211,90.81999969482422,88.05000305175781,58.52025604248047,51878900
2002-11-04,91.80000305175781,92.94000244140625,90.9000015258789,59.07777404785156,49080600
2002-11-05,90.83999633789062,92.06999969482422,90.83999633789062,59.54450225830078,37270800
2002-11-06,92.4800033569336,93.06999969482422,90.79000091552734,60.31596755981445,65013100
2002-11-07,92.0199966430664,92.22000122070312,90.22000122070312,58.8378791809082,51572000
2002-11-08,90.52999877929688,91.56999969482422,89.5199966430664,58.11830520629883,37905400
2002-11-11,89.51000213623047,89.55999755859375,87.80000305175781,57.217220306396484,33505100
2002-11-12,88.66000366210938,89.93000030517578,88.37000274658203,57.67102813720703,37724500
2002-11-13,88.31999969482422,89.73999786376953,87.44999694824219,57.72935104370117,63891500
2002-11-14,90.06999969482422,91.0,89.75,58.81845474243164,31896800
2002-11-15,90.0,91.55000305175781,89.94999694824219,59.252811431884766,39152100
2002-11-18,92.1500015258789,92.1500015258789,90.3499984741211,58.65635681152344,28934800
2002-11-19,90.0199966430664,91.0999984741211,89.76000213623047,58.578582763671875,32806600
2002-11-20,89.9800033569336,92.41999816894531,89.94999694824219,59.881629943847656,36688400
2002-11-21,92.5999984741211,94.19000244140625,92.43000030517578,60.99666213989258,55128200
2002-11-22,93.4800033569336,94.2699966430664,93.2699966430664,60.56230545043945,32513800
2002-11-25,93.43000030517578,94.26000213623047,92.7699966430664,60.60121536254883,33846400
2002-11-26,93.06999969482422,93.44999694824219,91.62000274658203,59.4472770690918,42284700
2002-11-27,92.5199966430664,94.6500015258789,92.43000030517578,61.11984634399414,37764000
2002-11-29,94.80000305175781,94.94999694824219,93.7699966430664,60.925376892089844,19385700
2002-12-02,95.47000122070312,96.05000305175781,93.22000122070312,61.022605895996094,49911900
2002-12-03,93.25,93.4000015258789,92.3499984741211,60.20576858520508,34407700
2002-12-04,91.7699966430664,93.13999938964844,91.43000030517578,59.93349075317383,64040800
2002-12-05,92.7300033569336,92.80000305175781,91.0999984741211,59.27223587036133,36724900
2002-12-06,90.12000274658203,92.16999816894531,89.9800033569336,59.661216735839844,49824100
2002-12-09,91.06999969482422,91.45999908447266,89.4800033569336,58.021080017089844,36789600
2002-12-10,90.0199966430664,91.0999984741211,89.76000213623047,58.798980712890625,33319900
2002-12-11,90.41999816894531,91.62000274658203,90.16000366210938,58.85089111328125,39201000
2002-12-12,91.19999694824219,91.48999786376953,90.19999694824219,58.8443603515625,34465600
2002-12-13,89.91000366210938,90.4800033569336,89.2699966430664,57.917327880859375,36862200
2002-12-16,89.81999969482422,91.79000091552734,89.66000366210938,59.41486358642578,37098400
2002-12-17,91.37000274658203,91.73999786376953,90.73999786376953,58.89629364013672,32353900
2002-12-18,90.31999969482422,90.4000015258789,89.33000183105469,58.215538024902344,35612600
2002-12-19,89.3499984741211,90.69999694824219,88.5999984741211,57.8006477355957,39264200
2002-12-20,89.19999694824219,90.0199966430664,89.0999984741211,58.62539291381836,31176900
2002-12-23,89.58999633789062,90.47000122070312,89.30999755859375,58.64498519897461,22599300
2002-12-24,89.58999633789062,89.86000061035156,89.25,58.20848083496094,10937000
2002-12-26,89.69999694824219,90.61000061035156,88.83999633789062,58.234535217285156,17485600
2002-12-27,88.95999908447266,89.29000091552734,87.37999725341797,56.92509078979492,22205700
2002-12-30,87.79000091552734,88.47000122070312,87.22000122070312,57.40061950683594,29968000
2002-12-31,87.98999786376953,88.43000030517578,87.11000061035156,57.47880935668945,34036600
2003-01-02,88.8499984741211,91.30000305175781,88.54000091552734,59.32899856567383,44516300
2003-01-03,90.91000366210938,91.37999725341797,90.5,59.51139831542969,32222600
2003-01-06,91.23999786376953,93.48999786376953,91.16999816894531,60.56025314331055,40984500
2003-01-07,92.9000015258789,93.37000274658203,92.19999694824219,60.41045379638672,38640400
2003-01-08,92.19999694824219,92.4000015258789,91.05000305175781,59.5374641418457,38702200
2003-01-09,91.81999969482422,93.18000030517578,91.41000366210938,60.46254348754883,34804900
2003-01-10,91.94999694824219,93.63999938964844,91.80000305175781,60.62540817260742,37768900
2003-01-13,93.54000091552734,93.86000061035156,92.44000244140625,60.60587692260742,31649900
2003-01-14,92.69000244140625,93.83000183105469,92.41000366210938,60.801300048828125,30733000
2003-01-15,93.54000091552734,93.56999969482422,91.91000366210938,60.19544219970703,33511800
2003-01-16,92.5,92.93000030517578,91.44999694824219,59.9478759765625,44812100
2003-01-17,90.98999786376953,92.30000305175781,90.1500015258789,59.06187438964844,35618300
2003-01-21,90.87000274658203,90.91999816894531,88.94999694824219,58.14332962036133,36826200
2003-01-22,88.7699966430664,89.80000305175781,88.0,57.43974304199219,42286500
2003-01-23,88.75,89.37999725341797,87.94999694824219,57.79154968261719,55919800
2003-01-24,88.58999633789062,88.68000030517578,86.16999816894531,56.27362060546875,68633900
2003-01-27,85.7300033569336,86.80000305175781,84.5,55.50487518310547,57884400
2003-01-28,85.62999725341797,86.4000015258789,85.12999725341797,55.915306091308594,46929100
2003-01-29,85.41999816894531,87.18000030517578,84.7699966430664,56.338775634765625,53712200
2003-01-30,86.79000091552734,86.87999725341797,84.4000015258789,55.00327682495117,49845900
2003-01-31,84.1500015258789,86.20999908447266,84.1500015258789,56.065185546875,55317000
2003-02-03,86.13999938964844,86.80999755859375,85.91999816894531,56.1759147644043,39696000
2003-02-04,85.30999755859375,85.75,84.30000305175781,55.622161865234375,43633400
2003-02-05,85.75,86.54000091552734,84.4800033569336,55.2768669128418,55270600
2003-02-06,84.37000274658203,84.88999938964844,83.6500015258789,55.01626968383789,53638000
2003-02-07,84.91000366210938,84.98999786376953,82.97000122070312,54.34527587890625,43165000
2003-02-10,83.45999908447266,84.12999725341797,82.6500015258789,54.729637145996094,45455900
2003-02-11,84.37000274658203,84.87999725341797,82.83000183105469,54.35179138183594,46861000
2003-02-12,83.16000366210938,83.62000274658203,82.08999633789062,53.4853401184082,35873600
2003-02-13,82.1500015258789,82.66000366210938,81.0,53.648231506347656,57934100
2003-02-14,82.37000274658203,84.19999694824219,81.81999969482422,54.82085418701172,59580900
2003-02-18,84.52999877929688,85.80000305175781,84.38999938964844,55.7850456237793,39492700
2003-02-19,85.31999969482422,85.47000122070312,84.27999877929688,55.49186325073242,31432000
2003-02-20,85.20999908447266,85.41999816894531,84.05000305175781,54.9380989074707,29280100
2003-02-21,84.37999725341797,85.73999786376953,83.45999908447266,55.49186325073242,60955800
2003-02-24,84.93000030517578,85.0,83.58999633789062,54.592830657958984,30628600
2003-02-25,82.94999694824219,84.48999786376953,82.22000122070312,55.02931213378906,56770600
2003-02-26,84.0199966430664,84.52999877929688,83.08000183105469,54.22801971435547,37787200
2003-02-27,83.69999694824219,84.75,83.16000366210938,54.944637298583984,51126000
2003-02-28,84.47000122070312,85.2300033569336,84.16000366210938,55.3094596862793,43666800
2003-03-03,85.26000213623047,85.77999877929688,83.72000122070312,54.78173828125,42923100
2003-03-04,83.94999694824219,84.01000213623047,82.6500015258789,53.908775329589844,31440500
2003-03-05,82.61000061035156,83.54000091552734,82.36000061035156,54.364810943603516,43974700
2003-03-06,82.87000274658203,83.5199966430664,82.47000122070312,53.908775329589844,41217700
2003-03-07,81.61000061035156,83.98999786376953,81.43000030517578,54.280147552490234,63538000
2003-03-10,82.5999984741211,82.86000061035156,81.0999984741211,52.97719955444336,41014100
2003-03-11,81.4800033569336,82.0,80.4800033569336,52.45603942871094,48102700
2003-03-12,80.37999725341797,81.0999984741211,79.37999725341797,52.807861328125,62459800
2003-03-13,82.18000030517578,83.91000366210938,81.52999877929688,54.63193893432617,72117800
2003-03-14,84.19999694824219,84.7699966430664,83.3499984741211,54.80780029296875,63951800
2003-03-17,83.45999908447266,86.94999694824219,83.22000122070312,56.53419494628906,88217500
2003-03-18,87.1500015258789,87.3499984741211,86.27999877929688,56.866458892822266,50792300
2003-03-19,87.27999877929688,88.16000366210938,86.68000030517578,57.302940368652344,49630800
2003-03-20,87.33000183105469,88.58999633789062,86.3499984741211,57.426692962646484,67321600
2003-03-21,88.80000305175781,89.87999725341797,87.93000030517578,58.652488708496094,71165300
2003-03-24,88.0199966430664,88.13999938964844,86.3499984741211,56.703269958496094,65398900
2003-03-25,86.73999786376953,88.26000213623047,86.44000244140625,57.246185302734375,61040100
2003-03-26,87.55999755859375,87.8499984741211,86.80000305175781,56.958370208740234,45740800
2003-03-27,86.4000015258789,87.66000366210938,85.98999786376953,57.004188537597656,53120200
2003-03-28,86.47000122070312,87.27999877929688,86.25,56.716400146484375,32583000
2003-03-31,85.3499984741211,86.58999633789062,84.4000015258789,55.42779541015625,61119500
2003-04-01,85.25,86.38999938964844,84.91000366210938,56.27813720703125,53574000
2003-04-02,87.54000091552734,88.7699966430664,87.5,57.63862609863281,50431200
2003-04-03,88.87000274658203,88.98999786376953,87.6500015258789,57.36389923095703,48755500
2003-04-04,88.43000030517578,88.58999633789062,87.62000274658203,57.70402526855469,36250100
2003-04-07,90.33999633789062,90.8499984741211,87.97000122070312,57.5928840637207,69776200
2003-04-08,88.30000305175781,88.6500015258789,87.70999908447266,57.684417724609375,39712700
2003-04-09,88.36000061035156,89.0999984741211,86.7699966430664,56.925689697265625,55647300
2003-04-10,87.08999633789062,87.62999725341797,85.70999908447266,57.23963928222656,41812400
2003-04-11,88.16000366210938,88.69999694824219,86.86000061035156,57.004188537597656,47730100
2003-04-14,87.47000122070312,89.0,87.0,58.18155288696289,36711700
2003-04-15,88.83999633789062,89.77999877929688,88.41999816894531,58.72444152832031,49709800
2003-04-16,89.91000366210938,90.05999755859375,88.02999877929688,57.723655700683594,51788000
2003-04-17,88.30000305175781,89.72000122070312,88.19000244140625,58.58049774169922,37403100
2003-04-21,89.86000061035156,90.16000366210938,89.05999755859375,58.63936996459961,32052700
2003-04-22,89.0999984741211,91.55999755859375,88.88999938964844,59.744789123535156,59763600
2003-04-23,91.62000274658203,92.3499984741211,91.23999786376953,60.294246673583984,44227100
2003-04-24,91.52999877929688,92.08000183105469,90.95999908447266,59.7579231262207,49692400
2003-04-25,91.30000305175781,91.47000122070312,90.0199966430664,59.018733978271484,43917200
2003-04-28,90.44000244140625,92.19000244140625,90.30000305175781,60.03915786743164,46432900
2003-04-29,92.13999938964844,92.80000305175781,91.4000015258789,60.248497009277344,52017100
2003-04-30,91.91000366210938,92.56999969482422,91.41000366210938,60.11763381958008,48709100
2003-05-01,91.91999816894531,92.7300033569336,90.5,60.11110305786133,50240400
2003-05-02,91.55999755859375,93.47000122070312,91.48999786376953,60.96796417236328,50201500
2003-05-05,93.47000122070312,93.77999877929688,92.5,60.850242614746094,35437800
2003-05-06,93.04000091552734,94.37999725341797,93.0,61.42586898803711,44401000
2003-05-07,93.41999816894531,94.13999938964844,92.97000122070312,61.085697174072266,41413100
2003-05-08,92.5199966430664,93.33000183105469,92.27999877929688,60.47086715698242,40570700
2003-05-09,92.83000183105469,93.80000305175781,92.61000061035156,61.3080940246582,33608100
2003-05-12,93.5,95.12000274658203,93.27999877929688,62.060306549072266,35662300
2003-05-13,94.52999877929688,95.18000030517578,94.26000213623047,61.9490852355957,39253600
2003-05-14,95.08999633789062,95.23999786376953,93.91000366210938,61.818275451660156,32195100
2003-05-15,94.88999938964844,95.33000183105469,94.25,62.210750579833984,43879200
2003-05-16,94.88999938964844,95.44999694824219,94.26000213623047,62.05377197265625,38905000
2003-05-19,94.1500015258789,94.41999816894531,92.33000183105469,60.60169219970703,41606000
2003-05-20,92.81999969482422,93.02999877929688,91.58999633789062,60.47737503051758,55404600
2003-05-21,92.11000061035156,92.87999725341797,91.91000366210938,60.60169219970703,49333800
2003-05-22,92.94999694824219,94.05000305175781,92.68000030517578,61.20343017578125,38421800
2003-05-23,93.52999877929688,93.9800033569336,93.13999938964844,61.32771682739258,26155900
2003-05-27,93.30000305175781,95.83999633789062,93.06999969482422,62.40044403076172,43719200
2003-05-28,95.8499984741211,96.47000122070312,95.43000030517578,62.577049255371094,37727100
2003-05-29,95.87999725341797,96.81999969482422,95.08000183105469,62.41353225708008,50844200
2003-05-30,95.9000015258789,97.08999633789062,95.55999755859375,63.41426467895508,52529500
2003-06-02,97.52999877929688,98.44999694824219,96.66999816894531,63.6759147644043,50305500
2003-06-03,97.1500015258789,97.83999633789062,96.8499984741211,63.93752670288086,38254500
2003-06-04,97.66000366210938,99.3499984741211,97.56999969482422,64.85982513427734,49360700
2003-06-05,98.58000183105469,99.6500015258789,98.2699966430664,65.18031311035156,46262400
2003-06-06,100.4000015258789,101.4000015258789,99.12999725341797,64.92523193359375,60356800
2003-06-09,98.7699966430664,99.0999984741211,97.7699966430664,64.26457977294922,37808500
2003-06-10,98.45999908447266,99.26000213623047,98.19000244140625,64.91869354248047,29965900
2003-06-11,99.16000366210938,100.38999938964844,98.70999908447266,65.60547637939453,37610200
2003-06-12,100.75,100.9000015258789,99.62000274658203,65.80825805664062,36442000
2003-06-13,100.61000061035156,100.75,98.94999694824219,65.1214828491211,48628300
2003-06-16,99.95999908447266,101.69999694824219,99.80000305175781,66.49504089355469,36326300
2003-06-17,102.06999969482422,102.18000030517578,101.2300033569336,66.49504089355469,36801800
2003-06-18,101.29000091552734,102.13999938964844,101.0,66.43618774414062,35521000
2003-06-19,101.63999938964844,101.7300033569336,99.83999633789062,65.42233276367188,43551700
2003-06-20,100.38999938964844,100.5,99.41999816894531,65.2779312133789,41545000
2003-06-23,99.44999694824219,99.66000366210938,97.91999816894531,64.60832977294922,34237500
2003-06-24,98.22000122070312,99.08999633789062,98.0199966430664,64.67398834228516,36213600
2003-06-25,98.52999877929688,99.44000244140625,97.52999877929688,64.02409362792969,47743400
2003-06-26,97.77999877929688,98.9800033569336,96.95999908447266,64.8577880859375,33477300
2003-06-27,98.75,99.19000244140625,97.58000183105469,64.10943603515625,54208800
2003-06-30,98.22000122070312,98.66999816894531,97.47000122070312,64.08972930908203,33349000
2003-07-01,97.25,98.8499984741211,96.43000030517578,64.68051147460938,51322800
2003-07-02,98.7699966430664,99.79000091552734,98.56999969482422,65.49456787109375,34662100
2003-07-03,99.06999969482422,99.8499984741211,97.9000015258789,64.81838989257812,30792800
2003-07-07,99.6500015258789,100.9000015258789,99.6500015258789,66.1050796508789,31391100
2003-07-08,100.5,101.29000091552734,100.16999816894531,66.40047454833984,30952500
2003-07-09,100.91999816894531,101.4000015258789,100.02999877929688,66.02629089355469,36528500
2003-07-10,99.83999633789062,100.04000091552734,98.62999725341797,65.1860122680664,49777700
2003-07-11,99.38999938964844,100.44999694824219,99.38999938964844,65.80310821533203,39976300
2003-07-14,101.19999694824219,101.9000015258789,100.44999694824219,66.12474822998047,42114900
2003-07-15,101.37999725341797,101.45999908447266,99.94999694824219,65.98033142089844,42573600
2003-07-16,100.80999755859375,100.87000274658203,99.2300033569336,65.593017578125,39894200
2003-07-17,99.1500015258789,99.87999725341797,98.16000366210938,64.66083526611328,52253500
2003-07-18,99.0199966430664,99.80000305175781,98.45999908447266,65.32390594482422,35698100
2003-07-21,99.44999694824219,99.48999786376953,97.8499984741211,64.51644134521484,34786000
2003-07-22,98.69000244140625,99.41000366210938,97.91999816894531,65.10070037841797,49968300
2003-07-23,99.20999908447266,99.44999694824219,98.27999877929688,65.14662170410156,37275400
2003-07-24,99.98999786376953,100.33999633789062,98.37000274658203,64.65428161621094,40896200
2003-07-25,98.66000366210938,100.29000091552734,98.04000091552734,65.79650115966797,43241100
2003-07-28,100.37000274658203,100.9800033569336,99.66999816894531,65.55362701416016,34382800
2003-07-29,100.13999938964844,100.26000213623047,98.68000030517578,65.25164794921875,53472100
2003-07-30,99.5999984741211,99.75,98.93000030517578,65.09410095214844,28363300
2003-07-31,99.9800033569336,100.91000366210938,99.16999816894531,65.24510955810547,54937200
2003-08-01,99.19000244140625,99.52999877929688,98.23999786376953,64.66744232177734,49321000
2003-08-04,98.30999755859375,99.0,97.0,64.66744232177734,55214100
2003-08-05,98.41000366210938,98.76000213623047,96.33999633789062,63.29542541503906,61415600
2003-08-06,96.69000244140625,98.05999755859375,96.41999816894531,63.66303634643555,50096900
2003-08-07,97.16999816894531,98.06999969482422,96.76000213623047,64.3326416015625,43427400
2003-08-08,98.31999969482422,98.55000305175781,97.76000213623047,64.51644134521484,27357300
2003-08-11,98.26000213623047,99.04000091552734,97.83999633789062,64.75931549072266,34631400
2003-08-12,98.70999908447266,99.58999633789062,98.41999816894531,65.3501205444336,43285600
2003-08-13,99.81999969482422,99.8499984741211,98.52999877929688,65.01531219482422,36152000
2003-08-14,99.0999984741211,99.75,98.44999694824219,65.19258117675781,35525100
2003-08-15,99.36000061035156,99.79000091552734,99.12000274658203,65.3960952758789,12567000
2003-08-18,99.93000030517578,100.5999984741211,99.73999786376953,65.96060943603516,22873800
2003-08-19,100.69000244140625,100.94000244140625,100.0,66.21009063720703,37437700
2003-08-20,100.29000091552734,100.88999938964844,100.16000366210938,65.94095611572266,21295300
2003-08-21,101.05000305175781,101.5199966430664,100.4000015258789,66.15104675292969,46494200
2003-08-22,101.75,101.81999969482422,99.7300033569336,65.49456787109375,52040300
2003-08-25,99.70999908447266,100.83000183105469,99.27999877929688,65.59956359863281,23473000
2003-08-26,99.5,100.38999938964844,98.83000183105469,65.71775817871094,45065800
2003-08-27,100.05000305175781,100.36000061035156,99.56999969482422,65.7374496459961,18919500
2003-08-28,100.4000015258789,101.0,99.66000366210938,66.14444732666016,27402400
2003-08-29,100.61000061035156,101.4800033569336,100.4800033569336,66.59082794189453,28706600
2003-09-02,101.63999938964844,102.87999725341797,101.05000305175781,67.48359680175781,49419100
2003-09-03,103.02999877929688,103.69999694824219,102.77999877929688,67.85124206542969,44912400
2003-09-04,103.0999984741211,103.55000305175781,102.76000213623047,67.88401794433594,28381000
2003-09-05,102.94000244140625,103.55000305175781,102.4000015258789,67.5032958984375,31637300
2003-09-08,103.04000091552734,103.87999725341797,102.93000030517578,68.06130981445312,32632800
2003-09-09,103.37000274658203,103.45999908447266,102.68000030517578,67.61492156982422,35053200
2003-09-10,102.52999877929688,102.80000305175781,101.55000305175781,66.93215942382812,45904900
2003-09-11,102.0999984741211,102.76000213623047,101.83999633789062,67.1291275024414,38396300
2003-09-12,101.91000366210938,102.63999938964844,101.3499984741211,67.25382232666016,42524800
2003-09-15,102.5199966430664,102.62999725341797,101.94999694824219,67.01753997802734,21312800
2003-09-16,102.2300033569336,103.63999938964844,102.16999816894531,67.9956283569336,37892600
2003-09-17,103.4800033569336,103.79000091552734,103.05000305175781,67.86434173583984,31885800
2003-09-18,103.4000015258789,104.69999694824219,103.16999816894531,68.66523742675781,30243600
2003-09-19,104.2699966430664,104.5999984741211,103.4000015258789,68.31597900390625,34331600
2003-09-22,102.8499984741211,102.95999908447266,102.02999877929688,67.57791137695312,36677400
2003-09-23,102.58999633789062,103.29000091552734,102.36000061035156,67.83494567871094,32489200
2003-09-24,103.12000274658203,103.22000122070312,101.06999969482422,66.62899017333984,41694700
2003-09-25,101.41000366210938,101.87999725341797,100.19999694824219,66.08208465576172,52673100
2003-09-26,100.44000244140625,100.66000366210938,99.8499984741211,65.86459350585938,42914700
2003-09-29,100.30000305175781,100.98999786376953,99.79000091552734,66.5103759765625,36771600
2003-09-30,100.4800033569336,100.76000213623047,99.25,65.86459350585938,70764500
2003-10-01,100.23999786376953,102.18000030517578,100.19999694824219,67.2681884765625,65797600
2003-10-02,101.93000030517578,102.55999755859375,101.62999725341797,67.51204681396484,44591500
2003-10-03,103.66999816894531,104.27999877929688,103.08000183105469,68.1314468383789,48806900
2003-10-06,103.4800033569336,103.98999786376953,103.19999694824219,68.4411849975586,20226500
2003-10-07,103.26000213623047,104.30999755859375,102.91000366210938,68.70478820800781,42602900
2003-10-08,104.33000183105469,104.38999938964844,103.41000366210938,68.53343963623047,30920800
2003-10-09,104.87999725341797,105.22000122070312,103.83000183105469,68.71794891357422,40066500
2003-10-10,104.2699966430664,104.5999984741211,103.91000366210938,68.90902709960938,22682800
2003-10-13,104.70999908447266,105.29000091552734,104.51000213623047,69.12651824951172,23825600
2003-10-14,104.80000305175781,105.43000030517578,104.36000061035156,69.37033081054688,38484400
2003-10-15,105.86000061035156,105.88999938964844,104.63999938964844,69.18580627441406,39021700
2003-10-16,104.68000030517578,105.7300033569336,104.6500015258789,69.46259307861328,32772200
2003-10-17,105.47000122070312,105.62999725341797,103.9800033569336,68.70478820800781,32790300
2003-10-20,104.44999694824219,105.04000091552734,103.94000244140625,69.21878814697266,27657000
2003-10-21,104.81999969482422,105.27999877929688,104.31999969482422,69.10014343261719,26729100
2003-10-22,104.02999877929688,104.19000244140625,103.19000244140625,68.23029327392578,33914500
2003-10-23,102.88999938964844,103.94999694824219,102.83999633789062,68.1050796508789,45830500
2003-10-24,102.83000183105469,103.58000183105469,102.18000030517578,68.25666809082031,51723600
2003-10-27,103.73999786376953,104.18000030517578,103.2699966430664,68.28962707519531,32460200
2003-10-28,103.9800033569336,105.1500015258789,103.81999969482422,69.21878814697266,34956200
2003-10-29,104.7699966430664,105.43000030517578,103.87000274658203,69.3110580444336,30955400
2003-10-30,105.79000091552734,105.97000122070312,104.80000305175781,69.45604705810547,39123100
2003-10-31,105.4000015258789,105.73999786376953,105.22000122070312,69.39014434814453,25761600
2003-11-03,105.75,106.61000061035156,105.70999908447266,69.84481048583984,37589300
2003-11-04,105.98999786376953,106.2699966430664,105.58000183105469,69.69326782226562,31421600
2003-11-05,105.48999786376953,105.97000122070312,104.9000015258789,69.74594116210938,33558800
2003-11-06,105.5999984741211,106.44000244140625,105.0999984741211,70.11498260498047,28392300
2003-11-07,106.63999938964844,106.72000122070312,105.56999969482422,69.59436798095703,31723200
2003-11-10,105.73999786376953,105.83999633789062,105.01000213623047,69.3110580444336,25530800
2003-11-11,105.08999633789062,105.33000183105469,104.80000305175781,69.2912368774414,26558600
2003-11-12,105.2300033569336,106.47000122070312,105.16000366210938,70.06881713867188,28000000
2003-11-13,106.01000213623047,106.54000091552734,105.77999877929688,70.088623046875,29714800
2003-11-14,106.4000015258789,106.94999694824219,105.29000091552734,69.49552917480469,49158500
2003-11-17,104.91000366210938,105.13999938964844,104.04000091552734,69.14627075195312,44382100
2003-11-18,105.23999786376953,105.44999694824219,103.69999694824219,68.42799377441406,41155000
2003-11-19,104.02999877929688,105.01000213623047,103.91999816894531,69.00789642333984,29827000
2003-11-20,104.0,105.23999786376953,103.75,68.38845825195312,53578700
2003-11-21,104.23999786376953,104.33000183105469,103.62000274658203,68.67183685302734,30016000
2003-11-24,104.69000244140625,105.77999877929688,104.68000030517578,69.58126068115234,28906400
2003-11-25,105.7300033569336,106.41999816894531,105.44999694824219,69.84481048583984,37580000
2003-11-26,106.41999816894531,106.44999694824219,105.38999938964844,70.09522247314453,33053600
2003-11-28,106.27999877929688,106.66000366210938,106.19999694824219,70.14791107177734,10507500
2003-12-01,106.8499984741211,107.68000030517578,106.80000305175781,70.90570068359375,38699000
2003-12-02,107.37999725341797,107.7699966430664,107.06999969482422,70.72781372070312,35352000
2003-12-03,107.6500015258789,108.08000183105469,107.06999969482422,70.61577606201172,39078600
2003-12-04,107.16999816894531,107.72000122070312,106.94000244140625,70.90570068359375,36089500
2003-12-05,107.12000274658203,107.80000305175781,106.62000274658203,70.4115219116211,28824400
2003-12-08,106.73999786376953,107.63999938964844,106.68000030517578,70.88594818115234,32482900
2003-12-09,107.9000015258789,107.93000030517578,106.54000091552734,70.33902740478516,43596100
2003-12-10,106.7699966430664,106.9800033569336,105.95999908447266,70.33243560791016,36915400
2003-12-11,106.68000030517578,108.0999984741211,106.66999816894531,71.12319946289062,45304000
2003-12-12,107.97000122070312,108.19999694824219,107.38999938964844,71.26158905029297,34142200
2003-12-15,109.16999816894531,109.2300033569336,107.4800033569336,70.90570068359375,38693400
2003-12-16,107.68000030517578,108.5,107.5199966430664,71.27478790283203,32894200
2003-12-17,108.05999755859375,108.5,107.80000305175781,71.49883270263672,23198800
2003-12-18,108.55000305175781,109.7300033569336,108.38999938964844,72.3027572631836,29353100
2003-12-19,109.30000305175781,109.37000274658203,108.58000183105469,72.10151672363281,41465100
2003-12-22,108.79000091552734,109.66000366210938,108.77999877929688,72.60469818115234,27611300
2003-12-23,109.4800033569336,109.94999694824219,109.37999725341797,72.65105438232422,24741200
2003-12-24,109.5199966430664,109.87999725341797,109.43000030517578,72.57819366455078,8055800
2003-12-26,109.70999908447266,110.08000183105469,109.62999725341797,72.63117980957031,8308400
2003-12-29,110.0999984741211,111.2699966430664,109.77999877929688,73.59781646728516,22483700
2003-12-30,111.08999633789062,111.2699966430664,110.8499984741211,73.61104583740234,19559500
2003-12-31,111.22000122070312,111.5199966430664,110.83999633789062,73.67727661132812,31501800
2004-01-02,111.73999786376953,112.19000244140625,110.7300033569336,73.64417266845703,38072300
2004-01-05,111.69000244140625,112.5199966430664,111.58999633789062,74.4452896118164,27959800
2004-01-06,112.16000366210938,112.7300033569336,112.0,74.51812744140625,20472800
2004-01-07,112.38999938964844,113.05999755859375,111.88999938964844,74.76971435546875,30170400
2004-01-08,113.25,113.41000366210938,112.7699966430664,75.06768035888672,36438400
2004-01-09,112.83000183105469,113.5,112.2699966430664,74.41219329833984,54084300
2004-01-12,112.55000305175781,113.25,112.36000061035156,74.96170043945312,31564100
2004-01-13,113.08999633789062,113.2300033569336,111.76000213623047,74.52472686767578,54239700
2004-01-14,112.76000213623047,113.66000366210938,112.66999816894531,75.14710998535156,30112800
2004-01-15,113.56999969482422,114.05999755859375,112.58000183105469,75.33248901367188,38408700
2004-01-16,114.04000091552734,114.30999755859375,113.62999725341797,75.63044738769531,31922700
2004-01-20,114.52999877929688,114.6500015258789,113.81999969482422,75.61058044433594,29863000
2004-01-21,114.12999725341797,115.30000305175781,113.72000122070312,76.20645904541016,30725000
2004-01-22,115.13999938964844,115.37999725341797,114.58000183105469,76.0078125,29888500
2004-01-23,115.0,115.37000274658203,113.94999694824219,75.76288604736328,44245300
2004-01-26,114.38999938964844,115.93000030517578,114.37999725341797,76.71623992919922,30460600
2004-01-27,115.75,116.5,114.6500015258789,75.92835998535156,35322800
2004-01-28,114.9800033569336,115.27999877929688,112.94000244140625,75.06101989746094,52621300
2004-01-29,113.55999755859375,113.8499984741211,112.55999755859375,75.1338882446289,60117100
2004-01-30,113.5199966430664,113.72000122070312,113.08999633789062,75.1338882446289,30984400
2004-02-02,113.69999694824219,114.68000030517578,113.12000274658203,75.458251953125,38832400
2004-02-03,113.73999786376953,114.13999938964844,113.44000244140625,75.33248901367188,25093500
2004-02-04,113.19000244140625,113.7300033569336,112.79000091552734,74.71673583984375,39332600
2004-02-05,113.16999816894531,113.54000091552734,112.77999877929688,74.93524932861328,37226800
2004-02-06,113.41999816894531,114.69999694824219,113.19999694824219,75.77608489990234,37216000
2004-02-09,114.66999816894531,114.87000274658203,114.29000091552734,75.79595947265625,24851300
2004-02-10,114.27999877929688,115.13999938964844,114.26000213623047,76.04092407226562,27908100
2004-02-11,114.8499984741211,116.38999938964844,114.16999816894531,76.8486557006836,42965700
2004-02-12,115.97000122070312,116.2699966430664,115.58000183105469,76.57060241699219,27814700
2004-02-13,115.81999969482422,116.19999694824219,114.75,76.22632598876953,44739900
2004-02-17,115.8499984741211,116.43000030517578,115.7699966430664,76.9149169921875,23984300
2004-02-18,116.19999694824219,116.5999984741211,115.3499984741211,76.57726287841797,28618000
2004-02-19,116.33000183105469,116.38999938964844,115.05999755859375,76.29251861572266,51146200
2004-02-20,115.4800033569336,115.55999755859375,114.31999969482422,76.06080627441406,46728800
2004-02-23,115.22000122070312,115.26000213623047,114.16999816894531,75.8687744140625,36357000
2004-02-24,114.2699966430664,114.98999786376953,113.02999877929688,75.7363510131836,43953000
2004-02-25,114.45999908447266,115.05999755859375,114.31999969482422,76.05418395996094,31213600
2004-02-26,114.61000061035156,115.29000091552734,114.33999633789062,76.10050964355469,29683000
2004-02-27,115.19000244140625,115.73999786376953,114.62999725341797,76.15348815917969,39312000
2004-03-01,115.43000030517578,116.33999633789062,115.25,76.90824890136719,33130800
2004-03-02,115.94000244140625,116.97000122070312,115.2300033569336,76.45801544189453,38556400
2004-03-03,115.25,115.87000274658203,114.91999816894531,76.59709167480469,31346200
2004-03-04,115.72000122070312,116.0999984741211,115.5199966430664,76.79573059082031,21060000
2004-03-05,115.41999816894531,116.94999694824219,115.27999877929688,77.05390930175781,55905600
2004-03-08,116.33999633789062,116.62000274658203,114.91000366210938,76.11376190185547,39281600
2004-03-09,115.0999984741211,115.20999908447266,114.23999786376953,75.8092041015625,39746100
2004-03-10,114.72000122070312,114.7699966430664,112.55999755859375,74.53799438476562,67671800
2004-03-11,112.4000015258789,113.2699966430664,111.0999984741211,73.57135009765625,89134800
2004-03-12,111.7300033569336,112.70999908447266,111.58000183105469,74.53799438476562,54012200
2004-03-15,112.2699966430664,112.3499984741211,110.9000015258789,73.62429809570312,57677200
2004-03-16,111.77999877929688,112.05999755859375,110.83999633789062,74.01495361328125,59832600
2004-03-17,112.18000030517578,113.26000213623047,112.0999984741211,74.84257507324219,41607300
2004-03-18,112.69999694824219,113.2699966430664,111.93000030517578,74.8624038696289,60014300
2004-03-19,112.41000366210938,112.56999969482422,111.04000091552734,73.7894287109375,48636200
2004-03-22,110.54000091552734,110.56999969482422,109.0999984741211,72.85256958007812,62752100
2004-03-23,110.25,110.4000015258789,109.36000061035156,72.72634887695312,54080200
2004-03-24,109.58000183105469,110.13999938964844,108.8499984741211,72.78614044189453,51584300
2004-03-25,110.08000183105469,111.30000305175781,109.79000091552734,73.74957275390625,49873600
2004-03-26,110.95999908447266,111.79000091552734,110.80000305175781,73.76947021484375,37409500
2004-03-29,111.62999725341797,112.73999786376953,111.58000183105469,74.805908203125,44113600
2004-03-30,112.30000305175781,113.06999969482422,112.22000122070312,75.05839538574219,39059900
2004-03-31,112.98999786376953,113.4000015258789,112.37999725341797,75.14478302001953,48517600
2004-04-01,113.06999969482422,113.87000274658203,113.05000305175781,75.59657287597656,45103800
2004-04-02,114.80999755859375,114.83999633789062,113.9000015258789,76.16797637939453,50987700
2004-04-05,114.45999908447266,115.37999725341797,114.44000244140625,76.58656311035156,30251800
2004-04-06,114.83000183105469,115.18000030517578,114.62000274658203,76.3407211303711,28420900
2004-04-07,114.94999694824219,114.9800033569336,114.11000061035156,76.16130828857422,45890500
2004-04-08,115.41000366210938,115.41000366210938,113.73999786376953,75.98857879638672,46929700
2004-04-12,114.58000183105469,115.08000183105469,114.56999969482422,76.28759765625,23085200
2004-04-13,115.26000213623047,115.30000305175781,113.0199966430664,75.21783447265625,56210300
2004-04-14,112.61000061035156,113.63999938964844,112.55000305175781,75.33747100830078,62322300
2004-04-15,113.44999694824219,113.77999877929688,112.36000061035156,75.05182647705078,61602500
2004-04-16,113.37999725341797,114.05000305175781,112.9800033569336,75.62980651855469,47059200
2004-04-19,113.55000305175781,113.98999786376953,113.2699966430664,75.62980651855469,28277600
2004-04-20,114.08000183105469,114.31999969482422,111.77999877929688,74.36077117919922,53299400
2004-04-21,112.19999694824219,112.94999694824219,111.87000274658203,74.85907745361328,50177300
2004-04-22,112.4800033569336,114.66999816894531,112.44000244140625,75.90884399414062,62071500
2004-04-23,114.41999816894531,114.56999969482422,113.79000091552734,75.9819564819336,29395700
2004-04-26,114.5,114.94000244140625,113.5999984741211,75.87564086914062,35515200
2004-04-27,114.2300033569336,115.12000274658203,113.95999908447266,75.94207000732422,43485500
2004-04-28,113.88999938964844,114.01000213623047,112.5,74.95877838134766,50165800
2004-04-29,112.72000122070312,113.31999969482422,111.16000366210938,74.30095672607422,69687600
2004-04-30,112.16999816894531,112.37999725341797,110.9000015258789,73.72297668457031,48681400
2004-05-03,111.37000274658203,112.29000091552734,111.3499984741211,74.51360321044922,33758000
2004-05-04,112.25,113.26000213623047,111.66000366210938,74.45380401611328,51185100
2004-05-05,112.41000366210938,112.95999908447266,112.16000366210938,74.9321517944336,34405000
2004-05-06,112.0199966430664,112.58999633789062,111.0,74.28771209716797,54997000
2004-05-07,111.22000122070312,112.2300033569336,109.95999908447266,73.05855560302734,60950000
2004-05-10,109.44000244140625,109.75,108.36000061035156,72.30775451660156,75279400
2004-05-11,109.45999908447266,110.05000305175781,109.33000183105469,72.9190444946289,48300600
2004-05-12,109.56999969482422,110.54000091552734,108.05999755859375,73.38408660888672,90830500
2004-05-13,109.76000213623047,110.80999755859375,109.62999725341797,73.07847595214844,57393700
2004-05-14,109.94999694824219,110.73999786376953,109.2699966430664,73.11167907714844,54123100
2004-05-17,108.88999938964844,109.5,108.41000366210938,72.48712921142578,55020400
2004-05-18,109.48999786376953,109.94000244140625,109.33000183105469,72.85256958007812,30193100
2004-05-19,110.5,111.18000030517578,109.1500015258789,72.60008239746094,54804100
2004-05-20,109.44999694824219,109.87000274658203,109.04000091552734,72.83264923095703,38082900
2004-05-21,109.97000122070312,110.55000305175781,109.47000122070312,72.95889282226562,47480400
2004-05-24,110.52999877929688,110.76000213623047,109.68000030517578,73.26448059082031,40961500
2004-05-25,109.9000015258789,111.9800033569336,109.5999984741211,74.31424713134766,48668000
2004-05-26,111.66000366210938,112.29000091552734,111.51000213623047,74.57341766357422,35977000
2004-05-27,112.54000091552734,113.02999877929688,112.05999755859375,74.9919662475586,45306900
2004-05-28,112.7300033569336,112.87999725341797,112.36000061035156,74.98531341552734,23367200
2004-06-01,112.45999908447266,112.86000061035156,111.87000274658203,74.88565826416016,41044700
2004-06-02,113.02999877929688,113.4800033569336,112.45999908447266,75.16470336914062,39774200
2004-06-03,112.80999755859375,113.19000244140625,112.06999969482422,74.47374725341797,38688300
2004-06-04,112.9800033569336,113.58000183105469,112.70999908447266,75.06507110595703,32739500
2004-06-07,113.43000030517578,114.80999755859375,113.41999816894531,76.20782470703125,31643800
2004-06-08,114.37000274658203,114.91999816894531,114.16999816894531,76.31412506103516,32846500
2004-06-09,114.51000213623047,114.69999694824219,113.72000122070312,75.60321044921875,36737600
2004-06-10,114.04000091552734,114.3499984741211,113.93000030517578,75.97530364990234,21711000
2004-06-14,113.81999969482422,113.8499984741211,112.87000274658203,75.22447967529297,34633000
2004-06-15,113.9000015258789,114.44999694824219,113.51000213623047,75.75606536865234,37445000
2004-06-16,114.0,114.19999694824219,113.69999694824219,75.74275970458984,26633400
2004-06-17,113.8499984741211,114.06999969482422,113.33000183105469,75.62980651855469,28402400
2004-06-18,113.2699966430664,114.22000122070312,113.18000030517578,75.7724838256836,31799800
2004-06-21,113.75,114.13999938964844,113.12999725341797,75.48577880859375,25284000
2004-06-22,113.12999725341797,113.87999725341797,112.66999816894531,75.8658447265625,37334000
2004-06-23,113.61000061035156,114.83999633789062,113.41999816894531,76.51936340332031,35580000
2004-06-24,114.55999755859375,114.93000030517578,114.26000213623047,76.27930450439453,35272100
2004-06-25,114.41000366210938,114.94000244140625,113.68000030517578,75.91252136230469,32837900
2004-06-28,114.5199966430664,114.61000061035156,113.41000366210938,75.6524887084961,40824500
2004-06-29,113.52999877929688,114.16999816894531,113.41999816894531,75.96589660644531,28418100
2004-06-30,114.06999969482422,114.79000091552734,113.6500015258789,76.3726806640625,52230600
2004-07-01,114.25,114.4000015258789,112.58000183105469,75.31241607666016,57734700
2004-07-02,113.16000366210938,113.29000091552734,112.5999984741211,75.27237701416016,34615100
2004-07-06,112.37000274658203,112.44999694824219,111.62999725341797,74.6121826171875,38698200
2004-07-07,111.80999755859375,112.56999969482422,111.75,74.8322982788086,29839800
2004-07-08,111.80999755859375,112.31999969482422,111.19999694824219,74.3121337890625,45291100
2004-07-09,111.72000122070312,111.94000244140625,111.37999725341797,74.50552368164062,27412900
2004-07-12,111.5199966430664,112.04000091552734,111.0,74.53889465332031,35691300
2004-07-13,111.91999816894531,112.0199966430664,111.5999984741211,74.59223175048828,26752000
2004-07-14,111.26000213623047,112.38999938964844,111.12000274658203,74.36549377441406,54089400
2004-07-15,111.73999786376953,111.91000366210938,110.69999694824219,73.88536834716797,38403500
2004-07-16,111.56999969482422,111.66999816894531,110.44000244140625,73.82535552978516,40871200
2004-07-19,110.75,110.95999908447266,109.98999786376953,73.51194763183594,39592800
2004-07-20,110.52999877929688,111.9000015258789,110.25,74.44552612304688,46679800
2004-07-21,111.81999969482422,112.05999755859375,109.44999694824219,73.07183837890625,56241100
2004-07-22,109.36000061035156,110.38999938964844,108.7699966430664,73.27186584472656,72477100
2004-07-23,109.62000274658203,109.70999908447266,108.69000244140625,72.65837097167969,49610500
2004-07-26,109.19000244140625,109.43000030517578,108.20999908447266,72.51834106445312,49679100
2004-07-27,109.05000305175781,110.11000061035156,108.97000122070312,73.19852447509766,51295100
2004-07-28,109.55000305175781,110.37000274658203,108.58999633789062,73.41857147216797,65862300
2004-07-29,110.54000091552734,110.87000274658203,110.0,73.73197174072266,52200500
2004-07-30,110.31999969482422,110.9000015258789,110.0999984741211,73.91202545166016,41581700
2004-08-02,110.19000244140625,111.36000061035156,110.05000305175781,74.0654067993164,38263100
2004-08-03,110.93000030517578,111.05999755859375,110.16000366210938,73.4919204711914,40948800
2004-08-04,109.88999938964844,110.75,109.63999938964844,73.4852523803711,40763200
2004-08-05,110.29000091552734,110.37999725341797,108.2699966430664,72.28495788574219,50772000
2004-08-06,107.62999725341797,107.95999908447266,106.62000274658203,71.2513427734375,74729000
2004-08-09,107.0199966430664,107.4800033569336,106.87000274658203,71.35135650634766,37476300
2004-08-10,107.30999755859375,108.41000366210938,107.26000213623047,72.27163696289062,55870600
2004-08-11,107.68000030517578,108.33000183105469,107.0999984741211,72.12493133544922,52933200
2004-08-12,107.68000030517578,107.94999694824219,106.62999725341797,71.33805847167969,50015900
2004-08-13,107.0999984741211,107.3499984741211,106.58999633789062,71.47809600830078,41634700
2004-08-16,107.13999938964844,108.63999938964844,107.0999984741211,72.21831512451172,45731900
2004-08-17,108.75,109.27999877929688,108.52999877929688,72.62504577636719,40701600
2004-08-18,108.5199966430664,110.16999816894531,108.48999786376953,73.37191009521484,43165400
2004-08-19,109.80999755859375,110.0199966430664,109.18000030517578,73.15852355957031,39881600
2004-08-20,109.61000061035156,110.62999725341797,109.51000213623047,73.67195892333984,44870900
2004-08-23,110.55000305175781,110.7699966430664,110.05000305175781,73.4852523803711,33745100
2004-08-24,110.63999938964844,110.7300033569336,109.8499984741211,73.58531188964844,30453100
2004-08-25,110.33000183105469,111.2699966430664,109.9000015258789,74.08538818359375,38551400
2004-08-26,110.95999908447266,111.30999755859375,110.8499984741211,74.08538818359375,26629500
2004-08-27,111.19999694824219,111.62999725341797,111.05000305175781,74.31877899169922,24902900
2004-08-30,111.22000122070312,111.33999633789062,110.44999694824219,73.70533752441406,26726500
2004-08-31,110.66000366210938,111.16000366210938,110.0999984741211,74.09205627441406,44125300
2004-09-01,110.94999694824219,111.63999938964844,110.4800033569336,74.23211669921875,52778300
2004-09-02,111.23999786376953,112.69999694824219,111.23999786376953,75.07231903076172,42736600
2004-09-03,112.33000183105469,112.81999969482422,112.01000213623047,74.76557159423828,30480500
2004-09-07,112.54000091552734,113.12999725341797,112.31999969482422,75.2590560913086,37338800
2004-09-08,112.62000274658203,113.05999755859375,112.30999755859375,75.07231903076172,32963100
2004-09-09,112.56999969482422,112.87999725341797,112.02999877929688,75.00566101074219,34314800
2004-09-10,112.5199966430664,113.2699966430664,112.08000183105469,75.39241790771484,27900600
2004-09-13,113.30999755859375,113.73999786376953,113.01000213623047,75.6391830444336,44398100
2004-09-14,113.30000305175781,113.69000244140625,113.19000244140625,75.79254150390625,28048900
2004-09-15,113.30000305175781,113.36000061035156,112.68000030517578,75.21903991699219,38295000
2004-09-16,112.8499984741211,113.37000274658203,112.80000305175781,75.44575500488281,23911700
2004-09-17,112.94999694824219,113.36000061035156,112.69000244140625,75.76651000976562,33683000
2004-09-20,112.66999816894531,112.98999786376953,112.27999877929688,75.31118774414062,37149400
2004-09-21,112.75,113.47000122070312,112.54000091552734,75.63926696777344,40920800
2004-09-22,112.5,112.5199966430664,111.47000122070312,74.69510650634766,49042100
2004-09-23,111.5999984741211,111.69999694824219,110.94999694824219,74.29335021972656,44068700
2004-09-24,111.16999816894531,111.7300033569336,111.12999725341797,74.63489532470703,34981100
2004-09-27,111.0999984741211,111.19999694824219,110.58000183105469,74.159423828125,39355100
2004-09-28,110.91000366210938,111.51000213623047,110.41000366210938,74.51434326171875,41662900
2004-09-29,111.20999908447266,111.8499984741211,111.0,74.88932800292969,33325700
2004-09-30,111.55000305175781,111.9800033569336,111.26000213623047,74.83574676513672,43536700
2004-10-01,112.26000213623047,113.6500015258789,112.20999908447266,76.1012954711914,62824300
2004-10-04,114.0999984741211,114.44000244140625,113.80000305175781,76.22853088378906,33082400
2004-10-05,113.8499984741211,114.16000366210938,113.54000091552734,76.2686996459961,36910600
2004-10-06,113.7699966430664,114.68000030517578,113.68000030517578,76.79102325439453,42297800
2004-10-07,114.37999725341797,114.4000015258789,113.36000061035156,75.96739959716797,39388800
2004-10-08,113.1500015258789,113.7699966430664,112.3499984741211,75.33793640136719,51872600
2004-10-11,112.77999877929688,113.0199966430664,112.63999938964844,75.64596557617188,20229100
2004-10-12,112.19999694824219,112.83000183105469,111.94000244140625,75.3513412475586,41754700
2004-10-13,113.0,113.06999969482422,111.31999969482422,74.68841552734375,54212600
2004-10-14,111.68000030517578,111.93000030517578,110.58000183105469,74.08577728271484,64082200
2004-10-15,111.0199966430664,111.73999786376953,110.56999969482422,74.50094604492188,63482200
2004-10-18,110.88999938964844,111.9000015258789,110.69999694824219,74.78218078613281,43535100
2004-10-19,112.0199966430664,112.2300033569336,110.58999633789062,74.15274810791016,55851900
2004-10-20,110.37999725341797,110.81999969482422,109.75,74.00541687011719,57118500
2004-10-21,110.79000091552734,111.31999969482422,110.20999908447266,74.487548828125,53218300
2004-10-22,111.19000244140625,111.25,109.86000061035156,73.65055847167969,48752400
2004-10-25,109.75,110.12000274658203,109.3499984741211,73.56351470947266,43990900
2004-10-26,110.12999725341797,111.5999984741211,109.87999725341797,74.68841552734375,54337400
2004-10-27,111.37999725341797,113.0999984741211,111.12000274658203,75.5857162475586,73896000
2004-10-28,112.77999877929688,113.55999755859375,112.48999786376953,75.8133773803711,54413300
2004-10-29,113.12000274658203,113.63999938964844,112.9000015258789,75.79998779296875,48820200
2004-11-01,113.55999755859375,113.83999633789062,113.19999694824219,76.00757598876953,36720900
2004-11-02,113.66999816894531,114.56999969482422,113.22000122070312,76.03435516357422,56210000
2004-11-03,115.02999877929688,115.36000061035156,114.23999786376953,76.99187469482422,76960200
2004-11-04,114.77999877929688,116.66999816894531,114.68000030517578,78.04318237304688,55350300
2004-11-05,117.05000305175781,117.63999938964844,116.48999786376953,78.531982421875,63287200
2004-11-08,116.9800033569336,117.2300033569336,116.72000122070312,78.41816711425781,33863800
2004-11-09,117.08000183105469,117.5,116.76000213623047,78.26416015625,44658100
2004-11-10,117.05999755859375,117.55000305175781,116.76000213623047,78.32440948486328,45265400
2004-11-11,117.18000030517578,118.12000274658203,117.0999984741211,78.92037963867188,37863200
2004-11-12,117.97000122070312,119.0,117.68000030517578,79.54310607910156,55583700
2004-11-15,118.5,118.7699966430664,118.2300033569336,79.73854064941406,35297900
2004-11-16,118.36000061035156,118.41000366210938,117.7300033569336,79.16769409179688,40028700
2004-11-17,118.37000274658203,119.13999938964844,118.06999969482422,79.63780212402344,54494000
2004-11-18,118.52999877929688,118.80000305175781,118.2300033569336,79.7452621459961,31854300
2004-11-19,118.69999694824219,118.72000122070312,117.13999938964844,78.85873413085938,54276500
2004-11-22,117.16999816894531,118.12000274658203,117.02999877929688,79.2348403930664,37560200
2004-11-23,117.93000030517578,118.26000213623047,117.37000274658203,79.35575866699219,41968800
2004-11-24,118.2699966430664,118.58999633789062,118.05000305175781,79.54376983642578,29724800
2004-11-26,118.51000213623047,118.9800033569336,118.30000305175781,79.48336029052734,15487700
2004-11-29,118.79000091552734,119.01000213623047,117.4800033569336,79.12068939208984,61460800
2004-11-30,118.0,118.23999786376953,117.63999938964844,79.17438507080078,53685200
2004-12-01,118.16000366210938,119.5,118.0999984741211,80.07433319091797,49898300
2004-12-02,119.0999984741211,119.87000274658203,119.01000213623047,80.14151000976562,60163500
2004-12-03,119.30999755859375,120.13999938964844,119.08999633789062,80.08777618408203,49067900
2004-12-06,119.20999908447266,119.63999938964844,118.83999633789062,80.0608901977539,33030500
2004-12-07,119.48999786376953,119.62000274658203,118.04000091552734,79.3154525756836,52047200
2004-12-08,118.20999908447266,118.81999969482422,118.01000213623047,79.7788314819336,43895100
2004-12-09,118.13999938964844,119.45999908447266,117.7300033569336,80.0608901977539,60922800
2004-12-10,118.91999816894531,119.55999755859375,118.8499984741211,80.14151000976562,47828600
2004-12-13,119.76000213623047,120.4000015258789,119.3499984741211,80.8399658203125,38541000
2004-12-14,120.18000030517578,120.95999908447266,120.18000030517578,81.1220474243164,41500700
2004-12-15,120.69999694824219,121.11000061035156,120.30999755859375,81.18247985839844,46699200
2004-12-16,120.72000122070312,121.23999786376953,120.04000091552734,81.13545227050781,51641800
2004-12-17,119.45999908447266,119.97000122070312,119.16000366210938,80.59431457519531,70761900
2004-12-20,119.75,120.29000091552734,119.16999816894531,80.61457061767578,47187400
2004-12-21,119.5999984741211,120.4800033569336,119.45999908447266,81.23530578613281,33094200
2004-12-22,120.37999725341797,121.08000183105469,120.30000305175781,81.43103790283203,31500700
2004-12-23,120.87000274658203,121.27999877929688,120.66000366210938,81.49172973632812,25646100
2004-12-27,121.19999694824219,121.36000061035156,120.38999938964844,81.32304382324219,29944100
2004-12-28,120.63999938964844,121.33000183105469,120.5999984741211,81.76840209960938,23422900
2004-12-29,121.08000183105469,121.4000015258789,120.94999694824219,81.88985443115234,22650600
2004-12-30,121.4000015258789,121.56999969482422,121.04000091552734,81.73464965820312,21076900
2004-12-31,121.30000305175781,121.66000366210938,120.80000305175781,81.55923461914062,28648800
2005-01-03,121.55999755859375,121.76000213623047,119.9000015258789,81.17461395263672,55748000
2005-01-04,120.45999908447266,120.54000091552734,118.44000244140625,80.18270111083984,69167600
2005-01-05,118.73999786376953,119.25,118.0,79.62936401367188,65667300
2005-01-06,118.44000244140625,119.1500015258789,118.26000213623047,80.03425598144531,47814700
2005-01-07,118.97000122070312,119.2300033569336,118.12999725341797,79.9195556640625,55847700
2005-01-10,118.33999633789062,119.45999908447266,118.33999633789062,80.2973861694336,56563300
2005-01-11,118.63999938964844,118.73999786376953,117.98999786376953,79.74409484863281,63099700
2005-01-12,118.4000015258789,118.83999633789062,117.5199966430664,80.00725555419922,72720500
2005-01-13,118.63999938964844,118.7300033569336,117.5,79.36624908447266,55537500
2005-01-14,117.97000122070312,118.52999877929688,117.76000213623047,79.7845687866211,42032500
2005-01-18,118.05000305175781,119.62000274658203,117.94999694824219,80.61457061767578,57391700
2005-01-19,119.43000030517578,119.5199966430664,118.20999908447266,79.77107238769531,54378900
2005-01-20,117.88999938964844,118.19999694824219,117.29000091552734,79.28524017333984,72049300
2005-01-21,117.79000091552734,118.0,116.6500015258789,78.7994155883789,63160400
2005-01-24,117.08999633789062,117.33999633789062,116.37000274658203,78.64421844482422,58441900
2005-01-25,116.91000366210938,117.47000122070312,116.72000122070312,78.86687469482422,68245000
2005-01-26,117.31999969482422,117.5999984741211,117.04000091552734,79.10311126708984,57195100
2005-01-27,117.19000244140625,117.75,116.9800033569336,79.23802185058594,55878800
2005-01-28,117.48999786376953,117.55000305175781,116.61000061035156,79.23802185058594,60738900
2005-01-31,117.94999694824219,118.25,117.70999908447266,79.73058319091797,52532700
2005-02-01,118.25,119.08000183105469,118.0999984741211,80.23667907714844,49841200
2005-02-02,119.05999755859375,119.58999633789062,118.9000015258789,80.47959899902344,52468900
2005-02-03,119.05999755859375,119.16000366210938,118.56999969482422,80.27042388916016,48837100
2005-02-04,119.0,120.43000030517578,118.9800033569336,81.12737274169922,50024600
2005-02-07,120.25,120.5199966430664,119.95999908447266,81.01937866210938,45412000
2005-02-08,120.16999816894531,120.6500015258789,120.06999969482422,81.11387634277344,39263500
2005-02-09,120.41999816894531,120.48999786376953,119.25,80.5065689086914,55279400
2005-02-10,119.66000366210938,120.0199966430664,119.26000213623047,80.79674530029297,45858600
2005-02-11,119.69999694824219,121.04000091552734,119.45999908447266,81.49172973632812,53133000
2005-02-14,120.69000244140625,120.86000061035156,120.4800033569336,81.43103790283203,32432100
2005-02-15,120.80000305175781,121.43000030517578,120.68000030517578,81.73464965820312,43852700
2005-02-16,120.93000030517578,121.45999908447266,120.66999816894531,81.78863525390625,55523000
2005-02-17,121.2300033569336,121.33000183105469,120.22000122070312,81.12737274169922,58124000
2005-02-18,120.23999786376953,120.4800033569336,119.9000015258789,81.23530578613281,47723300
2005-02-22,119.9000015258789,120.47000122070312,118.58000183105469,80.02750396728516,80697600
2005-02-23,118.93000030517578,119.56999969482422,118.62000274658203,80.6010513305664,68292600
2005-02-24,119.23999786376953,120.31999969482422,118.9800033569336,81.13410949707031,68563600
2005-02-25,120.2699966430664,121.66999816894531,120.18000030517578,81.93708801269531,60899900
2005-02-28,121.1500015258789,121.30000305175781,120.04000091552734,81.39725494384766,69381300
2005-03-01,120.81999969482422,121.5199966430664,120.77999877929688,81.80210876464844,47294400
2005-03-02,120.76000213623047,121.93000030517578,120.6500015258789,81.76164245605469,64226500
2005-03-03,121.66000366210938,121.9000015258789,120.69999694824219,81.7954330444336,61230800
2005-03-04,122.05000305175781,122.83000183105469,121.79000091552734,82.81430053710938,56168500
2005-03-07,122.66000366210938,123.25,122.4000015258789,82.8547592163086,43442400
2005-03-08,122.66999816894531,123.0,122.11000061035156,82.54443359375,44362000
2005-03-09,121.97000122070312,122.29000091552734,120.95999908447266,81.6267318725586,73263600
2005-03-10,121.19999694824219,121.5,120.4000015258789,81.80888366699219,65149000
2005-03-11,121.30999755859375,121.72000122070312,120.16000366210938,81.23530578613281,57976500
2005-03-14,120.61000061035156,121.16000366210938,120.27999877929688,81.74137878417969,36336400
2005-03-15,121.41999816894531,121.45999908447266,120.08000183105469,81.0666275024414,62438500
2005-03-16,119.69999694824219,120.16000366210938,118.9000015258789,80.37837219238281,74874200
2005-03-17,119.30999755859375,119.73999786376953,118.9800033569336,80.54031372070312,62584200
2005-03-18,119.11000061035156,119.52999877929688,118.1500015258789,80.30123138427734,60232000
2005-03-21,118.70999908447266,118.77999877929688,117.76000213623047,80.0031509399414,61244300
2005-03-22,118.37000274658203,118.93000030517578,116.9000015258789,79.19025421142578,92472400
2005-03-23,116.94999694824219,117.72000122070312,116.75,79.25798797607422,70817300
2005-03-24,117.45999908447266,117.98999786376953,117.05999755859375,79.3528060913086,51932500
2005-03-28,117.41999816894531,117.94000244140625,117.30999755859375,79.46797180175781,46765500
2005-03-29,117.13999938964844,117.9000015258789,116.25,78.93955993652344,71160300
2005-03-30,116.77999877929688,118.19999694824219,116.7699966430664,80.05731964111328,62002100
2005-03-31,118.19000244140625,118.45999908447266,117.87000274658203,79.90826416015625,64575400
2005-04-01,118.62999725341797,118.98999786376953,116.91000366210938,79.54925537109375,95255300
2005-04-04,117.36000061035156,117.86000061035156,116.73999786376953,79.68475341796875,71581200
2005-04-05,117.77999877929688,118.37999725341797,117.66999816894531,80.0640640258789,46853900
2005-04-06,118.44999694824219,118.94999694824219,118.18000030517578,80.34184265136719,53268200
2005-04-07,118.41000366210938,119.26000213623047,118.31999969482422,80.775390625,46734600
2005-04-08,119.16999816894531,119.20999908447266,118.0,79.93538665771484,63772900
2005-04-11,118.29000091552734,118.41999816894531,117.83000183105469,79.9963607788086,44945000
2005-04-12,117.88999938964844,119.05999755859375,117.06999969482422,80.40958404541016,86144800
2005-04-13,118.55999755859375,118.80000305175781,117.12999725341797,79.461181640625,65949000
2005-04-14,117.4000015258789,117.5,115.7699966430664,78.42473602294922,96119800
2005-04-15,115.73999786376953,116.19999694824219,114.0999984741211,77.32733917236328,128677300
2005-04-18,114.12000274658203,114.95999908447266,113.95999908447266,77.56443786621094,100035200
2005-04-19,115.0999984741211,115.52999877929688,114.83000183105469,78.18087768554688,64930100
2005-04-20,115.37999725341797,115.62999725341797,113.55000305175781,77.0902099609375,107735900
2005-04-21,114.79000091552734,116.20999908447266,114.37999725341797,78.58731079101562,86952200
2005-04-22,115.73999786376953,116.5,114.2699966430664,78.28923797607422,88845800
2005-04-25,115.86000061035156,116.5,115.72000122070312,78.80408477783203,52284100
2005-04-26,115.95999908447266,116.7699966430664,115.1500015258789,78.03861236572266,72626000
2005-04-27,114.86000061035156,116.06999969482422,114.44000244140625,78.34342956542969,84131900
2005-04-28,115.2699966430664,115.68000030517578,114.19999694824219,77.36122131347656,72481500
2005-04-29,115.06999969482422,115.87000274658203,113.97000122070312,78.41119384765625,103993800
2005-05-02,116.06999969482422,116.41000366210938,115.5199966430664,78.85151672363281,56026400
2005-05-03,116.06999969482422,116.8499984741211,115.69000244140625,78.98699951171875,86000300
2005-05-04,116.6500015258789,117.75,116.27999877929688,79.59666442871094,81055700
2005-05-05,117.66999816894531,118.0,116.73999786376953,79.569580078125,96906700
2005-05-06,117.93000030517578,117.98999786376953,117.05999755859375,79.3189468383789,67415400
2005-05-09,117.20999908447266,118.08000183105469,117.05000305175781,79.81346893310547,43750500
2005-05-10,117.36000061035156,117.5,116.38999938964844,78.98699951171875,74613500
2005-05-11,116.93000030517578,117.4000015258789,115.8499984741211,79.4205551147461,91647400
2005-05-12,117.31999969482422,117.58999633789062,115.94999694824219,78.5466537475586,95086800
2005-05-13,116.30000305175781,116.62000274658203,114.80000305175781,78.39086151123047,85267000
2005-05-16,115.69999694824219,116.83999633789062,115.66000366210938,79.12248229980469,49207000
2005-05-17,116.41000366210938,117.69999694824219,116.16000366210938,79.65087127685547,61071800
2005-05-18,118.08999633789062,119.08000183105469,118.01000213623047,80.47054290771484,77944900
2005-05-19,119.0199966430664,119.41000366210938,118.69999694824219,80.8092269897461,61768100
2005-05-20,119.33999633789062,119.38999938964844,118.73999786376953,80.694091796875,46345500
2005-05-23,119.20999908447266,120.04000091552734,119.19000244140625,81.14117431640625,51047900
2005-05-24,119.44000244140625,119.83000183105469,119.19999694824219,80.95150756835938,50654100
2005-05-25,119.3499984741211,119.87000274658203,118.83000183105469,80.89056396484375,47608800
2005-05-26,119.79000091552734,120.20999908447266,119.62000274658203,81.32408905029297,43256200
2005-05-27,120.05999755859375,120.25,119.80000305175781,81.45960235595703,24596100
2005-05-31,120.08000183105469,120.16999816894531,119.4000015258789,80.93798828125,43377200
2005-06-01,119.5199966430664,120.91999816894531,119.44999694824219,81.6289291381836,69611000
2005-06-02,120.2300033569336,120.83999633789062,120.0999984741211,81.8050537109375,39704500
2005-06-03,120.55000305175781,120.88999938964844,119.7300033569336,81.39183044433594,60999400
2005-06-06,119.94999694824219,120.19999694824219,119.55000305175781,81.31730651855469,36046400
2005-06-07,120.38999938964844,121.25,120.01000213623047,81.37830352783203,66501300
2005-06-08,120.43000030517578,120.58999633789062,119.66999816894531,81.22926330566406,46881200
2005-06-09,119.73999786376953,120.58000183105469,119.44000244140625,81.6153793334961,56653300
2005-06-10,120.55999755859375,120.6500015258789,119.5999984741211,81.42567443847656,36465300
2005-06-13,119.94000244140625,121.08000183105469,119.80999755859375,81.68313598632812,49383200
2005-06-14,120.44999694824219,121.19999694824219,120.37999725341797,81.8727798461914,33857100
2005-06-15,121.16000366210938,121.23999786376953,120.2300033569336,82.02861022949219,53195600
2005-06-16,121.05999755859375,121.63999938964844,120.91999816894531,82.23856353759766,46564500
2005-06-17,121.54000091552734,121.9000015258789,121.22000122070312,82.54332733154297,51529400
2005-06-20,121.08000183105469,121.83999633789062,120.94000244140625,82.57054138183594,41019400
2005-06-21,121.5,121.6500015258789,121.02999877929688,82.61812591552734,39879800
2005-06-22,121.68000030517578,121.94000244140625,121.06999969482422,82.68617248535156,46310100
2005-06-23,121.31999969482422,121.5999984741211,119.83000183105469,81.52310180664062,62185600
2005-06-24,119.87999725341797,120.01000213623047,118.83999633789062,80.92456817626953,58572500
2005-06-27,118.97000122070312,119.41000366210938,118.75,81.04015350341797,48183800
2005-06-28,119.4000015258789,120.23999786376953,119.37000274658203,81.72032928466797,41174200
2005-06-29,120.37000274658203,120.4000015258789,119.76000213623047,81.5026626586914,42316500
2005-06-30,120.22000122070312,120.31999969482422,118.94999694824219,81.06060028076172,62288800
2005-07-01,119.44999694824219,119.80000305175781,119.20999908447266,81.29862976074219,49737500
2005-07-05,119.25,120.6500015258789,119.19000244140625,81.9515609741211,51549000
2005-07-06,120.38999938964844,120.6500015258789,119.41000366210938,81.26464080810547,52363600
2005-07-07,118.29000091552734,119.94999694824219,118.26000213623047,81.58426666259766,103268800
2005-07-08,119.97000122070312,121.31999969482422,119.72000122070312,82.51610565185547,64491200
2005-07-11,121.33000183105469,122.0999984741211,121.30999755859375,82.93781280517578,49688300
2005-07-12,121.98999786376953,122.62999725341797,121.63999938964844,83.15544891357422,51871100
2005-07-13,122.2699966430664,122.5199966430664,121.98999786376953,83.27110290527344,41182300
2005-07-14,122.9800033569336,123.44000244140625,122.48999786376953,83.59758758544922,63638800
2005-07-15,122.79000091552734,123.04000091552734,122.36000061035156,83.54995727539062,56075900
2005-07-18,122.5,122.62999725341797,122.05000305175781,83.2166976928711,56598400
2005-07-19,122.70999908447266,123.11000061035156,122.41000366210938,83.6723403930664,59165700
2005-07-20,122.58999633789062,123.7300033569336,122.30000305175781,83.95802307128906,69477000
2005-07-21,123.55000305175781,123.61000061035156,122.47000122070312,83.46830749511719,101110900
2005-07-22,122.87999725341797,123.55999755859375,122.62999725341797,84.0260238647461,52607100
2005-07-25,123.41000366210938,123.94999694824219,122.8499984741211,83.7879867553711,57301600
2005-07-26,123.2300033569336,123.52999877929688,122.94999694824219,83.89006042480469,42758800
2005-07-27,123.5,123.88999938964844,123.05000305175781,84.19607543945312,43181600
2005-07-28,123.95999908447266,124.63999938964844,123.63999938964844,84.72660827636719,47880700
2005-07-29,124.41000366210938,124.62999725341797,123.5,84.16207122802734,62358100
2005-08-01,123.83000183105469,124.04000091552734,123.44999694824219,84.10088348388672,40418200
2005-08-02,123.87000274658203,124.5999984741211,123.73999786376953,84.60417938232422,45147400
2005-08-03,124.25,124.73999786376953,124.12000274658203,84.82862091064453,36837200
2005-08-04,124.2300033569336,124.30999755859375,123.56999969482422,84.14848327636719,50855600
2005-08-05,123.44999694824219,123.9800033569336,122.66999816894531,83.5771713256836,53595500
2005-08-08,123.1500015258789,123.41000366210938,122.37999725341797,83.42070770263672,47616000
2005-08-09,123.05999755859375,123.58999633789062,122.87000274658203,83.92400360107422,47170000
2005-08-10,123.81999969482422,124.5,122.81999969482422,83.88322448730469,72863700
2005-08-11,123.2699966430664,124.02999877929688,123.01000213623047,84.21648406982422,58570200
2005-08-12,123.56999969482422,123.69000244140625,122.75,83.6995620727539,54776900
2005-08-15,123.22000122070312,123.87000274658203,122.83000183105469,84.21648406982422,36208500
2005-08-16,123.44000244140625,123.5199966430664,122.08999633789062,83.12142944335938,71942100
2005-08-17,122.19000244140625,122.87000274658203,122.02999877929688,83.11466217041016,62275100
2005-08-18,122.05000305175781,122.55999755859375,121.83999633789062,83.10783386230469,53388600
2005-08-19,122.62999725341797,122.81999969482422,122.19999694824219,83.29827880859375,39842100
2005-08-22,122.58000183105469,123.2300033569336,121.87999725341797,83.29827880859375,69912000
2005-08-23,122.5,122.61000061035156,121.1500015258789,83.14186096191406,55168600
2005-08-24,121.94000244140625,122.7300033569336,121.08999633789062,82.40047454833984,79104600
2005-08-25,121.3499984741211,121.66999816894531,121.20999908447266,82.69972229003906,35631100
2005-08-26,121.4800033569336,121.48999786376953,120.68000030517578,82.13523864746094,61956800
2005-08-29,120.41000366210938,121.77999877929688,120.37999725341797,82.76775360107422,56179200
2005-08-30,121.25,121.30000305175781,120.38999938964844,82.33244323730469,74160200
2005-08-31,121.19000244140625,122.66000366210938,120.73999786376953,83.37311553955078,102945200
2005-09-01,122.5199966430664,123.1500015258789,121.13999938964844,83.3118667602539,74578700
2005-09-02,122.8499984741211,122.87999725341797,122.04000091552734,83.1622543334961,47653400
2005-09-06,122.66000366210938,123.80000305175781,122.6500015258789,84.13490295410156,57251300
2005-09-07,123.62999725341797,124.12999725341797,123.45999908447266,84.27771759033203,41749700
2005-09-08,123.66000366210938,124.0,123.30999755859375,83.99883270263672,39068700
2005-09-09,123.83000183105469,124.73999786376953,123.80000305175781,84.74703216552734,43093900
2005-09-12,124.44999694824219,124.66999816894531,124.2699966430664,84.57695770263672,33017600
2005-09-13,124.12999725341797,124.41999816894531,123.5199966430664,84.10767364501953,58427500
2005-09-14,123.73999786376953,123.91999816894531,123.0199966430664,83.80159759521484,57694600
2005-09-15,123.58999633789062,123.6500015258789,122.9000015258789,83.76078796386719,73156900
2005-09-16,123.30000305175781,123.73999786376953,122.87000274658203,84.35639190673828,75424100
2005-09-19,123.47000122070312,123.55000305175781,122.63999938964844,84.07635498046875,53355300
2005-09-20,123.19999694824219,123.61000061035156,121.87000274658203,83.36601257324219,84480300
2005-09-21,121.79000091552734,121.87000274658203,120.77999877929688,82.5873031616211,94469100
2005-09-22,120.94999694824219,121.66000366210938,120.44000244140625,82.88105010986328,84597200
2005-09-23,121.23999786376953,121.88999938964844,120.9000015258789,82.94931030273438,59368100
2005-09-26,122.0199966430664,122.23999786376953,121.08000183105469,83.04495239257812,70415400
2005-09-27,121.5199966430664,121.98999786376953,121.0199966430664,83.02446746826172,66150800
2005-09-28,121.93000030517578,122.12000274658203,121.19999694824219,83.10643768310547,58620500
2005-09-29,121.55000305175781,122.86000061035156,121.08000183105469,83.78264617919922,66607700
2005-09-30,122.62000274658203,123.04000091552734,121.73999786376953,84.04219055175781,47824200
2005-10-03,122.95999908447266,123.33999633789062,122.44999694824219,83.74166870117188,50994800
2005-10-04,122.79000091552734,123.02999877929688,121.16000366210938,82.79905700683594,60776300
2005-10-05,121.25,121.30999755859375,119.56999969482422,81.71299743652344,106052100
2005-10-06,119.77999877929688,120.26000213623047,118.16999816894531,81.41930389404297,140941800
2005-10-07,119.69999694824219,120.05000305175781,119.12999725341797,81.69934844970703,75661400
2005-10-10,119.68000030517578,119.70999908447266,118.30000305175781,81.00947570800781,52677000
2005-10-11,118.98999786376953,119.38999938964844,118.31999969482422,80.89337921142578,75629800
2005-10-12,118.38999938964844,119.12999725341797,117.41000366210938,80.25811767578125,100510400
2005-10-13,117.45999908447266,118.08000183105469,116.87999725341797,80.21028137207031,99052900
2005-10-14,118.12000274658203,118.80999755859375,117.55999755859375,81.05729675292969,88651000
2005-10-17,118.80000305175781,119.2699966430664,118.44999694824219,81.35782623291016,68109300
2005-10-18,118.94000244140625,118.95999908447266,117.80000305175781,80.4767074584961,74996900
2005-10-19,117.5,119.80000305175781,117.12000274658203,81.81549072265625,116563800
2005-10-20,119.48999786376953,119.80999755859375,117.30000305175781,80.37422943115234,131966700
2005-10-21,118.29000091552734,118.77999877929688,117.51000213623047,80.68843841552734,96579500
2005-10-24,118.44000244140625,120.08999633789062,118.41000366210938,81.93839263916016,71308400
2005-10-25,119.72000122070312,120.23999786376953,118.94000244140625,81.77448272705078,76594500
2005-10-26,119.51000213623047,120.54000091552734,119.19000244140625,81.53541564941406,80855800
2005-10-27,119.19999694824219,119.37000274658203,117.93000030517578,80.66798400878906,66623100
2005-10-28,118.43000030517578,119.94999694824219,118.0999984741211,81.82913970947266,72322000
2005-10-31,120.29000091552734,121.30000305175781,120.12999725341797,82.05455017089844,77698900
2005-11-01,120.58000183105469,120.9000015258789,120.22000122070312,82.30040740966797,66365100
2005-11-02,120.16999816894531,121.75,120.12999725341797,83.16109466552734,74012300
2005-11-03,122.1500015258789,122.66000366210938,121.75,83.51626586914062,84897600
2005-11-04,122.4000015258789,122.45999908447266,121.55000305175781,83.4069595336914,59156000
2005-11-07,122.37000274658203,122.62000274658203,121.8499984741211,83.48893737792969,46765400
2005-11-08,121.93000030517578,122.41999816894531,121.79000091552734,83.48893737792969,42152800
2005-11-09,122.08000183105469,122.94999694824219,121.86000061035156,83.59822845458984,57666800
2005-11-10,122.33999633789062,123.5199966430664,121.75,84.24713134765625,79048100
2005-11-11,123.3499984741211,123.83999633789062,122.43000030517578,84.53397369384766,34867000
2005-11-14,123.79000091552734,124.0199966430664,123.37999725341797,84.4862060546875,45092200
2005-11-15,123.55000305175781,124.08999633789062,122.86000061035156,84.1788101196289,69592500
2005-11-16,123.37000274658203,123.55000305175781,122.9800033569336,84.34959411621094,51133000
2005-11-17,123.68000030517578,124.6500015258789,123.13999938964844,85.13507843017578,55717500
2005-11-18,125.05999755859375,125.27999877929688,124.33000183105469,85.46975708007812,72437200
2005-11-21,125.1500015258789,125.91000366210938,124.9800033569336,85.90010070800781,50021200
2005-11-22,125.55999755859375,126.5199966430664,125.41999816894531,86.26896667480469,66438800
2005-11-23,126.25,127.41000366210938,126.20999908447266,86.7675552368164,50854700
2005-11-25,126.9800033569336,127.22000122070312,126.80999755859375,86.83586120605469,15270000
2005-11-28,127.25,127.2699966430664,126.04000091552734,86.22109985351562,54498500
2005-11-29,126.6500015258789,126.9800033569336,126.08999633789062,86.12550354003906,51738900
2005-11-30,126.16000366210938,126.5199966430664,125.29000091552734,85.66102600097656,56007200
2005-12-01,126.0199966430664,127.02999877929688,125.9800033569336,86.53533172607422,65468200
2005-12-02,126.7699966430664,127.08000183105469,126.5,86.64459228515625,46699400
2005-12-05,126.69999694824219,126.7300033569336,126.18000030517578,86.46015167236328,59273400
2005-12-06,127.05000305175781,127.73999786376953,126.62999725341797,86.6241455078125,57935200
2005-12-07,126.7699966430664,126.87000274658203,125.68000030517578,86.11865997314453,66816500
2005-12-08,126.22000122070312,126.81999969482422,125.4800033569336,86.06402587890625,62608600
2005-12-09,126.16000366210938,126.77999877929688,125.81999969482422,86.28944396972656,50744500
2005-12-12,126.70999908447266,126.86000061035156,125.95999908447266,86.37137603759766,48389900
2005-12-13,126.41999816894531,127.69999694824219,126.29000091552734,86.95882415771484,88630900
2005-12-14,127.19000244140625,128.08999633789062,127.13999938964844,87.30032348632812,64375000
2005-12-15,127.83999633789062,128.0,127.18000030517578,87.047607421875,55900300
2005-12-16,127.27999877929688,127.36000061035156,126.36000061035156,86.7674560546875,46238300
2005-12-19,126.7300033569336,126.87000274658203,125.69000244140625,86.32110595703125,48733000
2005-12-20,125.86000061035156,126.58999633789062,125.4800033569336,86.40354919433594,46603200
2005-12-21,126.22000122070312,126.76000213623047,125.80000305175781,86.54085540771484,51806900
2005-12-22,126.30999755859375,126.69000244140625,126.08000183105469,86.99407958984375,32247900
2005-12-23,126.77999877929688,126.86000061035156,126.41999816894531,87.04214477539062,27977300
2005-12-27,126.95999908447266,127.05000305175781,125.37999725341797,86.15631103515625,44499500
2005-12-28,125.73999786376953,125.98999786376953,125.5,86.34862518310547,30764300
2005-12-29,125.72000122070312,125.95999908447266,125.05999755859375,85.9640884399414,32788900
2005-12-30,124.80000305175781,125.05999755859375,124.36000061035156,85.49710845947266,44645600
2006-01-03,125.19000244140625,127.0,124.38999938964844,87.00092315673828,73256700
2006-01-04,126.86000061035156,127.48999786376953,126.69999694824219,87.41291046142578,51899600
2006-01-05,127.1500015258789,127.58999633789062,126.87999725341797,87.46788024902344,47307500
2006-01-06,128.02000427246094,128.5800018310547,127.36000061035156,88.19571685791016,62885900
2006-01-09,128.4199981689453,129.05999755859375,128.3800048828125,88.42230987548828,43527400
2006-01-10,128.38999938964844,128.97999572753906,128.25999450683594,88.51156616210938,44960800
2006-01-11,129.02000427246094,129.44000244140625,128.72999572753906,88.79312896728516,49598900
2006-01-12,129.0800018310547,129.27999877929688,128.44000244140625,88.44291687011719,40509200
2006-01-13,128.57000732421875,128.89999389648438,128.1999969482422,88.36052703857422,44856700
2006-01-17,128.1999969482422,128.4199981689453,127.80999755859375,88.12018585205078,52066600
2006-01-18,127.58000183105469,128.89999389648438,127.16000366210938,87.76996612548828,75067600
2006-01-19,128.1300048828125,128.77000427246094,127.80999755859375,88.1064682006836,81530400
2006-01-20,128.27999877929688,128.30999755859375,125.97000122070312,86.4996566772461,114957800
2006-01-23,126.20999908447266,126.81999969482422,126.12999725341797,86.80866241455078,67017400
2006-01-24,126.62999725341797,127.1500015258789,126.41999816894531,86.89793395996094,53008800
2006-01-25,127.04000091552734,127.18000030517578,125.83999633789062,86.97344970703125,87747700
2006-01-26,127.25,127.66999816894531,126.76000213623047,87.45410919189453,71294000
2006-01-27,127.66000366210938,128.66000366210938,127.44999694824219,88.26437377929688,65771200
2006-01-30,128.44000244140625,128.80999755859375,128.35000610351562,88.19571685791016,33709600
2006-01-31,128.32000732421875,128.5399932861328,127.48999786376953,87.55026245117188,72937000
2006-02-01,127.81999969482422,128.42999267578125,127.72000122070312,88.16139221191406,63561000
2006-02-02,128.10000610351562,128.13999938964844,126.80000305175781,87.13825988769531,83626900
2006-02-03,126.58000183105469,128.38999938964844,126.13999938964844,86.70568084716797,86040400
2006-02-06,126.44000244140625,126.80000305175781,126.16999816894531,86.93228149414062,45511900
2006-02-07,126.37999725341797,126.66000366210938,125.4000015258789,86.1631851196289,71208100
2006-02-08,125.8499984741211,128.10000610351562,125.5999984741211,86.94598388671875,59422200
2006-02-09,126.91999816894531,127.5999984741211,126.37000274658203,86.80176544189453,62023300
2006-02-10,126.43000030517578,127.12999725341797,125.44999694824219,86.95970153808594,64508700
2006-02-13,126.5999984741211,126.79000091552734,125.94999694824219,86.80176544189453,52308700
2006-02-14,126.45999908447266,128.02999877929688,126.20999908447266,87.72190856933594,90964400
2006-02-15,127.68000030517578,128.32000732421875,127.23999786376953,88.03089141845703,85471300
2006-02-16,128.33999633789062,129.2100067138672,128.17999267578125,88.69010925292969,61017900
2006-02-17,129.0500030517578,129.16000366210938,128.5800018310547,88.44979095458984,40342600
2006-02-21,129.11000061035156,129.39999389648438,128.2899932861328,88.2300796508789,46456300
2006-02-22,128.77000427246094,129.64999389648438,128.64999389648438,88.76568603515625,42326700
2006-02-23,129.27000427246094,129.63999938964844,128.27999877929688,88.63516998291016,43423200
2006-02-24,129.11000061035156,129.47999572753906,128.75999450683594,88.86180114746094,36777400
2006-02-27,129.39999389648438,130.0399932861328,129.27999877929688,88.8961181640625,35858600
2006-02-28,129.1999969482422,129.91000366210938,128.1300048828125,88.05152130126953,74394800
2006-03-01,128.60000610351562,129.49000549316406,128.5,88.83430480957031,48641600
2006-03-02,128.89999389648438,129.4199981689453,128.61000061035156,88.82746887207031,60642300
2006-03-03,128.6699981689453,130.07000732421875,128.64999389648438,88.41546630859375,73402500
2006-03-06,129.13999938964844,129.17999267578125,127.8499984741211,88.01029205322266,57478400
2006-03-07,127.86000061035156,128.05999755859375,127.4000015258789,87.87297821044922,61780800
2006-03-08,127.69999694824219,128.44000244140625,127.18000030517578,88.05838775634766,66692400
2006-03-09,128.27999877929688,128.67999267578125,127.37999725341797,87.46788024902344,56313600
2006-03-10,127.70999908447266,128.83999633789062,127.44000244140625,88.2987060546875,60490800
2006-03-13,128.83999633789062,129.16000366210938,128.52999877929688,88.46351623535156,45479100
2006-03-14,128.7100067138672,130.22999572753906,128.61000061035156,89.39051818847656,69877300
2006-03-15,130.14999389648438,130.86000061035156,129.85000610351562,89.78878784179688,53398900
2006-03-16,131.00999450683594,131.47000122070312,130.83999633789062,89.97418975830078,65526400
2006-03-17,130.67999267578125,130.89999389648438,130.3800048828125,90.0493392944336,47286800
2006-03-20,130.63999938964844,130.89999389648438,130.2100067138672,89.90458679199219,45538500
2006-03-21,130.3699951171875,130.99000549316406,129.4499969482422,89.33922576904297,87102700
2006-03-22,129.50999450683594,130.50999450683594,129.4499969482422,89.8839111328125,51605700
2006-03-23,130.25999450683594,130.38999938964844,129.66000366210938,89.69774627685547,46704200
2006-03-24,129.99000549316406,130.57000732421875,129.74000549316406,89.76667022705078,43209200
2006-03-27,130.02999877929688,130.27999877929688,129.74000549316406,89.6357192993164,32523000
2006-03-28,129.92999267578125,130.52999877929688,129.0500030517578,89.0842056274414,82079900
2006-03-29,129.41000366210938,130.5,129.2899932861328,89.64260864257812,61505700
2006-03-30,130.11000061035156,130.97999572753906,129.5500030517578,89.48403930664062,70571700
2006-03-31,130.02000427246094,130.24000549316406,129.3699951171875,89.50472259521484,62925600
2006-04-03,130.07000732421875,130.8699951171875,129.49000549316406,89.43577575683594,61624700
2006-04-04,129.72999572753906,130.72999572753906,129.36000061035156,90.00794982910156,54809300
2006-04-05,130.61000061035156,131.27999877929688,130.3800048828125,90.31819915771484,50607200
2006-04-06,130.85000610351562,131.2100067138672,130.19000244140625,90.22168731689453,57906200
2006-04-07,131.05999755859375,131.39999389648438,129.35000610351562,89.30476379394531,80180900
2006-04-10,129.74000549316406,130.0800018310547,129.25999450683594,89.44265747070312,41496500
2006-04-11,129.85000610351562,130.05999755859375,128.25,88.68434143066406,72799400
2006-04-12,128.77000427246094,129.1300048828125,128.61000061035156,88.84977722167969,43033700
2006-04-13,128.58999633789062,129.25,128.30999755859375,88.73258972167969,51051800
2006-04-17,128.8300018310547,129.30999755859375,128.02000427246094,88.69811248779297,64167700
2006-04-18,128.92999267578125,130.94000244140625,128.92999267578125,90.10448455810547,92531800
2006-04-19,130.75,131.07000732421875,130.24000549316406,90.27684783935547,87269000
2006-04-20,131.0,131.86000061035156,130.60000610351562,90.40093231201172,86005500
2006-04-21,131.69000244140625,131.7899932861328,130.6199951171875,90.4146957397461,72342600
2006-04-24,130.88999938964844,131.07000732421875,130.3800048828125,90.2492904663086,52546400
2006-04-25,131.0399932861328,131.1199951171875,129.9199981689453,89.8769760131836,84359800
2006-04-26,130.5,131.13999938964844,130.3000030517578,89.89768981933594,67262400
2006-04-27,129.89999389648438,131.6300048828125,129.58999633789062,90.33200073242188,124478600
2006-04-28,130.7899932861328,131.75,130.7100067138672,90.63533782958984,55854400
2006-05-01,131.47000122070312,131.8000030517578,130.32000732421875,89.89768981933594,64990300
2006-05-02,131.00999450683594,131.4600067138672,130.74000549316406,90.57327270507812,49063500
2006-05-03,131.14999389648438,131.32000732421875,130.4499969482422,90.2354736328125,60821300
2006-05-04,131.0800018310547,131.6199951171875,130.97000122070312,90.55950164794922,42921400
2006-05-05,132.0500030517578,132.8000030517578,131.85000610351562,91.35922241210938,62588200
2006-05-08,132.50999450683594,132.77000427246094,132.36000061035156,91.24893188476562,30016700
2006-05-09,132.4199981689453,132.77000427246094,132.30999755859375,91.42813873291016,29864000
2006-05-10,132.41000366210938,132.75,131.88999938964844,91.37985229492188,64378200
2006-05-11,132.50999450683594,132.5500030517578,130.52000427246094,90.27684783935547,80626900
2006-05-12,130.36000061035156,130.72000122070312,129.19000244140625,89.09798431396484,91726500
2006-05-15,128.7899932861328,129.74000549316406,128.61000061035156,89.27721405029297,84029300
2006-05-16,129.75999450683594,130.0,129.00999450683594,89.14620208740234,62137600
2006-05-17,128.6699981689453,129.10000610351562,126.7699966430664,87.45030975341797,144789500
2006-05-18,127.3499984741211,127.75,126.11000061035156,87.00908660888672,87906300
2006-05-19,126.87000274658203,127.48999786376953,125.80000305175781,87.6226577758789,124309400
2006-05-22,126.27999877929688,127.16999816894531,125.5,86.9539566040039,110852800
2006-05-23,127.18000030517578,127.62999725341797,125.16999816894531,86.2921142578125,92006500
2006-05-24,125.68000030517578,126.88999938964844,124.76000213623047,86.98152923583984,168405000
2006-05-25,126.91999816894531,127.7300033569336,126.43000030517578,88.05697631835938,78977900
2006-05-26,128.00999450683594,128.3800048828125,127.51000213623047,88.50508880615234,62989700
2006-05-30,127.97000122070312,128.0,126.05000305175781,86.93324279785156,72419900
2006-05-31,126.62000274658203,127.51000213623047,126.19999694824219,87.90530395507812,86926200
2006-06-01,127.37999725341797,128.94000244140625,127.2699966430664,88.7463607788086,73721700
2006-06-02,129.25,129.42999267578125,128.32000732421875,88.93253326416016,91702600
2006-06-05,128.85000610351562,128.86000061035156,126.7699966430664,87.63644409179688,86105100
2006-06-06,127.20999908447266,127.37999725341797,125.76000213623047,87.42273712158203,130498600
2006-06-07,126.91000366210938,127.6500015258789,125.79000091552734,86.76781463623047,108599400
2006-06-08,125.58000183105469,126.5,123.87000274658203,86.69200134277344,204957200
2006-06-09,126.36000061035156,126.95999908447266,125.29000091552734,86.41621398925781,94972200
2006-06-12,125.87999725341797,125.93000030517578,123.81999969482422,85.47864532470703,95815900
2006-06-13,123.73999786376953,124.83999633789062,122.55000305175781,84.48589324951172,185688800
2006-06-14,122.83999633789062,123.62999725341797,122.33999633789062,85.14080047607422,163566400
2006-06-15,123.94999694824219,126.36000061035156,123.86000061035156,86.9470443725586,134057000
2006-06-16,125.29000091552734,125.55999755859375,124.45999908447266,86.3134536743164,94253500
2006-06-19,125.4000015258789,125.4800033569336,123.55000305175781,85.63483428955078,95804400
2006-06-20,124.01000213623047,124.80999755859375,123.72000122070312,85.92568969726562,65494700
2006-06-21,124.0,125.69999694824219,123.95999908447266,86.562744140625,75008200
2006-06-22,124.94999694824219,125.05999755859375,124.04000091552734,86.1819076538086,74566100
2006-06-23,124.33000183105469,125.30000305175781,124.02999877929688,86.16806030273438,54107000
2006-06-26,124.54000091552734,125.05999755859375,124.25,86.54888153076172,37899600
2006-06-27,125.01000213623047,125.29000091552734,123.7699966430664,85.80103302001953,69780200
2006-06-28,124.19000244140625,124.7699966430664,123.6500015258789,86.38269805908203,62368100
2006-06-29,125.19999694824219,127.3499984741211,125.16999816894531,88.1276626586914,110634800
2006-06-30,127.54000091552734,127.66000366210938,126.95999908447266,88.13458251953125,54227800
2006-07-03,127.43000030517578,128.00999450683594,127.30999755859375,88.49463653564453,23914000
2006-07-05,127.29000091552734,127.44999694824219,126.5199966430664,87.98915100097656,69653400
2006-07-06,127.19999694824219,127.8499984741211,127.08000183105469,88.24536895751953,50100300
2006-07-07,127.19000244140625,127.55999755859375,126.29000091552734,87.6706314086914,81626500
2006-07-10,126.94000244140625,127.43000030517578,126.41000366210938,87.83683013916016,60964100
2006-07-11,126.61000061035156,127.41000366210938,125.94000244140625,88.224609375,73640800
2006-07-12,127.1500015258789,127.4000015258789,125.72000122070312,87.28288269042969,82561300
2006-07-13,125.44999694824219,125.68000030517578,124.0,85.86338806152344,102405700
2006-07-14,124.12999725341797,124.26000213623047,122.83000183105469,85.53099060058594,103242500
2006-07-17,123.5199966430664,124.0999984741211,123.1500015258789,85.40631866455078,81159000
2006-07-18,123.70999908447266,124.05000305175781,122.38999938964844,85.84258270263672,122771000
2006-07-19,124.18000030517578,126.26000213623047,123.72000122070312,87.03360748291016,133565300
2006-07-20,126.12000274658203,126.30000305175781,124.66000366210938,86.43809509277344,112259800
2006-07-21,125.1500015258789,125.19000244140625,123.81999969482422,85.82874298095703,101560000
2006-07-24,124.44000244140625,126.31999969482422,124.44000244140625,87.39363098144531,92884000
2006-07-25,125.9800033569336,127.30000305175781,125.72000122070312,87.70526123046875,95480700
2006-07-26,126.58999633789062,127.44999694824219,126.18000030517578,87.82295227050781,84525800
2006-07-27,127.37999725341797,127.69000244140625,126.19999694824219,87.73989868164062,87257100
2006-07-28,127.04000091552734,128.13999938964844,126.86000061035156,88.6192855834961,82137000
2006-07-31,127.66000366210938,127.95999908447266,127.44999694824219,88.52926635742188,49593100
2006-08-01,127.33999633789062,127.37999725341797,126.5999984741211,88.09305572509766,65225600
2006-08-02,127.58000183105469,128.4600067138672,127.55000305175781,88.68855285644531,64770900
2006-08-03,127.33999633789062,128.5500030517578,127.1500015258789,88.9239501953125,63693800
2006-08-04,129.0800018310547,129.42999267578125,127.4800033569336,88.77163696289062,96294200
2006-08-07,127.9000015258789,128.0800018310547,127.4000015258789,88.56389617919922,45377300
2006-08-08,128.08999633789062,128.4600067138672,126.94999694824219,88.224609375,90901300
2006-08-09,128.17999267578125,128.60000610351562,126.61000061035156,87.92683410644531,78910600
2006-08-10,126.58000183105469,127.5,126.27999877929688,88.19689178466797,69322300
2006-08-11,127.16999816894531,127.19999694824219,126.38999938964844,87.94766235351562,47482200
2006-08-14,127.62999725341797,128.16000366210938,126.91999816894531,88.01687622070312,57839000
2006-08-15,128.25,128.8699951171875,127.9000015258789,89.06939697265625,68143000
2006-08-16,129.32000732421875,129.88999938964844,129.0399932861328,89.81029510498047,71737600
2006-08-17,129.5800018310547,130.3699951171875,129.49000549316406,90.038818359375,70992800
2006-08-18,130.19000244140625,130.69000244140625,129.58999633789062,90.49583435058594,58288400
2006-08-21,130.17999267578125,130.27999877929688,129.8000030517578,90.10807800292969,42133600
2006-08-22,129.99000549316406,130.52000427246094,129.67999267578125,90.10113525390625,60839900
2006-08-23,130.17999267578125,130.44000244140625,129.19000244140625,89.85182189941406,66592100
2006-08-24,129.99000549316406,130.10000610351562,129.39999389648438,89.77566528320312,57983000
2006-08-25,129.63999938964844,130.25,129.5500030517578,89.8864517211914,41756000
2006-08-28,129.64999389648438,130.82000732421875,129.63999938964844,90.31580352783203,52681500
2006-08-29,130.49000549316406,130.8300018310547,129.80999755859375,90.419677734375,61817800
2006-08-30,130.8699951171875,131.0399932861328,130.5500030517578,90.47509002685547,50052200
2006-08-31,130.85000610351562,130.99000549316406,130.5800018310547,90.46123504638672,37510300
2006-09-01,131.13999938964844,131.5800018310547,130.83999633789062,91.00127410888672,48794500
2006-09-05,131.50999450683594,131.85000610351562,131.1999969482422,91.17440795898438,52348300
2006-09-06,131.11000061035156,131.16000366210938,130.3300018310547,90.37116241455078,53795600
2006-09-07,130.05999755859375,130.57000732421875,129.35000610351562,89.95572662353516,86269400
2006-09-08,130.0800018310547,130.4600067138672,129.8300018310547,90.21195220947266,45096300
2006-09-11,129.86000061035156,130.69000244140625,129.47999572753906,90.30195617675781,68496600
2006-09-12,130.55999755859375,131.83999633789062,130.3699951171875,91.18829345703125,69875600
2006-09-13,131.63999938964844,132.4499969482422,131.52000427246094,91.55526733398438,62898400
2006-09-14,131.9600067138672,132.24000549316406,131.75,91.56220245361328,57805400
2006-09-15,132.30999755859375,132.38999938964844,131.67999267578125,91.77710723876953,76703100
2006-09-18,131.7899932861328,132.38999938964844,131.64999389648438,91.90229034423828,64154100
2006-09-19,132.1199951171875,132.1300048828125,131.07000732421875,91.67277526855469,92089100
2006-09-20,132.25,132.77000427246094,132.05999755859375,92.15963745117188,75204100
2006-09-21,132.61000061035156,132.75,131.4199981689453,91.71448516845703,88932500
2006-09-22,131.6699981689453,131.67999267578125,131.0,91.43629455566406,65966800
2006-09-25,131.72999572753906,132.85000610351562,131.0500030517578,92.13874816894531,92299100
2006-09-26,132.5,133.60000610351562,132.39999389648438,92.90376281738281,73962700
2006-09-27,133.49000549316406,133.97000122070312,133.27000427246094,93.01508331298828,82432200
2006-09-28,133.74000549316406,133.99000549316406,133.27999877929688,92.9803237915039,58597500
2006-09-29,133.8000030517578,133.94000244140625,133.47999572753906,92.90376281738281,47966600
2006-10-02,133.5399932861328,133.8300018310547,132.9499969482422,92.55603790283203,51687400
2006-10-03,132.88999938964844,133.8699951171875,132.64999389648438,92.75079345703125,73108100
2006-10-04,133.22999572753906,135.0,133.0800018310547,93.83574676513672,80890500
2006-10-05,134.9199981689453,135.41000366210938,134.75,94.0166015625,60505900
2006-10-06,134.9499969482422,135.10000610351562,134.39999389648438,93.89836883544922,64983600
2006-10-09,134.85000610351562,135.3000030517578,134.63999938964844,93.9539794921875,41176800
2006-10-10,135.10000610351562,135.4499969482422,134.83999633789062,94.07919311523438,56403700
2006-10-11,134.83999633789062,135.42999267578125,134.3000030517578,93.96790313720703,104071800
2006-10-12,135.4499969482422,136.38999938964844,135.39999389648438,94.78160095214844,59158600
2006-10-13,136.16000366210938,136.7100067138672,136.0399932861328,95.0250473022461,53944000
2006-10-16,136.52000427246094,137.0500030517578,136.4199981689453,95.17108917236328,42273000
2006-10-17,136.47000122070312,136.6999969482422,135.6699981689453,94.87203216552734,90500600
2006-10-18,137.0399932861328,137.3699951171875,136.10000610351562,94.99722290039062,86848600
2006-10-19,136.38999938964844,136.8800048828125,136.22999572753906,95.15023803710938,64063200
2006-10-20,136.83999633789062,136.9499969482422,136.3300018310547,95.17108917236328,48094500
2006-10-23,136.55999755859375,137.8000030517578,136.38999938964844,95.6092529296875,66219900
2006-10-24,137.27999877929688,137.92999267578125,137.22000122070312,95.8944091796875,53234900
2006-10-25,137.74000549316406,138.41000366210938,137.50999450683594,96.22132873535156,78105400
2006-10-26,138.66000366210938,139.0,137.97999572753906,96.52034759521484,66843700
2006-10-27,138.61000061035156,138.75,137.6300048828125,95.91526794433594,80238000
2006-10-30,137.66000366210938,138.1999969482422,137.39999389648438,95.84576416015625,49717800
2006-10-31,138.07000732421875,138.25999450683594,137.25,95.83181762695312,71274100
2006-11-01,138.22000122070312,138.30999755859375,136.72000122070312,95.18502044677734,83005600
2006-11-02,136.50999450683594,137.00999450683594,136.36000061035156,95.12935638427734,60693100
2006-11-03,137.27000427246094,137.38999938964844,135.6199951171875,94.96244049072266,71346400
2006-11-06,136.9600067138672,138.27999877929688,136.9499969482422,96.03355407714844,63303300
2006-11-07,138.1999969482422,138.97999572753906,138.0,96.4021224975586,63318900
2006-11-08,138.0,139.0500030517578,136.86000061035156,96.61077880859375,87517800
2006-11-09,139.00999450683594,139.13999938964844,137.89999389648438,96.10306549072266,95916300
2006-11-10,138.13999938964844,138.33999633789062,137.72000122070312,96.14481353759766,48991500
2006-11-13,138.17999267578125,139.0399932861328,138.07000732421875,96.38124084472656,59398200
2006-11-14,138.97000122070312,139.74000549316406,138.1199951171875,97.1045913696289,96704000
2006-11-15,139.57000732421875,140.4499969482422,139.52999877929688,97.38272094726562,76509600
2006-11-16,140.44000244140625,140.67999267578125,139.49000549316406,97.6331558227539,76728800
2006-11-17,139.92999267578125,140.42999267578125,139.72999572753906,97.66097259521484,56353800
2006-11-20,140.3000030517578,140.74000549316406,139.94000244140625,97.71659088134766,69174200
2006-11-21,140.49000549316406,140.6699981689453,140.2899932861328,97.8139419555664,51367900
2006-11-22,140.75,141.16000366210938,140.5,98.00870513916016,45505300
2006-11-24,140.24000549316406,140.83999633789062,140.1999969482422,97.61228942871094,30998000
2006-11-27,140.27999877929688,140.35000610351562,138.3800048828125,96.26996612548828,84545100
2006-11-28,138.24000549316406,139.16000366210938,138.11000061035156,96.68731689453125,106652900
2006-11-29,139.47000122070312,140.52999877929688,139.0800018310547,97.69575500488281,90034900
2006-11-30,140.44000244140625,141.0500030517578,139.75999450683594,97.73746490478516,83994300
2006-12-01,140.52999877929688,140.66000366210938,138.97000122070312,97.52188110351562,126080000
2006-12-04,140.25,141.5500030517578,140.22999572753906,98.26606750488281,87813200
2006-12-05,141.55999755859375,141.9600067138672,141.25999450683594,98.69026184082031,73374400
2006-12-06,141.8699951171875,142.07000732421875,141.5,98.60676574707031,53253200
2006-12-07,142.02999877929688,142.3000030517578,141.11000061035156,98.17566680908203,62857400
2006-12-08,141.1300048828125,141.89999389648438,140.77999877929688,98.35648345947266,79625500
2006-12-11,141.4199981689453,142.08999633789062,141.33999633789062,98.64157104492188,39779400
2006-12-12,141.69000244140625,141.8699951171875,140.88999938964844,98.56511688232422,77451600
2006-12-13,142.22999572753906,142.33999633789062,141.55999755859375,98.6694564819336,55520200
2006-12-14,141.86000061035156,143.24000549316406,141.83999633789062,99.53874969482422,64755200
2006-12-15,142.63999938964844,142.88999938964844,142.24000549316406,99.54788208007812,70857400
2006-12-18,142.5399932861328,142.8800048828125,141.75,99.27513885498047,48954600
2006-12-19,141.5500030517578,142.55999755859375,141.19000244140625,99.46395874023438,65023600
2006-12-20,142.27999877929688,142.66000366210938,142.00999450683594,99.40805053710938,41469600
2006-12-21,142.27000427246094,142.42999267578125,141.32000732421875,99.04431915283203,48698400
2006-12-22,141.63999938964844,141.64999389648438,140.6699981689453,98.43589782714844,62069100
2006-12-26,140.80999755859375,141.61000061035156,140.77999877929688,99.016357421875,32696900
2006-12-27,141.8699951171875,142.60000610351562,141.8300018310547,99.6667709350586,39727100
2006-12-28,142.41000366210938,142.6999969482422,141.99000549316406,99.45695495605469,37288800
2006-12-29,142.05999755859375,142.5399932861328,141.42999267578125,99.04431915283203,45461200
2007-01-03,142.25,142.86000061035156,140.57000732421875,98.86949920654297,94807600
2007-01-04,141.22999572753906,142.0500030517578,140.61000061035156,99.0793228149414,69620600
2007-01-05,141.3300018310547,141.39999389648438,140.3800048828125,98.2890396118164,76645300
2007-01-08,140.82000732421875,141.41000366210938,140.25,98.74359893798828,71655000
2007-01-09,141.30999755859375,141.60000610351562,140.39999389648438,98.65972137451172,75680100
2007-01-10,140.5800018310547,141.57000732421875,140.3000030517578,98.9884033203125,72428000
2007-01-11,141.5800018310547,142.6199951171875,141.5,99.42195129394531,54476800
2007-01-12,142.14999389648438,143.24000549316406,142.11000061035156,100.17733764648438,55370600
2007-01-16,143.07000732421875,143.44000244140625,142.72999572753906,99.98149108886719,44871300
2007-01-17,142.85000610351562,143.4600067138672,142.72999572753906,100.02346801757812,50241400
2007-01-18,143.1699981689453,143.25999450683594,142.30999755859375,99.687744140625,68177300
2007-01-19,142.5399932861328,143.10000610351562,142.4600067138672,99.88362121582031,56973000
2007-01-22,143.07000732421875,143.10000610351562,141.92999267578125,99.57589721679688,60253600
2007-01-23,142.25999450683594,143.0800018310547,142.05999755859375,99.86958312988281,54064400
2007-01-24,142.97000122070312,143.97999572753906,142.91000366210938,100.67385864257812,55834700
2007-01-25,143.86000061035156,143.9199981689453,142.00999450683594,99.4919204711914,73583800
2007-01-26,142.57000732421875,142.64999389648438,141.5800018310547,99.4010238647461,67255600
2007-01-29,142.19000244140625,142.8000030517578,141.74000549316406,99.34504699707031,66114600
2007-01-30,142.35000610351562,142.86000061035156,142.05999755859375,99.8625717163086,70407600
2007-01-31,142.6300048828125,144.1300048828125,142.39999389648438,100.53398895263672,91868600
2007-02-01,144.14999389648438,144.66000366210938,143.91000366210938,101.13542938232422,69312400
2007-02-02,144.72999572753906,144.9499969482422,144.3800048828125,101.27532196044922,49607000
2007-02-05,144.6999969482422,144.94000244140625,144.33999633789062,101.3033218383789,45705300
2007-02-06,144.97000122070312,145.02999877929688,144.3300018310547,101.3313217163086,57081300
2007-02-07,145.1199951171875,145.36000061035156,144.57000732421875,101.55508422851562,55669700
2007-02-08,144.77999877929688,145.1199951171875,144.27000427246094,101.4222183227539,70641000
2007-02-09,145.05999755859375,145.3300018310547,143.38999938964844,100.66688537597656,79084400
2007-02-12,143.94000244140625,144.0399932861328,143.19000244140625,100.32418823242188,65657000
2007-02-13,143.77000427246094,144.89999389648438,143.75999450683594,101.1704330444336,64081800
2007-02-14,144.8000030517578,145.89999389648438,144.77999877929688,101.83479309082031,66039400
2007-02-15,145.6699981689453,145.9499969482422,145.42999267578125,101.96772766113281,38715200
2007-02-16,145.44000244140625,145.75999450683594,145.22999572753906,101.91873168945312,39841800
2007-02-20,145.55999755859375,146.1999969482422,145.0,102.13550567626953,56911800
2007-02-21,145.61000061035156,146.07000732421875,145.35000610351562,102.09358978271484,63971600
2007-02-22,146.0500030517578,146.4199981689453,145.1699981689453,102.01663970947266,79067400
2007-02-23,145.74000549316406,145.7899932861328,145.02999877929688,101.61798858642578,71966200
2007-02-26,145.8300018310547,145.9499969482422,144.75,101.52706146240234,69192800
2007-02-27,143.8800048828125,144.1999969482422,139.0,97.56166076660156,274466500
2007-02-28,140.38999938964844,141.97999572753906,139.8000030517578,98.5617446899414,177536300
2007-03-01,139.33999633789062,141.25,138.0500030517578,98.26802062988281,212828600
2007-03-02,140.0500030517578,140.66000366210938,138.66000366210938,96.98123168945312,162574000
2007-03-05,137.92999267578125,139.5800018310547,137.3300018310547,96.05805206298828,143750400
2007-03-06,138.77999877929688,140.1199951171875,137.72000122070312,97.70153045654297,143333300
2007-03-07,139.58999633789062,140.4600067138672,139.39999389648438,97.60364532470703,115144900
2007-03-08,140.5399932861328,141.16000366210938,140.07000732421875,98.42890167236328,117891600
2007-03-09,141.30999755859375,141.4199981689453,140.0800018310547,98.45687103271484,107765100
2007-03-12,140.4199981689453,141.33999633789062,140.16000366210938,98.6037368774414,80366900
2007-03-13,140.17999267578125,140.77000427246094,138.0399932861328,96.68745422363281,190605200
2007-03-14,138.42999267578125,139.36000061035156,136.75,97.40784454345703,231853800
2007-03-15,138.97000122070312,139.99000549316406,138.8000030517578,97.54067993164062,132435900
2007-03-16,139.30999755859375,139.6300048828125,138.1199951171875,97.26757049560547,121531600
2007-03-19,139.25999450683594,140.3300018310547,139.14999389648438,98.44013977050781,96161200
2007-03-20,140.0800018310547,141.0500030517578,139.9600067138672,98.98078918457031,82147400
2007-03-21,141.10000610351562,143.64999389648438,140.82000732421875,100.60975646972656,152368700
2007-03-22,143.47999572753906,143.67999267578125,142.7899932861328,100.53251647949219,118942200
2007-03-23,143.27999877929688,143.80999755859375,143.14999389648438,100.67997741699219,74416800
2007-03-26,143.5,143.64999389648438,142.08999633789062,100.54652404785156,113787500
2007-03-27,143.1199951171875,143.16000366210938,142.38999938964844,100.30781555175781,99864600
2007-03-28,142.13999938964844,142.47000122070312,141.25999450683594,99.57764434814453,152907900
2007-03-29,142.5399932861328,142.61000061035156,141.19000244140625,99.68296813964844,139432700
2007-03-30,142.24000549316406,142.83999633789062,140.55999755859375,99.7039566040039,128194100
2007-04-02,142.16000366210938,142.4600067138672,141.47999572753906,99.8163070678711,79416400
2007-04-03,142.97000122070312,143.97999572753906,142.91000366210938,100.8906021118164,82417800
2007-04-04,143.69000244140625,143.9499969482422,143.16000366210938,101.00294494628906,63995200
2007-04-05,143.6699981689453,144.44000244140625,143.61000061035156,101.27677154541016,46822800
2007-04-09,144.64999389648438,144.8000030517578,144.14999389648438,101.417236328125,50967400
2007-04-10,144.3300018310547,144.85000610351562,144.27000427246094,101.53657531738281,56620000
2007-04-11,144.82000732421875,144.86000061035156,143.5399932861328,101.12232971191406,106365700
2007-04-12,143.74000549316406,144.9199981689453,143.33999633789062,101.57172393798828,115534400
2007-04-13,144.89999389648438,145.32000732421875,144.36000061035156,102.03514099121094,84287000
2007-04-16,145.8300018310547,146.86000061035156,145.82000732421875,103.00407409667969,83064600
2007-04-17,146.97000122070312,147.39999389648438,146.64999389648438,103.27790832519531,108424100
2007-04-18,146.60000610351562,147.6999969482422,146.57000732421875,103.40425109863281,88345300
2007-04-19,146.5500030517578,147.39999389648438,146.36000061035156,103.37618255615234,102947700
2007-04-20,148.22000122070312,148.6199951171875,147.0399932861328,104.35213470458984,124114100
2007-04-23,148.3699951171875,148.72999572753906,147.97000122070312,103.95894622802734,77270800
2007-04-24,148.22999572753906,148.39999389648438,147.32000732421875,104.00110626220703,114471000
2007-04-25,148.72999572753906,149.66000366210938,148.02000427246094,104.95603942871094,108418800
2007-04-26,149.49000549316406,149.8000030517578,149.10000610351562,105.0753402709961,88741600
2007-04-27,149.08999633789062,149.74000549316406,148.83999633789062,104.99110412597656,108191100
2007-04-30,149.63999938964844,149.74000549316406,148.2100067138672,104.12041473388672,100874100
2007-05-01,148.4199981689453,149.47000122070312,147.6699981689453,104.38726043701172,134342700
2007-05-02,148.89999389648438,149.9499969482422,148.75,104.9981460571289,87129800
2007-05-03,149.97000122070312,150.39999389648438,149.72999572753906,105.56690216064453,86569700
2007-05-04,150.75,151.1199951171875,150.22000122070312,105.96711730957031,96409000
2007-05-07,150.8800048828125,151.1999969482422,150.80999755859375,105.98816680908203,63461400
2007-05-08,150.5800018310547,150.9199981689453,150.1300048828125,105.84772491455078,80584000
2007-05-09,150.63999938964844,152.82000732421875,150.3699951171875,106.13561248779297,102070100
2007-05-10,150.72999572753906,151.02000427246094,149.27000427246094,105.02620697021484,153617800
2007-05-11,149.75,150.92999267578125,149.72000122070312,105.92498779296875,113408900
2007-05-14,150.86000061035156,151.3000030517578,149.7899932861328,105.6932601928711,108027500
2007-05-15,150.6999969482422,151.66000366210938,150.19000244140625,105.7213363647461,180673300
2007-05-16,150.8000030517578,151.6300048828125,150.3800048828125,106.444580078125,114166500
2007-05-17,151.3800048828125,151.9600067138672,151.11000061035156,106.23391723632812,101132800
2007-05-18,152.00999450683594,152.6199951171875,151.80999755859375,107.16075134277344,99182000
2007-05-21,152.5800018310547,153.22999572753906,152.5,107.10456848144531,174664600
2007-05-22,152.6999969482422,153.16000366210938,152.3800048828125,107.02029418945312,82148800
2007-05-23,152.9499969482422,153.5,152.36000061035156,107.0343246459961,133786600
2007-05-24,152.52999877929688,153.2100067138672,150.74000549316406,106.06537628173828,187593000
2007-05-25,151.5,152.02000427246094,151.17999267578125,106.50774383544922,83309200
2007-05-29,151.94000244140625,152.5,151.4499969482422,106.89389038085938,82020000
2007-05-30,151.4600067138672,153.5399932861328,151.33999633789062,107.76461029052734,129013600
2007-05-31,153.6699981689453,153.88999938964844,153.1199951171875,107.65225219726562,114866700
2007-06-01,153.8800048828125,154.39999389648438,153.50999450683594,108.18586730957031,107771700
2007-06-04,153.5399932861328,154.38999938964844,153.47999572753906,108.19987487792969,78008800
2007-06-05,153.74000549316406,153.89999389648438,152.86000061035156,107.77159881591797,126917900
2007-06-06,152.86000061035156,152.9499969482422,151.75,106.61304473876953,164096800
2007-06-07,151.55999755859375,152.5,149.05999755859375,104.689208984375,232414600
2007-06-08,149.5800018310547,151.19000244140625,149.08999633789062,106.05134582519531,175886000
2007-06-11,150.92999267578125,151.9499969482422,150.6999969482422,106.23391723632812,102015600
2007-06-12,150.6699981689453,151.5399932861328,149.5500030517578,105.0753402709961,233898000
2007-06-13,150.5,152.07000732421875,149.72000122070312,106.64820861816406,193208200
2007-06-14,152.05999755859375,153.1199951171875,152.02999877929688,107.32925415039062,146396500
2007-06-15,153.13999938964844,153.66000366210938,152.92999267578125,107.93989562988281,154030800
2007-06-18,153.3800048828125,153.38999938964844,152.66000366210938,107.81302642822266,88537500
2007-06-19,152.5500030517578,153.3800048828125,152.36000061035156,108.08089447021484,110851700
2007-06-20,153.5800018310547,153.5800018310547,150.9600067138672,106.57897186279297,177119700
2007-06-21,151.0800018310547,152.11000061035156,150.25,107.17125701904297,205262000
2007-06-22,151.52000427246094,151.77000427246094,149.85000610351562,106.16292572021484,204964700
2007-06-25,150.24000549316406,151.25,149.02000427246094,105.65518951416016,232014400
2007-06-26,150.2100067138672,150.4600067138672,148.27999877929688,104.56925201416016,198445700
2007-06-27,148.1300048828125,150.57000732421875,148.05999755859375,106.0571060180664,213638000
2007-06-28,150.3800048828125,151.41000366210938,149.6699981689453,106.04302978515625,157705000
2007-06-29,150.89999389648438,151.64999389648438,149.14999389648438,106.07823944091797,199701800
2007-07-02,150.8699951171875,151.9199981689453,150.77000427246094,107.03727722167969,103357000
2007-07-03,152.17999267578125,152.5,151.99000549316406,107.4251480102539,54048400
2007-07-05,152.39999389648438,152.55999755859375,151.6300048828125,107.3122787475586,89279000
2007-07-06,152.3800048828125,153.1699981689453,151.92999267578125,107.8764419555664,81109000
2007-07-09,153.16000366210938,153.36000061035156,152.6199951171875,107.96111297607422,72348100
2007-07-10,152.2899932861328,152.61000061035156,150.77000427246094,106.42382049560547,180362600
2007-07-11,150.75,152.0500030517578,150.52000427246094,107.17835235595703,175607600
2007-07-12,152.3699951171875,154.75,152.33999633789062,108.87073516845703,133882500
2007-07-13,154.57000732421875,155.4600067138672,154.38999938964844,109.19509887695312,111794300
2007-07-16,154.99000549316406,155.52999877929688,154.5800018310547,109.18102264404297,98378700
2007-07-17,154.92999267578125,155.47999572753906,154.67999267578125,109.12464141845703,126201300
2007-07-18,154.22999572753906,154.8000030517578,153.3000030517578,108.92716979980469,237887400
2007-07-19,155.1999969482422,155.52999877929688,154.75,109.35023498535156,145212700
2007-07-20,154.88999938964844,154.99000549316406,152.8300018310547,108.24311065673828,245502500
2007-07-23,154.17999267578125,154.72000122070312,153.3000030517578,108.57459259033203,121183900
2007-07-24,153.1199951171875,154.27999877929688,150.75999450683594,106.69181060791016,256732400
2007-07-25,152.02000427246094,152.38999938964844,150.25,106.910400390625,265214500
2007-07-26,150.19000244140625,150.8000030517578,146.38999938964844,104.37877655029297,467592500
2007-07-27,148.2100067138672,148.8699951171875,145.0500030517578,102.3267822265625,422987600
2007-07-30,145.92999267578125,147.80999755859375,145.2899932861328,103.92754364013672,283017500
2007-07-31,148.3300018310547,149.4600067138672,145.0399932861328,102.75694274902344,316976700
2007-08-01,145.17999267578125,147.00999450683594,143.9499969482422,103.25758361816406,467670000
2007-08-02,146.75999450683594,147.75999450683594,145.25999450683594,104.08271026611328,294758400
2007-08-03,147.27999877929688,147.5800018310547,143.1999969482422,101.40303802490234,359398200
2007-08-06,144.2100067138672,146.8300018310547,142.52999877929688,103.10248565673828,324980000
2007-08-07,145.94000244140625,149.0,145.22999572753906,104.20256805419922,232568700
2007-08-08,148.41000366210938,150.58999633789062,147.33999633789062,105.65518951416016,274930600
2007-08-09,147.42999267578125,148.9499969482422,145.2899932861328,102.52423095703125,357622100
2007-08-10,144.38999938964844,146.5,143.1199951171875,102.04473876953125,411018400
2007-08-13,146.5,146.88999938964844,145.02000427246094,102.41141510009766,181917200
2007-08-14,145.6999969482422,146.05999755859375,142.72000122070312,100.84596252441406,264134500
2007-08-15,142.72000122070312,144.4600067138672,140.6199951171875,99.45672607421875,323834000
2007-08-16,139.7899932861328,142.94000244140625,137.0,100.20423889160156,546743700
2007-08-17,145.5,145.80999755859375,141.38999938964844,102.04473876953125,388218100
2007-08-20,145.1699981689453,145.47000122070312,143.2899932861328,101.99539184570312,187320400
2007-08-21,144.60000610351562,145.97000122070312,144.13999938964844,102.19988250732422,157066400
2007-08-22,146.00999450683594,146.8000030517578,145.3300018310547,103.41272735595703,173156700
2007-08-23,147.33999633789062,147.64999389648438,145.61000061035156,103.32109069824219,203915300
2007-08-24,146.47999572753906,148.3300018310547,146.27999877929688,104.59745788574219,128901900
2007-08-27,147.85000610351562,148.3300018310547,146.72999572753906,103.62427520751953,113024300
2007-08-28,146.16000366210938,146.25,143.4600067138672,101.34659576416016,219790700
2007-08-29,144.3699951171875,146.74000549316406,143.9600067138672,103.335205078125,207654200
2007-08-30,145.4499969482422,147.19000244140625,145.30999755859375,103.0601806640625,191817300
2007-08-31,147.64999389648438,148.5,146.8300018310547,104.07562255859375,185477500
2007-09-04,147.4499969482422,149.97999572753906,147.39999389648438,105.12630462646484,120062000
2007-09-05,148.1999969482422,148.36000061035156,147.0,104.21665954589844,166261800
2007-09-06,147.9499969482422,148.61000061035156,147.1199951171875,104.4563980102539,127878400
2007-09-07,146.47999572753906,146.88999938964844,145.25999450683594,103.00375366210938,235447600
2007-09-10,146.52000427246094,146.72000122070312,144.3300018310547,102.8062744140625,192305900
2007-09-11,146.24000549316406,147.6999969482422,146.1300048828125,104.00511169433594,162081900
2007-09-12,147.2899932861328,148.44000244140625,146.97999572753906,104.27304077148438,149554600
2007-09-13,148.5500030517578,149.4499969482422,148.1999969482422,105.00641632080078,154079000
2007-09-14,147.9600067138672,149.08999633789062,147.74000549316406,104.9993896484375,121911000
2007-09-17,148.30999755859375,148.64999389648438,147.6300048828125,104.43526458740234,109870800
2007-09-18,148.8300018310547,152.5,148.1300048828125,107.50977325439453,263759500
2007-09-19,153.41000366210938,154.38999938964844,152.7100067138672,108.14443969726562,193779900
2007-09-20,153.33999633789062,153.42999267578125,152.11000061035156,107.38282775878906,175186800
2007-09-21,152.7100067138672,153.1199951171875,151.74000549316406,107.67263793945312,141457500
2007-09-24,152.4199981689453,152.82000732421875,151.36000061035156,107.47427368164062,139450200
2007-09-25,150.80999755859375,151.66000366210938,150.47000122070312,107.26172637939453,142289900
2007-09-26,152.25,152.77000427246094,151.38999938964844,107.82847595214844,135547000
2007-09-27,152.91000366210938,153.10000610351562,152.19000244140625,108.46619415283203,102713300
2007-09-28,152.85000610351562,153.19000244140625,151.97999572753906,108.1048583984375,133372100
2007-10-01,152.60000610351562,154.75,152.5,109.32339477539062,148162300
2007-10-02,154.61000061035156,154.64999389648438,153.80999755859375,109.17467498779297,112978800
2007-10-03,153.80999755859375,154.41000366210938,153.00999450683594,108.95504760742188,119055900
2007-10-04,154.11000061035156,154.25999450683594,153.58999633789062,109.12509155273438,76864400
2007-10-05,155.02999877929688,156.10000610351562,154.6300048828125,110.42170715332031,134579700
2007-10-08,155.38999938964844,155.49000549316406,154.77000427246094,109.8335952758789,71280400
2007-10-09,155.60000610351562,156.5,155.02999877929688,110.86801147460938,94054300
2007-10-10,156.0399932861328,156.44000244140625,155.41000366210938,110.6838150024414,101711100
2007-10-11,156.92999267578125,157.52000427246094,154.5399932861328,110.15243530273438,233529100
2007-10-12,155.4600067138672,156.35000610351562,155.27000427246094,110.76172637939453,124546700
2007-10-15,156.27000427246094,156.36000061035156,153.94000244140625,109.82649230957031,161151900
2007-10-16,154.41000366210938,154.52000427246094,153.47000122070312,108.95504760742188,166525700
2007-10-17,154.97999572753906,155.08999633789062,152.47000122070312,109.28803253173828,216687300
2007-10-18,153.4499969482422,154.19000244140625,153.0800018310547,108.89130401611328,148367500
2007-10-19,153.08999633789062,156.47999572753906,149.66000366210938,106.04304504394531,297169900
2007-10-22,148.86000061035156,150.75999450683594,148.66000366210938,106.6594009399414,261989800
2007-10-23,151.4600067138672,151.9499969482422,150.25,107.52381134033203,180085100
2007-10-24,151.2100067138672,151.74000549316406,148.83999633789062,107.325439453125,326694200
2007-10-25,151.64999389648438,152.2899932861328,149.8800048828125,107.58049011230469,237374500
2007-10-26,153.05999755859375,153.6199951171875,151.89999389648438,108.84163665771484,176484000
2007-10-29,153.92999267578125,154.44000244140625,153.5500030517578,109.20303344726562,106841000
2007-10-30,153.4499969482422,153.75,152.8699951171875,108.44491577148438,132981600
2007-10-31,153.97999572753906,155.27000427246094,152.83999633789062,109.57142639160156,220954400
2007-11-01,153.2899932861328,153.41000366210938,150.58999633789062,107.0065689086914,333040800
2007-11-02,151.52999877929688,152.0,149.2100067138672,107.12706756591797,331228200
2007-11-05,149.63999938964844,151.16000366210938,148.97000122070312,106.31226348876953,226841000
2007-11-06,150.86000061035156,152.11000061035156,149.89999389648438,107.74348449707031,177800500
2007-11-07,150.44000244140625,151.1300048828125,147.5500030517578,104.79606628417969,306639700
2007-11-08,147.99000549316406,148.39999389648438,145.07000732421875,104.26469421386719,374509900
2007-11-09,145.69000244140625,147.5399932861328,144.88999938964844,102.83344268798828,277745100
2007-11-12,145.2100067138672,146.61000061035156,143.6999969482422,101.813232421875,243087800
2007-11-13,145.3699951171875,148.30999755859375,145.22000122070312,104.91649627685547,191117400
2007-11-14,149.22000122070312,149.39999389648438,146.77999877929688,104.6259994506836,230558800
2007-11-15,146.57000732421875,147.49000549316406,144.52000427246094,103.11687469482422,263111100
2007-11-16,146.30999755859375,146.47000122070312,144.57000732421875,103.29401397705078,308770600
2007-11-19,145.27999877929688,145.36000061035156,143.19000244140625,101.85572814941406,267746000
2007-11-20,144.02000427246094,145.52999877929688,142.11000061035156,102.47925567626953,414767500
2007-11-21,143.0800018310547,143.91000366210938,141.6699981689453,100.38200378417969,259012400
2007-11-23,143.07000732421875,144.33999633789062,142.6999969482422,102.11787414550781,77688400
2007-11-26,144.42999267578125,144.8800048828125,140.66000366210938,99.86483001708984,214232000
2007-11-27,141.74000549316406,143.22999572753906,140.9499969482422,101.01262664794922,293897900
2007-11-28,144.19000244140625,147.47000122070312,144.13999938964844,104.243408203125,258596900
2007-11-29,146.6199951171875,147.72000122070312,146.10000610351562,104.27884674072266,199409900
2007-11-30,149.0399932861328,149.8699951171875,147.3300018310547,105.32740783691406,222908000
2007-12-03,148.19000244140625,148.4499969482422,147.2899932861328,104.63306427001953,146430400
2007-12-04,146.66000366210938,147.5399932861328,146.30999755859375,103.69788360595703,136533900
2007-12-05,147.92999267578125,149.1999969482422,147.8300018310547,105.43372344970703,171130000
2007-12-06,148.6300048828125,151.2100067138672,148.57000732421875,106.94281768798828,154457400
2007-12-07,151.4199981689453,151.5,150.5500030517578,106.92160034179688,148980100
2007-12-10,151.27999877929688,152.25,150.86000061035156,107.75054931640625,123914300
2007-12-11,152.13999938964844,152.88999938964844,147.8300018310547,104.79606628417969,250346400
2007-12-12,151.05999755859375,151.77000427246094,147.1999969482422,105.83047485351562,322435600
2007-12-13,148.32000732421875,149.38999938964844,147.3000030517578,105.6108627319336,237551300
2007-12-14,147.92999267578125,149.10000610351562,147.10000610351562,104.27176666259766,159152900
2007-12-17,146.61000061035156,146.8699951171875,144.86000061035156,102.78386688232422,177269400
2007-12-18,146.10000610351562,146.47999572753906,143.9600067138672,103.35780334472656,245569300
2007-12-19,145.94000244140625,146.88999938964844,144.94000244140625,103.35780334472656,198917200
2007-12-20,146.83999633789062,146.86000061035156,145.17999267578125,104.00962829589844,214813800
2007-12-21,147.3699951171875,148.4199981689453,147.08999633789062,105.50894927978516,146084400
2007-12-24,148.82000732421875,149.47999572753906,148.47999572753906,106.2924575805664,45601400
2007-12-26,148.64999389648438,149.67999267578125,148.5,106.52037811279297,67093100
2007-12-27,149.02000427246094,149.02999877929688,147.32000732421875,105.18130493164062,122981700
2007-12-28,148.5399932861328,148.61000061035156,146.89999389648438,104.9177474975586,116398100
2007-12-31,147.10000610351562,147.61000061035156,146.05999755859375,104.14138793945312,108126800
2008-01-02,146.52999877929688,146.99000549316406,143.8800048828125,103.2297134399414,204935600
2008-01-03,144.91000366210938,145.49000549316406,144.07000732421875,103.17980194091797,125133300
2008-01-04,143.33999633789062,143.44000244140625,140.91000366210938,100.6512222290039,232330900
2008-01-07,141.80999755859375,142.22999572753906,140.10000610351562,100.56575775146484,234991000
2008-01-08,142.0800018310547,142.89999389648438,138.44000244140625,98.9417953491211,326365700
2008-01-09,139.08999633789062,140.7899932861328,137.6999969482422,99.9817123413086,301824900
2008-01-10,139.67999267578125,142.8000030517578,139.3699951171875,100.63701629638672,335701200
2008-01-11,140.77999877929688,141.89999389648438,139.0,99.82502746582031,267076600
2008-01-14,141.16000366210938,141.86000061035156,140.39999389648438,100.6299057006836,170365500
2008-01-15,139.7899932861328,141.49000549316406,137.89999389648438,98.41472625732422,239940100
2008-01-16,137.36000061035156,139.1199951171875,136.27999877929688,97.56713104248047,378802600
2008-01-17,137.80999755859375,137.8800048828125,132.92999267578125,95.03852844238281,397892600
2008-01-18,134.74000549316406,135.02000427246094,131.10000610351562,94.0627212524414,348561500
2008-01-22,127.20999908447266,132.42999267578125,126.0,93.10829162597656,435923700
2008-01-23,127.08999633789062,134.19000244140625,126.83999633789062,95.3448257446289,511913000
2008-01-24,134.47999572753906,135.4600067138672,133.30999755859375,96.14968872070312,259949300
2008-01-25,136.50999450683594,136.75999450683594,132.60000610351562,94.76072692871094,269603900
2008-01-28,133.25999450683594,135.52000427246094,132.05999755859375,96.32775115966797,217934600
2008-01-29,136.10000610351562,136.4499969482422,134.8800048828125,96.80497741699219,168968300
2008-01-30,135.5800018310547,138.5399932861328,134.60000610351562,96.09268951416016,334939200
2008-01-31,133.39999389648438,138.5399932861328,133.1999969482422,97.84489440917969,343680800
2008-02-01,137.94000244140625,139.61000061035156,137.52000427246094,99.41902923583984,206843600
2008-02-04,139.2100067138672,139.3000030517578,137.63999938964844,98.1654281616211,124694300
2008-02-05,135.94000244140625,136.25,133.6699981689453,95.53717803955078,286882500
2008-02-06,134.5800018310547,135.25,132.41000366210938,94.76786804199219,250792900
2008-02-07,131.8000030517578,134.7899932861328,131.72999572753906,95.39468383789062,297368100
2008-02-08,133.08999633789062,134.22000122070312,132.10000610351562,94.7821273803711,221643500
2008-02-11,133.10000610351562,134.22999572753906,132.0399932861328,95.2664566040039,188576300
2008-02-12,134.91000366210938,136.30999755859375,133.97999572753906,96.14968872070312,256654400
2008-02-13,136.00999450683594,137.05999755859375,135.13999938964844,97.13262176513672,181967800
2008-02-14,136.9499969482422,137.0,134.7899932861328,96.27787780761719,215207200
2008-02-15,134.5,135.22000122070312,133.91000366210938,96.25656127929688,154110300
2008-02-19,136.72000122070312,136.88999938964844,134.61000061035156,96.52718353271484,145190000
2008-02-20,133.99000549316406,136.5500030517578,133.75999450683594,96.81207275390625,220085700
2008-02-21,136.66000366210938,137.00999450683594,134.07000732421875,96.0072250366211,201051200
2008-02-22,134.97000122070312,135.85000610351562,132.86000061035156,96.5984115600586,205491000
2008-02-25,135.5399932861328,137.64999389648438,134.77999877929688,97.81640625,190107000
2008-02-26,136.75,138.9499969482422,136.5,98.55004119873047,212420700
2008-02-27,137.55999755859375,139.13999938964844,137.41000366210938,98.45033264160156,168395800
2008-02-28,137.24000549316406,137.9600067138672,136.5500030517578,97.4887466430664,170831100
2008-02-29,135.60000610351562,135.67999267578125,132.77999877929688,95.3163070678711,252715200
2008-03-03,133.13999938964844,133.80999755859375,132.24000549316406,95.0884017944336,189483500
2008-03-04,132.22999572753906,133.39999389648438,130.99000549316406,94.72512817382812,282513100
2008-03-05,133.4199981689453,134.77000427246094,132.33999633789062,95.32344055175781,270681400
2008-03-06,132.97999572753906,133.22000122070312,130.5500030517578,93.35044860839844,247911700
2008-03-07,129.77000427246094,131.74000549316406,128.5800018310547,92.38890075683594,326434600
2008-03-10,129.83999633789062,129.92999267578125,127.58999633789062,91.17091369628906,235683600
2008-03-11,130.72000122070312,132.72000122070312,128.9499969482422,94.44731903076172,341440600
2008-03-12,132.74000549316406,133.77000427246094,131.16000366210938,93.56414794921875,229161100
2008-03-13,129.61000061035156,132.63999938964844,128.60000610351562,93.77072143554688,351504200
2008-03-14,132.77000427246094,132.80999755859375,127.77999877929688,92.31764221191406,484687800
2008-03-17,126.56999969482422,129.25999450683594,126.06999969482422,91.38459014892578,405311100
2008-03-18,130.6199951171875,133.69000244140625,129.97999572753906,95.18102264404297,334416600
2008-03-19,134.13999938964844,134.64999389648438,130.0399932861328,92.8233642578125,345971600
2008-03-20,130.0500030517578,132.91000366210938,129.25999450683594,94.54277038574219,245320700
2008-03-24,133.30999755859375,135.80999755859375,133.24000549316406,96.43244171142578,208977300
2008-03-25,134.86000061035156,135.5500030517578,133.77000427246094,96.52548217773438,192947200
2008-03-26,134.4600067138672,135.08999633789062,133.11000061035156,95.34440612792969,196934300
2008-03-27,134.1999969482422,134.44000244140625,132.36000061035156,95.0438003540039,225153200
2008-03-28,132.99000549316406,133.36000061035156,131.05999755859375,94.13471984863281,180896100
2008-03-31,131.2899932861328,132.72999572753906,131.08999633789062,94.46398162841797,166692100
2008-04-01,133.61000061035156,136.83999633789062,133.50999450683594,97.7852783203125,254547300
2008-04-02,137.0500030517578,137.6699981689453,135.97999572753906,97.84972381591797,210910800
2008-04-03,135.9600067138672,137.44000244140625,135.7100067138672,98.09306335449219,175884800
2008-04-04,137.1199951171875,137.9600067138672,136.1199951171875,97.9856948852539,204446800
2008-04-07,137.8699951171875,138.57000732421875,136.74000549316406,98.03585815429688,154245500
2008-04-08,136.19000244140625,136.9199981689453,135.9499969482422,97.93559265136719,148937300
2008-04-09,136.61000061035156,136.8000030517578,134.88999938964844,97.22698974609375,195610600
2008-04-10,135.4199981689453,136.6699981689453,134.89999389648438,97.36297607421875,192967800
2008-04-11,134.49000549316406,135.1199951171875,133.00999450683594,95.4732437133789,222973300
2008-04-14,133.19000244140625,133.5399932861328,132.5500030517578,95.1511459350586,160522000
2008-04-15,133.5800018310547,133.69000244140625,132.3300018310547,95.373046875,172389200
2008-04-16,134.5399932861328,136.91000366210938,134.52000427246094,97.95709228515625,189268900
2008-04-17,136.02000427246094,137.25,135.66000366210938,98.10022735595703,179665700
2008-04-18,138.94000244140625,139.55999755859375,138.25999450683594,99.12384033203125,218530600
2008-04-21,138.22999572753906,138.97999572753906,137.85000610351562,99.17393493652344,118587400
2008-04-22,138.19000244140625,138.30999755859375,136.89999389648438,98.7373046875,162166000
2008-04-23,138.08999633789062,138.77999877929688,137.1199951171875,98.57982635498047,193309000
2008-04-24,138.0800018310547,139.74000549316406,137.0399932861328,99.00935363769531,229381300
2008-04-25,139.39999389648438,139.88999938964844,137.91000366210938,99.92549896240234,190788100
2008-04-28,139.8800048828125,140.25,139.3800048828125,99.9469985961914,105610200
2008-04-29,139.38999938964844,139.72999572753906,138.61000061035156,99.5533218383789,125514100
2008-04-30,139.2899932861328,140.58999633789062,138.25999450683594,98.96633911132812,208395900
2008-05-01,138.3800048828125,141.1199951171875,138.27000427246094,101.01351928710938,187279500
2008-05-02,142.33999633789062,142.3699951171875,140.55999755859375,101.292724609375,181585500
2008-05-05,141.0500030517578,141.61000061035156,140.41000366210938,100.80595397949219,118504500
2008-05-06,140.02000427246094,142.1999969482422,139.69000244140625,101.6792221069336,179339800
2008-05-07,141.88999938964844,142.0399932861328,139.1300048828125,99.8683090209961,199267300
2008-05-08,139.74000549316406,140.32000732421875,138.97999572753906,99.61056518554688,178321200
2008-05-09,138.60000610351562,139.38999938964844,138.4499969482422,99.42445373535156,152588200
2008-05-12,139.25,140.55999755859375,138.72999572753906,100.5411376953125,147865900
2008-05-13,140.8000030517578,140.88999938964844,139.72999572753906,100.55541229248047,159132200
2008-05-14,141.07000732421875,142.1999969482422,140.4600067138672,100.76303100585938,181910800
2008-05-15,141.0399932861328,142.6300048828125,140.8300018310547,102.0228271484375,166927000
2008-05-16,142.86000061035156,142.8699951171875,141.61000061035156,102.11590576171875,204236800
2008-05-19,142.80999755859375,144.3000030517578,142.3000030517578,102.39501953125,165664400
2008-05-20,142.27000427246094,142.33999633789062,141.0,101.5647201538086,178552100
2008-05-21,141.80999755859375,142.1199951171875,139.0,99.84678649902344,252724800
2008-05-22,139.42999267578125,140.1699981689453,139.0,99.86112213134766,170820400
2008-05-23,139.0500030517578,139.66000366210938,137.52000427246094,98.52254486083984,181376400
2008-05-27,137.8000030517578,139.0,137.52999877929688,99.2526626586914,168322900
2008-05-28,139.1699981689453,140.0,138.0,99.71076202392578,181288100
2008-05-29,139.1300048828125,140.92999267578125,139.0800018310547,100.21185302734375,173927200
2008-05-30,140.47000122070312,140.74000549316406,139.94000244140625,100.4623794555664,117362000
2008-06-02,139.8300018310547,139.86000061035156,138.0,99.42445373535156,181069900
2008-06-03,139.3000030517578,139.6199951171875,137.22999572753906,98.84468841552734,271965700
2008-06-04,137.6999969482422,139.16000366210938,137.4600067138672,98.7945785522461,246637700
2008-06-05,138.5800018310547,140.88999938964844,138.32000732421875,100.7701644897461,237867100
2008-06-06,139.5500030517578,139.8000030517578,136.22000122070312,97.55619049072266,384276300
2008-06-09,136.86000061035156,137.5,135.41000366210938,97.79246520996094,228263900
2008-06-10,135.6699981689453,137.10000610351562,135.35000610351562,97.30573272705078,260234900
2008-06-11,135.97000122070312,136.25999450683594,133.92999267578125,95.87408447265625,283890100
2008-06-12,134.60000610351562,135.8699951171875,133.52000427246094,96.23912048339844,252791800
2008-06-13,135.1699981689453,136.52000427246094,134.4199981689453,97.45597839355469,244726900
2008-06-16,135.5500030517578,136.92999267578125,135.4600067138672,97.51329040527344,185832500
2008-06-17,137.07000732421875,137.1199951171875,135.3699951171875,97.04085540771484,191707700
2008-06-18,134.69000244140625,135.52000427246094,133.7100067138672,96.09599304199219,265893000
2008-06-19,134.14999389648438,135.24000549316406,133.5,96.21769714355469,304204900
2008-06-20,132.83999633789062,133.08999633789062,131.22000122070312,94.65589904785156,289275700
2008-06-23,132.08999633789062,132.22999572753906,131.32000732421875,94.56237030029297,165096400
2008-06-24,131.0500030517578,132.44000244140625,130.19000244140625,94.37532806396484,267300600
2008-06-25,131.72000122070312,133.39999389648438,131.24000549316406,94.8213882446289,287853900
2008-06-26,130.57000732421875,131.4199981689453,128.0800018310547,92.24598693847656,297775000
2008-06-27,128.27999877929688,128.86000061035156,127.04000091552734,91.74243927001953,303423400
2008-06-30,127.88999938964844,128.91000366210938,127.30000305175781,92.06614685058594,258842600
2008-07-01,126.5199966430664,128.47000122070312,125.93000030517578,92.35393524169922,388622000
2008-07-02,128.7899932861328,129.16000366210938,125.94999694824219,90.7712631225586,288064600
2008-07-03,127.11000061035156,127.11000061035156,124.98999786376953,90.86481475830078,239352500
2008-07-07,126.79000091552734,127.33999633789062,123.91999816894531,89.93680572509766,372427300
2008-07-08,124.98999786376953,127.38999938964844,124.19999694824219,91.53378295898438,375973700
2008-07-09,127.5,127.73999786376953,124.38999938964844,89.7713394165039,336729400
2008-07-10,124.43000030517578,125.79000091552734,123.58000183105469,90.13821411132812,436475700
2008-07-11,123.97000122070312,125.9000015258789,122.48999786376953,89.08788299560547,481124600
2008-07-14,125.26000213623047,125.5,122.4000015258789,88.2822265625,322720800
2008-07-15,121.80000305175781,123.48999786376953,120.0199966430664,87.03768920898438,502502500
2008-07-16,121.44999694824219,124.56999969482422,121.0999984741211,89.17424774169922,371642900
2008-07-17,125.13999938964844,126.26000213623047,124.08999633789062,90.0662612915039,375490600
2008-07-18,126.16999816894531,126.41999816894531,125.1500015258789,90.62738800048828,267030100
2008-07-21,126.51000213623047,126.80000305175781,125.19000244140625,90.67774200439453,222863000
2008-07-22,125.1500015258789,127.80000305175781,124.8499984741211,91.70648193359375,296904200
2008-07-23,127.88999938964844,129.14999389648438,127.55000305175781,92.20282745361328,311698400
2008-07-24,128.33999633789062,128.41000366210938,125.16000366210938,90.28925323486328,248634500
2008-07-25,125.88999938964844,126.48999786376953,125.16999816894531,90.2677230834961,219131000
2008-07-28,125.51000213623047,126.05999755859375,123.41999816894531,88.94404602050781,205201300
2008-07-29,123.9800033569336,126.37999725341797,123.63999938964844,90.84319305419922,261505600
2008-07-30,127.11000061035156,128.60000610351562,126.27999877929688,92.46178436279297,354710000
2008-07-31,127.4000015258789,128.57000732421875,126.62999725341797,91.2388687133789,277402100
2008-08-01,127.12000274658203,127.27999877929688,125.45999908447266,90.75688934326172,248690900
2008-08-04,126.04000091552734,126.13999938964844,124.76000213623047,89.91521453857422,188239600
2008-08-05,126.0199966430664,128.55999755859375,124.97000122070312,92.33953094482422,251577600
2008-08-06,128.02000427246094,129.3000030517578,127.4800033569336,92.74956512451172,209555400
2008-08-07,127.95999908447266,128.44000244140625,126.54000091552734,91.36833190917969,246312500
2008-08-08,126.58000183105469,129.92999267578125,126.37999725341797,93.06607055664062,260811700
2008-08-11,129.47000122070312,131.50999450683594,129.22999572753906,94.03008270263672,249425800
2008-08-12,130.27999877929688,130.6999969482422,128.72999572753906,93.05169677734375,213200800
2008-08-13,128.7899932861328,129.64999389648438,127.66999816894531,92.4905776977539,256393200
2008-08-14,127.83999633789062,130.27999877929688,127.75,93.18839263916016,239555300
2008-08-15,129.92999267578125,130.5,129.3000030517578,93.64157104492188,181000800
2008-08-18,130.42999267578125,130.47999572753906,127.66000366210938,92.36114501953125,172275100
2008-08-19,127.41999816894531,127.69000244140625,126.52999877929688,91.35396575927734,194673700
2008-08-20,127.38999938964844,127.94999694824219,126.33999633789062,91.77838134765625,225498200
2008-08-21,126.75,128.44000244140625,126.5999984741211,91.93669891357422,180609800
2008-08-22,128.6699981689453,129.64999389648438,127.80000305175781,93.26750946044922,167715300
2008-08-25,128.8000030517578,129.64999389648438,126.75,91.37554931640625,171936900
2008-08-26,127.0199966430664,127.87000274658203,126.58000183105469,91.64171600341797,159117200
2008-08-27,127.55000305175781,128.8300018310547,127.30000305175781,92.53375244140625,171032800
2008-08-28,129.27999877929688,130.33999633789062,129.11000061035156,93.65599060058594,167537100
2008-08-29,129.72999572753906,130.13999938964844,128.50999450683594,92.6488265991211,189195800
2008-09-02,130.02999877929688,130.7100067138672,127.5199966430664,92.07333374023438,252364900
2008-09-03,127.87999725341797,128.5,126.93000030517578,91.99421691894531,251947000
2008-09-04,126.97000122070312,127.2300033569336,123.95999908447266,89.22459411621094,340042500
2008-09-05,123.29000091552734,124.94999694824219,122.0,89.50516510009766,289503400
2008-09-08,128.0399932861328,128.24000549316406,124.41999816894531,91.35396575927734,364075300
2008-09-09,127.0999984741211,127.36000061035156,122.80000305175781,88.64191436767578,377326800
2008-09-10,123.88999938964844,124.9000015258789,122.55000305175781,89.00159454345703,298916600
2008-09-11,122.12000274658203,125.73999786376953,121.5999984741211,90.28925323486328,375369400
2008-09-12,124.29000091552734,126.20999908447266,123.83000183105469,90.70650482177734,297851200
2008-09-15,121.62999725341797,125.6500015258789,119.88999938964844,86.39025115966797,483607000
2008-09-16,117.19999694824219,122.31999969482422,117.0,87.83621978759766,581744300
2008-09-17,119.63999938964844,121.8499984741211,116.0,83.88680267333984,624095600
2008-09-18,118.05000305175781,121.79000091552734,113.80000305175781,86.37586212158203,776114700
2008-09-19,126.69999694824219,128.0,123.33000183105469,89.80619049072266,501087800
2008-09-22,124.44999694824219,124.75,120.36000061035156,87.77302551269531,249966500
2008-09-23,120.8499984741211,122.0199966430664,118.27999877929688,85.77604675292969,327470400
2008-09-24,119.3499984741211,120.0,117.79000091552734,86.0510025024414,311818400
2008-09-25,119.4000015258789,121.91000366210938,118.44000244140625,87.39678192138672,328253000
2008-09-26,118.83000183105469,121.5,118.51000213623047,87.44020080566406,285917400
2008-09-29,119.13999938964844,119.33999633789062,110.97000122070312,80.58821868896484,459562300
2008-09-30,113.51000213623047,116.80000305175781,110.52999877929688,83.92375946044922,328154400
2008-10-01,115.2699966430664,116.69000244140625,113.94999694824219,83.97440338134766,332783000
2008-10-02,114.94999694824219,115.11000061035156,111.05999755859375,80.92827606201172,365337800
2008-10-03,112.86000061035156,115.44999694824219,109.68000030517578,79.83574676513672,461798000
2008-10-06,107.1500015258789,107.62000274658203,100.63999938964844,75.76943969726562,610637500
2008-10-07,106.83999633789062,107.33000183105469,99.6500015258789,72.37600708007812,540012100
2008-10-08,97.5199966430664,102.18000030517578,96.80999755859375,70.55268859863281,725414800
2008-10-09,99.66000366210938,100.62000274658203,90.25,65.62540435791016,534485200
2008-10-10,86.76000213623047,93.94000244140625,83.58000183105469,64.03355407714844,871026300
2008-10-13,93.87000274658203,101.3499984741211,89.94999694824219,73.33110046386719,455584000
2008-10-14,104.69999694824219,105.52999877929688,97.11000061035156,72.24578094482422,546268300
2008-10-15,97.45999908447266,97.80000305175781,89.70999908447266,65.13336181640625,484627500
2008-10-16,91.29000091552734,94.7699966430664,86.54000091552734,67.84667205810547,708811200
2008-10-17,91.98999786376953,98.58999633789062,91.6500015258789,67.44144439697266,476649000
2008-10-20,95.3499984741211,99.0999984741211,94.08999633789062,71.4933090209961,321294200
2008-10-21,96.97000122070312,98.63999938964844,95.22000122070312,69.35887145996094,356502000
2008-10-22,93.19999694824219,95.86000061035156,87.52999877929688,65.58196258544922,516168000
2008-10-23,90.29000091552734,92.44999694824219,85.80999755859375,66.34168243408203,634666400
2008-10-24,84.05999755859375,89.91999816894531,84.0,62.97719192504883,545812600
2008-10-27,85.97000122070312,89.51000213623047,83.69999694824219,60.741424560546875,397288600
2008-10-28,87.33999633789062,94.23999786376953,84.52999877929688,67.83941650390625,639939500
2008-10-29,93.7699966430664,97.16999816894531,92.0999984741211,67.34740447998047,531270100
2008-10-30,95.77999877929688,96.54000091552734,92.9000015258789,69.67720794677734,414582100
2008-10-31,95.08000183105469,98.56999969482422,94.4800033569336,70.06067657470703,411394000
2008-11-03,96.77999877929688,97.69000244140625,95.94999694824219,70.26325988769531,205419400
2008-11-04,99.05999755859375,100.86000061035156,96.70999908447266,72.65099334716797,346793400
2008-11-05,99.19999694824219,100.70999908447266,95.0,69.59761810302734,387844100
2008-11-06,94.45999908447266,95.44000244140625,90.05999755859375,65.74112701416016,477721900
2008-11-07,91.6500015258789,94.0,90.5,67.91175842285156,380391000
2008-11-10,95.20999908447266,95.52999877929688,90.91999816894531,67.02177429199219,301773000
2008-11-11,90.76000213623047,92.13999938964844,88.6500015258789,64.95244598388672,418498200
2008-11-12,88.2300033569336,88.94999694824219,85.12000274658203,62.09446334838867,454330600
2008-11-13,86.12999725341797,91.7300033569336,82.08999633789062,65.96540832519531,753141900
2008-11-14,89.41000366210938,92.05999755859375,86.5199966430664,62.6733283996582,540352300
2008-11-17,86.37999725341797,88.55999755859375,85.16000366210938,61.841251373291016,415254900
2008-11-18,85.1500015258789,87.22000122070312,82.91000366210938,63.00615310668945,523811800
2008-11-19,85.91000366210938,86.87000274658203,80.91999816894531,58.96875762939453,558327600
2008-11-20,80.12999725341797,82.51000213623047,75.05000305175781,54.59131622314453,814180400
2008-11-21,77.45999908447266,80.9000015258789,74.33999633789062,57.536155700683594,718536500
2008-11-24,81.91999816894531,86.98999786376953,80.36000061035156,61.52289581298828,523305300
2008-11-25,87.30000305175781,87.51000213623047,83.81999969482422,61.978721618652344,454112400
2008-11-26,84.30000305175781,89.19000244140625,84.23999786376953,64.3736572265625,370134200
2008-11-28,88.62999725341797,90.12999725341797,88.4800033569336,65.18399810791016,118308100
2008-12-01,87.51000213623047,87.55000305175781,81.86000061035156,59.41012954711914,369927100
2008-12-02,83.47000122070312,85.48999786376953,82.04000091552734,61.69650650024414,469508400
2008-12-03,83.4000015258789,87.83000183105469,83.13999938964844,63.17978286743164,519863500
2008-12-04,86.05999755859375,88.05000305175781,83.73999786376953,61.71823501586914,444173800
2008-12-05,83.6500015258789,88.41999816894531,82.23999786376953,63.621177673339844,471905300
2008-12-08,90.33999633789062,92.37999725341797,88.08000183105469,65.84242248535156,412859300
2008-12-09,90.37000274658203,92.12999725341797,88.9800033569336,64.75713348388672,370790000
2008-12-10,90.31999969482422,91.36000061035156,89.0,65.19847106933594,396187400
2008-12-11,89.54000091552734,91.0,87.37000274658203,63.62839889526367,365061000
2008-12-12,85.55000305175781,89.06999969482422,85.19999694824219,64.38809967041016,415060400
2008-12-15,89.0199966430664,89.1500015258789,86.29000091552734,63.49090576171875,256694200
2008-12-16,91.87999725341797,92.0199966430664,88.18000030517578,66.4791259765625,377699500
2008-12-17,90.83999633789062,92.43000030517578,90.05999755859375,65.83518981933594,281819800
2008-12-18,91.4000015258789,91.66999816894531,88.20999908447266,64.60517883300781,374673300
2008-12-19,89.0999984741211,90.62000274658203,88.08999633789062,64.32727813720703,301451300
2008-12-22,88.58000183105469,88.66999816894531,85.48999786376953,63.50302505493164,243759500
2008-12-23,87.52999877929688,87.93000030517578,85.80000305175781,62.8465461730957,221625200
2008-12-24,86.44999694824219,86.87000274658203,86.0,63.21125793457031,62061600
2008-12-26,87.23999786376953,87.30000305175781,86.5,63.57597351074219,74767700
2008-12-29,87.23999786376953,87.33000183105469,85.5999984741211,63.39360427856445,127795900
2008-12-30,87.51000213623047,89.05000305175781,86.87999725341797,64.89622497558594,168256300
2008-12-31,89.08000183105469,90.97000122070312,88.87000274658203,65.82254791259766,193987200
2009-01-02,90.44000244140625,93.44000244140625,89.8499984741211,67.80657196044922,227566300
2009-01-05,92.62999725341797,93.66000366210938,91.88999938964844,67.72632598876953,240349700
2009-01-06,93.63999938964844,94.44999694824219,92.68000030517578,68.17858123779297,328260900
2009-01-07,92.0,92.26000213623047,90.19999694824219,66.13619232177734,280899200
2009-01-08,90.16000366210938,91.08999633789062,89.66999816894531,66.40609741210938,263834400
2009-01-09,91.16000366210938,91.31999969482422,85.36000061035156,64.98374938964844,330953600
2009-01-12,88.83999633789062,88.91000366210938,86.41000366210938,63.42277145385742,277858500
2009-01-13,86.7300033569336,87.87999725341797,86.19999694824219,63.53945541381836,356432300
2009-01-14,85.54000091552734,85.75,83.16000366210938,61.5408935546875,435491600
2009-01-15,84.12000274658203,85.25,81.72000122070312,61.56277847290039,532647300
2009-01-16,85.86000061035156,85.98999786376953,83.05000305175781,62.044193267822266,399237200
2009-01-20,84.2300033569336,85.05999755859375,80.05000305175781,58.76910400390625,419855200
2009-01-21,81.94000244140625,84.23999786376953,80.47000122070312,61.307472229003906,364360700
2009-01-22,82.41999816894531,84.04000091552734,81.16999816894531,60.35923767089844,427940300
2009-01-23,80.9000015258789,83.98999786376953,80.56999969482422,60.621803283691406,386800600
2009-01-26,83.58999633789062,85.36000061035156,82.80999755859375,61.03759765625,317978800
2009-01-27,84.12999725341797,85.1500015258789,83.30000305175781,61.657623291015625,273789700
2009-01-28,86.4000015258789,87.94999694824219,86.06999969482422,63.743736267089844,330007000
2009-01-29,86.11000061035156,87.48999786376953,84.47000122070312,61.67218780517578,294392500
2009-01-30,84.9800033569336,85.4000015258789,82.20999908447266,60.41759490966797,383383600
2009-02-02,81.56999969482422,83.18000030517578,81.30999755859375,60.23523712158203,288233300
2009-02-03,83.0999984741211,84.36000061035156,82.22000122070312,61.081363677978516,278385800
2009-02-04,84.30000305175781,85.37000274658203,83.04000091552734,60.78231430053711,322989300
2009-02-05,82.69999694824219,85.29000091552734,77.7300033569336,61.68675994873047,417679400
2009-02-06,84.86000061035156,87.33999633789062,84.68000030517578,63.44465255737305,366101700
2009-02-09,86.95999908447266,87.73999786376953,86.31999969482422,63.53217697143555,240075200
2009-02-10,86.2699966430664,87.02999877929688,82.44999694824219,60.621803283691406,536212800
2009-02-11,83.44999694824219,84.05000305175781,82.4000015258789,60.97923278808594,324442500
2009-02-12,82.16999816894531,83.81999969482422,81.05000305175781,61.023006439208984,469302200
2009-02-13,83.55000305175781,84.23999786376953,82.73999786376953,60.36653518676758,293998400
2009-02-17,80.16000366210938,82.95999908447266,79.16999816894531,57.78437423706055,478910100
2009-02-18,79.79000091552734,79.94000244140625,78.27999877929688,57.64579772949219,362964800
2009-02-19,79.83999633789062,80.1500015258789,78.0199966430664,57.025821685791016,316867500
2009-02-20,76.7300033569336,78.33999633789062,75.7699966430664,56.471439361572266,477176600
2009-02-23,78.2699966430664,78.2699966430664,74.58999633789062,54.45096969604492,379641400
2009-02-24,75.29000091552734,77.94999694824219,74.69999694824219,56.51521682739258,426260900
2009-02-25,77.13999938964844,78.41999816894531,75.62999725341797,56.07029342651367,461985800
2009-02-26,77.81999969482422,79.66999816894531,75.52999877929688,55.15848922729492,363353900
2009-02-27,74.01000213623047,75.69000244140625,73.80999755859375,53.92577362060547,470510900
2009-03-02,72.5199966430664,73.91999816894531,70.37000274658203,51.4968147277832,426452600
2009-03-03,71.61000061035156,71.69999694824219,69.63999938964844,51.110233306884766,443761000
2009-03-04,71.2300033569336,72.87000274658203,70.06999969482422,52.321067810058594,462753100
2009-03-05,70.0999984741211,71.7300033569336,68.16999816894531,50.183868408203125,485549400
2009-03-06,69.4000015258789,70.44999694824219,67.0999984741211,50.271392822265625,490470000
2009-03-09,67.94999694824219,70.0,67.7300033569336,49.680572509765625,379905300
2009-03-10,69.51000213623047,72.37000274658203,69.37000274658203,52.64201354980469,406227900
2009-03-11,73.0,73.75,71.83000183105469,52.98480987548828,356648300
2009-03-12,72.62000274658203,75.75,71.97000122070312,55.070980072021484,409702700
2009-03-13,76.01000213623047,76.9800033569336,74.7300033569336,55.50130844116211,337474700
2009-03-16,76.95999908447266,77.97000122070312,75.80999755859375,55.33354949951172,360644900
2009-03-17,76.06999969482422,78.36000061035156,75.44999694824219,57.025821685791016,356814300
2009-03-18,77.80999755859375,80.9000015258789,77.06999969482422,58.302303314208984,473273200
2009-03-19,80.93000030517578,81.0,78.69000244140625,57.58013916015625,428520400
2009-03-20,78.76000213623047,78.91000366210938,76.52999877929688,56.354061126708984,371078200
2009-03-23,78.73999786376953,82.29000091552734,78.30999755859375,60.401878356933594,419933300
2009-03-24,81.23999786376953,82.36000061035156,80.51000213623047,59.21177673339844,330271000
2009-03-25,81.2300033569336,82.69999694824219,79.05999755859375,59.836238861083984,441775100
2009-03-26,82.25,83.30000305175781,81.31999969482422,61.05571746826172,422025200
2009-03-27,82.05000305175781,82.52999877929688,81.30999755859375,59.953758239746094,322332300
2009-03-30,79.80000305175781,79.87000274658203,77.95999908447266,57.882110595703125,324108500
2009-03-31,79.55999755859375,81.08000183105469,79.05000305175781,58.41838455200195,364238300
2009-04-01,78.52999877929688,81.41999816894531,78.33000183105469,59.549713134765625,377018300
2009-04-02,83.08000183105469,84.61000061035156,81.12999725341797,61.29078674316406,476230700
2009-04-03,83.48999786376953,84.27999877929688,82.66999816894531,61.90055847167969,284646300
2009-04-06,83.33999633789062,84.27999877929688,82.29000091552734,61.41568374633789,264866600
2009-04-07,82.25,82.6500015258789,81.51000213623047,59.9831657409668,258947800
2009-04-08,82.05999755859375,82.94000244140625,81.54000091552734,60.629634857177734,230402800
2009-04-09,84.66999816894531,85.81999969482422,84.33000183105469,63.03922653198242,269653500
2009-04-13,84.91999816894531,86.54000091552734,84.58000183105469,63.053958892822266,224847500
2009-04-14,85.02999877929688,85.76000213623047,84.08000183105469,61.96668243408203,276598800
2009-04-15,83.83999633789062,85.41999816894531,83.61000061035156,62.62784194946289,250726100
2009-04-16,85.93000030517578,87.1500015258789,84.7699966430664,63.546138763427734,335202900
2009-04-17,86.83000183105469,87.6500015258789,86.13999938964844,63.972225189208984,262649000
2009-04-20,85.54000091552734,87.05000305175781,83.33999633789062,61.29078674316406,293690100
2009-04-21,82.81999969482422,85.12999725341797,82.75,62.488285064697266,114090900
2009-04-22,84.29000091552734,86.33999633789062,84.06999969482422,62.10623550415039,340395200
2009-04-23,84.70999908447266,85.41999816894531,83.62999725341797,62.71601104736328,324903700
2009-04-24,86.02999877929688,87.30999755859375,85.69000244140625,63.6636848449707,287703000
2009-04-27,85.68000030517578,87.01000213623047,85.54000091552734,63.06126403808594,289581600
2009-04-28,84.97000122070312,86.58999633789062,84.76000213623047,62.862945556640625,247926300
2009-04-29,86.5199966430664,88.36000061035156,86.30000305175781,64.19996643066406,311505700
2009-04-30,88.55000305175781,89.0199966430664,86.91999816894531,64.22200775146484,301419800
2009-05-01,87.44000244140625,88.20999908447266,86.72000122070312,64.56729125976562,236110300
2009-05-04,88.55000305175781,90.94000244140625,88.37999725341797,66.76387786865234,287120000
2009-05-05,90.56999969482422,90.93000030517578,89.83999633789062,66.5361099243164,243036300
2009-05-06,91.68000030517578,92.19999694824219,90.61000061035156,67.68952941894531,291941000
2009-05-07,93.01000213623047,93.1500015258789,90.27999877929688,66.74919128417969,317728000
2009-05-08,92.02999877929688,93.22000122070312,91.44000244140625,68.30657196044922,299081700
2009-05-11,91.69999694824219,92.11000061035156,91.04000091552734,67.0283432006836,247923600
2009-05-12,91.62999725341797,91.83000183105469,89.8499984741211,66.82998657226562,282431300
2009-05-13,89.73999786376953,90.01000213623047,88.5,65.14766693115234,269619100
2009-05-14,88.72000122070312,90.12000274658203,88.5,65.70597839355469,260098700
2009-05-15,89.37000274658203,90.0,88.1500015258789,65.16968536376953,271502700
2009-05-18,89.55000305175781,91.33999633789062,88.56999969482422,67.02098083496094,241447400
2009-05-19,91.18000030517578,91.97000122070312,90.80999755859375,66.94017028808594,206102200
2009-05-20,91.94999694824219,92.80000305175781,90.41000366210938,66.49205017089844,285722200
2009-05-21,89.45999908447266,89.80000305175781,88.26000213623047,65.53702545166016,258988400
2009-05-22,89.45999908447266,90.0,88.68000030517578,65.39740753173828,166811900
2009-05-26,88.36000061035156,91.55999755859375,88.31999969482422,67.07243347167969,236318500
2009-05-27,91.44000244140625,91.75,89.52999877929688,65.87493133544922,246015800
2009-05-28,90.45999908447266,91.33999633789062,89.0999984741211,66.79325103759766,289095000
2009-05-29,91.41999816894531,93.69999694824219,90.68000030517578,67.97596740722656,258641500
2009-06-01,93.66999816894531,95.16999816894531,93.43000030517578,69.62159729003906,276246800
2009-06-02,94.4000015258789,95.37000274658203,94.2300033569336,69.68038177490234,230874500
2009-06-03,94.04000091552734,94.12999725341797,92.76000213623047,68.79881286621094,235310500
2009-06-04,94.0,94.66999816894531,93.30000305175781,69.4453125,210102300
2009-06-05,95.48999786376953,95.66999816894531,93.80000305175781,69.4599838256836,284257900
2009-06-08,93.83999633789062,95.0999984741211,93.04000091552734,69.17347717285156,238565100
2009-06-09,94.69000244140625,95.13999938964844,94.0199966430664,69.52607727050781,225125500
2009-06-10,95.4800033569336,95.48999786376953,93.19000244140625,69.34980010986328,296100400
2009-06-11,94.58000183105469,96.11000061035156,94.55999755859375,69.65833282470703,275414200
2009-06-12,94.4000015258789,95.13999938964844,94.0,69.8493423461914,184361800
2009-06-15,93.95999908447266,94.0199966430664,92.4000015258789,68.24781799316406,224190500
2009-06-16,93.2300033569336,93.29000091552734,91.58000183105469,67.32218933105469,227319000
2009-06-17,91.5999984741211,92.33000183105469,90.83000183105469,67.2560806274414,223445200
2009-06-18,91.69000244140625,92.66999816894531,91.25,67.74823760986328,211725100
2009-06-19,92.58000183105469,92.69999694824219,91.5199966430664,67.99797821044922,215655600
2009-06-22,91.13999938964844,91.19000244140625,89.25,65.95892333984375,251913600
2009-06-23,89.47000122070312,89.87999725341797,88.8499984741211,66.01065063476562,188309800
2009-06-24,90.16000366210938,91.08000183105469,89.5999984741211,66.57949829101562,211577700
2009-06-25,89.66999816894531,92.16999816894531,89.56999969482422,68.02754211425781,279411000
2009-06-26,91.7699966430664,92.23999786376953,91.2699966430664,67.8501968383789,167579000
2009-06-29,92.11000061035156,92.81999969482422,91.5999984741211,68.48556518554688,168481300
2009-06-30,92.72000122070312,93.05999755859375,91.2699966430664,67.9314956665039,228888200
2009-07-01,92.33999633789062,93.2300033569336,92.20999908447266,68.21221923828125,173041100
2009-07-02,91.12999725341797,92.36000061035156,89.76000213623047,66.35047149658203,212309900
2009-07-06,88.94000244140625,89.93000030517578,88.66000366210938,66.34310150146484,174499600
2009-07-07,89.70999908447266,89.81999969482422,88.0,65.05760955810547,197088900
2009-07-08,88.58999633789062,88.80000305175781,87.0,65.01329803466797,248050500
2009-07-09,88.61000061035156,88.9000015258789,87.91000366210938,65.13884735107422,163777600
2009-07-10,87.69999694824219,88.48999786376953,87.3499984741211,64.9837417602539,173520300
2009-07-13,88.30999755859375,90.16999816894531,87.58999633789062,66.56474304199219,217413500
2009-07-14,90.37999725341797,90.69000244140625,89.7300033569336,66.94149780273438,181487400
2009-07-15,91.80999755859375,93.51000213623047,90.68000030517578,68.89929962158203,220877900
2009-07-16,93.0,94.51000213623047,92.81999969482422,68.78848266601562,231174500
2009-07-17,94.05999755859375,94.31999969482422,93.54000091552734,69.5420913696289,138561700
2009-07-20,94.68000030517578,95.29000091552734,94.19000244140625,70.28084564208984,164179400
2009-07-21,95.87000274658203,95.9000015258789,94.41999816894531,70.60594177246094,217718300
2009-07-22,94.95999908447266,96.12999725341797,94.88999938964844,70.59113311767578,196068100
2009-07-23,95.61000061035156,98.08000183105469,95.52999877929688,72.14997863769531,258795500
2009-07-24,97.19999694824219,98.13999938964844,96.69000244140625,72.44546508789062,154003100
2009-07-27,97.87999725341797,98.4000015258789,97.33999633789062,72.65971374511719,159259400
2009-07-28,97.66000366210938,98.37000274658203,97.05999755859375,72.31989288330078,186685200
2009-07-29,97.44000244140625,98.08999633789062,96.9800033569336,72.142578125,194399300
2009-07-30,98.83000183105469,99.83000183105469,98.5999984741211,72.89616394042969,225575400
2009-07-31,98.6500015258789,99.47000122070312,98.37999725341797,72.99954986572266,207358000
2009-08-03,99.8499984741211,100.52999877929688,99.30999755859375,74.20379638671875,175776900
2009-08-04,99.98999786376953,100.83999633789062,99.77999877929688,74.39590454101562,176714600
2009-08-05,100.7699966430664,100.86000061035156,99.58000183105469,74.18163299560547,184726400
2009-08-06,100.87000274658203,101.0199966430664,99.41999816894531,73.7974853515625,193203800
2009-08-07,100.94000244140625,102.02999877929688,100.38999938964844,74.76527404785156,220640900
2009-08-10,100.73999786376953,101.22000122070312,100.2699966430664,74.61012268066406,130898700
2009-08-11,100.54000091552734,100.61000061035156,99.45999908447266,73.67925262451172,157301000
2009-08-12,99.55999755859375,101.55999755859375,99.51000213623047,74.46976470947266,219052400
2009-08-13,101.26000213623047,101.61000061035156,100.26000213623047,75.03861236572266,176449500
2009-08-14,101.5199966430664,101.5999984741211,99.69999694824219,74.46238708496094,199616100
2009-08-17,98.8499984741211,98.94999694824219,98.11000061035156,72.63018798828125,237667500
2009-08-18,98.52999877929688,99.44000244140625,98.3499984741211,73.2064208984375,173461500
2009-08-19,98.30999755859375,100.30000305175781,98.20999908447266,73.84919738769531,192812800
2009-08-20,100.08999633789062,101.22000122070312,99.87000274658203,74.61012268066406,174131300
2009-08-21,101.81999969482422,103.12999725341797,101.62000274658203,76.07292938232422,224605000
2009-08-24,103.38999938964844,103.94999694824219,102.58999633789062,76.0655288696289,191279000
2009-08-25,103.37000274658203,104.26000213623047,102.94000244140625,76.21330261230469,215310600
2009-08-26,102.83999633789062,103.63999938964844,102.48999786376953,76.22069549560547,194620700
2009-08-27,103.11000061035156,103.72000122070312,101.94000244140625,76.3906021118164,196230100
2009-08-28,104.2300033569336,104.3499984741211,102.66999816894531,76.37581634521484,147024400
2009-08-31,102.37000274658203,102.58000183105469,101.79000091552734,75.69615173339844,176051600
2009-09-01,101.94999694824219,103.23999786376953,99.98999786376953,74.02648162841797,321276800
2009-09-02,99.77999877929688,100.44000244140625,99.56999969482422,73.74576568603516,171805000
2009-09-03,100.4000015258789,100.7699966430664,99.58999633789062,74.35894775390625,143572300
2009-09-04,100.8499984741211,102.08999633789062,100.55000305175781,75.40064239501953,142687900
2009-09-08,103.0,103.05000305175781,102.38999938964844,76.05075073242188,132909100
2009-09-09,103.12000274658203,104.08000183105469,102.80000305175781,76.63440704345703,154612500
2009-09-10,103.80000305175781,104.86000061035156,103.22000122070312,77.41754150390625,162902400
2009-09-11,104.98999786376953,105.30000305175781,104.27999877929688,77.40277862548828,152360100
2009-09-14,103.87999725341797,105.45999908447266,103.1500015258789,77.77952575683594,149593800
2009-09-15,105.44999694824219,106.11000061035156,104.76000213623047,78.10457611083984,196795900
2009-09-16,106.0999984741211,107.33999633789062,105.7300033569336,79.2866439819336,206406300
2009-09-17,107.16999816894531,108.05999755859375,106.56999969482422,79.16844177246094,229170900
2009-09-18,107.1500015258789,107.16000366210938,106.36000061035156,79.21893310546875,153799100
2009-09-21,105.88999938964844,107.0,105.66000366210938,79.01850891113281,151892000
2009-09-22,107.08000183105469,107.37000274658203,106.5999984741211,79.47874450683594,143126700
2009-09-23,107.31999969482422,108.02999877929688,105.98999786376953,78.81805419921875,225947400
2009-09-24,106.41000366210938,106.63999938964844,104.55000305175781,77.9495849609375,228636800
2009-09-25,104.77999877929688,105.36000061035156,104.08999633789062,77.53387451171875,204059000
2009-09-28,104.8499984741211,106.55000305175781,104.83000183105469,78.92201232910156,118285800
2009-09-29,106.51000213623047,107.0199966430664,105.77999877929688,78.68446350097656,133733900
2009-09-30,106.36000061035156,106.45999908447266,104.62000274658203,78.38008117675781,254383000
2009-10-01,103.0,105.7300033569336,102.94999694824219,76.4352798461914,281840600
2009-10-02,102.0199966430664,103.0999984741211,101.98999786376953,76.07894897460938,224748800
2009-10-05,102.9000015258789,104.31999969482422,102.5999984741211,77.21471405029297,149875000
2009-10-06,104.7699966430664,106.11000061035156,104.70999908447266,78.32072448730469,202491100
2009-10-07,105.2699966430664,105.91000366210938,105.06999969482422,78.53600311279297,159200300
2009-10-08,106.55000305175781,107.16999816894531,105.8499984741211,79.13726806640625,183305800
2009-10-09,106.63999938964844,107.26000213623047,106.36000061035156,79.61979675292969,135008300
2009-10-12,107.76000213623047,108.08999633789062,107.27999877929688,79.93152618408203,118031000
2009-10-13,107.38999938964844,107.70999908447266,106.76000213623047,79.76824951171875,157692700
2009-10-14,108.72000122070312,109.41999816894531,107.41999816894531,81.14148712158203,191421600
2009-10-15,108.77999877929688,109.70999908447266,108.7300033569336,81.43842315673828,173873600
2009-10-16,108.80000305175781,109.2699966430664,108.2300033569336,80.82970428466797,192069400
2009-10-19,109.06999969482422,110.12999725341797,108.7300033569336,81.49778747558594,159530400
2009-10-20,109.94999694824219,109.98999786376953,108.68000030517578,81.0672836303711,180921100
2009-10-21,109.04000091552734,110.30999755859375,108.1500015258789,80.33981323242188,225379300
2009-10-22,108.19000244140625,109.68000030517578,107.5,81.1563491821289,238444000
2009-10-23,109.69000244140625,109.76000213623047,107.62999725341797,80.22846984863281,240033200
2009-10-26,108.19999694824219,109.30999755859375,106.61000061035156,79.35997772216797,242028200
2009-10-27,107.02999877929688,107.38999938964844,106.16000366210938,78.99624633789062,253266300
2009-10-28,106.1500015258789,106.4800033569336,104.3499984741211,77.50420379638672,248821400
2009-10-29,105.19000244140625,106.86000061035156,104.94000244140625,79.16697692871094,198110600
2009-10-30,106.30000305175781,106.62000274658203,103.44000244140625,76.87322235107422,325608100
2009-11-02,104.12999725341797,105.41000366210938,103.08000183105469,77.43739318847656,254222900
2009-11-03,103.73999786376953,104.80000305175781,103.54000091552734,77.68235778808594,228362600
2009-11-04,105.51000213623047,106.33000183105469,104.6500015258789,77.8827896118164,247996700
2009-11-05,105.66000366210938,106.87999725341797,105.44000244140625,79.31542205810547,180015300
2009-11-06,106.26000213623047,107.4000015258789,106.05000305175781,79.52326202392578,170954100
2009-11-09,107.94999694824219,109.62999725341797,107.87000274658203,81.33448791503906,159495700
2009-11-10,109.30999755859375,109.93000030517578,108.97000122070312,81.34934997558594,171899800
2009-11-11,110.30999755859375,110.81999969482422,109.62000274658203,81.76502990722656,169466200
2009-11-12,110.0,110.56999969482422,108.75,80.93366241455078,157144500
2009-11-13,109.30999755859375,110.08999633789062,108.75,81.37162017822266,150963000
2009-11-16,110.37999725341797,111.69000244140625,110.31999969482422,82.5519027709961,210922200
2009-11-17,110.91999816894531,111.38999938964844,110.5,82.64838409423828,147134100
2009-11-18,111.26000213623047,111.43000030517578,110.56999969482422,82.59642028808594,156486800
2009-11-19,110.51000213623047,111.30999755859375,109.12999725341797,81.52009582519531,208734600
2009-11-20,109.25,109.76000213623047,109.01000213623047,81.23055267333984,134196000
2009-11-23,110.72000122070312,111.73999786376953,110.5999984741211,82.26240539550781,148010200
2009-11-24,111.0,111.19999694824219,110.01000213623047,82.38858032226562,138420100
2009-11-25,111.16999816894531,111.5,110.81999969482422,82.67806243896484,109564800
2009-11-27,108.4000015258789,110.31999969482422,108.29000091552734,81.33448791503906,126001800
2009-11-30,109.4800033569336,110.19999694824219,108.12000274658203,81.60916137695312,160874800
2009-12-01,110.91999816894531,111.66000366210938,110.7300033569336,82.61871337890625,159613700
2009-12-02,111.27999877929688,112.01000213623047,110.91999816894531,82.5815658569336,132315100
2009-12-03,111.55000305175781,112.18000030517578,110.29000091552734,81.9357681274414,167324900
2009-12-04,111.83999633789062,112.37999725341797,110.04000091552734,82.40342712402344,274907800
2009-12-07,110.91000366210938,111.52999877929688,110.48999786376953,82.27723693847656,127973800
2009-12-08,110.04000091552734,110.7699966430664,109.2699966430664,81.36420440673828,169863700
2009-12-09,109.58000183105469,110.18000030517578,109.0199966430664,81.66853332519531,155063400
2009-12-10,110.69999694824219,111.12000274658203,110.44999694824219,82.1287612915039,138014600
2009-12-11,111.11000061035156,111.36000061035156,110.61000061035156,82.47764587402344,124854000
2009-12-14,111.87000274658203,112.0,111.12999725341797,83.04183959960938,107141500
2009-12-15,111.45999908447266,111.91999816894531,111.0,82.65583038330078,120408800
2009-12-16,111.80000305175781,112.12999725341797,111.2699966430664,82.7820053100586,155358200
2009-12-17,110.72000122070312,110.93000030517578,110.08000183105469,81.78731536865234,183390100
2009-12-18,110.19999694824219,110.30000305175781,109.27999877929688,82.25001525878906,174591200
2009-12-21,110.76000213623047,111.69999694824219,110.76000213623047,83.08589172363281,118039600
2009-12-22,111.56999969482422,111.97000122070312,111.43000030517578,83.38440704345703,91707500
2009-12-23,112.0,112.11000061035156,111.5,83.54859924316406,111783100
2009-12-24,112.19000244140625,112.5999984741211,112.0,83.94413757324219,39677500
2009-12-28,112.9000015258789,112.98999786376953,112.31999969482422,84.12325286865234,87508500
2009-12-29,113.01000213623047,113.02999877929688,112.55000305175781,84.00381469726562,80572500
2009-12-30,112.2300033569336,112.6500015258789,112.16999816894531,83.9739761352539,73138400
2009-12-31,112.7699966430664,112.80000305175781,111.38999938964844,83.16798400878906,90637900
2010-01-04,112.37000274658203,113.38999938964844,111.51000213623047,84.5784912109375,118944600
2010-01-05,113.26000213623047,113.68000030517578,112.8499984741211,84.80235290527344,111579900
2010-01-06,113.5199966430664,113.98999786376953,113.43000030517578,84.86204528808594,116074400
2010-01-07,113.5,114.33000183105469,113.18000030517578,85.22029876708984,131091100
2010-01-08,113.88999938964844,114.62000274658203,113.66000366210938,85.50387573242188,126402800
2010-01-11,115.08000183105469,115.12999725341797,114.23999786376953,85.62330627441406,106375700
2010-01-12,113.97000122070312,114.20999908447266,113.22000122070312,84.82476806640625,163333500
2010-01-13,113.94999694824219,114.94000244140625,113.37000274658203,85.54120635986328,161822000
2010-01-14,114.48999786376953,115.13999938964844,114.41999816894531,85.77257537841797,115718800
2010-01-15,114.7300033569336,114.83999633789062,113.19999694824219,84.80982208251953,212283100
2010-01-19,113.62000274658203,115.12999725341797,113.58999633789062,85.86959075927734,139172700
2010-01-20,114.27999877929688,114.44999694824219,112.9800033569336,84.99642181396484,216490200
2010-01-21,113.91999816894531,114.2699966430664,111.55999755859375,83.36199188232422,344859600
2010-01-22,111.19999694824219,111.73999786376953,109.08999633789062,81.50372314453125,345942400
2010-01-25,110.20999908447266,110.41000366210938,109.41000366210938,81.92164611816406,186937500
2010-01-26,109.33999633789062,110.47000122070312,109.04000091552734,81.57831573486328,211168800
2010-01-27,109.16999816894531,110.08000183105469,108.33000183105469,81.96641540527344,271863600
2010-01-28,110.19000244140625,110.25,107.91000366210938,81.02608489990234,316104000
2010-01-29,109.04000091552734,109.80000305175781,107.22000122070312,80.14543151855469,310677600
2010-02-01,108.1500015258789,109.06999969482422,107.5,81.39176177978516,187865000
2010-02-02,109.26000213623047,110.58999633789062,108.87999725341797,82.37689971923828,216327900
2010-02-03,109.87999725341797,110.4800033569336,109.51000213623047,81.96641540527344,172730700
2010-02-04,108.9800033569336,109.02999877929688,106.41999816894531,79.43645477294922,356715700
2010-02-05,106.55999755859375,106.87999725341797,104.58000183105469,79.60063171386719,493585800
2010-02-08,106.73999786376953,107.33000183105469,105.80999755859375,79.0260009765625,224166900
2010-02-09,107.12999725341797,108.1500015258789,106.2699966430664,80.01856994628906,337820500
2010-02-10,107.05000305175781,107.5999984741211,106.11000061035156,79.8618392944336,240511500
2010-02-11,106.87000274658203,108.25,106.25,80.69768524169922,223591600
2010-02-12,106.98999786376953,108.0999984741211,106.51000213623047,80.63056945800781,304622100
2010-02-16,108.86000061035156,109.8499984741211,107.81999969482422,81.89926147460938,159317500
2010-02-17,110.2699966430664,110.41000366210938,109.73999786376953,82.287353515625,168845100
2010-02-18,110.08000183105469,111.13999938964844,110.04000091552734,82.77245330810547,193708600
2010-02-19,110.62000274658203,111.56999969482422,110.36000061035156,82.9440689086914,222684900
2010-02-22,111.55000305175781,111.58000183105469,110.83000183105469,82.95899963378906,132346900
2010-02-23,110.86000061035156,111.19999694824219,109.5199966430664,81.95147705078125,207497000
2010-02-24,110.13999938964844,111.0,109.86000061035156,82.70528411865234,176350700
2010-02-25,109.23999786376953,110.75,108.94000244140625,82.59330749511719,259634700
2010-02-26,110.7699966430664,111.12000274658203,110.11000061035156,82.64553833007812,173589300
2010-03-01,111.19999694824219,112.0,111.16999816894531,83.50376892089844,147709700
2010-03-02,112.37000274658203,112.73999786376953,112.0,83.73512268066406,160992400
2010-03-03,112.48999786376953,112.97000122070312,112.0199966430664,83.8097915649414,150785000
2010-03-04,112.44999694824219,112.80000305175781,112.02999877929688,84.06354522705078,135770400
2010-03-05,113.37000274658203,114.33999633789062,113.0999984741211,85.26509094238281,176118800
2010-03-08,114.26000213623047,114.5199966430664,114.06999969482422,85.2800064086914,114631200
2010-03-09,113.93000030517578,114.98999786376953,113.87000274658203,85.42179870605469,154556700
2010-03-10,114.51000213623047,115.27999877929688,114.41000366210938,85.80244445800781,186088800
2010-03-11,114.69999694824219,115.4800033569336,114.3499984741211,86.1606674194336,160791100
2010-03-12,115.94999694824219,115.97000122070312,115.13999938964844,86.1680908203125,162074800
2010-03-15,115.26000213623047,115.56999969482422,114.5999984741211,86.19048309326172,146816800
2010-03-16,115.80999755859375,116.5199966430664,115.48999786376953,86.87708282470703,168673000
2010-03-17,116.76000213623047,117.4800033569336,116.41999816894531,87.39204406738281,177468100
2010-03-18,117.11000061035156,117.2699966430664,116.56999969482422,87.34725952148438,196509100
2010-03-19,115.97000122070312,117.29000091552734,115.5199966430664,86.90512084960938,226641100
2010-03-22,115.30999755859375,116.80000305175781,115.23999786376953,87.36973571777344,184477800
2010-03-23,116.76000213623047,117.51000213623047,116.37999725341797,87.98423767089844,182941600
2010-03-24,116.97000122070312,117.43000030517578,115.58000183105469,87.55709838867188,196072600
2010-03-25,117.62999725341797,118.16999816894531,116.51000213623047,87.41471862792969,223396300
2010-03-26,116.87000274658203,117.41999816894531,116.12000274658203,87.36222839355469,205808500
2010-03-29,117.16999816894531,117.52999877929688,116.69000244140625,87.91677856445312,134513500
2010-03-30,117.45999908447266,117.83000183105469,116.91000366210938,87.97674560546875,145772500
2010-03-31,116.94999694824219,117.5199966430664,116.61000061035156,87.67699432373047,161078700
2010-04-01,117.80000305175781,118.25,117.0999984741211,88.2764892578125,161215200
2010-04-05,118.25,118.83999633789062,117.91999816894531,88.99589538574219,105847600
2010-04-06,118.41999816894531,119.25,118.29000091552734,89.20574188232422,110384200
2010-04-07,118.80000305175781,119.36000061035156,117.80999755859375,88.69617462158203,184576300
2010-04-08,117.94999694824219,118.97000122070312,117.5999984741211,89.00337219238281,158704000
2010-04-09,119.0199966430664,119.5999984741211,118.80000305175781,89.58790588378906,133006500
2010-04-12,119.69999694824219,120.05000305175781,119.55999755859375,89.73026275634766,110279000
2010-04-13,119.62000274658203,120.04000091552734,119.0,89.7977294921875,125043600
2010-04-14,120.2699966430664,121.19000244140625,120.08000183105469,90.81686401367188,161609000
2010-04-15,120.98999786376953,121.56999969482422,120.94999694824219,90.89181518554688,144615300
2010-04-16,120.86000061035156,121.29000091552734,118.75,89.44548797607422,366786700
2010-04-19,119.01000213623047,119.93000030517578,118.47000122070312,89.78275299072266,217947800
2010-04-20,120.55999755859375,120.9800033569336,119.87000274658203,90.58455657958984,157708000
2010-04-21,120.94999694824219,121.2300033569336,119.98999786376953,90.41973114013672,192910100
2010-04-22,119.80999755859375,121.16999816894531,119.12000274658203,90.68949127197266,115360300
2010-04-23,120.94000244140625,121.86000061035156,120.62999725341797,91.28147888183594,177335500
2010-04-26,121.8499984741211,122.12000274658203,121.2300033569336,90.93673706054688,143457300
2010-04-27,120.6500015258789,121.33999633789062,118.25,88.78610229492188,355853300
2010-04-28,119.05000305175781,119.68000030517578,118.2699966430664,89.46051025390625,300674100
2010-04-29,120.0999984741211,121.11000061035156,120.06999969482422,90.5696029663086,193775000
2010-04-30,120.87999725341797,121.01000213623047,118.77999877929688,89.0333480834961,270000900
2010-05-03,119.37999725341797,120.68000030517578,119.19999694824219,90.18741607666016,182747900
2010-05-04,119.01000213623047,119.02999877929688,116.91999816894531,88.06668853759766,360353400
2010-05-05,116.55999755859375,117.80000305175781,115.97000122070312,87.54207611083984,328973200
2010-05-06,116.26000213623047,117.0,105.0,84.63452911376953,647356600
2010-05-07,112.63999938964844,113.7699966430664,109.41000366210938,83.37555694580078,637558800
2010-05-10,115.80999755859375,116.6500015258789,114.91000366210938,87.04752349853516,396159600
2010-05-11,115.06999969482422,117.36000061035156,114.91000366210938,86.80021667480469,317849800
2010-05-12,116.29000091552734,117.62000274658203,116.08999633789062,88.01419830322266,235607100
2010-05-13,117.12999725341797,117.68000030517578,115.88999938964844,86.92012023925781,234452500
2010-05-14,115.12000274658203,115.33000183105469,112.87000274658203,85.346435546875,345601400
2010-05-17,114.19999694824219,114.5199966430664,111.7699966430664,85.3913803100586,325739800
2010-05-18,114.87999725341797,115.22000122070312,112.02999877929688,84.22986602783203,360556800
2010-05-19,111.7699966430664,112.7699966430664,110.36000061035156,83.7502670288086,394742700
2010-05-20,109.37999725341797,109.88999938964844,107.47000122070312,80.58787536621094,530418300
2010-05-21,105.91000366210938,109.37999725341797,105.36000061035156,81.7643814086914,500909400
2010-05-24,108.5199966430664,109.38999938964844,107.61000061035156,80.71527862548828,269823000
2010-05-25,105.11000061035156,107.87000274658203,104.37999725341797,80.79771423339844,396505200
2010-05-26,108.4800033569336,109.47000122070312,106.8499984741211,80.31059265136719,349719300
2010-05-27,109.19000244140625,110.80000305175781,108.77999877929688,83.0008544921875,300870500
2010-05-28,110.63999938964844,110.72000122070312,108.8499984741211,81.95924377441406,297933500
2010-06-01,108.3499984741211,109.94999694824219,107.37000274658203,80.58040618896484,277909400
2010-06-02,108.08000183105469,110.33999633789062,107.51000213623047,82.67865753173828,240243700
2010-06-03,110.6500015258789,111.05999755859375,109.58000183105469,82.9634017944336,226618300
2010-06-04,108.61000061035156,109.33000183105469,106.45999908447266,80.04835510253906,398475600
2010-06-07,107.19999694824219,107.61000061035156,105.41000366210938,79.05168151855469,264609100
2010-06-08,105.56999969482422,106.83000183105469,104.6500015258789,79.89846801757812,357774300
2010-06-09,107.23999786376953,108.27999877929688,105.5999984741211,79.47132110595703,268023300
2010-06-10,107.86000061035156,109.27999877929688,106.04000091552734,81.79440307617188,317890600
2010-06-11,108.19000244140625,109.75,108.12000274658203,82.19155883789062,214128200
2010-06-14,110.5199966430664,111.12000274658203,109.4000015258789,82.06417083740234,207196100
2010-06-15,110.27999877929688,112.0999984741211,110.08999633789062,83.93008422851562,238268700
2010-06-16,111.41999816894531,112.41999816894531,111.19999694824219,83.90013122558594,216374000
2010-06-17,112.27999877929688,112.33000183105469,111.05000305175781,84.03501892089844,263185800
2010-06-18,111.83000183105469,112.12999725341797,111.37000274658203,84.12614440917969,174006600
2010-06-21,113.12000274658203,113.19999694824219,110.79000091552734,83.88521575927734,213140700
2010-06-22,111.41000366210938,111.9000015258789,109.41000366210938,82.49979400634766,239355400
2010-06-23,109.63999938964844,110.02999877929688,108.4800033569336,82.24378967285156,254639900
2010-06-24,108.69000244140625,108.83000183105469,107.13999938964844,80.88094329833984,268523600
2010-06-25,107.73999786376953,108.41999816894531,106.7699966430664,81.21977996826172,238726500
2010-06-28,108.02999877929688,108.31999969482422,107.13999938964844,80.96379089355469,169218600
2010-06-29,106.0199966430664,107.51000213623047,103.55000305175781,78.4640121459961,373649500
2010-06-30,103.91999816894531,104.87999725341797,102.87999725341797,77.71859741210938,284101700
2010-07-01,103.1500015258789,103.48999786376953,101.12999725341797,77.37226867675781,382924800
2010-07-02,103.11000061035156,103.41999816894531,101.62000274658203,76.95059967041016,233385200
2010-07-06,103.63999938964844,104.37000274658203,101.87999725341797,77.45504760742188,256935300
2010-07-07,103.12999725341797,106.23999786376953,103.0199966430664,79.8946304321289,253769400
2010-07-08,107.0,107.27999877929688,105.91000366210938,80.6851806640625,210842100
2010-07-09,107.12999725341797,107.97000122070312,106.93000030517578,81.28755950927734,144999900
2010-07-12,107.5999984741211,108.23999786376953,107.1500015258789,81.34026336669922,131283600
2010-07-13,109.1500015258789,110.08999633789062,108.93000030517578,82.56754302978516,213025900
2010-07-14,109.30999755859375,110.08000183105469,108.86000061035156,82.55997467041016,184426800
2010-07-15,109.61000061035156,110.05999755859375,108.16999816894531,82.58261108398438,232337900
2010-07-16,109.08999633789062,109.20999908447266,106.44999694824219,80.3087158203125,282693400
2010-07-19,107.05000305175781,107.62999725341797,106.22000122070312,80.78306579589844,186709000
2010-07-20,105.87000274658203,108.55999755859375,105.81999969482422,81.67906951904297,258162400
2010-07-21,109.04000091552734,109.06999969482422,106.62999725341797,80.617431640625,264527000
2010-07-22,108.33999633789062,109.94000244140625,108.33000183105469,82.41696166992188,274781300
2010-07-23,109.23999786376953,110.56999969482422,108.93000030517578,83.1322250366211,222020800
2010-07-26,110.5999984741211,111.66999816894531,110.29000091552734,83.99813842773438,184445700
2010-07-27,112.16999816894531,112.29000091552734,111.11000061035156,83.99060821533203,204855600
2010-07-28,111.31999969482422,111.66000366210938,110.45999908447266,83.44850158691406,163056200
2010-07-29,111.5199966430664,111.81999969482422,109.41000366210938,83.0418930053711,220149100
2010-07-30,109.16999816894531,110.86000061035156,108.9800033569336,83.02682495117188,220070600
2010-08-02,111.98999786376953,112.94000244140625,111.54000091552734,84.90165710449219,188263200
2010-08-03,112.4800033569336,112.7699966430664,111.8499984741211,84.49504089355469,146657300
2010-08-04,112.52999877929688,113.11000061035156,112.16000366210938,85.05976104736328,158171700
2010-08-05,112.25,112.91000366210938,112.08000183105469,84.96941375732422,140473800
2010-08-06,111.73999786376953,112.56999969482422,110.91999816894531,84.62308502197266,239728300
2010-08-09,112.91999816894531,113.18000030517578,112.31999969482422,85.0748291015625,120800400
2010-08-10,112.02999877929688,112.9800033569336,111.37000274658203,84.61556243896484,242916300
2010-08-11,110.6500015258789,110.69000244140625,109.12000274658203,82.2964859008789,273406900
2010-08-12,107.6500015258789,109.0199966430664,107.5999984741211,81.79203033447266,239542600
2010-08-13,108.29000091552734,108.95999908447266,108.18000030517578,81.55105590820312,158698500
2010-08-16,107.56999969482422,108.61000061035156,107.18000030517578,81.51342010498047,147895300
2010-08-17,109.19000244140625,110.38999938964844,108.87999725341797,82.51483917236328,172270300
2010-08-18,109.54000091552734,110.37999725341797,108.91000366210938,82.66543579101562,182922100
2010-08-19,109.22000122070312,109.48999786376953,107.43000030517578,81.22731018066406,265847600
2010-08-20,107.55999755859375,107.94000244140625,106.75,80.96379089355469,209714200
2010-08-23,108.04000091552734,108.56999969482422,107.06999969482422,80.65507507324219,163490300
2010-08-24,105.94999694824219,106.38999938964844,104.97000122070312,79.45787048339844,280677800
2010-08-25,104.94999694824219,106.33999633789062,104.29000091552734,79.76659393310547,272234800
2010-08-26,106.44000244140625,106.58000183105469,104.87999725341797,79.23204803466797,224439500
2010-08-27,105.88999938964844,106.97000122070312,104.30999755859375,80.45932006835938,272649000
2010-08-30,106.58000183105469,106.91000366210938,105.30000305175781,79.29224395751953,167238600
2010-08-31,104.91999816894531,105.9800033569336,104.48999786376953,79.29224395751953,273933100
2010-09-01,106.7300033569336,108.61000061035156,106.66000366210938,81.66400146484375,256828100
2010-09-02,108.72000122070312,109.48999786376953,108.48999786376953,82.42449188232422,156112200
2010-09-03,110.54000091552734,110.98999786376953,109.94999694824219,83.49365234375,212197300
2010-09-07,110.37000274658203,110.51000213623047,109.55000305175781,82.55247497558594,141973700
2010-09-08,109.86000061035156,110.8499984741211,109.80999755859375,83.1322250366211,149924400
2010-09-09,111.6500015258789,111.68000030517578,110.62000274658203,83.51624298095703,147017900
2010-09-10,111.12000274658203,111.61000061035156,110.87000274658203,83.9378890991211,127819000
2010-09-13,112.58000183105469,112.94999694824219,112.12999725341797,84.87154388427734,178503500
2010-09-14,112.5,113.29000091552734,112.08000183105469,84.8188247680664,209823600
2010-09-15,112.31999969482422,113.20999908447266,111.9800033569336,85.1426010131836,168608400
2010-09-16,112.7300033569336,113.12000274658203,112.3499984741211,85.11997985839844,199962900
2010-09-17,113.04000091552734,113.1500015258789,112.18000030517578,85.15178680419922,195836900
2010-09-20,112.87999725341797,114.45999908447266,112.5199966430664,86.45381164550781,214555200
2010-09-21,114.30000305175781,114.83999633789062,113.51000213623047,86.27967071533203,268389100
2010-09-22,113.80000305175781,114.44000244140625,113.0999984741211,85.85577392578125,191322400
2010-09-23,112.48999786376953,113.66999816894531,112.18000030517578,85.15936279296875,202354300
2010-09-24,113.75,114.9000015258789,113.6500015258789,86.9155502319336,209671800
2010-09-27,114.86000061035156,114.98999786376953,114.16000366210938,86.49921417236328,128761800
2010-09-28,114.41999816894531,115.04000091552734,113.18000030517578,86.8019790649414,209207500
2010-09-29,114.37999725341797,114.91000366210938,114.0199966430664,86.650634765625,179665800
2010-09-30,115.05000305175781,115.79000091552734,113.58999633789062,86.39322662353516,287106700
2010-10-01,114.98999786376953,115.12000274658203,113.93000030517578,86.75657653808594,174638700
2010-10-04,114.37000274658203,114.8499984741211,113.18000030517578,86.10558319091797,166153200
2010-10-05,114.80000305175781,116.31999969482422,114.66999816894531,87.83905792236328,229634100
2010-10-06,116.0199966430664,116.33000183105469,115.55999755859375,87.83147430419922,148626600
2010-10-07,116.5,116.52999877929688,115.19000244140625,87.72552490234375,164860000
2010-10-08,116.05000305175781,116.86000061035156,115.61000061035156,88.2175521850586,177760100
2010-10-11,116.72000122070312,116.97000122070312,116.25,88.3008041381836,103098300
2010-10-12,116.2699966430664,117.3499984741211,115.6500015258789,88.57331085205078,182210000
2010-10-13,117.66000366210938,118.55000305175781,117.37999725341797,89.26216888427734,194347200
2010-10-14,117.80999755859375,118.01000213623047,116.72000122070312,88.91394805908203,217764300
2010-10-15,118.27999877929688,118.3499984741211,116.76000213623047,89.09564971923828,243705000
2010-10-18,117.73999786376953,118.66999816894531,117.30999755859375,89.53468322753906,141204800
2010-10-19,117.19000244140625,117.8499984741211,116.0199966430664,88.36137390136719,280604700
2010-10-20,116.94000244140625,118.44000244140625,116.87000274658203,89.22433471679688,200051800
2010-10-21,118.4000015258789,119.08999633789062,117.20999908447266,89.421142578125,221585500
2010-10-22,118.30999755859375,118.52999877929688,118.0,89.58766174316406,108212400
2010-10-25,119.13999938964844,119.76000213623047,118.61000061035156,89.85256958007812,151145700
2010-10-26,118.0999984741211,118.83999633789062,117.87000274658203,89.86776733398438,158982900
2010-10-27,117.88999938964844,118.51000213623047,117.26000213623047,89.61039733886719,190024000
2010-10-28,119.05999755859375,119.11000061035156,117.83000183105469,89.6255111694336,168576000
2010-10-29,118.27999877929688,118.72000122070312,118.06999969482422,89.69364929199219,144305500
2010-11-01,119.06999969482422,119.75,117.8499984741211,89.72393035888672,174074800
2010-11-02,119.41999816894531,119.75,119.0999984741211,90.43547058105469,158345900
2010-11-03,119.68000030517578,120.0199966430664,118.44999694824219,90.79883575439453,226702800
2010-11-04,121.27999877929688,122.31999969482422,119.97000122070312,92.54739379882812,215039400
2010-11-05,122.33999633789062,122.91999816894531,122.18000030517578,92.8956069946289,180654100
2010-11-08,122.33999633789062,122.69000244140625,121.94000244140625,92.72151947021484,156107100
2010-11-09,122.81999969482422,122.94999694824219,121.12000274658203,92.0553970336914,186621600
2010-11-10,121.58000183105469,122.16000366210938,120.66000366210938,92.42626190185547,221387400
2010-11-11,121.05000305175781,121.81999969482422,120.68000030517578,92.07807159423828,158017600
2010-11-12,120.81999969482422,121.3499984741211,119.6500015258789,90.98807525634766,239068800
2010-11-15,120.58000183105469,121.05000305175781,119.9800033569336,90.8593978881836,163940800
2010-11-16,119.29000091552734,119.48999786376953,117.58999633789062,89.44381713867188,299566200
2010-11-17,118.20999908447266,118.70999908447266,117.86000061035156,89.48922729492188,172308900
2010-11-18,119.36000061035156,120.38999938964844,119.3499984741211,90.80641174316406,197723700
2010-11-19,119.9000015258789,120.33999633789062,119.25,91.05619812011719,156852900
2010-11-22,119.69000244140625,120.23999786376953,118.7699966430664,90.98046112060547,181361000
2010-11-23,118.7699966430664,119.0199966430664,117.98999786376953,89.66336822509766,222309000
2010-11-24,119.19999694824219,120.2300033569336,119.18000030517578,90.98807525634766,140046100
2010-11-26,119.16000366210938,119.80999755859375,118.80000305175781,89.92828369140625,76007800
2010-11-29,118.5,119.4800033569336,117.73999786376953,90.20079803466797,223642300
2010-11-30,117.9800033569336,119.16999816894531,117.80999755859375,89.69364929199219,233930700
2010-12-01,120.19999694824219,121.23999786376953,120.19000244140625,91.6012191772461,221037200
2010-12-02,121.19999694824219,122.6500015258789,121.12999725341797,92.7745132446289,191213600
2010-12-03,122.13999938964844,123.02999877929688,122.11000061035156,93.0242919921875,151288900
2010-12-06,122.62999725341797,123.04000091552734,122.5,92.92593383789062,103050500
2010-12-07,123.94000244140625,124.01000213623047,122.76000213623047,92.97888946533203,206581000
2010-12-08,122.9800033569336,123.37999725341797,122.41000366210938,93.31954193115234,138019200
2010-12-09,123.97000122070312,124.0199966430664,123.1500015258789,93.68286895751953,123705100
2010-12-10,124.13999938964844,124.5999984741211,123.7300033569336,94.22791290283203,117571700
2010-12-13,125.05000305175781,125.19999694824219,124.5199966430664,94.28841400146484,133812700
2010-12-14,124.75,125.2300033569336,124.29000091552734,94.37173461914062,147249600
2010-12-15,124.44000244140625,124.93000030517578,123.88999938964844,93.94023895263672,160823100
2010-12-16,124.18000030517578,124.91000366210938,123.75,94.4852523803711,185035200
2010-12-17,124.08000183105469,124.45999908447266,123.81999969482422,94.58649444580078,141075300
2010-12-20,124.63999938964844,124.9000015258789,123.9800033569336,94.81478881835938,119085500
2010-12-21,124.98999786376953,125.47000122070312,124.87000274658203,95.41588592529297,94965500
2010-12-22,125.4800033569336,125.81999969482422,125.41000366210938,95.71269989013672,78878100
2010-12-23,125.63999938964844,125.77999877929688,125.29000091552734,95.57574462890625,70053700
2010-12-27,125.12999725341797,125.7699966430664,125.04000091552734,95.61377716064453,58126000
2010-12-28,125.9000015258789,125.94999694824219,125.5,95.7507553100586,55309100
2010-12-29,125.9800033569336,126.19999694824219,125.9000015258789,95.8192138671875,58033100
2010-12-30,125.80000305175781,126.12999725341797,125.52999877929688,95.66702270507812,76616900
2010-12-31,125.52999877929688,125.87000274658203,125.33000183105469,95.68985748291016,91218900
2011-01-03,126.70999908447266,127.5999984741211,125.69999694824219,96.6791000366211,138725200
2011-01-04,127.33000183105469,127.37000274658203,126.19000244140625,96.6258544921875,137409700
2011-01-05,126.58000183105469,127.72000122070312,126.45999908447266,97.12803649902344,133975300
2011-01-06,127.69000244140625,127.83000183105469,127.01000213623047,96.93779754638672,122519000
2011-01-07,127.55999755859375,127.7699966430664,126.1500015258789,96.74759674072266,156034600
2011-01-10,126.58000183105469,127.16000366210938,126.19999694824219,96.6258544921875,122401700
2011-01-11,127.44000244140625,127.73999786376953,126.94999694824219,96.9682388305664,110287000
2011-01-12,128.2100067138672,128.72000122070312,127.45999908447266,97.84335327148438,107929200
2011-01-13,128.6300048828125,128.69000244140625,128.0500030517578,97.68355560302734,129048400
2011-01-14,128.19000244140625,129.3300018310547,128.10000610351562,98.39126586914062,117677900
2011-01-18,129.17999267578125,129.63999938964844,129.02999877929688,98.55867767333984,114401300
2011-01-19,129.41000366210938,129.5399932861328,127.91000366210938,97.59224700927734,151958400
2011-01-20,127.95999908447266,128.39999389648438,127.12999725341797,97.46288299560547,175745700
2011-01-21,128.8800048828125,129.1699981689453,128.22999572753906,97.68355560302734,151462900
2011-01-24,128.2899932861328,129.25,128.25999450683594,98.23904418945312,113715500
2011-01-25,128.75999450683594,129.27999877929688,128.11000061035156,98.29230499267578,167552200
2011-01-26,129.49000549316406,130.0500030517578,129.22999572753906,98.67279815673828,141281500
2011-01-27,129.6999969482422,130.2100067138672,129.47000122070312,98.91629791259766,123302700
2011-01-28,130.13999938964844,130.35000610351562,127.51000213623047,97.18892669677734,295637300
2011-01-31,128.07000732421875,128.77999877929688,127.75,97.9194564819336,149249200
2011-02-01,129.4600067138672,130.97000122070312,129.3800048828125,99.48699951171875,167194300
2011-02-02,130.39999389648438,130.83999633789062,130.3300018310547,99.29679107666016,118323600
2011-02-03,130.25999450683594,130.97999572753906,129.57000732421875,99.5174560546875,145886700
2011-02-04,130.8300018310547,131.1999969482422,130.22999572753906,99.79899597167969,134634800
2011-02-07,131.44000244140625,132.39999389648438,131.42999267578125,100.42300415039062,112439100
2011-02-08,132.08999633789062,132.63999938964844,131.72999572753906,100.87953186035156,99072800
2011-02-09,132.2100067138672,132.6300048828125,131.61000061035156,100.6512680053711,146436700
2011-02-10,131.60000610351562,132.47000122070312,131.3000030517578,100.68933868408203,162708500
2011-02-11,131.8000030517578,133.27999877929688,131.77000427246094,101.29045867919922,137710300
2011-02-14,133.02999877929688,133.5399932861328,132.8800048828125,101.53398132324219,101690700
2011-02-15,133.02000427246094,133.22000122070312,132.32000732421875,101.21441650390625,119575400
2011-02-16,133.4600067138672,134.00999450683594,133.19000244140625,101.8536148071289,130183500
2011-02-17,133.4600067138672,134.42999267578125,133.33999633789062,102.15795135498047,109810500
2011-02-18,134.3699951171875,134.69000244140625,134.05999755859375,102.37105560302734,130002400
2011-02-22,133.1199951171875,134.55999755859375,131.47000122070312,100.3164291381836,233116400
2011-02-23,131.75,132.07000732421875,130.2100067138672,99.70008850097656,227584000
2011-02-24,130.8800048828125,131.44000244140625,129.6999969482422,99.63162231445312,260431400
2011-02-25,131.47999572753906,132.41000366210938,131.39999389648438,100.69693756103516,141686900
2011-02-28,132.82000732421875,133.32000732421875,132.3800048828125,101.3209228515625,141585500
2011-03-01,133.57000732421875,133.69000244140625,130.88999938964844,99.63162231445312,258565500
2011-03-02,130.75,131.82000732421875,130.35000610351562,99.84465026855469,200277400
2011-03-03,132.39999389648438,133.6199951171875,132.38999938964844,101.56440734863281,176480100
2011-03-04,133.3699951171875,133.6300048828125,131.60000610351562,100.80349731445312,277202300
2011-03-07,132.86000061035156,133.16000366210938,130.74000549316406,100.01207733154297,216790400
2011-03-08,131.63999938964844,133.0,131.07000732421875,100.88719177246094,174615000
2011-03-09,132.32000732421875,132.8000030517578,131.60000610351562,100.7425765991211,153806000
2011-03-10,131.0,131.17999267578125,129.80999755859375,98.8782730102539,301291800
2011-03-11,129.52000427246094,131.30999755859375,129.49000549316406,99.56314086914062,225621800
2011-03-14,129.99000549316406,130.47999572753906,129.05999755859375,98.96196746826172,234974100
2011-03-15,126.58999633789062,129.3300018310547,126.5,97.82813262939453,359585400
2011-03-16,128.14999389648438,128.57000732421875,125.27999877929688,96.01708221435547,468670300
2011-03-17,128.0,128.38999938964844,127.0999984741211,97.28782653808594,254303700
2011-03-18,128.83999633789062,128.8800048828125,127.51000213623047,97.64171600341797,230435400
2011-03-21,129.35000610351562,130.00999450683594,129.1999969482422,99.15496826171875,153992600
2011-03-22,129.72000122070312,129.88999938964844,129.1699981689453,98.81105041503906,129538600
2011-03-23,128.92999267578125,130.0,128.32000732421875,99.09380340576172,148603100
2011-03-24,130.39999389648438,131.08999633789062,129.6699981689453,100.04149627685547,159129800
2011-03-25,131.24000549316406,131.8699951171875,130.88999938964844,100.34718322753906,155642800
2011-03-28,131.5800018310547,131.9199981689453,130.94000244140625,100.10265350341797,109762400
2011-03-29,130.8699951171875,131.89999389648438,130.44000244140625,100.7751693725586,129798800
2011-03-30,132.5500030517578,133.16000366210938,132.36000061035156,101.47067260742188,135835000
2011-03-31,132.60000610351562,132.9600067138672,132.4499969482422,101.33307647705078,132537100
2011-04-01,133.41000366210938,133.77000427246094,132.8300018310547,101.76107025146484,153850100
2011-04-04,133.42999267578125,133.6699981689453,132.8800048828125,101.84514617919922,100768900
2011-04-05,133.0,133.8300018310547,132.94000244140625,101.829833984375,120791500
2011-04-06,133.8800048828125,134.0,133.1199951171875,102.1508560180664,120411600
2011-04-07,133.4199981689453,133.97999572753906,132.66000366210938,101.8909912109375,170731500
2011-04-08,133.91000366210938,133.99000549316406,132.30999755859375,101.53946685791016,147945400
2011-04-11,133.0,133.4499969482422,132.13999938964844,101.23373413085938,121385400
2011-04-12,131.72000122070312,131.97999572753906,130.99000549316406,100.47712707519531,161187400
2011-04-13,132.0800018310547,132.17999267578125,130.9600067138672,100.46949005126953,162059000
2011-04-14,130.6999969482422,131.75999450683594,130.27000427246094,100.54590606689453,161220400
2011-04-15,131.8000030517578,132.3699951171875,131.41000366210938,100.9127426147461,170006700
2011-04-18,130.58999633789062,132.02999877929688,129.50999450683594,99.7816162109375,210759300
2011-04-19,130.75999450683594,131.35000610351562,130.44000244140625,100.35482788085938,124258800
2011-04-20,132.8800048828125,133.38999938964844,132.7899932861328,101.72289276123047,156133800
2011-04-21,133.7899932861328,133.83999633789062,133.10000610351562,102.24258422851562,135935400
2011-04-25,133.67999267578125,133.86000061035156,133.1999969482422,102.13556671142578,65757100
2011-04-26,134.0500030517578,135.05999755859375,133.91000366210938,103.01446533203125,146600000
2011-04-27,135.0500030517578,135.8699951171875,134.5,103.68701171875,143031000
2011-04-28,135.42999267578125,136.2899932861328,135.41000366210938,104.02325439453125,124791100
2011-04-29,136.16000366210938,136.57000732421875,135.97999572753906,104.26783752441406,115094100
2011-05-02,137.07000732421875,137.17999267578125,135.9499969482422,104.10736083984375,126278700
2011-05-03,135.9600067138672,136.19000244140625,135.0399932861328,103.73284912109375,138375000
2011-05-04,135.6699981689453,135.72999572753906,134.22999572753906,103.0450210571289,182678500
2011-05-05,134.0800018310547,134.9499969482422,133.02000427246094,102.11264038085938,226900000
2011-05-06,134.94000244140625,135.6300048828125,133.67999267578125,102.56358337402344,222787200
2011-05-09,134.19000244140625,135.11000061035156,133.97999572753906,102.9609375,114104500
2011-05-10,135.1699981689453,136.11000061035156,135.0,103.83984375,114806900
2011-05-11,135.6699981689453,135.69000244140625,133.82000732421875,102.7469711303711,193564200
2011-05-12,134.0800018310547,135.36000061035156,133.38999938964844,103.23611450195312,171550700
2011-05-13,135.14999389648438,135.33999633789062,133.55999755859375,102.44124603271484,157444900
2011-05-16,133.55999755859375,134.61000061035156,132.97000122070312,101.7916488647461,141675400
2011-05-17,132.69000244140625,133.35000610351562,132.1199951171875,101.77632141113281,192686200
2011-05-18,133.24000549316406,134.5,132.9499969482422,102.68582916259766,135217900
2011-05-19,134.8000030517578,135.02999877929688,133.94000244140625,102.93038177490234,119489500
2011-05-20,134.3300018310547,134.67999267578125,133.36000061035156,102.11264038085938,182594900
2011-05-23,131.97999572753906,132.72000122070312,131.58999633789062,100.92803955078125,168700000
2011-05-24,132.44000244140625,132.72999572753906,131.6999969482422,100.84398651123047,147199600
2011-05-25,131.4199981689453,132.94000244140625,131.3800048828125,101.18022155761719,151050100
2011-05-26,132.02999877929688,133.24000549316406,131.77999877929688,101.64640045166016,164850000
2011-05-27,133.3699951171875,133.8699951171875,132.9600067138672,102.03618621826172,120921900
2011-05-31,134.77000427246094,134.9199981689453,133.83999633789062,103.09851837158203,164731200
2011-06-01,134.50999450683594,134.9199981689453,131.75999450683594,100.78279113769531,233094300
2011-06-02,131.9600067138672,132.24000549316406,130.9600067138672,100.67583465576172,200466800
2011-06-03,130.14999389648438,131.4199981689453,130.0800018310547,99.67466735839844,234690200
2011-06-06,130.08999633789062,130.36000061035156,128.8699951171875,98.61993408203125,179951200
2011-06-07,129.6999969482422,130.07000732421875,128.85000610351562,98.5588150024414,161660500
2011-06-08,128.75999450683594,129.19000244140625,128.17999267578125,98.14613342285156,198696400
2011-06-09,128.77000427246094,129.92999267578125,128.4600067138672,98.8951187133789,160964400
2011-06-10,128.85000610351562,128.92999267578125,127.26000213623047,97.5194320678711,238629400
2011-06-13,127.88999938964844,128.24000549316406,127.05000305175781,97.59584045410156,207599800
2011-06-14,128.8699951171875,129.77000427246094,128.82000732421875,98.83394622802734,160570400
2011-06-15,128.24000549316406,129.3000030517578,126.68000030517578,97.07615661621094,300958000
2011-06-16,127.05999755859375,127.97000122070312,126.31999969482422,97.29017639160156,308032800
2011-06-17,127.93000030517578,127.94000244140625,126.62000274658203,97.58049011230469,233284900
2011-06-20,126.62000274658203,127.97000122070312,126.58000183105469,98.0797119140625,159479000
2011-06-21,128.36000061035156,129.6999969482422,127.75,99.42378997802734,193157300
2011-06-22,129.0500030517578,129.80999755859375,128.58999633789062,98.82474517822266,176703000
2011-06-23,127.16000366210938,128.63999938964844,126.19000244140625,98.54054260253906,334286500
2011-06-24,128.27000427246094,128.3699951171875,126.62000274658203,97.39612579345703,226129300
2011-06-27,126.88999938964844,128.42999267578125,126.63999938964844,98.26404571533203,168904700
2011-06-28,128.4499969482422,129.6300048828125,128.27000427246094,99.54666137695312,165556300
2011-06-29,130.1999969482422,130.92999267578125,129.6300048828125,100.39922332763672,244295500
2011-06-30,131.13999938964844,132.17999267578125,130.7100067138672,101.35929870605469,223322700
2011-07-01,132.08999633789062,134.10000610351562,131.77999877929688,102.85696411132812,202385700
2011-07-05,133.77999877929688,134.0800018310547,133.38999938964844,102.77247619628906,165936000
2011-07-06,133.49000549316406,134.13999938964844,133.11000061035156,102.89537048339844,143331600
2011-07-07,135.16000366210938,135.6999969482422,134.8800048828125,103.96294403076172,170464200
2011-07-08,133.8300018310547,135.36000061035156,133.38999938964844,103.22563171386719,194100500
2011-07-11,132.75,133.17999267578125,131.66000366210938,101.35929870605469,195918600
2011-07-12,131.69000244140625,132.77999877929688,131.36000061035156,100.92147827148438,214675700
2011-07-13,132.08999633789062,133.22000122070312,131.52000427246094,101.25942993164062,204062600
2011-07-14,132.1699981689453,132.77999877929688,130.67999267578125,100.56050872802734,226111800
2011-07-15,131.66000366210938,131.8699951171875,130.77000427246094,101.14424133300781,220012800
2011-07-18,131.0800018310547,131.27999877929688,129.6300048828125,100.31475067138672,196872100
2011-07-19,131.33999633789062,132.88999938964844,131.30999755859375,101.9430160522461,166554900
2011-07-20,133.07000732421875,133.14999389648438,132.4199981689453,101.8815689086914,137145400
2011-07-21,133.39999389648438,134.82000732421875,132.6699981689453,103.29475402832031,245246300
2011-07-22,134.52000427246094,134.72000122070312,133.75999450683594,103.36390686035156,126019400
2011-07-25,133.3000030517578,134.49000549316406,133.16000366210938,102.78785705566406,136653800
2011-07-26,133.74000549316406,133.9600067138672,133.02999877929688,102.40382385253906,131278200
2011-07-27,132.58999633789062,132.6300048828125,130.42999267578125,100.30708312988281,249020100
2011-07-28,130.60000610351562,131.77000427246094,130.00999450683594,100.01521301269531,207939900
2011-07-29,128.91000366210938,130.5500030517578,127.97000122070312,99.33163452148438,307038400
2011-08-01,130.83999633789062,130.9600067138672,127.52999877929688,98.90918731689453,325790900
2011-08-02,127.80999755859375,128.5,125.48999786376953,96.38233947753906,346653800
2011-08-03,125.66000366210938,126.30999755859375,123.52999877929688,96.90460205078125,370830800
2011-08-04,124.41999816894531,124.62000274658203,120.05999755859375,92.36543273925781,520721800
2011-08-05,121.76000213623047,122.06999969482422,116.86000061035156,92.2271957397461,655619200
2011-08-08,116.91000366210938,120.12000274658203,112.0199966430664,86.2210464477539,702263900
2011-08-09,114.06999969482422,117.63999938964844,110.2699966430664,90.23027801513672,717828700
2011-08-10,115.26000213623047,116.27999877929688,111.94999694824219,86.24411010742188,662607400
2011-08-11,113.26000213623047,118.91999816894531,112.31999969482422,90.11505889892578,487979700
2011-08-12,118.4000015258789,119.20999908447266,117.27999877929688,90.72180938720703,313731600
2011-08-15,119.19000244140625,120.73999786376953,119.0,92.64190673828125,258810600
2011-08-16,119.47000122070312,120.69000244140625,118.30999755859375,91.85086059570312,294095200
2011-08-17,120.25,121.19999694824219,118.72000122070312,91.91227722167969,238201100
2011-08-18,116.5,119.70999908447266,113.38999938964844,87.94917297363281,512956300
2011-08-19,112.95999908447266,115.87999725341797,112.5,86.51288604736328,428281300
2011-08-22,115.16999816894531,115.2300033569336,112.41000366210938,86.58202362060547,275090600
2011-08-23,113.1500015258789,116.56999969482422,112.58000183105469,89.43147277832031,331136600
2011-08-24,116.19000244140625,118.23999786376953,115.91999816894531,90.69108581542969,246869700
2011-08-25,118.7300033569336,119.4000015258789,115.87000274658203,89.30863189697266,312365400
2011-08-26,115.69000244140625,118.51000213623047,113.8499984741211,90.6065902709961,314495900
2011-08-29,119.55999755859375,121.43000030517578,118.05999755859375,93.21028137207031,190977200
2011-08-30,120.83000183105469,122.43000030517578,119.26000213623047,93.45610809326172,241315700
2011-08-31,122.45999908447266,123.51000213623047,121.30000305175781,93.87079620361328,301828400
2011-09-01,122.29000091552734,123.4000015258789,120.77999877929688,92.8876953125,254585900
2011-09-02,118.41999816894531,120.87000274658203,117.43000030517578,90.51441192626953,255517200
2011-09-06,114.38999938964844,117.16000366210938,114.37999725341797,89.85394287109375,285130500
2011-09-07,118.76000213623047,120.33999633789062,118.36000061035156,92.38847351074219,209803200
2011-09-08,119.56999969482422,120.94000244140625,118.7699966430664,91.42842864990234,250568200
2011-09-09,117.68000030517578,119.05999755859375,115.27999877929688,89.0321044921875,380195100
2011-09-12,114.47000122070312,116.76000213623047,114.05000305175781,89.608154296875,305793500
2011-09-13,117.05000305175781,118.18000030517578,116.22000122070312,90.42996978759766,272514700
2011-09-14,118.33999633789062,120.80000305175781,116.72000122070312,91.68187713623047,319389500
2011-09-15,120.6500015258789,121.47000122070312,119.4000015258789,93.26404571533203,326777200
2011-09-16,121.29000091552734,121.97000122070312,120.31999969482422,93.8160400390625,284528300
2011-09-19,119.52999877929688,120.93000030517578,118.72000122070312,92.88188171386719,241517000
2011-09-20,120.81999969482422,121.98999786376953,120.01000213623047,92.77384185791016,218932200
2011-09-21,120.2300033569336,120.5999984741211,116.44000244140625,90.04085540771484,316251300
2011-09-22,113.25,114.20999908447266,111.30000305175781,87.13034057617188,513911300
2011-09-23,112.11000061035156,114.16000366210938,112.0199966430664,87.65532684326172,307242500
2011-09-26,114.61000061035156,116.4000015258789,112.9800033569336,89.7397689819336,260673700
2011-09-27,118.52999877929688,119.55999755859375,116.83999633789062,90.74342346191406,311753900
2011-09-28,117.77999877929688,118.48999786376953,114.97000122070312,88.89055633544922,286696800
2011-09-29,117.05000305175781,117.62999725341797,113.93000030517578,89.59308624267578,298108900
2011-09-30,114.44999694824219,115.44999694824219,113.06999969482422,87.35424041748047,288392300
2011-10-03,112.48999786376953,113.94999694824219,109.80999755859375,84.86831665039062,365136800
2011-10-04,108.3499984741211,112.58000183105469,107.43000030517578,86.72887420654297,459177500
2011-10-05,112.62000274658203,114.72000122070312,111.58000183105469,88.3346939086914,284108000
2011-10-06,114.36000061035156,116.66000366210938,113.51000213623047,89.9327621459961,257800800
2011-10-07,117.16999816894531,117.25,115.05999755859375,89.33059692382812,312657900
2011-10-10,117.68000030517578,119.62999725341797,117.66999816894531,92.3183364868164,230666300
2011-10-11,118.87000274658203,120.04000091552734,118.75,92.41097259521484,209088000
2011-10-12,120.5999984741211,122.13999938964844,120.33000183105469,93.2215805053711,281544900
2011-10-13,120.04000091552734,120.87000274658203,119.12000274658203,93.03630065917969,212538800
2011-10-14,121.91000366210938,122.5999984741211,121.2300033569336,94.62664031982422,211397600
2011-10-17,121.98999786376953,122.55000305175781,119.93000030517578,92.82013702392578,202311600
2011-10-18,120.13999938964844,123.5,119.19999694824219,94.63439178466797,318857900
2011-10-19,122.37999725341797,123.08000183105469,120.70999908447266,93.51495361328125,226601300
2011-10-20,121.43000030517578,122.0999984741211,119.81999969482422,93.92414093017578,262075600
2011-10-21,123.08999633789062,124.12000274658203,122.72000122070312,95.70751190185547,278999400
2011-10-24,124.16999816894531,125.80000305175781,124.05999755859375,96.8809814453125,203215600
2011-10-25,124.88999938964844,124.94999694824219,122.77999877929688,94.99724578857422,268596800
2011-10-26,124.3499984741211,124.7699966430664,122.20999908447266,95.96227264404297,289053800
2011-10-27,127.62999725341797,129.4199981689453,126.61000061035156,99.30513000488281,393220200
2011-10-28,128.0,128.85000610351562,127.80000305175781,99.2819595336914,225906500
2011-10-31,127.16000366210938,128.6199951171875,125.31999969482422,96.888671875,228146700
2011-11-01,122.02999877929688,123.51000213623047,121.5199966430664,94.18659973144531,416565800
2011-11-02,123.83000183105469,124.4000015258789,122.79000091552734,95.72295379638672,244717600
2011-11-03,125.2699966430664,126.5,123.5999984741211,97.46771240234375,291174800
2011-11-04,125.2300033569336,125.69999694824219,124.01000213623047,96.87326049804688,249401600
2011-11-07,125.38999938964844,126.38999938964844,124.19999694824219,97.4754409790039,196617200
2011-11-08,126.91999816894531,128.02000427246094,125.70999908447266,98.72610473632812,224426300
2011-11-09,124.88999938964844,125.80000305175781,122.86000061035156,95.08218383789062,337982000
2011-11-10,124.79000091552734,124.94000244140625,123.0199966430664,95.97772216796875,231866500
2011-11-11,125.83000183105469,126.98999786376953,125.79000091552734,97.78426361083984,189924400
2011-11-14,126.19000244140625,127.44999694824219,124.91999816894531,96.85780334472656,159258300
2011-11-15,125.16999816894531,126.75,124.72000122070312,97.33645629882812,184709400
2011-11-16,124.80999755859375,126.33999633789062,123.9000015258789,95.79244232177734,235782500
2011-11-17,123.8499984741211,124.16000366210938,121.2300033569336,94.27152252197266,331219600
2011-11-18,122.5,122.75,121.47000122070312,94.17117309570312,215580400
2011-11-21,120.19999694824219,120.3499984741211,118.6500015258789,92.3801040649414,229611600
2011-11-22,119.4000015258789,120.0999984741211,118.5199966430664,92.01721954345703,216494900
2011-11-23,118.06999969482422,119.19000244140625,116.55999755859375,89.98682403564453,224329100
2011-11-25,116.37999725341797,117.69999694824219,116.19999694824219,89.81697082519531,99557000
2011-11-28,119.54000091552734,120.18000030517578,118.81999969482422,92.41868591308594,210686000
2011-11-29,120.05000305175781,121.0,119.61000061035156,92.6811752319336,199241500
2011-11-30,123.48999786376953,125.22000122070312,120.0,96.49496459960938,324439500
2011-12-01,124.8499984741211,125.63999938964844,124.43000030517578,96.47953033447266,176954800
2011-12-02,126.12000274658203,126.5,124.77999877929688,96.39462280273438,221109700
2011-12-05,126.83999633789062,127.18000030517578,125.44000244140625,97.4445571899414,225263900
2011-12-06,126.20999908447266,127.11000061035156,125.76000213623047,97.4754409790039,178842100
2011-12-07,125.83999633789062,127.26000213623047,124.97000122070312,97.83828735351562,237802500
2011-12-08,125.9000015258789,126.18000030517578,123.6500015258789,95.69207763671875,240862800
2011-12-09,124.51000213623047,126.37000274658203,124.4000015258789,97.31330871582031,209111400
2011-12-12,124.94999694824219,124.97000122070312,123.16000366210938,95.89279174804688,215826100
2011-12-13,124.86000061035156,125.56999969482422,122.44999694824219,94.99724578857422,245159800
2011-12-14,122.55999755859375,123.02999877929688,121.47000122070312,93.98588562011719,238618800
2011-12-15,123.02999877929688,123.19999694824219,121.98999786376953,94.32559967041016,199109200
2011-12-16,122.2300033569336,122.94999694824219,121.30000305175781,94.4654312133789,220481400
2011-12-19,122.05999755859375,122.31999969482422,120.02999877929688,93.4554443359375,183903000
2011-12-20,122.18000030517578,124.13999938964844,120.37000274658203,96.28341674804688,225418100
2011-12-21,123.93000030517578,124.36000061035156,122.75,96.4698486328125,194230900
2011-12-22,124.62999725341797,125.4000015258789,124.2300033569336,97.32447814941406,119465400
2011-12-23,125.66999816894531,126.43000030517578,125.41000366210938,98.19464111328125,92187200
2011-12-27,126.16999816894531,126.81999969482422,126.05999755859375,98.27232360839844,86075700
2011-12-28,126.51000213623047,126.52999877929688,124.7300033569336,96.98262023925781,119107100
2011-12-29,125.23999786376953,126.25,124.86000061035156,97.98485565185547,123507200
2011-12-30,126.0199966430664,126.33000183105469,125.5,97.503173828125,95599000
2012-01-03,127.76000213623047,128.3800048828125,127.43000030517578,99.05701446533203,193697900
2012-01-04,127.19999694824219,127.80999755859375,126.70999908447266,99.21240997314453,127186500
2012-01-05,127.01000213623047,128.22999572753906,126.43000030517578,99.47650909423828,173895000
2012-01-06,128.1999969482422,128.22000122070312,127.29000091552734,99.22017669677734,148050000
2012-01-09,128.0,128.17999267578125,127.41000366210938,99.46100616455078,99530200
2012-01-10,129.38999938964844,129.64999389648438,128.9499969482422,100.32340240478516,115282000
2012-01-11,128.72999572753906,129.3699951171875,128.52000427246094,100.37776184082031,111540700
2012-01-12,129.57000732421875,129.6999969482422,128.5399932861328,100.61859893798828,118983700
2012-01-13,128.63999938964844,129.0500030517578,127.72000122070312,100.09808349609375,179836200
2012-01-17,130.0800018310547,130.32000732421875,128.89999389648438,100.48654174804688,132209200
2012-01-18,129.30999755859375,130.83999633789062,129.0800018310547,101.59754180908203,163395200
2012-01-19,131.22000122070312,131.57000732421875,130.8000030517578,102.13362121582031,126328900
2012-01-20,131.24000549316406,131.9499969482422,130.9199981689453,102.51428985595703,138230200
2012-01-23,131.50999450683594,132.25,130.97999572753906,102.25011444091797,129295800
2012-01-24,130.8000030517578,131.5,130.60000610351562,102.13362121582031,103083300
2012-01-25,131.25999450683594,132.8699951171875,130.75,102.98823547363281,198613200
2012-01-26,133.14999389648438,133.39999389648438,131.36000061035156,102.45990753173828,184880500
2012-01-27,131.24000549316406,132.0500030517578,131.14999389648438,102.41326904296875,135259100
2012-01-30,130.50999450683594,131.44000244140625,130.05999755859375,102.06365203857422,147311800
2012-01-31,132.02000427246094,132.17999267578125,130.67999267578125,102.02484130859375,157212000
2012-02-01,132.2899932861328,133.13999938964844,132.1300048828125,102.91825866699219,166234500
2012-02-02,132.72999572753906,133.02000427246094,132.2100067138672,103.08142852783203,113090400
2012-02-03,134.0,134.6199951171875,133.77000427246094,104.52653503417969,160598500
2012-02-06,133.97999572753906,134.50999450683594,133.8300018310547,104.45658111572266,107694500
2012-02-07,134.1699981689453,135.02000427246094,133.63999938964844,104.72071838378906,135528100
2012-02-08,134.86000061035156,135.22000122070312,134.30999755859375,105.03150939941406,139361400
2012-02-09,135.41000366210938,135.58999633789062,134.55999755859375,105.16354370117188,148602900
2012-02-10,134.16000366210938,134.47000122070312,133.83999633789062,104.38668823242188,167907500
2012-02-13,135.32000732421875,135.52000427246094,134.74000549316406,105.16354370117188,115841900
2012-02-14,135.0,135.27000427246094,134.25,105.03150939941406,165329500
2012-02-15,135.6300048828125,135.8300018310547,134.2899932861328,104.54203796386719,195195100
2012-02-16,134.57000732421875,136.1699981689453,134.3300018310547,105.69967651367188,186567800
2012-02-17,136.52000427246094,136.6300048828125,135.9600067138672,105.97938537597656,129869400
2012-02-21,136.72999572753906,137.0500030517578,136.0500030517578,106.02594757080078,134042300
2012-02-22,136.25999450683594,136.5500030517578,135.7899932861328,105.68406677246094,124455300
2012-02-23,135.9600067138672,136.72999572753906,135.5,106.15027618408203,137704300
2012-02-24,136.92999267578125,137.1999969482422,136.6300048828125,106.38333892822266,105539100
2012-02-27,136.02000427246094,137.52999877929688,135.8000030517578,106.56202697753906,145728900
2012-02-28,137.1999969482422,137.72000122070312,136.92999267578125,106.8728256225586,129355900
2012-02-29,137.75999450683594,138.19000244140625,136.5399932861328,106.45328521728516,185934700
2012-03-01,137.30999755859375,137.99000549316406,136.92999267578125,107.00487518310547,145023500
2012-03-02,137.63999938964844,137.82000732421875,137.0,106.6785888671875,120638300
2012-03-05,137.10000610351562,137.1999969482422,136.27999877929688,106.24348449707031,140765000
2012-03-06,135.35000610351562,135.42999267578125,134.36000061035156,104.68968963623047,202129900
2012-03-07,135.05999755859375,135.91000366210938,134.92999267578125,105.4199447631836,143692200
2012-03-08,136.52000427246094,137.32000732421875,136.24000549316406,106.46878814697266,116968900
2012-03-09,137.3000030517578,137.92999267578125,137.1300048828125,106.88056182861328,122836800
2012-03-12,137.5500030517578,137.75999450683594,137.08999633789062,106.88831329345703,104003500
2012-03-13,138.32000732421875,140.1300048828125,138.08999633789062,108.81510162353516,184090500
2012-03-14,140.10000610351562,140.4499969482422,139.47999572753906,108.69854736328125,145163600
2012-03-15,140.1199951171875,140.77999877929688,139.75999450683594,109.32787322998047,165118500
2012-03-16,140.36000061035156,140.47999572753906,140.0,109.479248046875,152893500
2012-03-19,140.2100067138672,141.27999877929688,140.11000061035156,109.90840911865234,125291100
2012-03-20,140.0500030517578,140.61000061035156,139.63999938964844,109.5884780883789,121729700
2012-03-21,140.52000427246094,140.64999389648438,139.9199981689453,109.40899658203125,122388400
2012-03-22,139.17999267578125,139.5500030517578,138.74000549316406,108.62088775634766,135216700
2012-03-23,139.32000732421875,139.80999755859375,138.5500030517578,108.97203826904297,120521000
2012-03-26,140.64999389648438,141.61000061035156,140.60000610351562,110.50145721435547,120164000
2012-03-27,141.74000549316406,141.8300018310547,141.0800018310547,110.15812683105469,119868500
2012-03-28,141.10000610351562,141.32000732421875,139.63999938964844,109.61190795898438,148562100
2012-03-29,139.63999938964844,140.49000549316406,139.08999633789062,109.42463684082031,164963700
2012-03-30,140.9199981689453,141.0500030517578,140.0500030517578,109.87722778320312,135486800
2012-04-02,140.63999938964844,142.2100067138672,140.36000061035156,110.680908203125,151741100
2012-04-03,141.63999938964844,141.8800048828125,140.42999267578125,110.22831726074219,155806700
2012-04-04,140.22000122070312,140.33999633789062,139.33999633789062,109.13591766357422,146896000
2012-04-05,139.3800048828125,140.1999969482422,139.25999450683594,109.08130645751953,137439400
2012-04-09,138.02999877929688,139.83999633789062,137.83999633789062,107.856201171875,127555900
2012-04-10,137.9499969482422,138.33999633789062,135.75999450683594,106.04579162597656,235360300
2012-04-11,137.2899932861328,137.5399932861328,136.75,106.90420532226562,154133000
2012-04-12,137.1300048828125,138.89999389648438,137.02999877929688,108.30095672607422,154321500
2012-04-13,138.47000122070312,138.82000732421875,137.00999450683594,107.0134048461914,169246700
2012-04-16,137.83999633789062,138.0399932861328,136.5800018310547,106.94318389892578,147825300
2012-04-17,137.83999633789062,139.36000061035156,137.6999969482422,108.52725219726562,147877600
2012-04-18,138.4600067138672,139.0800018310547,138.3800048828125,108.16047668457031,123884200
2012-04-19,138.6300048828125,139.14999389648438,137.07000732421875,107.46601867675781,198666700
2012-04-20,138.3300018310547,138.8300018310547,137.8699951171875,107.64549255371094,143199600
2012-04-23,136.5399932861328,136.91000366210938,135.94000244140625,106.74034118652344,171844900
2012-04-24,136.91000366210938,137.66000366210938,136.8000030517578,107.14610290527344,137484200
2012-04-25,138.64999389648438,139.25,138.52999877929688,108.61308288574219,150252200
2012-04-26,138.88999938964844,140.32000732421875,138.80999755859375,109.3699951171875,136291600
2012-04-27,140.5800018310547,140.7899932861328,139.8000030517578,109.5494613647461,130725000
2012-04-30,140.11000061035156,140.2100067138672,139.49000549316406,109.14366912841797,115092200
2012-05-01,139.7899932861328,141.66000366210938,139.6300048828125,109.8226089477539,138832200
2012-05-02,139.9199981689453,140.4600067138672,139.4600067138672,109.4948501586914,121081000
2012-05-03,140.33999633789062,140.4499969482422,138.99000549316406,108.65990447998047,143759700
2012-05-04,138.52000427246094,139.3000030517578,136.9199981689453,106.90420532226562,193927300
2012-05-07,136.50999450683594,137.55999755859375,136.4600067138672,106.98220825195312,127765900
2012-05-08,136.27999877929688,136.77000427246094,134.9199981689453,106.55303192138672,213377700
2012-05-09,135.10000610351562,136.61000061035156,134.49000549316406,105.92095947265625,220752500
2012-05-10,136.67999267578125,136.85000610351562,135.7100067138672,106.13947296142578,150600000
2012-05-11,135.1699981689453,136.8699951171875,135.11000061035156,105.81952667236328,153032400
2012-05-14,134.30999755859375,135.61000061035156,133.91000366210938,104.64905548095703,163910000
2012-05-15,134.02000427246094,134.80999755859375,133.1300048828125,104.04817962646484,207629300
2012-05-16,133.94000244140625,134.5500030517578,132.8000030517578,103.6502685546875,207265500
2012-05-17,132.86000061035156,133.02000427246094,130.7899932861328,102.11299896240234,247992900
2012-05-18,131.3699951171875,131.60000610351562,129.5500030517578,101.23902130126953,319615900
2012-05-21,130.16000366210938,132.02000427246094,129.9499969482422,102.97918701171875,177861100
2012-05-22,132.30999755859375,133.22999572753906,131.33999633789062,103.15863037109375,197531200
2012-05-23,131.25,132.4600067138672,129.99000549316406,103.21327209472656,204958400
2012-05-24,132.6300048828125,132.83999633789062,131.4199981689453,103.41613006591797,167357600
2012-05-25,132.47999572753906,132.85000610351562,131.77999877929688,103.08060455322266,135465600
2012-05-29,133.16000366210938,133.92999267578125,131.1699981689453,104.32911682128906,152883500
2012-05-30,132.55999755859375,133.69000244140625,131.49000549316406,102.8152847290039,162370400
2012-05-31,131.7100067138672,132.4499969482422,130.33999633789062,102.5890121459961,196186000
2012-06-01,129.41000366210938,131.5,128.16000366210938,100.00611114501953,253240900
2012-06-04,128.38999938964844,128.74000549316406,127.13999938964844,99.9593276977539,202545800
2012-06-05,127.8499984741211,129.25999450683594,127.77999877929688,100.71621704101562,164149400
2012-06-06,129.97000122070312,132.02999877929688,129.92999267578125,102.97918701171875,184202800
2012-06-07,133.47000122070312,133.52999877929688,131.77999877929688,103.04155731201172,184772700
2012-06-08,131.7100067138672,133.1300048828125,131.2899932861328,103.8609390258789,143915400
2012-06-11,134.1699981689453,134.25,131.27999877929688,102.54219055175781,169756100
2012-06-12,131.7899932861328,133.00999450683594,131.16000366210938,103.72046661376953,181931800
2012-06-13,132.52999877929688,133.36000061035156,131.6199951171875,103.05722045898438,172223900
2012-06-14,132.33999633789062,134.0,131.97999572753906,104.1496353149414,230615500
2012-06-15,133.3800048828125,134.25999450683594,133.10000610351562,105.2148208618164,169444500
2012-06-18,133.5800018310547,134.72999572753906,133.27999877929688,105.4187240600586,131360900
2012-06-19,135.0800018310547,136.25,134.3699951171875,106.43843078613281,137382600
2012-06-20,135.7100067138672,136.10000610351562,134.27000427246094,106.265869140625,206451800
2012-06-21,135.63999938964844,135.77999877929688,132.3300018310547,103.88139343261719,205272200
2012-06-22,133.1300048828125,133.7100067138672,132.6199951171875,104.68144226074219,130029200
2012-06-25,132.0500030517578,132.10000610351562,130.85000610351562,103.0029067993164,146375700
2012-06-26,131.6999969482422,132.3800048828125,130.92999267578125,103.52057647705078,141634000
2012-06-27,132.4199981689453,133.42999267578125,131.97000122070312,104.4539566040039,108088000
2012-06-28,132.2899932861328,132.99000549316406,131.27999877929688,104.15595245361328,169242100
2012-06-29,135.1999969482422,136.27000427246094,134.85000610351562,106.75214385986328,212250900
2012-07-02,136.47999572753906,136.64999389648438,135.52000427246094,107.07374572753906,129524500
2012-07-03,136.47999572753906,137.50999450683594,136.33999633789062,107.77967834472656,80450000
2012-07-05,136.89999389648438,137.8000030517578,136.2899932861328,107.29340362548828,126177500
2012-07-06,135.47000122070312,135.77000427246094,134.85000610351562,106.27373504638672,151192100
2012-07-09,135.3800048828125,135.57000732421875,134.6999969482422,106.1404037475586,103780500
2012-07-10,136.00999450683594,136.22999572753906,133.67999267578125,105.2148208618164,167884800
2012-07-11,134.2100067138672,134.60000610351562,133.3800048828125,105.23050689697266,141733400
2012-07-12,133.3800048828125,134.22999572753906,132.60000610351562,104.72068786621094,143583200
2012-07-13,133.86000061035156,135.88999938964844,133.83999633789062,106.47763061523438,129642600
2012-07-16,135.44000244140625,135.8300018310547,134.89999389648438,106.22661590576172,97525200
2012-07-17,135.97000122070312,136.63999938964844,134.5500030517578,106.95613098144531,138860300
2012-07-18,136.0399932861328,137.63999938964844,135.9600067138672,107.748291015625,113349700
2012-07-19,137.64999389648438,138.17999267578125,137.2100067138672,108.0306625366211,129847300
2012-07-20,136.9499969482422,137.16000366210938,136.32000732421875,107.04237365722656,142904500
2012-07-23,134.47000122070312,136.3800048828125,133.83999633789062,105.95993041992188,145210900
2012-07-24,135.19000244140625,135.25,133.02999877929688,105.05007934570312,173301200
2012-07-25,134.2100067138672,134.55999755859375,133.25,105.07365417480469,129122300
2012-07-26,135.88999938964844,136.4600067138672,135.25999450683594,106.80706024169922,156526500
2012-07-27,136.88999938964844,139.07000732421875,136.13999938964844,108.77580261230469,236768900
2012-07-30,138.52000427246094,139.33999633789062,138.27000427246094,108.77580261230469,106782000
2012-07-31,138.49000549316406,138.8699951171875,137.7100067138672,108.01502990722656,120575900
2012-08-01,138.6999969482422,138.72999572753906,137.39999389648438,107.92089080810547,138293800
2012-08-02,136.5500030517578,137.57000732421875,135.5800018310547,107.17573547363281,199556600
2012-08-03,138.55999755859375,139.63999938964844,136.67999267578125,109.30136108398438,157825000
2012-08-06,139.72000122070312,140.1699981689453,139.55999755859375,109.51310729980469,86326200
2012-08-07,140.17999267578125,140.9199981689453,140.02999877929688,110.06218719482422,109545100
2012-08-08,139.85000610351562,140.64999389648438,139.80999755859375,110.19554138183594,89754700
2012-08-09,140.2899932861328,140.88999938964844,140.14999389648438,110.2896499633789,90291700
2012-08-10,140.0399932861328,140.88999938964844,139.80999755859375,110.47006225585938,99792700
2012-08-13,140.60000610351562,140.83999633789062,140.0399932861328,110.41515350341797,79426900
2012-08-14,141.2899932861328,141.3800048828125,140.3699951171875,110.43083190917969,102379400
2012-08-15,140.63999938964844,141.19000244140625,140.5500030517578,110.55631256103516,71085900
2012-08-16,141.14999389648438,142.16000366210938,140.8000030517578,111.37210083007812,112014200
2012-08-17,142.22999572753906,142.3000030517578,141.86000061035156,111.5210952758789,90813700
2012-08-20,141.97999572753906,142.22000122070312,141.58999633789062,111.52893829345703,78255700
2012-08-21,142.5399932861328,143.08999633789062,141.4499969482422,111.19168853759766,105581100
2012-08-22,141.39999389648438,142.0500030517578,141.07000732421875,111.2387466430664,133243500
2012-08-23,141.47000122070312,141.47999572753906,140.44000244140625,110.32884979248047,111466400
2012-08-24,140.30999755859375,141.8300018310547,140.22000122070312,110.99559783935547,99481200
2012-08-27,141.88999938964844,142.0800018310547,141.33999633789062,111.01911163330078,68785900
2012-08-28,141.17999267578125,141.83999633789062,140.97000122070312,110.90927124023438,75689600
2012-08-29,141.52000427246094,141.88999938964844,141.1199951171875,110.99559783935547,65421300
2012-08-30,140.89999389648438,140.94000244140625,140.19000244140625,110.19554138183594,96589900
2012-08-31,141.2899932861328,141.82000732421875,140.36000061035156,110.72107696533203,151970400
2012-09-04,141.0399932861328,141.4600067138672,140.1300048828125,110.6191177368164,120226200
2012-09-05,141.08999633789062,141.47000122070312,140.6300048828125,110.52494812011719,100660300
2012-09-06,141.75999450683594,143.77999877929688,141.75,112.76828002929688,158272500
2012-09-07,144.00999450683594,144.38999938964844,143.8800048828125,113.20752716064453,107272100
2012-09-10,144.19000244140625,144.44000244140625,143.4600067138672,112.56434631347656,86458500
2012-09-11,143.60000610351562,144.3699951171875,143.55999755859375,112.87806701660156,88760000
2012-09-12,144.38999938964844,144.5500030517578,143.89999389648438,113.25452423095703,87640900
2012-09-13,144.3699951171875,147.0399932861328,143.99000549316406,114.98017120361328,225470200
2012-09-14,146.8800048828125,148.11000061035156,146.75999450683594,115.48999786376953,169777000
2012-09-17,146.94000244140625,147.19000244140625,146.3699951171875,115.09783172607422,119427800
2012-09-18,146.49000549316406,146.80999755859375,146.25,115.00373077392578,98326600
2012-09-19,146.7899932861328,147.1699981689453,146.41000366210938,115.06642150878906,128318300
2012-09-20,146.02999877929688,146.7899932861328,145.6300048828125,115.07430267333984,154009800
2012-09-21,146.63999938964844,146.6699981689453,145.80999755859375,115.02621459960938,108737500
2012-09-24,145.14999389648438,145.97999572753906,145.0399932861328,114.85269927978516,95682000
2012-09-25,145.9600067138672,146.24000549316406,144.05999755859375,113.6304702758789,133165200
2012-09-26,144.07000732421875,144.11000061035156,142.9499969482422,112.9917221069336,146502200
2012-09-27,143.88999938964844,144.97000122070312,143.50999450683594,114.05632019042969,111830300
2012-09-28,144.08999633789062,144.55999755859375,143.4600067138672,113.5279769897461,150696100
2012-10-01,144.52000427246094,145.69000244140625,144.00999450683594,113.82758331298828,135911200
2012-10-02,144.9199981689453,145.14999389648438,143.8300018310547,113.94588470458984,113422200
2012-10-03,144.88999938964844,145.42999267578125,144.1300048828125,114.41117095947266,121283100
2012-10-04,145.63999938964844,146.33999633789062,145.44000244140625,115.231201171875,124311600
2012-10-05,146.91000366210938,147.16000366210938,145.6999969482422,115.23912048339844,124842100
2012-10-08,145.60000610351562,146.1199951171875,145.30999755859375,114.84478759765625,78415400
2012-10-09,145.52999877929688,145.64999389648438,144.14999389648438,113.70928955078125,148872900
2012-10-10,144.17999267578125,144.32000732421875,143.08999633789062,112.98381805419922,124247500
2012-10-11,144.27999877929688,144.49000549316406,143.3300018310547,113.04694366455078,123601500
2012-10-12,143.4600067138672,143.9499969482422,142.5800018310547,112.67633056640625,124181900
2012-10-15,143.22999572753906,144.22999572753906,142.77000427246094,113.61467742919922,107689100
2012-10-16,144.75999450683594,145.63999938964844,144.66000366210938,114.76595306396484,108815500
2012-10-17,145.63999938964844,146.32000732421875,145.4199981689453,115.28640747070312,128834100
2012-10-18,145.82000732421875,146.52000427246094,145.3300018310547,114.98673248291016,148108500
2012-10-19,145.5500030517578,145.55999755859375,143.0500030517578,113.07060241699219,185645200
2012-10-22,143.14999389648438,143.6699981689453,142.27999877929688,113.08637237548828,125578600
2012-10-23,141.86000061035156,142.05999755859375,140.8300018310547,111.51705169677734,192056300
2012-10-24,141.92999267578125,142.10000610351562,140.8000030517578,111.20172882080078,120179400
2012-10-25,142.02000427246094,142.27999877929688,140.57000732421875,111.5250015258789,134457400
2012-10-26,141.3000030517578,141.83999633789062,140.38999938964844,111.4619369506836,146023500
2012-10-31,141.85000610351562,142.02999877929688,140.67999267578125,111.4619369506836,103438500
2012-11-01,141.64999389648438,143.00999450683594,141.52000427246094,112.62899780273438,100995600
2012-11-02,143.67999267578125,143.72000122070312,141.41000366210938,111.62748718261719,137702200
2012-11-05,141.35000610351562,142.1699981689453,140.92999267578125,111.8561782836914,98378500
2012-11-06,142.27999877929688,143.52000427246094,142.1300048828125,112.73149871826172,107068100
2012-11-07,141.66000366210938,141.67999267578125,139.05999755859375,110.17659759521484,264304500
2012-11-08,139.6999969482422,140.41000366210938,137.92999267578125,108.85179138183594,181517300
2012-11-09,137.6199951171875,139.44000244140625,137.5500030517578,108.94647216796875,201055300
2012-11-12,138.58999633789062,138.80999755859375,137.9600067138672,109.033203125,97677500
2012-11-13,137.5399932861328,139.25,137.36000061035156,108.65471649169922,123018300
2012-11-14,138.2100067138672,138.42999267578125,135.6199951171875,107.18794250488281,191505000
2012-11-15,135.97999572753906,136.49000549316406,135.17999267578125,107.006591796875,178128400
2012-11-16,135.89999389648438,136.63999938964844,134.6999969482422,107.53496551513672,239483900
2012-11-19,137.89999389648438,139.14999389648438,136.41000366210938,109.71134948730469,151495800
2012-11-20,138.91000366210938,139.4199981689453,138.0800018310547,109.7586669921875,119807400
2012-11-21,139.30999755859375,139.57000732421875,139.02999877929688,109.96370697021484,81710800
2012-11-23,140.1300048828125,141.39999389648438,140.0399932861328,111.4619369506836,65409200
2012-11-26,140.64999389648438,141.36000061035156,140.19000244140625,111.2253646850586,100124400
2012-11-27,140.91000366210938,141.38999938964844,140.24000549316406,110.65760040283203,128646200
2012-11-28,139.75999450683594,141.5399932861328,139.0,111.54869842529297,177086500
2012-11-29,141.99000549316406,142.50999450683594,141.3699951171875,112.06912231445312,151085900
2012-11-30,142.13999938964844,142.4199981689453,141.66000366210938,112.09278106689453,136568300
2012-12-03,142.8000030517578,142.9199981689453,141.33999633789062,111.540771484375,124656300
2012-12-04,141.44000244140625,141.8699951171875,140.8699951171875,111.38308715820312,127512200
2012-12-05,141.3699951171875,142.16000366210938,140.3699951171875,111.58023834228516,147300500
2012-12-06,141.3699951171875,142.0399932861328,141.16000366210938,111.95873260498047,103220600
2012-12-07,142.52999877929688,142.69000244140625,141.6699981689453,112.29776000976562,108726400
2012-12-10,142.2100067138672,142.80999755859375,142.14999389648438,112.3451156616211,98840700
2012-12-11,143.05999755859375,144.11000061035156,142.99000549316406,113.1099853515625,152570400
2012-12-12,144.0,144.5500030517578,143.30999755859375,113.16521453857422,145880100
2012-12-13,143.4199981689453,143.8300018310547,142.27000427246094,112.47126770019531,135715000
2012-12-14,142.32000732421875,142.5800018310547,141.8800048828125,112.05333709716797,137701700
2012-12-17,142.47000122070312,143.85000610351562,142.42999267578125,113.3702392578125,143238200
2012-12-18,144.0,145.5,143.7899932861328,114.63192749023438,177762800
2012-12-19,145.52999877929688,145.5800018310547,144.24000549316406,113.78026580810547,150895400
2012-12-20,144.3800048828125,145.13999938964844,143.97999572753906,114.43478393554688,168487000
2012-12-21,142.1699981689453,144.08999633789062,141.94000244140625,113.39604187011719,245883800
2012-12-24,142.47999572753906,142.55999755859375,142.19000244140625,113.0466079711914,53874600
2012-12-26,142.63999938964844,142.7100067138672,141.35000610351562,112.57014465332031,106947700
2012-12-27,141.7899932861328,142.0800018310547,139.9199981689453,112.41919708251953,167920600
2012-12-28,140.63999938964844,141.4199981689453,139.8699951171875,111.20420837402344,148806700
2012-12-31,139.66000366210938,142.55999755859375,139.5399932861328,113.09424591064453,243935200
2013-01-02,145.11000061035156,146.14999389648438,144.72999572753906,115.99285888671875,192059000
2013-01-03,145.99000549316406,146.3699951171875,145.33999633789062,115.73078155517578,144761800
2013-01-04,145.97000122070312,146.61000061035156,145.6699981689453,116.23906707763672,116817700
2013-01-07,145.85000610351562,146.11000061035156,145.42999267578125,115.92143249511719,110002500
2013-01-08,145.7100067138672,145.91000366210938,144.97999572753906,115.587890625,121265100
2013-01-09,145.8699951171875,146.32000732421875,145.63999938964844,115.88169860839844,90745600
2013-01-10,146.72999572753906,147.08999633789062,145.97000122070312,116.80294036865234,130735400
2013-01-11,147.0399932861328,147.14999389648438,146.61000061035156,116.79500579833984,113917300
2013-01-14,146.88999938964844,147.07000732421875,146.42999267578125,116.71551513671875,89567200
2013-01-15,146.2899932861328,147.2100067138672,146.1999969482422,116.79500579833984,93172600
2013-01-16,146.77000427246094,147.27999877929688,146.61000061035156,116.77909851074219,104849500
2013-01-17,147.6999969482422,148.4199981689453,147.14999389648438,117.53353118896484,133833500
2013-01-18,147.97000122070312,148.49000549316406,147.42999267578125,117.79559326171875,169906000
2013-01-22,148.3300018310547,149.1300048828125,147.97999572753906,118.43089294433594,111797300
2013-01-23,149.1300048828125,149.5,148.86000061035156,118.62151336669922,104596100
2013-01-24,149.14999389648438,150.13999938964844,149.00999450683594,118.65333557128906,146426400
2013-01-25,149.8800048828125,150.25,149.3699951171875,119.32035827636719,147211600
2013-01-28,150.2899932861328,150.3300018310547,149.50999450683594,119.17739868164062,113357700
2013-01-29,149.77000427246094,150.85000610351562,149.6699981689453,119.64592742919922,105694400
2013-01-30,150.63999938964844,150.94000244140625,149.92999267578125,119.17739868164062,137447700
2013-01-31,149.88999938964844,150.3800048828125,149.60000610351562,118.883544921875,108975800
2013-02-01,150.64999389648438,151.4199981689453,150.38999938964844,120.10651397705078,131173000
2013-02-04,150.32000732421875,151.27000427246094,149.42999267578125,118.75650024414062,159073600
2013-02-05,150.35000610351562,151.47999572753906,150.2899932861328,119.95568084716797,113912400
2013-02-06,150.52000427246094,151.25999450683594,150.41000366210938,120.04304504394531,138762800
2013-02-07,151.2100067138672,151.35000610351562,149.86000061035156,119.88420867919922,162490000
2013-02-08,151.22000122070312,151.88999938964844,151.22000122070312,120.55125427246094,103133700
2013-02-11,151.74000549316406,151.89999389648438,151.38999938964844,120.5274658203125,73775000
2013-02-12,151.77999877929688,152.3000030517578,151.61000061035156,120.7259750366211,65392700
2013-02-13,152.3300018310547,152.61000061035156,151.72000122070312,120.82923889160156,82322600
2013-02-14,151.69000244140625,152.47000122070312,151.52000427246094,120.94044494628906,80834300
2013-02-15,152.42999267578125,152.58999633789062,151.5500030517578,120.7974853515625,215226500
2013-02-19,152.3699951171875,153.27999877929688,152.16000366210938,121.70274353027344,95105400
2013-02-20,153.13999938964844,153.19000244140625,151.25999450683594,120.18598937988281,160574800
2013-02-21,150.9600067138672,151.4199981689453,149.94000244140625,119.45536804199219,183257000
2013-02-22,151.14999389648438,151.88999938964844,150.49000549316406,120.62274932861328,106356600
2013-02-25,152.6300048828125,152.86000061035156,149.0,118.32769012451172,245824800
2013-02-26,149.72000122070312,150.1999969482422,148.72999572753906,119.13771057128906,186596200
2013-02-27,149.88999938964844,152.3300018310547,149.75999450683594,120.63866424560547,150781900
2013-02-28,151.89999389648438,152.8699951171875,151.41000366210938,120.40042877197266,126866000
2013-03-01,151.08999633789062,152.33999633789062,150.41000366210938,120.7974853515625,170634800
2013-03-04,151.75999450683594,152.9199981689453,151.52000427246094,121.44072723388672,99010200
2013-03-05,153.66000366210938,154.6999969482422,153.63999938964844,122.52867889404297,121431900
2013-03-06,154.83999633789062,154.9199981689453,154.16000366210938,122.69549560546875,94469900
2013-03-07,154.6999969482422,154.97999572753906,154.52000427246094,122.9178237915039,86101400
2013-03-08,155.4600067138672,155.64999389648438,154.66000366210938,123.4420166015625,123477800
2013-03-11,155.32000732421875,156.0399932861328,155.1300048828125,123.91055297851562,83746800
2013-03-12,155.9199981689453,156.10000610351562,155.2100067138672,123.63260650634766,105755800
2013-03-13,155.75999450683594,156.1199951171875,155.22999572753906,123.80731964111328,92550900
2013-03-14,156.30999755859375,156.8000030517578,155.91000366210938,124.4664306640625,126329900
2013-03-15,155.85000610351562,156.0399932861328,155.30999755859375,124.30210876464844,138601100
2013-03-18,154.33999633789062,155.63999938964844,154.1999969482422,123.61611938476562,126704300
2013-03-19,155.3000030517578,155.50999450683594,153.58999633789062,123.3289794921875,167567300
2013-03-20,155.52000427246094,155.9499969482422,155.25999450683594,124.19044494628906,113759300
2013-03-21,154.75999450683594,155.63999938964844,154.10000610351562,123.12945556640625,128605000
2013-03-22,154.85000610351562,155.60000610351562,154.72999572753906,124.11865234375,111163600
2013-03-25,156.00999450683594,156.27000427246094,154.35000610351562,123.60012817382812,151322300
2013-03-26,155.58999633789062,156.22999572753906,155.4199981689453,124.58935546875,86856600
2013-03-27,155.25999450683594,156.24000549316406,155.0,124.58935546875,99950600
2013-03-28,156.08999633789062,156.85000610351562,155.75,124.9721450805664,102932800
2013-04-01,156.58999633789062,156.91000366210938,155.6699981689453,124.47755432128906,99194100
2013-04-02,156.61000061035156,157.2100067138672,156.3699951171875,125.09183502197266,101504300
2013-04-03,156.91000366210938,157.02999877929688,154.82000732421875,123.8234634399414,154167400
2013-04-04,155.42999267578125,156.1699981689453,155.08999633789062,124.32606506347656,131885000
2013-04-05,153.9499969482422,155.35000610351562,153.77000427246094,123.76766204833984,159666000
2013-04-08,155.27000427246094,156.22000122070312,154.75,124.60523986816406,86571200
2013-04-09,156.5,157.32000732421875,155.97999572753906,125.03599548339844,101922200
2013-04-10,157.1699981689453,158.8699951171875,157.1300048828125,126.56753540039062,135711100
2013-04-11,158.6999969482422,159.7100067138672,158.5399932861328,126.98234558105469,110142500
2013-04-12,158.67999267578125,159.0399932861328,157.9199981689453,126.6712417602539,116359900
2013-04-15,158.0,158.1300048828125,155.10000610351562,123.73579406738281,217259000
2013-04-16,156.2899932861328,157.49000549316406,155.91000366210938,125.56240844726562,147507800
2013-04-17,156.2899932861328,156.32000732421875,154.27999877929688,123.72775268554688,226834800
2013-04-18,155.3699951171875,155.41000366210938,153.5500030517578,122.95404052734375,167583200
2013-04-19,154.5,155.5500030517578,154.1199951171875,124.02289581298828,149687600
2013-04-22,155.77999877929688,156.5399932861328,154.75,124.57331085205078,106553500
2013-04-23,156.9499969482422,157.92999267578125,156.1699981689453,125.85758972167969,166141300
2013-04-24,157.8300018310547,158.3000030517578,157.5399932861328,125.93736267089844,96781200
2013-04-25,158.33999633789062,159.27000427246094,158.10000610351562,126.4478759765625,131060600
2013-04-26,158.3300018310547,158.60000610351562,157.72999572753906,126.22450256347656,95918800
2013-04-29,158.6699981689453,159.64999389648438,158.4199981689453,127.07008361816406,88572800
2013-04-30,159.27000427246094,159.72000122070312,158.61000061035156,127.3731689453125,116010700
2013-05-01,159.3300018310547,159.41000366210938,158.10000610351562,126.25640869140625,138874200
2013-05-02,158.67999267578125,159.88999938964844,158.52999877929688,127.42901611328125,96407600
2013-05-03,161.13999938964844,161.8800048828125,159.77999877929688,128.72122192382812,144202300
2013-05-06,161.49000549316406,162.00999450683594,161.4199981689453,129.04824829101562,66882100
2013-05-07,162.1300048828125,162.64999389648438,161.6699981689453,129.70240783691406,90359200
2013-05-08,162.4199981689453,163.38999938964844,162.3300018310547,130.29269409179688,97419200
2013-05-09,163.27000427246094,163.6999969482422,162.47000122070312,129.9257354736328,106738600
2013-05-10,162.99000549316406,163.5500030517578,162.50999450683594,130.34852600097656,103203000
2013-05-13,163.1999969482422,163.80999755859375,162.82000732421875,130.45225524902344,81843200
2013-05-14,163.6699981689453,165.35000610351562,163.6699981689453,131.80026245117188,119000900
2013-05-15,164.9600067138672,166.4499969482422,164.91000366210938,132.51022338867188,120718500
2013-05-16,165.77999877929688,166.36000061035156,165.08999633789062,131.88800048828125,109913600
2013-05-17,165.9499969482422,167.0399932861328,165.72999572753906,133.16433715820312,129801000
2013-05-20,166.77999877929688,167.5800018310547,166.61000061035156,133.15631103515625,85071200
2013-05-21,167.0800018310547,167.8000030517578,166.5,133.3477325439453,95804200
2013-05-22,167.33999633789062,169.07000732421875,165.1699981689453,132.3586883544922,244031800
2013-05-23,164.16000366210938,165.91000366210938,163.94000244140625,131.97576904296875,211064400
2013-05-24,164.47000122070312,165.3800048828125,163.97999572753906,131.86407470703125,151573900
2013-05-28,167.0399932861328,167.77999877929688,165.80999755859375,132.6537628173828,143679800
2013-05-29,165.4199981689453,165.8000030517578,164.33999633789062,131.7923126220703,160363400
2013-05-30,165.35000610351562,166.58999633789062,165.22000122070312,132.27886962890625,107793800
2013-05-31,165.3699951171875,166.30999755859375,163.1300048828125,130.38038635253906,176850100
2013-06-03,163.8300018310547,164.4600067138672,162.66000366210938,131.09829711914062,168390700
2013-06-04,164.44000244140625,165.10000610351562,162.72999572753906,130.46812438964844,157631500
2013-06-05,163.08999633789062,163.4199981689453,161.1300048828125,128.64141845703125,211737800
2013-06-06,161.1999969482422,162.74000549316406,160.25,129.80609130859375,200225500
2013-06-07,163.85000610351562,164.9499969482422,163.13999938964844,131.45730590820312,188337800
2013-06-10,165.30999755859375,165.39999389648438,164.3699951171875,131.45730590820312,105667100
2013-06-11,163.3000030517578,164.5399932861328,162.74000549316406,130.10121154785156,159505400
2013-06-12,164.22000122070312,164.38999938964844,161.60000610351562,129.02438354492188,177361500
2013-06-13,161.66000366210938,164.5,161.3000030517578,130.98666381835938,163587800
2013-06-14,164.02999877929688,164.6699981689453,162.91000366210938,130.16502380371094,141197500
2013-06-17,164.2899932861328,165.22000122070312,163.22000122070312,131.17015075683594,136295600
2013-06-18,164.52999877929688,165.99000549316406,164.52000427246094,132.2070770263672,114695600
2013-06-19,165.60000610351562,165.88999938964844,163.3800048828125,130.38038635253906,206149500
2013-06-20,161.86000061035156,163.47000122070312,158.97999572753906,127.14974212646484,321255900
2013-06-21,159.63999938964844,159.75999450683594,157.47000122070312,127.55799102783203,271956800
2013-06-24,157.41000366210938,158.42999267578125,155.72999572753906,125.94612884521484,222329000
2013-06-25,158.47999572753906,160.10000610351562,157.4199981689453,127.15701293945312,162262200
2013-06-26,159.8699951171875,160.5,159.25,128.41600036621094,134848000
2013-06-27,161.10000610351562,161.82000732421875,160.9499969482422,129.16983032226562,129483700
2013-06-28,160.6300048828125,161.39999389648438,159.86000061035156,128.64053344726562,160402900
2013-07-01,161.25999450683594,162.47999572753906,161.0800018310547,129.39430236816406,131954800
2013-07-02,161.1199951171875,162.3000030517578,160.5,129.2740936279297,154863700
2013-07-03,160.47999572753906,161.77000427246094,160.22000122070312,129.33016967773438,75216400
2013-07-05,162.47000122070312,163.0800018310547,161.3000030517578,130.7254180908203,122416900
2013-07-08,163.86000061035156,164.38999938964844,163.0800018310547,131.4712371826172,108092500
2013-07-09,164.97999572753906,165.3300018310547,164.27000427246094,132.41749572753906,119298000
2013-07-10,164.97000122070312,165.75,164.6300048828125,132.4656219482422,121410100
2013-07-11,167.11000061035156,167.61000061035156,165.17999267578125,134.26986694335938,135592200
2013-07-12,167.38999938964844,167.92999267578125,167.1300048828125,134.325927734375,104212700
2013-07-15,167.97000122070312,168.38999938964844,167.67999267578125,134.8391876220703,69450600
2013-07-16,168.25999450683594,168.36000061035156,167.07000732421875,134.3340301513672,88702100
2013-07-17,168.16000366210938,168.47999572753906,167.72999572753906,134.67886352539062,92873900
2013-07-18,168.30999755859375,169.27000427246094,168.1999969482422,135.4166259765625,103620100
2013-07-19,168.52000427246094,169.22999572753906,168.30999755859375,135.65716552734375,103831700
2013-07-22,169.41000366210938,169.74000549316406,169.00999450683594,135.92178344726562,79428600
2013-07-23,169.8000030517578,169.8300018310547,169.0500030517578,135.63307189941406,80829700
2013-07-24,169.7899932861328,169.86000061035156,168.17999267578125,135.13592529296875,112914000
2013-07-25,168.22000122070312,169.0800018310547,167.94000244140625,135.4647216796875,111088600
2013-07-26,168.22000122070312,169.16000366210938,167.52000427246094,135.6090087890625,107814600
2013-07-29,168.67999267578125,169.05999755859375,168.11000061035156,135.1920928955078,79695000
2013-07-30,169.10000610351562,169.27999877929688,168.19000244140625,135.1920928955078,85209600
2013-07-31,168.94000244140625,169.85000610351562,168.49000549316406,135.2882843017578,142388700
2013-08-01,169.99000549316406,170.80999755859375,169.89999389648438,136.8520050048828,110438400
2013-08-02,170.27999877929688,170.97000122070312,170.0500030517578,137.0845489501953,91116700
2013-08-05,170.57000732421875,170.9600067138672,170.35000610351562,136.88400268554688,54072700
2013-08-06,170.3699951171875,170.74000549316406,169.35000610351562,136.10621643066406,87495000
2013-08-07,169.19000244140625,169.42999267578125,168.5500030517578,135.66522216796875,84854700
2013-08-08,169.97999572753906,170.17999267578125,168.92999267578125,136.16238403320312,102181300
2013-08-09,169.5800018310547,170.10000610351562,168.72000122070312,135.76939392089844,91757700
2013-08-12,168.4600067138672,169.30999755859375,168.3800048828125,135.6090087890625,68593300
2013-08-13,169.41000366210938,169.89999389648438,168.41000366210938,136.010009765625,80806000
2013-08-14,169.52999877929688,169.8000030517578,168.6999969482422,135.31227111816406,79829200
2013-08-15,167.41000366210938,167.42999267578125,166.08999633789062,133.4198760986328,152931800
2013-08-16,166.05999755859375,166.6300048828125,165.5,132.97882080078125,130868200
2013-08-19,165.63999938964844,166.2100067138672,164.75999450683594,132.12884521484375,96437600
2013-08-20,165.0399932861328,166.1999969482422,164.86000061035156,132.7783966064453,89294400
2013-08-21,165.1199951171875,166.02999877929688,164.19000244140625,131.9604034423828,159530500
2013-08-22,164.89999389648438,166.3000030517578,164.88999938964844,133.1632537841797,101471400
2013-08-23,166.5500030517578,166.8300018310547,165.77000427246094,133.61228942871094,90888900
2013-08-26,166.7899932861328,167.3000030517578,165.88999938964844,133.11514282226562,89702100
2013-08-27,164.36000061035156,166.0,163.2100067138672,130.9740447998047,158619400
2013-08-28,163.25999450683594,164.49000549316406,163.0500030517578,131.43914794921875,108113000
2013-08-29,163.5500030517578,165.0399932861328,163.39999389648438,131.64768981933594,119200500
2013-08-30,164.50999450683594,164.52999877929688,163.1699981689453,131.23065185546875,134928900
2013-09-03,165.22999572753906,165.5800018310547,163.6999969482422,131.82403564453125,142375100
2013-09-04,164.42999267578125,166.02999877929688,164.1300048828125,132.9146728515625,97389400
2013-09-05,165.85000610351562,166.39999389648438,165.72999572753906,133.0830841064453,63090500
2013-09-06,166.50999450683594,166.97999572753906,164.47999572753906,133.14727783203125,159756500
2013-09-09,166.4499969482422,167.72999572753906,166.4499969482422,134.4222412109375,87559300
2013-09-10,168.63999938964844,168.89999389648438,168.25999450683594,135.4166259765625,105847200
2013-09-11,168.63999938964844,169.39999389648438,168.35000610351562,135.8416290283203,94545900
2013-09-12,169.33999633789062,169.55999755859375,168.72000122070312,135.48069763183594,83209000
2013-09-13,169.1300048828125,169.4600067138672,168.74000549316406,135.78549194335938,72727800
2013-09-16,171.16000366210938,171.24000549316406,170.0399932861328,136.57138061523438,106299200
2013-09-17,170.4600067138672,171.11000061035156,170.4600067138672,137.18081665039062,82523300
2013-09-18,171.00999450683594,173.52000427246094,170.5800018310547,138.76846313476562,203460600
2013-09-19,173.52000427246094,173.60000610351562,172.58999633789062,138.5360107421875,146616900
2013-09-20,172.3300018310547,172.3300018310547,170.5800018310547,137.5673828125,132867100
2013-09-23,170.49000549316406,170.64999389648438,169.38999938964844,136.93077087402344,104616500
2013-09-24,169.89999389648438,170.52999877929688,169.2100067138672,136.60848999023438,106333100
2013-09-25,169.63999938964844,169.97999572753906,168.88999938964844,136.213623046875,117306500
2013-09-26,169.32000732421875,170.1699981689453,169.0500030517578,136.7374267578125,77146900
2013-09-27,168.83999633789062,169.13999938964844,168.47000122070312,136.10890197753906,99141800
2013-09-30,167.47999572753906,168.5399932861328,167.14999389648438,135.38368225097656,143937000
2013-10-01,168.13999938964844,169.5,167.97000122070312,136.4553985595703,127160000
2013-10-02,168.35000610351562,169.33999633789062,167.8300018310547,136.3264923095703,113350000
2013-10-03,168.7899932861328,168.94000244140625,166.83999633789062,135.06935119628906,176698000
2013-10-04,167.75,169.05999755859375,167.52999877929688,136.0927734375,96878000
2013-10-07,167.4199981689453,168.4499969482422,167.25,134.91629028320312,96295000
2013-10-08,167.39999389648438,167.6199951171875,165.36000061035156,133.344970703125,178015000
2013-10-09,165.8000030517578,166.1999969482422,164.52999877929688,133.44168090820312,168973000
2013-10-10,167.2899932861328,169.25999450683594,167.22999572753906,136.31838989257812,195955000
2013-10-11,168.91000366210938,170.32000732421875,168.77000427246094,137.1967315673828,105040000
2013-10-14,169.2100067138672,171.0800018310547,169.0800018310547,137.74465942382812,112106000
2013-10-15,170.50999450683594,171.14999389648438,169.47000122070312,136.74545288085938,155485000
2013-10-16,170.72000122070312,172.16000366210938,170.63999938964844,138.65524291992188,161676000
2013-10-17,171.3699951171875,173.32000732421875,171.33999633789062,139.58189392089844,129389000
2013-10-18,173.86000061035156,174.50999450683594,173.50999450683594,140.52471923828125,138316000
2013-10-21,174.4499969482422,174.75,174.00999450683594,140.53273010253906,104104000
2013-10-22,174.91000366210938,175.92999267578125,174.42999267578125,141.34664916992188,126663000
2013-10-23,174.80999755859375,174.88999938964844,173.9600067138672,140.66973876953125,105484000
2013-10-24,174.9199981689453,175.3699951171875,174.50999450683594,141.13710021972656,70350000
2013-10-25,175.50999450683594,176.0,175.1699981689453,141.78170776367188,93625000
2013-10-28,175.88999938964844,176.47000122070312,175.6999969482422,142.00735473632812,84979000
2013-10-29,176.6300048828125,177.24000549316406,176.3800048828125,142.76483154296875,87401000
2013-10-30,177.3800048828125,177.50999450683594,175.66000366210938,142.05572509765625,140002000
2013-10-31,176.14999389648438,176.88999938964844,175.52999877929688,141.65289306640625,133795000
2013-11-01,176.02000427246094,176.61000061035156,175.22000122070312,141.99127197265625,142805000
2013-11-04,176.69000244140625,176.89999389648438,175.97999572753906,142.49082946777344,85677000
2013-11-05,176.13999938964844,176.75,175.57000732421875,142.0395965576172,85825000
2013-11-06,177.02999877929688,177.5,176.5399932861328,142.76483154296875,87348000
2013-11-07,177.5,177.63999938964844,174.75999450683594,140.95985412597656,157000000
2013-11-08,174.8699951171875,177.30999755859375,174.85000610351562,142.86151123046875,136713000
2013-11-11,177.1199951171875,177.52999877929688,176.91000366210938,142.8857421875,62614000
2013-11-12,176.94000244140625,177.36000061035156,176.3699951171875,142.5956268310547,83990000
2013-11-13,176.08999633789062,178.42999267578125,176.08999633789062,143.73988342285156,103844000
2013-11-14,178.5399932861328,179.4199981689453,178.25,144.45704650878906,103435000
2013-11-15,179.55999755859375,180.1199951171875,179.3300018310547,145.08558654785156,102818000
2013-11-18,180.35000610351562,180.5,179.02000427246094,144.577880859375,104796000
2013-11-19,179.3300018310547,179.8699951171875,178.72000122070312,144.26364135742188,93891000
2013-11-20,179.38999938964844,179.92999267578125,177.97999572753906,143.8124237060547,124909000
2013-11-21,178.97000122070312,180.0500030517578,178.86000061035156,144.97274780273438,92841000
2013-11-22,179.97999572753906,180.8300018310547,179.77000427246094,145.69798278808594,81296000
2013-11-25,181.1300048828125,181.1699981689453,180.3699951171875,145.5529327392578,79486000
2013-11-26,180.72000122070312,181.22000122070312,180.41000366210938,145.59323120117188,86994000
2013-11-27,180.8699951171875,181.24000549316406,180.64999389648438,145.94773864746094,58800000
2013-11-29,181.32000732421875,181.75,180.8000030517578,145.85113525390625,55870900
2013-12-02,181.08999633789062,181.42999267578125,180.25,145.47235107421875,99726000
2013-12-03,179.94000244140625,180.38999938964844,179.1699981689453,144.84384155273438,116563000
2013-12-04,179.10000610351562,180.47999572753906,178.35000610351562,144.82772827148438,123033000
2013-12-05,179.41000366210938,179.74000549316406,178.77000427246094,144.19114685058594,106934000
2013-12-06,180.6699981689453,181.11000061035156,180.14999389648438,145.802734375,127728000
2013-12-09,181.47000122070312,181.6699981689453,181.16000366210938,146.17343139648438,70124000
2013-12-10,180.97999572753906,181.36000061035156,180.63999938964844,145.64964294433594,80976000
2013-12-11,180.82000732421875,180.85000610351562,178.5,144.01385498046875,130591000
2013-12-12,178.63999938964844,178.86000061035156,177.75999450683594,143.5384063720703,115565000
2013-12-13,178.5,178.66000366210938,177.77000427246094,143.52230834960938,107808000
2013-12-16,178.9499969482422,179.80999755859375,178.89999389648438,144.41671752929688,96195000
2013-12-17,179.3800048828125,179.41000366210938,178.25,143.95745849609375,89886000
2013-12-18,178.9199981689453,181.72999572753906,177.32000732421875,146.41514587402344,234906000
2013-12-19,181.17999267578125,181.6999969482422,180.7100067138672,146.24595642089844,136531200
2013-12-20,180.69000244140625,181.99000549316406,180.57000732421875,147.09666442871094,197087000
2013-12-23,182.4499969482422,182.63999938964844,182.07000732421875,147.8825225830078,85598000
2013-12-24,182.5399932861328,183.00999450683594,182.52999877929688,148.2065887451172,45368800
2013-12-26,183.33999633789062,183.9600067138672,183.32000732421875,148.96006774902344,63365000
2013-12-27,184.10000610351562,184.17999267578125,183.66000366210938,148.951904296875,61814000
2013-12-30,183.8699951171875,184.02000427246094,183.5800018310547,148.92770385742188,56857000
2013-12-31,184.07000732421875,184.69000244140625,183.92999267578125,149.63247680664062,86119900
2014-01-02,183.97999572753906,184.07000732421875,182.47999572753906,148.1985321044922,119636900
2014-01-03,183.22999572753906,183.60000610351562,182.6300048828125,148.17413330078125,81390600
2014-01-06,183.49000549316406,183.55999755859375,182.0800018310547,147.74481201171875,108028200
2014-01-07,183.08999633789062,183.7899932861328,182.9499969482422,148.6521453857422,86144200
2014-01-08,183.4499969482422,183.8300018310547,182.88999938964844,148.68455505371094,96582300
2014-01-09,184.11000061035156,184.1300048828125,182.8000030517578,148.7818145751953,90683400
2014-01-10,183.9499969482422,184.22000122070312,183.00999450683594,149.18687438964844,102026400
2014-01-13,183.6699981689453,184.17999267578125,181.33999633789062,147.20196533203125,149892000
2014-01-14,182.2899932861328,183.77000427246094,181.9499969482422,148.80609130859375,105016100
2014-01-15,184.10000610351562,184.94000244140625,183.7100067138672,149.60821533203125,98525800
2014-01-16,184.27999877929688,184.66000366210938,183.8300018310547,149.41378784179688,72290600
2014-01-17,184.10000610351562,184.4499969482422,183.32000732421875,148.7818145751953,107848700
2014-01-21,184.6999969482422,184.77000427246094,183.0500030517578,149.21925354003906,88621200
2014-01-22,184.49000549316406,184.57000732421875,183.91000366210938,149.3165283203125,61270900
2014-01-23,183.3699951171875,183.39999389648438,181.82000732421875,148.09310913085938,132496900
2014-01-24,181.60000610351562,181.66000366210938,178.8300018310547,144.93345642089844,208677100
2014-01-27,179.05999755859375,179.52000427246094,177.1199951171875,144.22047424316406,180843100
2014-01-28,178.13999938964844,179.3000030517578,178.1199951171875,145.0792999267578,110463200
2014-01-29,177.5800018310547,178.5500030517578,176.8800048828125,143.685791015625,216597300
2014-01-30,178.8300018310547,179.80999755859375,178.25999450683594,145.20887756347656,118938100
2014-01-31,177.00999450683594,179.2899932861328,176.9199981689453,144.358154296875,194677900
2014-02-03,177.97000122070312,178.3699951171875,173.8300018310547,141.10939025878906,254837100
2014-02-04,174.9499969482422,175.83999633789062,174.11000061035156,142.0978240966797,165012400
2014-02-05,174.77999877929688,175.55999755859375,173.7100067138672,141.91958618164062,164230500
2014-02-06,175.5800018310547,177.47999572753906,175.22000122070312,143.79104614257812,132877600
2014-02-07,178.30999755859375,179.8699951171875,177.72999572753906,145.5734405517578,170787200
2014-02-10,179.6999969482422,180.07000732421875,179.2100067138672,145.84085083007812,92218800
2014-02-11,180.16000366210938,182.44000244140625,180.0399932861328,147.43685913085938,117814100
2014-02-12,182.25,182.8300018310547,181.7100067138672,147.5098114013672,94717700
2014-02-13,180.83999633789062,183.1999969482422,180.8300018310547,148.27139282226562,100542200
2014-02-14,182.83999633789062,184.36000061035156,182.6699981689453,149.0896453857422,96498400
2014-02-18,184.17999267578125,184.49000549316406,183.64999389648438,149.2679443359375,80460900
2014-02-19,183.75999450683594,184.9499969482422,182.8699951171875,148.2794952392578,126524300
2014-02-20,183.27000427246094,184.52000427246094,182.60000610351562,149.1544952392578,104998100
2014-02-21,184.4499969482422,184.88999938964844,183.8000030517578,148.98434448242188,118116400
2014-02-24,184.27999877929688,186.14999389648438,184.1999969482422,149.81080627441406,114063900
2014-02-25,185.05999755859375,185.58999633789062,184.22999572753906,149.7540283203125,117085000
2014-02-26,185.11000061035156,185.60000610351562,184.3300018310547,149.7621307373047,98677200
2014-02-27,184.5800018310547,185.8699951171875,184.3699951171875,150.54800415039062,93880800
2014-02-28,185.7899932861328,187.14999389648438,185.0500030517578,150.92877197265625,150842000
2014-03-03,184.64999389648438,185.4499969482422,183.75,149.8674774169922,167748500
2014-03-04,186.7899932861328,187.97999572753906,186.75,151.97393798828125,167545900
2014-03-05,187.74000549316406,188.07000732421875,187.4499969482422,152.1116485595703,88376900
2014-03-06,188.2100067138672,188.61000061035156,187.77999877929688,152.46005249023438,82516500
2014-03-07,188.9600067138672,188.9600067138672,187.42999267578125,152.5248260498047,114513500
2014-03-10,187.97000122070312,188.22999572753906,187.0800018310547,152.44383239746094,74939200
2014-03-11,188.44000244140625,188.7100067138672,186.8000030517578,151.69033813476562,99009100
2014-03-12,186.32000732421875,187.35000610351562,185.89999389648438,151.73081970214844,104824400
2014-03-13,187.83999633789062,187.99000549316406,184.66000366210938,150.02947998046875,155014300
2014-03-14,184.85000610351562,185.8000030517578,184.44000244140625,149.60821533203125,153919600
2014-03-17,185.58999633789062,186.77000427246094,185.50999450683594,150.96121215820312,98359500
2014-03-18,186.7100067138672,187.91000366210938,186.50999450683594,152.03872680664062,101804600
2014-03-19,187.67999267578125,187.94000244140625,185.47000122070312,151.2285919189453,176267300
2014-03-20,186.25,187.88999938964844,185.9199981689453,152.1116485595703,117241000
2014-03-21,187.7100067138672,189.02000427246094,186.02999877929688,151.5216522216797,163128000
2014-03-24,186.83999633789062,187.07000732421875,184.6199951171875,150.89508056640625,121411000
2014-03-25,186.3699951171875,186.94000244140625,185.27000427246094,151.6112060546875,103852000
2014-03-26,187.0399932861328,187.33999633789062,184.9199981689453,150.52072143554688,119843000
2014-03-27,184.75,185.33999633789062,183.89999389648438,150.20338439941406,142383000
2014-03-28,185.11000061035156,186.4199981689453,185.0,150.9439239501953,101642000
2014-03-31,186.6699981689453,187.3000030517578,185.52000427246094,152.1808624267578,99745000
2014-04-01,187.6199951171875,188.36000061035156,187.0,153.18988037109375,89193000
2014-04-02,188.49000549316406,189.1300048828125,188.13999938964844,153.7025909423828,78774000
2014-04-03,189.1699981689453,189.22000122070312,188.0500030517578,153.4990997314453,77435000
2014-04-04,189.66000366210938,189.6999969482422,186.10000610351562,151.68443298339844,169381000
2014-04-07,185.9499969482422,186.25999450683594,183.9600067138672,150.00808715820312,140803000
2014-04-08,184.25999450683594,185.39999389648438,183.58999633789062,150.62657165527344,112660000
2014-04-09,185.60000610351562,187.14999389648438,185.05999755859375,152.2459259033203,100254000
2014-04-10,187.0800018310547,187.1699981689453,182.92999267578125,149.04786682128906,172959000
2014-04-11,182.13999938964844,183.4199981689453,181.30999755859375,147.70516967773438,167251000
2014-04-14,182.92999267578125,183.3699951171875,181.44000244140625,148.8688201904297,132382000
2014-04-15,183.32000732421875,184.3300018310547,181.50999450683594,149.8941650390625,157093000
2014-04-16,185.47000122070312,186.13999938964844,184.64999389648438,151.46475219726562,105197000
2014-04-17,185.8800048828125,186.91000366210938,185.55999755859375,151.6763458251953,105255000
2014-04-21,186.44000244140625,187.10000610351562,186.2100067138672,152.2052764892578,68329000
2014-04-22,187.22999572753906,188.39999389648438,187.1300048828125,152.8968505859375,85790000
2014-04-23,187.82000732421875,187.9199981689453,187.3000030517578,152.53884887695312,73869000
2014-04-24,188.3699951171875,188.38999938964844,186.92999267578125,152.84812927246094,88170000
2014-04-25,187.22000122070312,187.3300018310547,185.8699951171875,151.5948944091797,100380000
2014-04-28,187.0500030517578,187.69000244140625,184.9600067138672,152.07501220703125,135121000
2014-04-29,187.47999572753906,188.0399932861328,187.0800018310547,152.78298950195312,84098000
2014-04-30,187.44000244140625,188.5,187.17999267578125,153.2386932373047,101508000
2014-05-01,188.22000122070312,188.83999633789062,187.72999572753906,153.25497436523438,93019000
2014-05-02,188.30999755859375,189.13999938964844,187.77999877929688,153.03526306152344,98122000
2014-05-05,187.13999938964844,188.5500030517578,186.6199951171875,153.32821655273438,75883000
2014-05-06,188.0,188.1300048828125,186.74000549316406,151.99368286132812,85454000
2014-05-07,187.41000366210938,187.97000122070312,186.00999450683594,152.8887939453125,106500000
2014-05-08,187.7100067138672,189.0500030517578,187.0800018310547,152.72601318359375,93618000
2014-05-09,187.7100067138672,188.0399932861328,186.8300018310547,152.9539031982422,83679000
2014-05-12,188.8000030517578,189.8800048828125,188.0,154.4430389404297,86940000
2014-05-13,190.0399932861328,190.4199981689453,189.77000427246094,154.5813751220703,66454000
2014-05-14,189.7899932861328,189.8800048828125,188.7899932861328,153.84902954101562,72367000
2014-05-15,188.67999267578125,188.72000122070312,186.47999572753906,152.49819946289062,154956000
2014-05-16,187.50999450683594,188.1300048828125,186.72000122070312,153.02711486816406,97458000
2014-05-19,187.69000244140625,188.88999938964844,187.52000427246094,153.588623046875,63839000
2014-05-20,188.64999389648438,188.6699981689453,187.07000732421875,152.62025451660156,111644000
2014-05-21,188.08999633789062,189.22000122070312,188.05999755859375,153.906005859375,89093000
2014-05-22,189.17999267578125,189.97999572753906,188.86000061035156,154.2803192138672,61549000
2014-05-23,189.75999450683594,190.47999572753906,189.58999633789062,154.89878845214844,61092800
2014-05-27,191.05999755859375,191.5800018310547,190.9499969482422,155.85081481933594,72010000
2014-05-28,191.52000427246094,191.82000732421875,191.05999755859375,155.7369384765625,66723000
2014-05-29,191.82000732421875,192.39999389648438,191.3300018310547,156.54257202148438,64377000
2014-05-30,192.19000244140625,192.8000030517578,192.02999877929688,156.79481506347656,76316000
2014-06-02,192.9499969482422,192.99000549316406,191.97000122070312,156.97384643554688,64656000
2014-06-03,192.42999267578125,192.89999389648438,192.25,156.89251708984375,65047000
2014-06-04,192.47000122070312,193.3000030517578,192.27000427246094,157.2098388671875,55529000
2014-06-05,193.41000366210938,194.64999389648438,192.6999969482422,158.23519897460938,92103000
2014-06-06,194.8699951171875,195.42999267578125,194.77999877929688,158.99197387695312,78696000
2014-06-09,195.35000610351562,196.0500030517578,195.1699981689453,159.1547088623047,65119000
2014-06-10,195.33999633789062,195.63999938964844,194.9199981689453,159.17100524902344,57129000
2014-06-11,194.89999389648438,195.1199951171875,194.47999572753906,158.61766052246094,68772000
2014-06-12,194.69000244140625,194.8000030517578,193.11000061035156,157.49468994140625,106350000
2014-06-13,193.9199981689453,194.32000732421875,193.3000030517578,157.97479248046875,82017000
2014-06-16,193.88999938964844,194.6999969482422,193.66000366210938,158.10499572753906,87424000
2014-06-17,194.02000427246094,194.97000122070312,193.80999755859375,158.54441833496094,84834000
2014-06-18,194.8300018310547,196.3699951171875,194.39999389648438,159.70799255371094,105267000
2014-06-19,196.42999267578125,196.60000610351562,195.8000030517578,159.88706970214844,85929000
2014-06-20,196.02999877929688,196.10000610351562,195.6999969482422,160.2117156982422,100587000
2014-06-23,195.99000549316406,196.0500030517578,195.52000427246094,160.16261291503906,70611000
2014-06-24,195.52999877929688,196.5,194.47999572753906,159.19778442382812,96237000
2014-06-25,194.2899932861328,195.77999877929688,194.25,159.91729736328125,82782000
2014-06-26,195.61000061035156,195.6300048828125,194.1300048828125,159.8029022216797,84312000
2014-06-27,194.97999572753906,195.8800048828125,194.88999938964844,160.11358642578125,71445100
2014-06-30,195.6999969482422,196.1699981689453,195.52999877929688,160.0317840576172,70201200
2014-07-01,196.1999969482422,197.6300048828125,196.1300048828125,161.10296630859375,90470000
2014-07-02,197.0500030517578,197.47999572753906,196.9600067138672,161.2664337158203,52475000
2014-07-03,197.7899932861328,198.2899932861328,197.63999938964844,162.05958557128906,52938800
2014-07-07,197.82000732421875,197.97999572753906,197.22000122070312,161.4954071044922,61696000
2014-07-08,197.14999389648438,197.22000122070312,195.75999450683594,160.45697021484375,108143000
2014-07-09,196.72999572753906,197.3000030517578,196.30999755859375,161.1764678955078,72992000
2014-07-10,195.22000122070312,196.86000061035156,195.05999755859375,160.53878784179688,99040000
2014-07-11,196.22000122070312,196.75,195.77999877929688,160.759521484375,64243000
2014-07-14,197.61000061035156,197.86000061035156,197.44000244140625,161.5690460205078,58658000
2014-07-15,197.72000122070312,198.10000610351562,196.36000061035156,161.2664337158203,111307000
2014-07-16,198.11000061035156,198.25999450683594,197.4199981689453,161.86337280273438,79986400
2014-07-17,197.35000610351562,198.10000610351562,195.42999267578125,160.02366638183594,145398000
2014-07-18,196.35000610351562,197.91000366210938,196.24000549316406,161.65895080566406,124330000
2014-07-21,197.08999633789062,197.5,196.42999267578125,161.35641479492188,67592000
2014-07-22,198.00999450683594,198.55999755859375,197.8699951171875,162.05958557128906,67678000
2014-07-23,198.5,198.85000610351562,198.10000610351562,162.41940307617188,65612000
2014-07-24,198.8300018310547,199.05999755859375,198.4499969482422,162.42758178710938,56888000
2014-07-25,198.08999633789062,198.25999450683594,197.3300018310547,161.66717529296875,76837000
2014-07-28,197.75999450683594,198.08999633789062,196.6199951171875,161.73257446289062,69259000
2014-07-29,198.1699981689453,198.4499969482422,196.9199981689453,161.03753662109375,80466000
2014-07-30,197.64999389648438,197.91000366210938,196.16000366210938,161.06204223632812,104222000
2014-07-31,195.61000061035156,195.77999877929688,192.97000122070312,157.88134765625,183479000
2014-08-01,192.55999755859375,193.75999450683594,191.57000732421875,157.3989715576172,189261000
2014-08-04,192.8699951171875,194.3000030517578,192.0500030517578,158.53553771972656,91340000
2014-08-05,193.10000610351562,193.60000610351562,191.30999755859375,156.9983673095703,152690000
2014-08-06,191.11000061035156,192.88999938964844,191.0800018310547,157.0474090576172,94818000
2014-08-07,192.94000244140625,193.1300048828125,190.5500030517578,156.197021484375,135733000
2014-08-08,191.4600067138672,193.3699951171875,190.9499969482422,158.00401306152344,117014000
2014-08-11,193.97000122070312,194.66000366210938,193.7100067138672,158.4619598388672,74544000
2014-08-12,193.61000061035156,194.14999389648438,192.94000244140625,158.24111938476562,73632000
2014-08-13,194.2899932861328,195.05999755859375,193.9600067138672,159.31228637695312,69047000
2014-08-14,195.16000366210938,195.75999450683594,194.97999572753906,160.0645294189453,57371000
2014-08-15,196.47000122070312,196.64999389648438,194.30999755859375,160.0317840576172,139951000
2014-08-18,196.8000030517578,197.4499969482422,196.69000244140625,161.3727569580078,75424000
2014-08-19,197.83999633789062,198.5399932861328,197.44000244140625,162.21499633789062,59135000
2014-08-20,198.1199951171875,199.16000366210938,198.0800018310547,162.64830017089844,72763000
2014-08-21,199.08999633789062,199.75999450683594,198.92999267578125,163.12254333496094,67791000
2014-08-22,199.33999633789062,199.69000244140625,198.74000549316406,162.8690643310547,76107000
2014-08-25,200.13999938964844,200.58999633789062,199.14999389648438,163.69493103027344,63855000
2014-08-26,200.3300018310547,200.82000732421875,200.27999877929688,163.80117797851562,47298000
2014-08-27,200.42999267578125,200.57000732421875,199.94000244140625,163.7357940673828,47874000
2014-08-28,199.58999633789062,200.27000427246094,199.38999938964844,163.64581298828125,58330000
2014-08-29,200.4499969482422,200.72999572753906,199.82000732421875,164.1119384765625,65907000
2014-09-02,200.97000122070312,201.0,199.86000061035156,164.0302276611328,72426000
2014-09-03,201.3800048828125,201.41000366210938,200.22000122070312,163.94020080566406,57462000
2014-09-04,200.83999633789062,201.5800018310547,199.66000366210938,163.70309448242188,85236000
2014-09-05,200.1699981689453,201.19000244140625,199.41000366210938,164.43899536132812,102177000
2014-09-08,200.9199981689453,201.2100067138672,200.0,164.01377868652344,64146000
2014-09-09,200.41000366210938,200.5500030517578,198.91000366210938,162.97535705566406,88591000
2014-09-10,199.42999267578125,200.1999969482422,198.77000427246094,163.58868408203125,67251000
2014-09-11,199.27000427246094,200.3300018310547,199.1199951171875,163.7767333984375,66774400
2014-09-12,200.10000610351562,200.1199951171875,198.55999755859375,162.81997680664062,117409300
2014-09-15,199.16000366210938,199.32000732421875,198.3800048828125,162.69741821289062,76401000
2014-09-16,198.61000061035156,200.83999633789062,198.5,163.92385864257812,116201000
2014-09-17,200.77000427246094,201.67999267578125,199.75,164.1446075439453,151266000
2014-09-18,201.36000061035156,201.85000610351562,201.10000610351562,165.01950073242188,94990000
2014-09-19,201.52000427246094,201.89999389648438,200.2899932861328,164.87083435058594,121649000
2014-09-22,200.35000610351562,200.3800048828125,198.72999572753906,163.59756469726562,125553000
2014-09-23,198.42999267578125,199.25999450683594,197.9499969482422,162.66104125976562,111393000
2014-09-24,198.0399932861328,199.69000244140625,197.52000427246094,163.93438720703125,107276000
2014-09-25,199.0399932861328,199.0500030517578,196.27000427246094,161.2891845703125,150300000
2014-09-26,196.6999969482422,198.38999938964844,196.4199981689453,162.57070922851562,103547000
2014-09-29,196.1999969482422,197.88999938964844,196.0500030517578,162.2749786376953,95112000
2014-09-30,197.69000244140625,198.3000030517578,196.61000061035156,161.84780883789062,131302000
2014-10-01,196.6999969482422,196.77000427246094,193.91000366210938,159.65443420410156,177798000
2014-10-02,194.17999267578125,195.05999755859375,192.35000610351562,159.6791229248047,157285000
2014-10-03,195.67999267578125,196.94000244140625,195.0800018310547,161.43707275390625,121569000
2014-10-06,197.33999633789062,197.60000610351562,195.5800018310547,161.24807739257812,104778000
2014-10-07,195.27999877929688,195.72000122070312,193.22000122070312,158.75901794433594,147913000
2014-10-08,193.3699951171875,196.9199981689453,192.36000061035156,161.53565979003906,186461000
2014-10-09,196.3300018310547,196.60000610351562,192.5800018310547,158.33189392089844,210705000
2014-10-10,192.69000244140625,193.64999389648438,190.49000549316406,156.5245819091797,221909000
2014-10-13,190.4600067138672,191.14999389648438,187.3000030517578,153.95343017578125,230939000
2014-10-14,188.4199981689453,189.82000732421875,187.0399932861328,154.1916046142578,215847000
2014-10-15,185.16000366210938,187.69000244140625,181.9199981689453,153.1483154296875,380715000
2014-10-16,183.05999755859375,187.5800018310547,182.88999938964844,153.0168914794922,270391000
2014-10-17,188.4199981689453,189.75,187.6199951171875,154.82415771484375,214625000
2014-10-20,188.1300048828125,190.4499969482422,188.07000732421875,156.32748413085938,130011000
2014-10-21,191.67999267578125,194.1999969482422,191.47999572753906,159.42446899414062,154949000
2014-10-22,194.41000366210938,194.91000366210938,192.61000061035156,158.29083251953125,151822000
2014-10-23,194.6199951171875,196.1999969482422,194.25999450683594,160.13095092773438,154944000
2014-10-24,195.25,196.49000549316406,194.49000549316406,161.36312866210938,117927000
2014-10-27,195.72999572753906,196.4499969482422,195.02999877929688,161.14132690429688,82954000
2014-10-28,196.82000732421875,198.4199981689453,196.72999572753906,162.9897003173828,106736000
2014-10-29,198.5500030517578,199.1199951171875,196.8000030517578,162.74319458007812,142557000
2014-10-30,197.5800018310547,199.9499969482422,197.39999389648438,163.78656005859375,113330000
2014-10-31,201.77999877929688,201.82000732421875,200.77000427246094,165.65945434570312,146903000
2014-11-03,201.9199981689453,202.4499969482422,201.30999755859375,165.7498779296875,93600000
2014-11-04,201.22999572753906,201.60000610351562,200.05999755859375,165.1748046875,93343000
2014-11-05,202.5399932861328,202.58999633789062,201.4499969482422,166.21807861328125,91709000
2014-11-06,202.38999938964844,203.25999450683594,201.63999938964844,166.8834228515625,107089000
2014-11-07,203.1699981689453,203.60000610351562,202.61000061035156,167.03952026367188,89540000
2014-11-10,203.3800048828125,204.0399932861328,203.1300048828125,167.5652618408203,66319000
2014-11-11,204.05999755859375,204.30999755859375,203.64999389648438,167.7295684814453,54499400
2014-11-12,203.35000610351562,204.24000549316406,203.30999755859375,167.548828125,90120300
2014-11-13,204.16000366210938,204.8300018310547,203.2100067138672,167.73782348632812,85357900
2014-11-14,204.10000610351562,204.49000549316406,203.72000122070312,167.7788848876953,80417500
2014-11-17,203.85000610351562,204.5800018310547,203.64999389648438,167.8856201171875,80441000
2014-11-18,204.44000244140625,205.9199981689453,204.44000244140625,168.85494995117188,76068100
2014-11-19,205.30999755859375,205.5500030517578,204.3000030517578,168.58392333984375,82373000
2014-11-20,204.25999450683594,205.7100067138672,204.17999267578125,168.87973022460938,72840300
2014-11-21,207.63999938964844,207.83999633789062,205.97999572753906,169.78330993652344,142327300
2014-11-24,207.1699981689453,207.38999938964844,206.91000366210938,170.259765625,65880800
2014-11-25,207.5399932861328,207.7899932861328,206.8000030517578,170.13653564453125,79108300
2014-11-26,207.2899932861328,207.75999450683594,207.02999877929688,170.57196044921875,62167800
2014-11-28,207.49000549316406,207.8699951171875,206.91000366210938,170.21044921875,57890100
2014-12-01,206.39999389648438,206.5399932861328,205.3800048828125,169.02749633789062,103968400
2014-12-02,205.80999755859375,207.33999633789062,205.77999877929688,170.12010192871094,74507200
2014-12-03,207.3000030517578,208.14999389648438,207.10000610351562,170.77728271484375,68952000
2014-12-04,207.5399932861328,208.27000427246094,206.6999969482422,170.5883331298828,91316600
2014-12-05,207.8699951171875,208.47000122070312,207.5500030517578,170.86764526367188,91025500
2014-12-08,207.52000427246094,208.1199951171875,205.92999267578125,169.7257537841797,108588200
2014-12-09,204.3699951171875,206.60000610351562,203.91000366210938,169.61077880859375,125180100
2014-12-10,205.91000366210938,205.97999572753906,202.92999267578125,166.89170837402344,159856400
2014-12-11,203.8800048828125,206.19000244140625,203.7100067138672,167.73782348632812,159012800
2014-12-12,202.63999938964844,203.82000732421875,200.85000610351562,165.02688598632812,202330200
2014-12-15,201.97999572753906,202.52999877929688,198.77999877929688,163.89328002929688,189965800
2014-12-16,198.5800018310547,202.39999389648438,197.86000061035156,162.57899475097656,259543800
2014-12-17,198.44000244140625,202.33999633789062,198.2899932861328,165.76629638671875,253910100
2014-12-18,204.74000549316406,212.97000122070312,203.9199981689453,169.86544799804688,257633900
2014-12-19,206.42999267578125,207.3300018310547,205.61000061035156,170.58824157714844,245084600
2014-12-22,206.75,207.47000122070312,206.4600067138672,171.37295532226562,148318900
2014-12-23,208.1699981689453,208.22999572753906,207.39999389648438,171.6042022705078,122167900
2014-12-24,208.02000427246094,208.33999633789062,207.72000122070312,171.62066650390625,42963400
2014-12-26,208.30999755859375,208.85000610351562,208.25,172.17413330078125,57326700
2014-12-29,208.22000122070312,208.97000122070312,208.13999938964844,172.4054718017578,79643900
2014-12-30,208.2100067138672,208.3699951171875,207.50999450683594,171.48033142089844,73540800
2014-12-31,207.99000549316406,208.19000244140625,205.38999938964844,169.7787322998047,130333800
2015-01-02,206.3800048828125,206.8800048828125,204.17999267578125,169.68783569335938,121465900
2015-01-05,204.1699981689453,204.3699951171875,201.35000610351562,166.62332153320312,169632600
2015-01-06,202.08999633789062,202.72000122070312,198.86000061035156,165.05393981933594,209151400
2015-01-07,201.4199981689453,202.72000122070312,200.8800048828125,167.11065673828125,125346700
2015-01-08,204.00999450683594,206.16000366210938,203.99000549316406,170.07611083984375,147217800
2015-01-09,206.39999389648438,206.4199981689453,203.50999450683594,168.7131805419922,158567300
2015-01-12,204.41000366210938,204.60000610351562,201.9199981689453,167.3915557861328,144396100
2015-01-13,204.1199951171875,205.47999572753906,200.50999450683594,166.92071533203125,214553300
2015-01-14,199.64999389648438,201.10000610351562,198.57000732421875,165.91299438476562,192991100
2015-01-15,201.6300048828125,202.00999450683594,198.8800048828125,164.3931121826172,176613900
2015-01-16,198.77000427246094,201.82000732421875,198.5500030517578,166.54898071289062,211879600
2015-01-20,202.39999389648438,202.72000122070312,200.1699981689453,166.90414428710938,130991100
2015-01-21,201.5,203.66000366210938,200.94000244140625,167.74671936035156,122942700
2015-01-22,203.99000549316406,206.25999450683594,202.3300018310547,170.24122619628906,174356000
2015-01-23,205.7899932861328,206.10000610351562,204.80999755859375,169.307861328125,117516800
2015-01-26,204.7100067138672,205.55999755859375,203.85000610351562,169.70431518554688,92009700
2015-01-27,202.97000122070312,204.1199951171875,201.74000549316406,167.4658660888672,134044600
2015-01-28,204.1699981689453,204.2899932861328,199.91000366210938,165.31825256347656,168514300
2015-01-29,200.3800048828125,202.3000030517578,198.67999267578125,166.84642028808594,173585400
2015-01-30,200.57000732421875,202.1699981689453,199.1300048828125,164.74827575683594,197729700
2015-02-02,200.0500030517578,202.02999877929688,197.86000061035156,166.78857421875,163107000
2015-02-03,203.0,204.85000610351562,202.5500030517578,169.20050048828125,124212900
2015-02-04,203.9199981689453,205.3800048828125,203.50999450683594,168.5562286376953,134306700
2015-02-05,204.86000061035156,206.3000030517578,204.77000427246094,170.2577667236328,97953200
2015-02-06,206.55999755859375,207.24000549316406,204.9199981689453,169.78689575195312,125672000
2015-02-09,204.77000427246094,205.63999938964844,204.13999938964844,169.0270538330078,87219000
2015-02-10,205.8800048828125,207.1199951171875,204.67999267578125,170.82778930664062,96164200
2015-02-11,206.61000061035156,207.4499969482422,205.8300018310547,170.92686462402344,91087800
2015-02-12,207.88999938964844,208.99000549316406,206.97000122070312,172.57064819335938,97545900
2015-02-13,209.07000732421875,209.83999633789062,208.75999450683594,173.28102111816406,93670400
2015-02-17,209.39999389648438,210.32000732421875,209.10000610351562,173.5536346435547,76968200
2015-02-18,209.66000366210938,210.22000122070312,209.33999633789062,173.57008361816406,80652900
2015-02-19,209.41000366210938,210.4199981689453,209.24000549316406,173.4462432861328,91462500
2015-02-20,209.47999572753906,211.3300018310547,208.72999572753906,174.4869842529297,140896400
2015-02-23,210.94000244140625,211.2100067138672,210.47999572753906,174.4622344970703,74411100
2015-02-24,211.1199951171875,212.0500030517578,210.75999450683594,174.95782470703125,72472300
2015-02-25,211.66000366210938,212.24000549316406,211.22000122070312,174.8091583251953,73061700
2015-02-26,211.52000427246094,211.7100067138672,210.64999389648438,174.60264587402344,72697900
2015-02-27,211.25999450683594,211.5800018310547,210.60000610351562,174.00796508789062,108076000
2015-03-02,210.77999877929688,212.05999755859375,210.72000122070312,175.10647583007812,87491400
2015-03-03,211.47000122070312,212.0500030517578,210.0800018310547,174.38783264160156,110325800
2015-03-04,210.39999389648438,210.49000549316406,209.05999755859375,173.65264892578125,114497200
2015-03-05,210.6199951171875,210.8000030517578,209.85000610351562,173.84271240234375,76873000
2015-03-06,209.4199981689453,209.94000244140625,207.10000610351562,171.39768981933594,188128000
2015-03-09,207.74000549316406,208.7899932861328,207.5500030517578,172.10806274414062,89818900
2015-03-10,206.7100067138672,206.80999755859375,204.92999267578125,169.31614685058594,157121300
2015-03-11,205.2899932861328,205.5,204.39999389648438,168.91966247558594,110145700
2015-03-12,205.25999450683594,207.17999267578125,205.1999969482422,171.0672607421875,93993500
2015-03-13,206.77000427246094,207.92999267578125,204.5800018310547,170.0182342529297,162410900
2015-03-16,206.7100067138672,208.69000244140625,205.86000061035156,172.28976440429688,136099200
2015-03-17,207.69000244140625,208.4199981689453,206.97999572753906,171.7776336669922,94510400
2015-03-18,207.38999938964844,211.27000427246094,206.6199951171875,173.84271240234375,228808500
2015-03-19,209.9600067138672,210.47000122070312,209.02999877929688,173.04969787597656,117917300
2015-03-20,209.7100067138672,211.02000427246094,209.49000549316406,174.57716369628906,177715100
2015-03-23,210.4199981689453,211.11000061035156,210.0,174.2369842529297,71784500
2015-03-24,209.85000610351562,210.39999389648438,208.74000549316406,173.25799560546875,77805300
2015-03-25,209.07000732421875,209.35000610351562,205.7100067138672,170.71908569335938,159521700
2015-03-26,204.9600067138672,206.3699951171875,204.1199951171875,170.31253051757812,153067200
2015-03-27,205.1300048828125,205.9499969482422,204.89999389648438,170.7025146484375,118939000
2015-03-30,206.97999572753906,208.61000061035156,206.9600067138672,172.7850799560547,96180400
2015-03-31,207.25999450683594,208.10000610351562,206.36000061035156,171.2749786376953,126768700
2015-04-01,206.38999938964844,206.4199981689453,204.50999450683594,170.66934204101562,137303600
2015-04-02,205.6199951171875,206.97999572753906,205.39999389648438,171.28326416015625,86900900
2015-04-06,205.3699951171875,208.4499969482422,205.2100067138672,172.4365692138672,114368200
2015-04-07,207.86000061035156,208.75999450683594,207.24000549316406,171.98023986816406,81236300
2015-04-08,207.5500030517578,208.50999450683594,207.0800018310547,172.5610809326172,89351900
2015-04-09,207.77999877929688,209.17999267578125,207.19000244140625,173.32440185546875,85548900
2015-04-10,209.1999969482422,210.08999633789062,208.9600067138672,174.270263671875,72722900
2015-04-13,209.8699951171875,210.6300048828125,209.02999877929688,173.4820098876953,74436600
2015-04-14,208.85000610351562,209.7100067138672,208.10000610351562,173.8138427734375,75099900
2015-04-15,210.0500030517578,211.0399932861328,209.9499969482422,174.59385681152344,99529300
2015-04-16,210.02999877929688,210.97999572753906,209.7899932861328,174.5440216064453,68934900
2015-04-17,208.94000244140625,209.22999572753906,207.00999450683594,172.53610229492188,191113200
2015-04-20,209.05999755859375,210.25,208.9600067138672,174.11253356933594,92189500
2015-04-21,210.6699981689453,210.86000061035156,209.24000549316406,173.90513610839844,72559800
2015-04-22,210.00999450683594,210.85000610351562,208.89999389648438,174.7597198486328,78264600
2015-04-23,210.14999389648438,211.94000244140625,210.00999450683594,175.19949340820312,102585900
2015-04-24,211.66000366210938,211.97000122070312,211.11000061035156,175.6060028076172,61327400
2015-04-27,212.3300018310547,212.47999572753906,210.5399932861328,174.87596130371094,79358100
2015-04-28,210.74000549316406,211.5,209.3300018310547,175.43177795410156,86863500
2015-04-29,210.3699951171875,211.2899932861328,209.60000610351562,174.7099609375,125684900
2015-04-30,209.8800048828125,210.35000610351562,207.6199951171875,172.95928955078125,161304900
2015-05-01,209.39999389648438,210.77000427246094,209.27999877929688,174.8344268798828,103399700
2015-05-04,211.22999572753906,212.02000427246094,211.10000610351562,175.33221435546875,70927200
2015-05-05,211.02999877929688,211.4600067138672,208.72999572753906,173.32440185546875,113326200
2015-05-06,209.55999755859375,209.92999267578125,206.75999450683594,172.61083984375,135060200
2015-05-07,207.9199981689453,209.3800048828125,207.52000427246094,173.29949951171875,88244900
2015-05-08,210.8800048828125,211.86000061035156,210.77999877929688,175.58111572265625,155877300
2015-05-11,211.57000732421875,211.88999938964844,210.52000427246094,174.74317932128906,75708100
2015-05-12,209.61000061035156,210.6300048828125,208.6199951171875,174.22042846679688,119727600
2015-05-13,210.47000122070312,211.22000122070312,209.74000549316406,174.25364685058594,94667900
2015-05-14,211.24000549316406,212.32000732421875,210.91000366210938,176.07066345214844,95934000
2015-05-15,212.44000244140625,212.61000061035156,211.86000061035156,176.26150512695312,76510100
2015-05-18,212.24000549316406,213.39999389648438,212.16000366210938,176.80908203125,74549700
2015-05-19,213.24000549316406,213.57000732421875,212.69000244140625,176.75103759765625,72114600
2015-05-20,213.14999389648438,213.77999877929688,212.5,176.62657165527344,76857500
2015-05-21,212.7100067138672,213.75,212.50999450683594,177.14097595214844,64764600
2015-05-22,213.0399932861328,213.5399932861328,212.91000366210938,176.71786499023438,57433500
2015-05-26,212.39999389648438,212.91000366210938,210.1999969482422,174.81776428222656,124308600
2015-05-27,211.25,212.97999572753906,210.75999450683594,176.4772491455078,93214000
2015-05-28,212.3300018310547,212.58999633789062,211.6300048828125,176.27809143066406,74974600
2015-05-29,212.3800048828125,212.42999267578125,210.82000732421875,175.182861328125,124919600
2015-06-01,211.94000244140625,212.33999633789062,210.6199951171875,175.53965759277344,93338800
2015-06-02,211.02000427246094,212.19000244140625,210.27000427246094,175.36537170410156,91531000
2015-06-03,212.0,212.6699981689453,211.3300018310547,175.83009338378906,87820900
2015-06-04,211.07000732421875,211.86000061035156,209.75,174.34486389160156,151882800
2015-06-05,209.9499969482422,210.5800018310547,208.97999572753906,174.04624938964844,121704700
2015-06-08,209.63999938964844,209.82000732421875,208.38999938964844,172.975830078125,89063300
2015-06-09,208.4499969482422,209.10000610351562,207.69000244140625,172.9510498046875,105034700
2015-06-10,209.3699951171875,211.41000366210938,209.3000030517578,175.0252685546875,134551300
2015-06-11,211.47999572753906,212.08999633789062,211.1999969482422,175.58950805664062,73876400
2015-06-12,210.63999938964844,211.47999572753906,209.67999267578125,174.24526977539062,135382400
2015-06-15,208.63999938964844,209.4499969482422,207.7899932861328,173.49864196777344,124384200
2015-06-16,208.92999267578125,210.35000610351562,208.72000122070312,174.4444580078125,85308200
2015-06-17,210.58999633789062,211.32000732421875,209.36000061035156,174.72657775878906,126708600
2015-06-18,211.30999755859375,213.33999633789062,210.6300048828125,176.54356384277344,165867900
2015-06-19,211.4600067138672,211.5500030517578,210.36000061035156,175.75987243652344,130478700
2015-06-22,211.91000366210938,212.58999633789062,211.63999938964844,176.66033935546875,70696000
2015-06-23,212.13999938964844,212.44000244140625,211.57000732421875,176.785400390625,68476800
2015-06-24,211.72000122070312,212.1699981689453,210.47000122070312,175.5014190673828,92307300
2015-06-25,211.10000610351562,211.25,209.77000427246094,174.96783447265625,97107400
2015-06-26,210.2899932861328,210.5800018310547,209.16000366210938,174.9344940185547,104174800
2015-06-29,208.0500030517578,209.8300018310547,205.3300018310547,171.26605224609375,202621300
2015-06-30,207.25999450683594,207.32000732421875,205.27999877929688,171.62454223632812,182925100
2015-07-01,207.72999572753906,208.02999877929688,206.55999755859375,173.0001983642578,135979900
2015-07-02,208.07000732421875,208.27000427246094,206.80999755859375,172.84181213378906,104373700
2015-07-06,205.77000427246094,207.64999389648438,205.52999877929688,172.34983825683594,117975400
2015-07-07,206.9600067138672,208.1699981689453,204.11000061035156,173.4337615966797,173820200
2015-07-08,206.4199981689453,206.75999450683594,204.25,170.52401733398438,164020100
2015-07-09,207.0399932861328,207.35000610351562,204.77000427246094,170.8324737548828,144113100
2015-07-10,207.2899932861328,207.97999572753906,204.9499969482422,172.98353576660156,129456900
2015-07-13,208.99000549316406,209.89999389648438,208.94000244140625,174.89283752441406,106069400
2015-07-14,209.72000122070312,211.0500030517578,209.64999389648438,175.65147399902344,81709600
2015-07-15,210.72999572753906,211.27999877929688,210.0399932861328,175.59317016601562,97914100
2015-07-16,211.8699951171875,212.3000030517578,211.5800018310547,177.00216674804688,106683300
2015-07-17,212.2899932861328,212.5500030517578,211.8000030517578,177.15225219726562,89030000
2015-07-20,212.75,213.17999267578125,212.2100067138672,177.243896484375,70446800
2015-07-21,212.42999267578125,212.74000549316406,211.38999938964844,176.54356384277344,77965000
2015-07-22,210.92999267578125,211.77000427246094,210.88999938964844,176.2267608642578,88667900
2015-07-23,211.52999877929688,211.64999389648438,209.75,175.23460388183594,90509100
2015-07-24,210.3000030517578,210.3699951171875,207.60000610351562,173.41705322265625,117755000
2015-07-27,206.94000244140625,207.5500030517578,206.25999450683594,172.40823364257812,132361100
2015-07-28,207.7899932861328,209.5,206.8000030517578,174.5259552001953,123544800
2015-07-29,209.47999572753906,211.0399932861328,209.30999755859375,175.72659301757812,105791300
2015-07-30,210.16000366210938,211.02000427246094,209.4199981689453,175.7681884765625,91304400
2015-07-31,211.4199981689453,211.4499969482422,210.16000366210938,175.5014190673828,103266900
2015-08-03,210.4600067138672,210.52999877929688,208.64999389648438,174.90945434570312,113965700
2015-08-04,209.6999969482422,210.25,208.8000030517578,174.56765747070312,81820800
2015-08-05,210.4499969482422,211.30999755859375,209.72999572753906,175.1429443359375,85786800
2015-08-06,210.2899932861328,210.4199981689453,207.64999389648438,173.7089080810547,116030800
2015-08-07,208.16000366210938,208.33999633789062,206.8699951171875,173.3753662109375,117858000
2015-08-10,209.27999877929688,210.6699981689453,209.27999877929688,175.55979919433594,80270700
2015-08-11,208.97000122070312,209.47000122070312,207.75999450683594,173.97567749023438,126081400
2015-08-12,207.11000061035156,209.13999938964844,205.36000061035156,174.18414306640625,172123700
2015-08-13,208.72999572753906,209.5500030517578,208.00999450683594,173.96731567382812,89383300
2015-08-14,208.42999267578125,209.50999450683594,208.25999450683594,174.60096740722656,72786500
2015-08-17,208.7100067138672,210.58999633789062,208.16000366210938,175.5764617919922,79072600
2015-08-18,210.25999450683594,210.67999267578125,209.6999969482422,175.06784057617188,71692700
2015-08-19,209.08999633789062,210.00999450683594,207.35000610351562,173.68386840820312,172946000
2015-08-20,206.50999450683594,208.2899932861328,203.89999389648438,170.05715942382812,194327900
2015-08-21,201.72999572753906,203.94000244140625,197.52000427246094,164.93800354003906,346588500
2015-08-24,187.49000549316406,197.47999572753906,182.39999389648438,157.99295043945312,507244300
2015-08-25,195.42999267578125,195.4499969482422,186.9199981689453,156.13372802734375,369833100
2015-08-26,192.0800018310547,194.7899932861328,188.3699951171875,162.12831115722656,339257000
2015-08-27,197.02000427246094,199.4199981689453,195.2100067138672,166.13853454589844,274143900
2015-08-28,198.5,199.83999633789062,197.9199981689453,166.14691162109375,160414400
2015-08-31,198.11000061035156,199.1300048828125,197.00999450683594,164.80455017089844,163298800
2015-09-01,193.1199951171875,194.77000427246094,190.72999572753906,159.88555908203125,256000400
2015-09-02,194.6199951171875,195.4600067138672,192.4199981689453,162.92031860351562,160269300
2015-09-03,196.25999450683594,198.0500030517578,194.9600067138672,163.0370635986328,152087800
2015-09-04,192.85000610351562,193.86000061035156,191.61000061035156,160.56919860839844,207081000
2015-09-08,195.94000244140625,197.61000061035156,195.1699981689453,164.6045379638672,116025700
2015-09-09,199.32000732421875,199.47000122070312,194.35000610351562,162.40342712402344,149347700
2015-09-10,194.55999755859375,197.22000122070312,194.25,163.2871856689453,158611100
2015-09-11,195.3800048828125,196.82000732421875,194.52999877929688,164.0292510986328,119691200
2015-09-14,196.9499969482422,197.00999450683594,195.42999267578125,163.4205780029297,79452000
2015-09-15,196.61000061035156,198.99000549316406,195.9600067138672,165.4632568359375,113806200
2015-09-16,198.82000732421875,200.41000366210938,198.41000366210938,166.89723205566406,99581600
2015-09-17,200.02000427246094,202.88999938964844,199.27999877929688,166.5220947265625,276046600
2015-09-18,195.7100067138672,198.67999267578125,194.9600067138672,163.8008575439453,223657500
2015-09-21,196.44000244140625,197.67999267578125,195.2100067138672,164.6473388671875,105726200
2015-09-22,193.8800048828125,194.4600067138672,192.55999755859375,162.51025390625,153890900
2015-09-23,194.11000061035156,194.6699981689453,192.91000366210938,162.2504425048828,92790600
2015-09-24,192.14999389648438,193.4499969482422,190.55999755859375,161.663818359375,159378800
2015-09-25,194.63999938964844,195.0,191.80999755859375,161.62191772460938,155054800
2015-09-28,191.77999877929688,191.91000366210938,187.63999938964844,157.56561279296875,178515900
2015-09-29,188.27000427246094,189.74000549316406,186.92999267578125,157.65777587890625,159045600
2015-09-30,190.3699951171875,191.8300018310547,189.44000244140625,160.59939575195312,163452000
2015-10-01,192.0800018310547,192.49000549316406,189.82000732421875,161.01846313476562,131079000
2015-10-02,189.77000427246094,195.02999877929688,189.1199951171875,163.42372131347656,211003300
2015-10-05,196.4600067138672,198.74000549316406,196.3300018310547,166.33184814453125,126320800
2015-10-06,198.30999755859375,198.97999572753906,197.0,165.76190185546875,110274500
2015-10-07,198.89999389648438,199.8300018310547,197.47999572753906,167.11962890625,124307300
2015-10-08,198.9499969482422,201.5500030517578,198.58999633789062,168.6282196044922,153055200
2015-10-09,201.3800048828125,201.89999389648438,200.5800018310547,168.728759765625,107069200
2015-10-12,201.4199981689453,201.75999450683594,200.91000366210938,168.88796997070312,56395600
2015-10-13,200.64999389648438,202.16000366210938,200.0500030517578,167.8236083984375,88038700
2015-10-14,200.17999267578125,200.8699951171875,198.94000244140625,167.01904296875,99106200
2015-10-15,200.0800018310547,202.36000061035156,199.63999938964844,169.58351135253906,134142200
2015-10-16,202.8300018310547,203.2899932861328,201.9199981689453,170.3545684814453,114580100
2015-10-19,202.5,203.3699951171875,202.1300048828125,170.43838500976562,76523900
2015-10-20,202.85000610351562,203.83999633789062,202.5500030517578,170.22052001953125,78448500
2015-10-21,203.61000061035156,203.7899932861328,201.64999389648438,169.16453552246094,102038000
2015-10-22,202.97999572753906,205.50999450683594,201.85000610351562,172.0223388671875,174911700
2015-10-23,207.25,207.9499969482422,206.3000030517578,173.9080047607422,144442300
2015-10-26,207.3000030517578,207.3699951171875,206.55999755859375,173.48052978515625,69033000
2015-10-27,206.1999969482422,207.0,205.7899932861328,173.1453857421875,77905800
2015-10-28,207.0,208.97999572753906,206.2100067138672,175.11488342285156,135906700
2015-10-29,208.35000610351562,209.27000427246094,208.2100067138672,175.0142364501953,90525500
2015-10-30,209.05999755859375,209.44000244140625,207.74000549316406,174.25994873046875,131076900
2015-11-02,208.32000732421875,210.6199951171875,208.1699981689453,176.32164001464844,86270800
2015-11-03,209.97000122070312,211.66000366210938,209.6999969482422,176.83290100097656,95246100
2015-11-04,211.35000610351562,211.5,209.72000122070312,176.2965087890625,96224500
2015-11-05,210.42999267578125,210.97999572753906,209.08999633789062,176.12049865722656,78408700
2015-11-06,209.74000549316406,210.32000732421875,208.4600067138672,176.02835083007812,110471500
2015-11-09,209.30999755859375,209.49000549316406,206.9499969482422,174.38565063476562,131008700
2015-11-10,207.50999450683594,208.60000610351562,207.19000244140625,174.78797912597656,75874600
2015-11-11,208.8800048828125,208.94000244140625,207.66000366210938,174.1007537841797,67846000
2015-11-12,206.5,207.05999755859375,204.82000732421875,171.6703643798828,121315200
2015-11-13,204.35000610351562,204.6699981689453,202.44000244140625,169.74276733398438,153577100
2015-11-16,202.32000732421875,205.69000244140625,202.17999267578125,172.3240203857422,117645200
2015-11-17,205.99000549316406,207.0399932861328,204.8800048828125,172.19833374023438,121123700
2015-11-18,206.0399932861328,208.89999389648438,205.99000549316406,174.93045043945312,121342500
2015-11-19,208.58999633789062,209.0500030517578,208.1999969482422,174.7795867919922,88220500
2015-11-20,209.4499969482422,210.1199951171875,208.86000061035156,175.41653442382812,94011500
2015-11-23,209.3800048828125,209.97999572753906,208.52000427246094,175.21534729003906,64931200
2015-11-24,207.8699951171875,209.8300018310547,207.41000366210938,175.4500732421875,98874400
2015-11-25,209.5,209.74000549316406,209.00999450683594,175.42491149902344,51980100
2015-11-27,209.42999267578125,209.8000030517578,208.86000061035156,175.62603759765625,37317800
2015-11-30,209.75,209.88999938964844,208.55999755859375,174.8968963623047,112822700
2015-12-01,209.44000244140625,210.82000732421875,209.11000061035156,176.56468200683594,97858400
2015-12-02,210.6199951171875,211.0,208.22999572753906,174.76284790039062,108441300
2015-12-03,208.8300018310547,209.14999389648438,204.75,172.315673828125,166224200
2015-12-04,205.61000061035156,209.97000122070312,205.61000061035156,175.67636108398438,192913900
2015-12-07,209.22999572753906,209.72999572753906,207.1999969482422,174.61196899414062,102027100
2015-12-08,206.49000549316406,208.2899932861328,205.77999877929688,173.43865966796875,103372400
2015-12-09,206.19000244140625,208.67999267578125,204.17999267578125,172.08935546875,162401500
2015-12-10,205.4199981689453,207.42999267578125,205.13999938964844,172.53359985351562,116128900
2015-12-11,203.35000610351562,204.13999938964844,201.50999450683594,169.18968200683594,211173300
2015-12-14,202.07000732421875,203.0500030517578,199.9499969482422,170.0445098876953,182385200
2015-12-15,204.6999969482422,206.11000061035156,202.8699951171875,171.82958984375,154069600
2015-12-16,206.3699951171875,208.38999938964844,204.8000030517578,174.34376525878906,197017000
2015-12-17,208.39999389648438,208.47999572753906,204.83999633789062,171.6871337890625,173092500
2015-12-18,202.77000427246094,202.92999267578125,199.8300018310547,168.62850952148438,251393500
2015-12-21,201.41000366210938,201.8800048828125,200.08999633789062,170.01954650878906,99094300
2015-12-22,202.72000122070312,203.85000610351562,201.5500030517578,171.5623321533203,111026200
2015-12-23,204.69000244140625,206.07000732421875,204.5800018310547,173.6868133544922,110987200
2015-12-24,205.72000122070312,206.3300018310547,205.4199981689453,173.40020751953125,48539600
2015-12-28,204.86000061035156,205.25999450683594,203.94000244140625,173.00393676757812,65899900
2015-12-29,206.50999450683594,207.7899932861328,206.47000122070312,174.8502655029297,92640700
2015-12-30,207.11000061035156,207.2100067138672,205.75999450683594,173.6109619140625,63317700
2015-12-31,205.1300048828125,205.88999938964844,203.8699951171875,171.87429809570312,114877900
2016-01-04,200.49000549316406,201.02999877929688,198.58999633789062,169.4715576171875,222353500
2016-01-05,201.39999389648438,201.89999389648438,200.0500030517578,169.75819396972656,110845800
2016-01-06,198.33999633789062,200.05999755859375,197.60000610351562,167.61683654785156,152112600
2016-01-07,195.3300018310547,197.44000244140625,193.58999633789062,163.59547424316406,213436100
2016-01-08,195.19000244140625,195.85000610351562,191.5800018310547,161.79974365234375,209817200
2016-01-11,193.00999450683594,193.41000366210938,189.82000732421875,161.9598846435547,187941300
2016-01-12,193.82000732421875,194.5500030517578,191.13999938964844,163.2666473388672,172330500
2016-01-13,194.4499969482422,194.86000061035156,188.3800048828125,159.19468688964844,221168900
2016-01-14,189.5500030517578,193.25999450683594,187.66000366210938,161.8081817626953,240795600
2016-01-15,186.77000427246094,188.75999450683594,185.52000427246094,158.3347625732422,324846400
2016-01-19,189.9600067138672,190.11000061035156,186.1999969482422,158.54550170898438,195244400
2016-01-20,185.02999877929688,187.5,181.02000427246094,156.51377868652344,286547800
2016-01-21,186.2100067138672,188.8699951171875,184.63999938964844,157.39051818847656,195772900
2016-01-22,189.77999877929688,190.75999450683594,188.8800048828125,160.61947631835938,168319600
2016-01-25,189.9199981689453,190.14999389648438,187.41000366210938,158.19143676757812,130371700
2016-01-26,188.4199981689453,190.52999877929688,188.02000427246094,160.3496856689453,141036800
2016-01-27,189.5800018310547,191.55999755859375,187.05999755859375,158.60452270507812,185681700
2016-01-28,189.9600067138672,190.1999969482422,187.16000366210938,159.43077087402344,143798800
2016-01-29,190.02000427246094,193.8800048828125,189.8800048828125,163.3173065185547,210529300
2016-02-01,192.52999877929688,194.5800018310547,191.83999633789062,163.25819396972656,136061600
2016-02-02,191.9600067138672,191.97000122070312,189.5399932861328,160.31591796875,182564900
2016-02-03,191.41000366210938,191.77999877929688,187.10000610351562,161.27699279785156,205054900
2016-02-04,190.7100067138672,192.75,189.9600067138672,161.52999877929688,139531800
2016-02-05,190.99000549316406,191.6699981689453,187.1999969482422,158.45274353027344,180788300
2016-02-08,185.77000427246094,186.1199951171875,182.8000030517578,156.31985473632812,191526700
2016-02-09,183.36000061035156,186.94000244140625,183.1999969482422,156.3282470703125,184513100
2016-02-10,186.41000366210938,188.33999633789062,185.1199951171875,156.19338989257812,148214100
2016-02-11,182.33999633789062,184.10000610351562,181.08999633789062,154.1615753173828,219058900
2016-02-12,184.9600067138672,186.64999389648438,183.9600067138672,157.33995056152344,127632400
2016-02-16,188.77000427246094,189.80999755859375,187.6300048828125,159.99554443359375,120250700
2016-02-17,191.16000366210938,193.32000732421875,191.00999450683594,162.60903930664062,136009500
2016-02-18,193.1999969482422,193.27000427246094,191.72000122070312,161.94302368164062,102343000
2016-02-19,191.1699981689453,192.17999267578125,190.4499969482422,161.86717224121094,114793000
2016-02-22,193.8699951171875,194.9499969482422,193.7899932861328,164.21087646484375,103640300
2016-02-23,194.0,194.32000732421875,192.17999267578125,162.13693237304688,111455300
2016-02-24,190.6300048828125,193.52999877929688,189.32000732421875,162.87879943847656,150812200
2016-02-25,193.72999572753906,195.5500030517578,192.8300018310547,164.85159301757812,110728300
2016-02-26,196.57000732421875,196.67999267578125,194.89999389648438,164.4722137451172,129833700
2016-02-29,195.11000061035156,196.22999572753906,193.3300018310547,163.18238830566406,125918100
2016-03-01,195.00999450683594,198.2100067138672,194.4499969482422,167.0182342529297,141799700
2016-03-02,197.74000549316406,199.05999755859375,197.25,167.7685546875,102415000
2016-03-03,198.7899932861328,199.8000030517578,198.11000061035156,168.42617797851562,95172200
2016-03-04,200.00999450683594,201.35000610351562,199.02999877929688,168.9741668701172,129293600
2016-03-07,199.33999633789062,201.07000732421875,199.25,169.10902404785156,100219000
2016-03-08,199.32000732421875,199.9199981689453,198.2100067138672,167.26271057128906,123974900
2016-03-09,199.36000061035156,199.7899932861328,198.42999267578125,168.08895874023438,94801200
2016-03-10,199.9600067138672,201.07000732421875,197.3800048828125,168.2238006591797,156838700
2016-03-11,201.25999450683594,202.80999755859375,199.52000427246094,170.93850708007812,137964500
2016-03-14,202.16000366210938,203.0399932861328,201.77000427246094,170.71926879882812,73612000
2016-03-15,201.36000061035156,202.52999877929688,201.0500030517578,170.4411163330078,93169100
2016-03-16,201.60000610351562,203.82000732421875,201.5500030517578,171.42747497558594,129303200
2016-03-17,203.24000549316406,205.22999572753906,202.77000427246094,172.51498413085938,134278500
2016-03-18,204.1699981689453,204.77999877929688,203.8000030517578,173.19287109375,138372400
2016-03-21,204.07000732421875,204.94000244140625,203.8000030517578,173.438720703125,72926700
2016-03-22,203.75999450683594,205.22999572753906,203.57000732421875,173.34542846679688,97471900
2016-03-23,204.11000061035156,204.3300018310547,203.00999450683594,172.20143127441406,81052500
2016-03-24,202.0,203.16000366210938,201.74000549316406,172.12515258789062,84360900
2016-03-28,203.61000061035156,203.86000061035156,202.7100067138672,172.2268524169922,62408200
2016-03-29,202.75999450683594,205.25,202.39999389648438,173.81996154785156,92922900
2016-03-30,206.3000030517578,206.8699951171875,205.58999633789062,174.58265686035156,86365300
2016-03-31,205.91000366210938,206.41000366210938,205.3300018310547,174.15895080566406,94584100
2016-04-01,204.35000610351562,207.13999938964844,203.97999572753906,175.34530639648438,114423500
2016-04-04,206.8300018310547,207.07000732421875,205.88999938964844,174.77757263183594,63497000
2016-04-05,204.6699981689453,206.25999450683594,203.88999938964844,173.03189086914062,99662200
2016-04-06,204.19000244140625,206.49000549316406,203.97999572753906,174.92166137695312,91839800
2016-04-07,205.13999938964844,205.55999755859375,203.08999633789062,172.8284912109375,113859000
2016-04-08,205.33999633789062,205.85000610351562,203.8699951171875,173.29461669921875,95040600
2016-04-11,205.25,206.07000732421875,203.91000366210938,172.88783264160156,83757500
2016-04-12,204.22000122070312,206.25,203.6999969482422,174.4979248046875,115350600
2016-04-13,207.0,208.10000610351562,206.83999633789062,176.26055908203125,96336400
2016-04-14,208.07000732421875,208.60000610351562,207.60000610351562,176.26898193359375,65212900
2016-04-15,208.00999450683594,208.1699981689453,207.39999389648438,176.07408142089844,75761600
2016-04-18,207.77999877929688,209.27999877929688,207.0,177.31130981445312,82531000
2016-04-19,209.74000549316406,210.1999969482422,208.94000244140625,177.87062072753906,88316100
2016-04-20,209.9499969482422,210.9199981689453,209.38999938964844,178.0400848388672,81100300
2016-04-21,210.1199951171875,210.25,208.64999389648438,177.08251953125,85695000
2016-04-22,208.5500030517578,209.2899932861328,207.91000366210938,177.08251953125,99251700
2016-04-25,208.25999450683594,208.66000366210938,207.5399932861328,176.77740478515625,66166500
2016-04-26,209.0399932861328,209.52000427246094,208.36000061035156,177.04013061523438,75864200
2016-04-27,208.47000122070312,209.80999755859375,208.0500030517578,177.40457153320312,77329400
2016-04-28,208.4600067138672,209.75999450683594,206.9600067138672,175.79444885253906,97216200
2016-04-29,206.72000122070312,207.1300048828125,205.02999877929688,174.84535217285156,142424100
2016-05-02,206.9199981689453,208.17999267578125,206.41000366210938,176.2350616455078,62188000
2016-05-03,206.52000427246094,206.8000030517578,205.27999877929688,174.70132446289062,106422100
2016-05-04,204.99000549316406,205.85000610351562,204.4199981689453,173.72677612304688,92243800
2016-05-05,205.55999755859375,205.97999572753906,204.47000122070312,173.69284057617188,67619200
2016-05-06,204.05999755859375,205.77000427246094,203.8800048828125,174.3284454345703,89315000
2016-05-09,205.57000732421875,206.39999389648438,205.36000061035156,174.47247314453125,74374900
2016-05-10,206.72000122070312,208.47000122070312,206.63999938964844,176.6418914794922,77472200
2016-05-11,207.91000366210938,208.5399932861328,206.5,174.98944091796875,81727000
2016-05-12,207.2899932861328,207.49000549316406,205.3699951171875,175.04026794433594,89586300
2016-05-13,206.2100067138672,206.86000061035156,204.3800048828125,173.5149688720703,96474600
2016-05-16,204.9600067138672,207.33999633789062,204.88999938964844,175.22669982910156,77486800
2016-05-17,206.4600067138672,206.8000030517578,204.22999572753906,173.59120178222656,114924900
2016-05-18,204.44000244140625,206.3000030517578,203.6300048828125,173.6420440673828,120062100
2016-05-19,204.05999755859375,204.5399932861328,202.77999877929688,173.04039001464844,115430500
2016-05-20,204.9199981689453,206.10000610351562,204.86000061035156,174.13357543945312,104990400
2016-05-23,205.50999450683594,205.83999633789062,204.99000549316406,173.89630126953125,58682600
2016-05-24,206.1699981689453,208.24000549316406,206.13999938964844,176.150390625,93537800
2016-05-25,208.6699981689453,209.77000427246094,207.8699951171875,177.34521484375,76621400
2016-05-26,209.44000244140625,209.7100067138672,208.97000122070312,177.39601135253906,55280700
2016-05-27,209.52999877929688,210.25,209.47000122070312,178.15872192382812,64211200
2016-05-31,210.55999755859375,210.69000244140625,209.17999267578125,177.81971740722656,109879400
2016-06-01,209.1199951171875,210.47999572753906,208.88999938964844,178.18409729003906,69936200
2016-06-02,209.8000030517578,210.92999267578125,209.24000549316406,178.72647094726562,63044700
2016-06-03,210.25,210.69000244140625,208.86000061035156,178.1926727294922,101757100
2016-06-06,210.6999969482422,211.77000427246094,210.50999450683594,179.09939575195312,64887000
2016-06-07,211.52999877929688,212.33999633789062,211.5,179.3789520263672,60974800
2016-06-08,211.83999633789062,212.52000427246094,211.69000244140625,179.9636688232422,66170900
2016-06-09,211.50999450683594,212.22000122070312,211.19000244140625,179.7179718017578,73786900
2016-06-10,210.4600067138672,210.86000061035156,209.42999267578125,178.01467895507812,113829200
2016-06-13,209.36000061035156,210.3699951171875,208.35000610351562,176.6418914794922,117751200
2016-06-14,208.0,208.74000549316406,206.9199981689453,176.29441833496094,125059300
2016-06-15,208.0399932861328,209.36000061035156,207.52999877929688,176.04869079589844,109124500
2016-06-16,207.75,208.57000732421875,205.58999633789062,176.57406616210938,149533100
2016-06-17,207.1699981689453,207.1999969482422,205.75,175.91647338867188,117055700
2016-06-20,208.82000732421875,209.61000061035156,207.75,177.04946899414062,82789600
2016-06-21,208.3000030517578,208.9199981689453,207.77999877929688,177.5519561767578,72461700
2016-06-22,208.64999389648438,209.5,207.92999267578125,177.26235961914062,95560500
2016-06-23,209.80999755859375,210.8699951171875,209.27000427246094,179.57073974609375,102731400
2016-06-24,203.6300048828125,210.85000610351562,202.72000122070312,173.1225128173828,333444400
2016-06-27,201.58999633789062,201.60000610351562,198.64999389648438,170.02191162109375,230775800
2016-06-28,201.47999572753906,203.22999572753906,201.1199951171875,173.08847045898438,159382400
2016-06-29,204.83999633789062,206.92999267578125,204.72000122070312,176.0356903076172,137328600
2016-06-30,207.2100067138672,209.5399932861328,206.55999755859375,178.43785095214844,165021900
2016-07-01,209.47999572753906,210.49000549316406,209.2899932861328,178.81260681152344,106055300
2016-07-05,208.9499969482422,209.0800018310547,207.7100067138672,177.52639770507812,109803700
2016-07-06,207.8300018310547,209.8000030517578,207.05999755859375,178.5911407470703,96021500
2016-07-07,209.8699951171875,210.64999389648438,208.6300048828125,178.48046875,85593800
2016-07-08,211.0500030517578,212.94000244140625,210.77999877929688,181.1381072998047,133971000
2016-07-11,213.19000244140625,214.07000732421875,212.9499969482422,181.77694702148438,73633900
2016-07-12,214.52999877929688,215.3000030517578,213.42999267578125,183.09727478027344,101275600
2016-07-13,215.44000244140625,215.4499969482422,214.35000610351562,183.07168579101562,87324100
2016-07-14,216.39999389648438,216.6699981689453,215.66000366210938,184.09384155273438,91230900
2016-07-15,216.77999877929688,217.00999450683594,215.30999755859375,183.8468475341797,107155400
2016-07-18,215.97000122070312,216.60000610351562,215.6699981689453,184.34091186523438,58725900
2016-07-19,215.9199981689453,216.22999572753906,215.6300048828125,184.1534881591797,54345700
2016-07-20,216.19000244140625,217.3699951171875,216.19000244140625,184.92019653320312,58159500
2016-07-21,216.9600067138672,217.22000122070312,215.75,184.2216339111328,67777300
2016-07-22,216.41000366210938,217.3000030517578,216.10000610351562,185.04791259765625,62787500
2016-07-25,217.0,217.05999755859375,215.97000122070312,184.54537963867188,55873100
2016-07-26,216.52999877929688,217.1699981689453,215.75999450683594,184.63052368164062,70080500
2016-07-27,217.19000244140625,217.27000427246094,215.6199951171875,184.43460083007812,84083900
2016-07-28,216.2899932861328,217.11000061035156,215.75,184.64756774902344,65035700
2016-07-29,216.4600067138672,217.5399932861328,216.1300048828125,184.94566345214844,79519400
2016-08-01,217.19000244140625,217.64999389648438,216.41000366210938,184.7923583984375,73311400
2016-08-02,216.64999389648438,216.8300018310547,214.57000732421875,183.6083221435547,92295500
2016-08-03,215.47999572753906,216.25,215.1300048828125,184.14500427246094,53993600
2016-08-04,216.30999755859375,216.77999877929688,214.25,184.34091186523438,46585500
2016-08-05,216.41000366210938,218.22999572753906,216.41000366210938,185.84861755371094,71892200
2016-08-08,218.39999389648438,218.52000427246094,217.74000549316406,185.7378387451172,39906500
2016-08-09,218.1300048828125,218.75999450683594,217.8000030517578,185.84861755371094,51251700
2016-08-10,218.30999755859375,218.39999389648438,217.22999572753906,185.38865661621094,57941100
2016-08-11,218.25999450683594,218.94000244140625,217.9499969482422,186.24896240234375,72504300
2016-08-12,218.2899932861328,218.7100067138672,217.99000549316406,186.08712768554688,61313500
2016-08-15,218.88999938964844,219.5,218.8800048828125,186.62374877929688,49813500
2016-08-16,218.60000610351562,218.67999267578125,217.9600067138672,185.6612091064453,53213600
2016-08-17,218.0,218.52999877929688,217.02000427246094,186.0104522705078,75134300
2016-08-18,218.33999633789062,218.89999389648438,218.2100067138672,186.42784118652344,52989300
2016-08-19,218.30999755859375,218.75,217.74000549316406,186.15528869628906,75443000
2016-08-22,218.25999450683594,218.8000030517578,217.8300018310547,186.146728515625,61368800
2016-08-23,219.25,219.60000610351562,218.89999389648438,186.52157592773438,53399200
2016-08-24,218.8000030517578,218.91000366210938,217.36000061035156,185.5675048828125,71728900
2016-08-25,217.39999389648438,218.19000244140625,217.22000122070312,185.43972778320312,69224800
2016-08-26,217.9199981689453,219.1199951171875,216.25,185.09048461914062,122506300
2016-08-29,217.44000244140625,218.6699981689453,217.39999389648438,186.00189208984375,70502200
2016-08-30,218.25999450683594,218.58999633789062,217.35000610351562,185.69525146484375,58114500
2016-08-31,217.61000061035156,217.75,216.47000122070312,185.16717529296875,85269500
2016-09-01,217.3699951171875,217.72999572753906,216.02999877929688,185.1756591796875,97844200
2016-09-02,218.38999938964844,218.8699951171875,217.6999969482422,186.0104522705078,79293900
2016-09-06,218.6999969482422,219.1199951171875,217.86000061035156,186.5726318359375,56702100
2016-09-07,218.83999633789062,219.22000122070312,218.3000030517578,186.55563354492188,76554900
2016-09-08,218.6199951171875,218.94000244140625,218.14999389648438,186.12966918945312,74102900
2016-09-09,216.97000122070312,217.02999877929688,213.25,181.67471313476562,221589100
2016-09-12,212.38999938964844,216.80999755859375,212.30999755859375,184.28126525878906,168110900
2016-09-13,214.83999633789062,215.14999389648438,212.5,181.6321258544922,182828800
2016-09-14,213.2899932861328,214.6999969482422,212.5,181.56402587890625,134185500
2016-09-15,212.9600067138672,215.72999572753906,212.75,183.37840270996094,134427900
2016-09-16,213.47999572753906,213.69000244140625,212.57000732421875,182.66946411132812,155236400
2016-09-19,214.1300048828125,214.8800048828125,213.02999877929688,182.7037353515625,80250500
2016-09-20,214.41000366210938,214.58999633789062,213.3800048828125,182.7122344970703,69665300
2016-09-21,214.24000549316406,216.02999877929688,213.44000244140625,184.7669677734375,110284400
2016-09-22,217.0,217.52999877929688,216.7100067138672,185.93128967285156,76678700
2016-09-23,216.72000122070312,216.8800048828125,215.8800048828125,184.91253662109375,73630900
2016-09-26,215.02000427246094,215.22999572753906,214.00999450683594,183.41433715820312,89827300
2016-09-27,214.0500030517578,215.67999267578125,213.6199951171875,184.5529327392578,78494800
2016-09-28,215.8300018310547,216.82000732421875,214.7100067138672,185.46896362304688,87411000
2016-09-29,216.39999389648438,216.8699951171875,214.0399932861328,183.79098510742188,128070600
2016-09-30,215.64999389648438,217.1199951171875,215.36000061035156,185.17788696289062,117202900
2016-10-03,215.82000732421875,216.0399932861328,215.0399932861328,184.73272705078125,83512100
2016-10-04,215.91000366210938,216.1699981689453,213.99000549316406,183.79098510742188,119948100
2016-10-05,215.41000366210938,216.1300048828125,215.3300018310547,184.60430908203125,72816000
2016-10-06,215.3699951171875,216.0399932861328,214.74000549316406,184.73272705078125,62927400
2016-10-07,216.10000610351562,216.3000030517578,214.19000244140625,184.09918212890625,89788300
2016-10-10,216.16000366210938,216.6999969482422,215.99000549316406,185.0580291748047,51855000
2016-10-11,215.66000366210938,215.74000549316406,212.5800018310547,182.72085571289062,130367400
2016-10-12,213.58999633789062,214.32000732421875,213.00999450683594,182.9605712890625,73866100
2016-10-13,212.16000366210938,213.58999633789062,211.2100067138672,182.3612823486328,101357000
2016-10-14,214.14999389648438,214.69000244140625,213.02999877929688,182.4554901123047,93346200
2016-10-17,213.08999633789062,213.38999938964844,212.1699981689453,181.82192993164062,58275700
2016-10-18,214.24000549316406,214.30999755859375,213.27000427246094,182.9605712890625,76869700
2016-10-19,214.02000427246094,214.63999938964844,213.60000610351562,183.4485626220703,66519200
2016-10-20,213.8699951171875,214.52999877929688,213.11000061035156,183.10609436035156,73639800
2016-10-21,213.8800048828125,214.0800018310547,212.75999450683594,183.1916961669922,89089100
2016-10-24,215.0,215.32000732421875,214.47999572753906,183.97079467773438,60146600
2016-10-25,214.67999267578125,214.97999572753906,213.97999572753906,183.3543701171875,66542300
2016-10-26,213.2100067138672,214.4199981689453,212.92999267578125,182.98619079589844,75705500
2016-10-27,214.5800018310547,214.6199951171875,213.0800018310547,182.4982452392578,77220200
2016-10-28,213.13999938964844,213.92999267578125,211.7100067138672,181.9588623046875,140623200
2016-10-31,212.92999267578125,213.19000244140625,212.36000061035156,181.9674530029297,61272500
2016-11-01,212.92999267578125,212.99000549316406,209.60000610351562,180.64903259277344,122781800
2016-11-02,210.64999389648438,211.10000610351562,209.22999572753906,179.56173706054688,103330800
2016-11-03,209.99000549316406,210.24000549316406,208.4600067138672,178.73992919921875,88939300
2016-11-04,208.91000366210938,209.88999938964844,208.3800048828125,178.54302978515625,109122100
2016-11-07,208.5500030517578,213.19000244140625,208.5500030517578,182.4811248779297,109794900
2016-11-08,212.69000244140625,214.77000427246094,212.3800048828125,183.30300903320312,106772100
2016-11-09,212.3699951171875,217.10000610351562,212.33999633789062,185.24642944335938,258429000
2016-11-10,217.3000030517578,218.30999755859375,215.22000122070312,185.7086944580078,172113300
2016-11-11,216.0800018310547,216.6999969482422,215.32000732421875,185.2806396484375,100552700
2016-11-14,217.02999877929688,217.27000427246094,215.72000122070312,185.4262237548828,94580000
2016-11-15,217.0399932861328,218.27999877929688,216.8000030517578,186.87301635742188,91652600
2016-11-16,217.55999755859375,218.13999938964844,217.4199981689453,186.5220489501953,65617700
2016-11-17,218.0500030517578,219.05999755859375,217.9199981689453,187.48086547851562,69797200
2016-11-18,219.07000732421875,219.27000427246094,218.2899932861328,187.0613250732422,86265800
2016-11-21,219.1699981689453,220.17999267578125,219.0,188.47393798828125,72402600
2016-11-22,220.50999450683594,220.7899932861328,219.72999572753906,188.84205627441406,67429000
2016-11-23,219.97999572753906,220.75999450683594,219.75,188.94485473632812,56620200
2016-11-25,221.10000610351562,221.55999755859375,221.00999450683594,189.6468505859375,37872300
2016-11-28,221.16000366210938,221.47999572753906,220.36000061035156,188.75648498535156,76572500
2016-11-29,220.52000427246094,221.44000244140625,220.1699981689453,189.12460327148438,69886700
2016-11-30,221.6300048828125,221.82000732421875,220.30999755859375,188.6708526611328,113291800
2016-12-01,220.72999572753906,220.72999572753906,219.14999389648438,187.97740173339844,79040500
2016-12-02,219.6699981689453,220.25,219.25999450683594,188.0716094970703,74840300
2016-12-05,220.64999389648438,221.39999389648438,220.4199981689453,189.20166015625,67837800
2016-12-06,221.22000122070312,221.74000549316406,220.66000366210938,189.80093383789062,59877400
2016-12-07,221.52000427246094,224.6699981689453,221.3800048828125,192.28370666503906,110738100
2016-12-08,224.57000732421875,225.6999969482422,224.25999450683594,192.75453186035156,99714400
2016-12-09,225.41000366210938,226.52999877929688,225.3699951171875,193.9188232421875,88005800
2016-12-12,226.39999389648438,226.9600067138672,225.75999450683594,193.69630432128906,102016100
2016-12-13,227.02000427246094,228.33999633789062,227.0,194.98899841308594,110477500
2016-12-14,227.41000366210938,228.22999572753906,225.3699951171875,193.37950134277344,142501800
2016-12-15,226.16000366210938,227.80999755859375,225.88999938964844,194.17568969726562,124972600
2016-12-16,226.00999450683594,226.0800018310547,224.6699981689453,193.79588317871094,156420200
2016-12-19,225.25,226.02000427246094,225.0800018310547,194.21786499023438,90341100
2016-12-20,226.14999389648438,226.57000732421875,225.8800048828125,194.96713256835938,89838800
2016-12-21,226.25,226.4499969482422,225.77000427246094,194.4246368408203,67909000
2016-12-22,225.60000610351562,225.74000549316406,224.9199981689453,194.0886993408203,56219100
2016-12-23,225.42999267578125,225.72000122070312,225.2100067138672,194.3729248046875,36697800
2016-12-27,226.02000427246094,226.72999572753906,226.0,194.85513305664062,42672500
2016-12-28,226.57000732421875,226.58999633789062,224.27000427246094,193.2447509765625,64095000
2016-12-29,224.47999572753906,224.88999938964844,223.83999633789062,193.20172119140625,48696100
2016-12-30,224.72999572753906,224.8300018310547,222.72999572753906,192.4955596923828,108998300
2017-01-03,225.0399932861328,225.8300018310547,223.8800048828125,193.96815490722656,91366500
2017-01-04,225.6199951171875,226.75,225.61000061035156,195.1221160888672,78744400
2017-01-05,226.27000427246094,226.5800018310547,225.47999572753906,194.96713256835938,78379000
2017-01-06,226.52999877929688,227.75,225.89999389648438,195.66465759277344,71559900
2017-01-09,226.91000366210938,227.07000732421875,226.4199981689453,195.01873779296875,46939700
2017-01-10,226.47999572753906,227.4499969482422,226.00999450683594,195.01873779296875,63771900
2017-01-11,226.36000061035156,227.10000610351562,225.58999633789062,195.5699005126953,74650000
2017-01-12,226.5,226.75,224.9600067138672,195.07904052734375,72113200
2017-01-13,226.72999572753906,227.39999389648438,226.69000244140625,195.52682495117188,62717900
2017-01-17,226.30999755859375,226.77999877929688,225.8000030517578,194.83792114257812,61240800
2017-01-18,226.5399932861328,226.8000030517578,225.89999389648438,195.2685089111328,54793300
2017-01-19,226.83999633789062,227.0,225.41000366210938,194.54513549804688,66608800
2017-01-20,226.6999969482422,227.30999755859375,225.97000122070312,195.2598419189453,129168600
2017-01-23,226.74000549316406,226.80999755859375,225.27000427246094,194.75181579589844,75061600
2017-01-24,226.39999389648438,228.0800018310547,226.27000427246094,196.00048828125,95555300
2017-01-25,228.6999969482422,229.57000732421875,228.50999450683594,197.69696044921875,84437700
2017-01-26,229.39999389648438,229.7100067138672,229.00999450683594,197.4902801513672,59970700
2017-01-27,229.4199981689453,229.58999633789062,228.75999450683594,197.1802978515625,59711100
2017-01-30,228.1699981689453,228.1999969482422,226.41000366210938,195.9573974609375,79737300
2017-01-31,226.97999572753906,227.60000610351562,226.32000732421875,195.9402313232422,75880800
2017-02-01,227.52999877929688,228.58999633789062,226.94000244140625,196.01768493652344,79117700
2017-02-02,227.6199951171875,228.10000610351562,226.82000732421875,196.14688110351562,69657600
2017-02-03,228.82000732421875,229.5500030517578,228.4600067138672,197.4989013671875,80563200
2017-02-06,228.8699951171875,229.3300018310547,228.5399932861328,197.1457977294922,57790100
2017-02-07,229.3800048828125,229.66000366210938,228.72000122070312,197.15444946289062,57931200
2017-02-08,228.94000244140625,229.38999938964844,228.30999755859375,197.41275024414062,51566200
2017-02-09,229.24000549316406,230.9499969482422,229.24000549316406,198.58396911621094,65955200
2017-02-10,231.0,231.77000427246094,230.6199951171875,199.36767578125,66015900
2017-02-13,232.0800018310547,233.07000732421875,232.0500030517578,200.4526824951172,55182100
2017-02-14,232.55999755859375,233.7100067138672,232.16000366210938,201.25355529785156,71109000
2017-02-15,233.4499969482422,235.13999938964844,233.38999938964844,202.30416870117188,86785800
2017-02-16,234.9499969482422,235.16000366210938,233.85000610351562,202.1320037841797,84722400
2017-02-17,233.9499969482422,235.08999633789062,233.92999267578125,202.45062255859375,77204100
2017-02-21,235.52000427246094,236.69000244140625,235.50999450683594,203.6562042236328,88946100
2017-02-22,236.02000427246094,236.5399932861328,235.8300018310547,203.4753875732422,62115200
2017-02-23,236.8800048828125,236.89999389648438,235.55999755859375,203.6132354736328,74615900
2017-02-24,235.4600067138672,236.7899932861328,235.41000366210938,203.87155151367188,82381600
2017-02-27,236.63999938964844,237.30999755859375,236.35000610351562,204.19020080566406,56515400
2017-02-28,236.6699981689453,236.9499969482422,236.02000427246094,203.63902282714844,96961900
2017-03-01,238.38999938964844,240.32000732421875,238.3699951171875,206.48941040039062,149158200
2017-03-02,239.55999755859375,239.57000732421875,238.2100067138672,205.18907165527344,70246000
2017-03-03,238.1699981689453,238.61000061035156,237.72999572753906,205.3182373046875,81974300
2017-03-06,237.5,238.1199951171875,237.00999450683594,204.70681762695312,55391500
2017-03-07,237.36000061035156,237.77000427246094,236.75999450683594,204.09539794921875,65103700
2017-03-08,237.33999633789062,237.63999938964844,236.39999389648438,203.71652221679688,78168800
2017-03-09,236.6999969482422,237.24000549316406,235.74000549316406,203.97483825683594,90683900
2017-03-10,237.97000122070312,238.02000427246094,236.58999633789062,204.68963623046875,81991700
2017-03-13,237.6199951171875,237.86000061035156,237.24000549316406,204.79295349121094,57256800
2017-03-14,237.17999267578125,237.24000549316406,236.19000244140625,204.00927734375,59880800
2017-03-15,237.55999755859375,239.44000244140625,237.2899932861328,205.77464294433594,96081800
2017-03-16,239.11000061035156,239.1999969482422,238.10000610351562,205.369873046875,78344000
2017-03-17,237.75,237.97000122070312,237.02999877929688,205.00927734375,89002100
2017-03-20,237.02999877929688,237.36000061035156,236.32000732421875,204.78436279296875,52537000
2017-03-21,237.47000122070312,237.61000061035156,233.5800018310547,202.15501403808594,131809300
2017-03-22,233.77000427246094,234.61000061035156,233.0500030517578,202.6307830810547,97569200
2017-03-23,234.27999877929688,235.33999633789062,233.60000610351562,202.41452026367188,100410300
2017-03-24,234.3800048828125,235.0399932861328,232.9600067138672,202.2675323486328,112504900
2017-03-27,231.92999267578125,233.9199981689453,231.61000061035156,202.05992126464844,87454500
2017-03-28,233.27000427246094,235.80999755859375,233.13999938964844,203.5302734375,93483900
2017-03-29,234.99000549316406,235.80999755859375,234.72999572753906,203.7205352783203,61950400
2017-03-30,235.47000122070312,236.52000427246094,235.27000427246094,204.36927795410156,56737900
2017-03-31,235.89999389648438,236.50999450683594,235.67999267578125,203.89352416992188,73733100
2017-04-03,235.8000030517578,236.02999877929688,233.91000366210938,203.53890991210938,85546500
2017-04-04,235.0,235.5800018310547,234.55999755859375,203.6686553955078,56466200
2017-04-05,236.25999450683594,237.38999938964844,234.5399932861328,203.06321716308594,108800600
2017-04-06,234.94000244140625,236.0399932861328,234.42999267578125,203.6341094970703,69135800
2017-04-07,235.14999389648438,236.0,234.63999938964844,203.42648315429688,74412300
2017-04-10,235.36000061035156,236.25999450683594,234.72999572753906,203.54757690429688,67615300
2017-04-11,234.89999389648438,235.17999267578125,233.33999633789062,203.30540466308594,88045300
2017-04-12,234.74000549316406,234.9600067138672,233.77000427246094,202.41452026367188,81864400
2017-04-13,233.63999938964844,234.49000549316406,232.50999450683594,201.0998992919922,92880400
2017-04-17,233.11000061035156,234.57000732421875,232.8800048828125,202.88156127929688,68405400
2017-04-18,233.72000122070312,234.49000549316406,233.0800018310547,202.27613830566406,83225800
2017-04-19,234.52000427246094,234.9499969482422,233.17999267578125,201.9042205810547,68699900
2017-04-20,234.14999389648438,235.85000610351562,233.77999877929688,203.54757690429688,92572200
2017-04-21,235.25,235.30999755859375,234.1300048828125,202.8988800048828,110389800
2017-04-24,237.17999267578125,237.41000366210938,234.55999755859375,205.13037109375,119209900
2017-04-25,237.91000366210938,238.9499969482422,237.80999755859375,206.3239288330078,76698300
2017-04-26,238.50999450683594,239.52999877929688,238.35000610351562,206.19415283203125,84702500
2017-04-27,238.77000427246094,238.9499969482422,237.97999572753906,206.36712646484375,57410300
2017-04-28,238.89999389648438,238.92999267578125,237.92999267578125,205.9173583984375,63532800
2017-05-01,238.67999267578125,239.1699981689453,238.1999969482422,206.43637084960938,66882500
2017-05-02,238.83999633789062,238.97999572753906,238.3000030517578,206.51419067382812,57375700
2017-05-03,238.77000427246094,238.8800048828125,237.6999969482422,206.26339721679688,73137700
2017-05-04,238.8300018310547,238.9199981689453,237.77999877929688,206.50555419921875,61462700
2017-05-05,239.19000244140625,239.72000122070312,238.67999267578125,207.31858825683594,62001300
2017-05-08,239.75,239.9199981689453,239.1699981689453,207.28399658203125,48385700
2017-05-09,239.9600067138672,240.19000244140625,239.0399932861328,207.0937042236328,51363200
2017-05-10,239.38999938964844,239.8699951171875,239.14999389648438,207.4656219482422,54293800
2017-05-11,239.35000610351562,239.57000732421875,238.1300048828125,207.04180908203125,62358300
2017-05-12,239.08999633789062,239.42999267578125,238.6699981689453,206.69578552246094,53912700
2017-05-15,239.47000122070312,240.44000244140625,239.4499969482422,207.8374481201172,61918900
2017-05-16,240.63999938964844,240.6699981689453,239.6300048828125,207.6472625732422,51241800
2017-05-17,240.0800018310547,240.0800018310547,235.75,203.96275329589844,172174100
2017-05-18,235.72999572753906,237.75,235.42999267578125,204.78436279296875,107047700
2017-05-19,237.3300018310547,239.0800018310547,237.27000427246094,206.11631774902344,115011400
2017-05-22,238.89999389648438,239.7100067138672,238.82000732421875,207.16290283203125,61010600
2017-05-23,239.9499969482422,240.24000549316406,239.50999450683594,207.6212921142578,48341700
2017-05-24,240.32000732421875,240.72999572753906,239.92999267578125,208.10560607910156,46927700
2017-05-25,241.1999969482422,242.0800018310547,240.9600067138672,209.10025024414062,64071700
2017-05-26,241.5399932861328,241.89999389648438,241.4499969482422,209.0570831298828,46629900
2017-05-30,241.33999633789062,241.7899932861328,241.16000366210938,208.87539672851562,35201900
2017-05-31,241.83999633789062,241.8800048828125,240.63999938964844,208.82350158691406,91796000
2017-06-01,241.97000122070312,243.3800048828125,241.63999938964844,210.484130859375,68962000
2017-06-02,243.4199981689453,244.35000610351562,243.0800018310547,211.18470764160156,88666100
2017-06-05,243.97000122070312,244.3000030517578,243.75999450683594,211.0290069580078,44698800
2017-06-06,243.33999633789062,243.97999572753906,243.1199951171875,210.3543701171875,50375400
2017-06-07,243.60000610351562,243.9199981689453,242.8300018310547,210.74359130859375,54144300
2017-06-08,243.77000427246094,244.3300018310547,243.1699981689453,210.8473663330078,65950700
2017-06-09,244.08999633789062,245.00999450683594,241.9499969482422,210.5273895263672,132256400
2017-06-12,243.1300048828125,243.4199981689453,242.3800048828125,210.484130859375,86108100
2017-06-13,243.97999572753906,244.61000061035156,243.5800018310547,211.5133819580078,60067000
2017-06-14,244.86000061035156,244.8699951171875,243.2899932861328,211.2452850341797,78602300
2017-06-15,242.67999267578125,243.91000366210938,242.36000061035156,210.83872985839844,66464900
2017-06-16,242.77000427246094,242.8300018310547,241.6300048828125,210.8848419189453,84553100
2017-06-19,243.58999633789062,244.72999572753906,243.47999572753906,212.6404571533203,65123800
2017-06-20,244.25,244.25999450683594,242.99000549316406,211.2063751220703,56906400
2017-06-21,243.4600067138672,243.58999633789062,242.41000366210938,211.1542205810547,55977600
2017-06-22,242.9600067138672,243.52999877929688,242.63999938964844,211.05859375,44148100
2017-06-23,242.91000366210938,243.50999450683594,242.47000122070312,211.3107452392578,66986800
2017-06-26,243.89999389648438,244.3800048828125,243.0500030517578,211.44976806640625,56700500
2017-06-27,243.0399932861328,243.3800048828125,241.30999755859375,209.74624633789062,82247700
2017-06-28,242.5,243.72000122070312,242.22999572753906,211.6235809326172,70042600
2017-06-29,243.66000366210938,243.72000122070312,239.9600067138672,209.76365661621094,106949700
2017-06-30,242.27999877929688,242.7100067138672,241.5800018310547,210.15475463867188,86820700
2017-07-03,242.8800048828125,243.3800048828125,242.2100067138672,210.51107788085938,39153800
2017-07-05,242.6300048828125,243.00999450683594,241.6999969482422,210.99778747558594,54427600
2017-07-06,241.88999938964844,242.02999877929688,240.33999633789062,209.068359375,65400800
2017-07-07,241.2100067138672,242.27999877929688,240.55999755859375,210.42416381835938,57972300
2017-07-10,242.11000061035156,242.8000030517578,241.75999450683594,210.65013122558594,36663300
2017-07-11,242.3699951171875,242.5500030517578,240.85000610351562,210.49371337890625,50354600
2017-07-12,243.3000030517578,244.1999969482422,243.3000030517578,212.07554626464844,59610400
2017-07-13,244.02000427246094,244.5500030517578,243.75999450683594,212.4318389892578,39471600
2017-07-14,244.4199981689453,245.97000122070312,244.30999755859375,213.4226837158203,60262700
2017-07-17,245.47000122070312,245.91000366210938,245.3300018310547,213.3966064453125,33531900
2017-07-18,245.05999755859375,245.72000122070312,244.6699981689453,213.5095977783203,42742500
2017-07-19,246.02000427246094,247.0,246.00999450683594,214.66551208496094,51034300
2017-07-20,247.27999877929688,247.4199981689453,246.47000122070312,214.76112365722656,47135200
2017-07-21,246.44000244140625,246.91000366210938,246.17999267578125,214.5699462890625,82340800
2017-07-24,246.7899932861328,246.97999572753906,246.27999877929688,214.51780700683594,46622300
2017-07-25,247.67999267578125,247.8000030517578,247.16000366210938,215.03924560546875,54915600
2017-07-26,247.75,247.7899932861328,247.1300048828125,215.04788208007812,47575400
2017-07-27,247.9600067138672,248.0,245.67999267578125,214.84800720214844,70766600
2017-07-28,246.64999389648438,247.05999755859375,246.1300048828125,214.5960235595703,50088400
2017-07-31,247.3699951171875,247.47999572753906,246.52999877929688,214.47433471679688,65838700
2017-08-01,247.4600067138672,247.5,246.72000122070312,214.95233154296875,55050400
2017-08-02,247.47000122070312,247.60000610351562,246.3699951171875,215.05662536621094,47211200
2017-08-03,247.30999755859375,247.33999633789062,246.63999938964844,214.6394500732422,40856000
2017-08-04,247.52000427246094,247.7899932861328,246.97000122070312,215.03050231933594,60191800
2017-08-07,247.49000549316406,247.8699951171875,247.3699951171875,215.43035888671875,31995000
2017-08-08,247.50999450683594,248.91000366210938,246.8300018310547,214.90020751953125,61719400
2017-08-09,246.47000122070312,247.30999755859375,246.05999755859375,214.89146423339844,62632600
2017-08-10,246.2899932861328,246.44000244140625,243.6999969482422,211.85826110839844,120479500
2017-08-11,244.02000427246094,244.8000030517578,243.75,212.171142578125,74869900
2017-08-14,245.58999633789062,246.7899932861328,245.5500030517578,214.27439880371094,73291900
2017-08-15,246.97999572753906,247.0,246.16000366210938,214.248291015625,55242700
2017-08-16,247.11000061035156,247.57000732421875,246.4499969482422,214.62203979492188,56715500
2017-08-17,246.24000549316406,246.60000610351562,243.08999633789062,211.27593994140625,128490400
2017-08-18,242.89999389648438,244.19000244140625,242.1999969482422,210.94566345214844,136748000
2017-08-21,242.63999938964844,243.1999969482422,241.8300018310547,211.1107940673828,65469700
2017-08-22,243.57000732421875,245.6199951171875,243.5500030517578,213.318359375,63140100
2017-08-23,244.3300018310547,245.0500030517578,244.16000366210938,212.55348205566406,50203800
2017-08-24,245.0,245.17999267578125,243.75,212.0581512451172,50741700
2017-08-25,244.89999389648438,245.61000061035156,244.38999938964844,212.55348205566406,64445900
2017-08-28,245.1699981689453,245.1999969482422,244.08999633789062,212.5622100830078,40565600
2017-08-29,243.05999755859375,245.14999389648438,242.92999267578125,212.8055877685547,51135700
2017-08-30,244.8300018310547,246.32000732421875,244.6199951171875,213.81381225585938,62030800
2017-08-31,246.72000122070312,247.77000427246094,246.0500030517578,215.10009765625,103803900
2017-09-01,247.9199981689453,248.3300018310547,247.6699981689453,215.40428161621094,62007000
2017-09-05,247.25999450683594,247.52000427246094,244.9499969482422,213.85720825195312,91398800
2017-09-06,246.83999633789062,247.27999877929688,246.22999572753906,214.58726501464844,57916900
2017-09-07,247.25,247.27000427246094,246.39999389648438,214.56118774414062,58034700
2017-09-08,246.5399932861328,247.11000061035156,246.3000030517578,214.3091278076172,63832800
2017-09-11,248.0399932861328,249.3000030517578,248.02000427246094,216.59498596191406,71364800
2017-09-12,249.6300048828125,250.08999633789062,249.4199981689453,217.3250732421875,56896000
2017-09-13,249.72000122070312,250.2100067138672,249.58999633789062,217.4293212890625,59228000
2017-09-14,249.8000030517578,250.32000732421875,249.60000610351562,217.35980224609375,95446300
2017-09-15,248.69000244140625,249.2899932861328,248.57000732421875,217.65240478515625,95432400
2017-09-18,249.61000061035156,250.1199951171875,249.27999877929688,218.1153106689453,46235200
2017-09-19,250.0,250.07000732421875,249.60000610351562,218.33367919921875,47108100
2017-09-20,250.07000732421875,250.19000244140625,248.9199981689453,218.41232299804688,59574100
2017-09-21,249.8800048828125,249.97999572753906,249.19000244140625,217.82704162597656,48211400
2017-09-22,249.0500030517578,249.6300048828125,249.02000427246094,217.87074279785156,51214000
2017-09-25,249.14999389648438,249.5500030517578,248.0800018310547,217.42529296875,57064400
2017-09-26,249.4199981689453,249.6999969482422,248.80999755859375,217.5563507080078,54082000
2017-09-27,249.8800048828125,250.49000549316406,248.8699951171875,218.4036102294922,81001400
2017-09-28,249.72999572753906,250.44000244140625,249.6300048828125,218.6656494140625,44778800
2017-09-29,250.33999633789062,251.32000732421875,250.1300048828125,219.43426513671875,85578000
2017-10-02,251.49000549316406,252.32000732421875,251.2899932861328,220.38629150390625,59023000
2017-10-03,252.32000732421875,252.88999938964844,252.22999572753906,220.85784912109375,66810200
2017-10-04,252.69000244140625,253.44000244140625,252.55999755859375,221.11997985839844,55953600
2017-10-05,253.5399932861328,254.67999267578125,253.1999969482422,222.43011474609375,63522800
2017-10-06,254.14999389648438,254.6999969482422,253.85000610351562,222.1768341064453,80646000
2017-10-09,254.6300048828125,254.6999969482422,253.64999389648438,221.80996704101562,35803100
2017-10-10,254.60000610351562,255.0500030517578,253.97999572753906,222.3951416015625,43057400
2017-10-11,254.50999450683594,255.02000427246094,254.32000732421875,222.74459838867188,47674300
2017-10-12,254.66000366210938,255.05999755859375,254.3699951171875,222.4126739501953,47065100
2017-10-13,255.13999938964844,255.27000427246094,254.63999938964844,222.68344116210938,54800400
2017-10-16,255.2100067138672,255.50999450683594,254.82000732421875,222.9803924560547,38221700
2017-10-17,255.22999572753906,255.52000427246094,254.97999572753906,223.13760375976562,31561000
2017-10-18,255.89999389648438,255.9499969482422,255.5,223.35598754882812,40888300
2017-10-19,254.8300018310547,255.8300018310547,254.35000610351562,223.41708374023438,61903800
2017-10-20,256.70001220703125,257.1400146484375,255.77000427246094,224.57003784179688,89176400
2017-10-23,257.4800109863281,257.510009765625,256.0199890136719,223.69662475585938,63915300
2017-10-24,256.6000061035156,256.8299865722656,256.1499938964844,224.08963012695312,66935900
2017-10-25,256.17999267578125,256.30999755859375,254.0,222.9803924560547,103715300
2017-10-26,255.99000549316406,256.29998779296875,255.47999572753906,223.26861572265625,69798000
2017-10-27,256.4700012207031,257.8900146484375,255.6300048828125,225.09410095214844,85562500
2017-10-30,256.4700012207031,257.6000061035156,256.4100036621094,224.25559997558594,54285700
2017-10-31,257.17999267578125,257.44000244140625,256.80999755859375,224.60498046875,60304800
2017-11-01,258.0400085449219,258.42999267578125,257.07000732421875,224.9019775390625,54202700
2017-11-02,257.4100036621094,257.75,256.19000244140625,224.98928833007812,56449500
2017-11-03,257.7699890136719,258.5,257.29998779296875,225.74049377441406,59589700
2017-11-06,258.29998779296875,259.0,258.2200012207031,226.08981323242188,49652600
2017-11-07,258.9700012207031,259.3500061035156,258.0899963378906,225.93263244628906,57502200
2017-11-08,258.4700012207031,259.2200012207031,258.1499938964844,226.31690979003906,50469600
2017-11-09,257.7300109863281,258.3900146484375,256.3599853515625,225.49591064453125,95085500
2017-11-10,257.7300109863281,258.2900085449219,257.3699951171875,225.42604064941406,59984700
2017-11-13,257.30999755859375,258.5899963378906,257.2699890136719,225.63563537597656,50228600
2017-11-14,257.4100036621094,257.8500061035156,256.5199890136719,225.11158752441406,61315200
2017-11-15,256.6199951171875,257.2200012207031,255.6300048828125,223.98484802246094,80811500
2017-11-16,257.5199890136719,259.0400085449219,257.4700012207031,225.888916015625,67777000
2017-11-17,258.2200012207031,258.5899963378906,257.7699890136719,225.22512817382812,75756800
2017-11-20,258.1400146484375,258.5199890136719,257.8599853515625,225.6094207763672,48075500
2017-11-21,259.17999267578125,260.20001220703125,258.260009765625,227.08547973632812,69176800
2017-11-22,260.0,260.1499938964844,259.57000732421875,226.88458251953125,45033400
2017-11-24,260.32000732421875,260.4800109863281,260.1600036621094,227.40878295898438,27856500
2017-11-27,260.4100036621094,260.75,260.0,227.29519653320312,52274900
2017-11-28,260.760009765625,262.8999938964844,260.6499938964844,229.60101318359375,98971700
2017-11-29,263.0199890136719,263.6300048828125,262.20001220703125,229.4613037109375,77512100
2017-11-30,263.760009765625,266.04998779296875,263.6700134277344,231.4702606201172,127894400
2017-12-01,264.760009765625,265.30999755859375,260.760009765625,230.98977661132812,164390900
2017-12-04,266.30999755859375,266.79998779296875,264.0799865722656,230.7103271484375,94040600
2017-12-05,263.19000244140625,265.1499938964844,263.0400085449219,229.88058471679688,77994500
2017-12-06,263.29998779296875,263.7300109863281,262.7099914550781,229.92417907714844,75898600
2017-12-07,264.07000732421875,264.42999267578125,262.94000244140625,230.64920043945312,77218600
2017-12-08,265.1600036621094,265.5199890136719,264.0299987792969,231.9069061279297,76563900
2017-12-11,266.30999755859375,266.3800048828125,265.4800109863281,232.605712890625,83077500
2017-12-12,267.2099914550781,267.32000732421875,266.3500061035156,233.01620483398438,85195800
2017-12-13,267.05999755859375,267.55999755859375,266.6499938964844,232.989990234375,102905400
2017-12-14,267.0899963378906,267.2200012207031,265.6000061035156,232.0379638671875,100666700
2017-12-15,265.45001220703125,267.0400085449219,265.3900146484375,233.97021484375,144610300
2017-12-18,268.1000061035156,268.6000061035156,267.9800109863281,235.45391845703125,83653600
2017-12-19,268.4800109863281,268.5299987792969,267.0899963378906,234.54966735839844,82382900
2017-12-20,268.2699890136719,268.3299865722656,266.69000244140625,234.42672729492188,76751500
2017-12-21,267.739990234375,268.3900146484375,267.29998779296875,234.90960693359375,67032300
2017-12-22,267.6000061035156,267.6400146484375,266.8999938964844,234.84812927246094,78720900
2017-12-26,267.04998779296875,267.44000244140625,266.8900146484375,234.56723022460938,45244400
2017-12-27,267.3800048828125,267.7300109863281,267.010009765625,234.6813201904297,57751000
2017-12-28,267.8900146484375,267.9200134277344,267.45001220703125,235.16419982910156,45116100
2017-12-29,268.5299987792969,268.54998779296875,266.6400146484375,234.27748107910156,96007400
2018-01-02,267.8399963378906,268.80999755859375,267.3999938964844,235.95425415039062,86655700
2018-01-03,268.9599914550781,270.6400146484375,268.9599914550781,237.44674682617188,90070400
2018-01-04,271.20001220703125,272.1600036621094,270.5400085449219,238.4475860595703,80636400
2018-01-05,272.510009765625,273.55999755859375,271.95001220703125,240.0365753173828,83524000
2018-01-08,273.30999755859375,274.1000061035156,272.9800109863281,240.47555541992188,57319200
2018-01-09,274.3999938964844,275.25,274.0799865722656,241.01980590820312,57254000
2018-01-10,273.67999267578125,274.4200134277344,272.9200134277344,240.65109252929688,69574300
2018-01-11,274.75,276.1199951171875,274.55999755859375,242.4069061279297,62361500
2018-01-12,276.4200134277344,278.1099853515625,276.0799865722656,243.9871368408203,90816100
2018-01-16,279.3500061035156,280.0899963378906,276.17999267578125,243.1531524658203,106555100
2018-01-17,278.0299987792969,280.04998779296875,276.9700012207031,245.4707489013672,113258800
2018-01-18,279.4800109863281,279.9599914550781,278.5799865722656,245.0581817626953,100728000
2018-01-19,279.79998779296875,280.4100036621094,279.1400146484375,246.1731719970703,140920100
2018-01-22,280.1700134277344,282.69000244140625,280.1099853515625,248.1746826171875,91322400
2018-01-23,282.739990234375,283.6199951171875,282.3699951171875,248.70147705078125,97084700
2018-01-24,284.0199890136719,284.70001220703125,281.8399963378906,248.60487365722656,134816100
2018-01-25,284.1600036621094,284.2699890136719,282.3999938964844,248.71022033691406,84587300
2018-01-26,284.25,286.6300048828125,283.9599914550781,251.58975219726562,107743100
2018-01-29,285.92999267578125,286.42999267578125,284.5,249.92178344726562,90118300
2018-01-30,282.6000061035156,284.739990234375,281.2200012207031,247.35830688476562,131796400
2018-01-31,282.7300109863281,283.29998779296875,280.67999267578125,247.4811553955078,108364800
2018-02-01,281.07000732421875,283.05999755859375,280.67999267578125,247.2002410888672,90102500
2018-02-02,280.0799865722656,280.2300109863281,275.4100036621094,241.8187255859375,173174800
2018-02-05,273.45001220703125,275.8500061035156,263.30999755859375,231.7052459716797,294681800
2018-02-06,259.94000244140625,269.70001220703125,258.70001220703125,236.2703399658203,355026800
2018-02-07,268.5,272.3599853515625,267.5799865722656,234.9886474609375,167376100
2018-02-08,268.010009765625,268.1700134277344,257.5899963378906,226.1744842529297,246449500
2018-02-09,260.79998779296875,263.6099853515625,252.9199981689453,229.57186889648438,283565300
2018-02-12,263.8299865722656,267.010009765625,261.6600036621094,232.9430694580078,143736000
2018-02-13,263.9700012207031,266.6199951171875,263.30999755859375,233.5225067138672,81223600
2018-02-14,264.30999755859375,270.0,264.29998779296875,236.67425537109375,120735700
2018-02-15,271.57000732421875,273.0400085449219,268.7699890136719,239.69415283203125,111200300
2018-02-16,272.32000732421875,275.32000732421875,272.2699890136719,239.76437377929688,160420100
2018-02-20,272.0299987792969,273.6700134277344,270.5,238.26327514648438,86369700
2018-02-21,271.8999938964844,274.7200012207031,269.94000244140625,237.07801818847656,98883700
2018-02-22,271.1000061035156,273.04998779296875,269.6400146484375,237.38523864746094,110511300
2018-02-23,271.7900085449219,274.7099914550781,271.25,241.16905212402344,92766400
2018-02-26,275.92999267578125,278.010009765625,275.260009765625,243.9695281982422,86491400
2018-02-27,278.1099853515625,278.9200134277344,274.3599853515625,240.92323303222656,99099200
2018-02-28,275.67999267578125,276.19000244140625,271.2900085449219,238.48265075683594,121907800
2018-03-01,271.4100036621094,273.1700134277344,266.0,235.01495361328125,176855100
2018-03-02,265.79998779296875,269.7200012207031,264.82000732421875,236.2264404296875,139083200
2018-03-05,267.7300109863281,272.8900146484375,267.6099853515625,238.9567413330078,97307400
2018-03-06,273.29998779296875,273.3900146484375,271.17999267578125,239.56248474121094,79213200
2018-03-07,270.4200134277344,273.17999267578125,270.20001220703125,239.4746551513672,87063500
2018-03-08,273.54998779296875,274.239990234375,272.4200134277344,240.63356018066406,66901200
2018-03-09,275.70001220703125,278.8699951171875,275.3399963378906,244.82115173339844,113625300
2018-03-12,279.20001220703125,279.9100036621094,278.0799865722656,244.5138397216797,71924800
2018-03-13,279.8399963378906,280.4100036621094,276.0299987792969,242.93374633789062,91968900
2018-03-14,277.80999755859375,278.0199890136719,274.6700134277344,241.68699645996094,105895100
2018-03-15,275.8800048828125,276.6099853515625,274.42999267578125,241.42367553710938,83433000
2018-03-16,274.5,275.3900146484375,274.1400146484375,241.68544006347656,100343700
2018-03-19,273.3500061035156,274.3999938964844,268.6199951171875,238.41534423828125,109208400
2018-03-20,270.94000244140625,271.6700134277344,270.17999267578125,238.82083129882812,59757300
2018-03-21,270.8999938964844,273.2699890136719,270.19000244140625,238.36241149902344,78709600
2018-03-22,267.9100036621094,268.8699951171875,263.3599853515625,232.4040985107422,148785900
2018-03-23,264.1700134277344,264.5400085449219,257.8299865722656,227.45046997070312,183534800
2018-03-26,262.1300048828125,265.42999267578125,259.4100036621094,233.67333984375,141956100
2018-03-27,266.1700134277344,266.7699890136719,258.8399963378906,229.6981201171875,129941400
2018-03-28,260.75,262.6400146484375,258.5799865722656,229.01942443847656,146452300
2018-03-29,261.1199951171875,265.260009765625,259.8399963378906,231.9457244873047,111601600
2018-04-02,262.54998779296875,263.1300048828125,254.6699981689453,226.93930053710938,186286300
2018-04-03,258.8699951171875,261.30999755859375,256.8399963378906,229.84793090820312,119956900
2018-04-04,256.75,264.3599853515625,256.6000061035156,232.30706787109375,123715300
2018-04-05,265.54998779296875,266.6400146484375,264.32000732421875,234.14048767089844,82652600
2018-04-06,263.4200134277344,265.1099853515625,258.0,228.9224090576172,179521200
2018-04-09,261.3699951171875,264.8399963378906,259.94000244140625,230.05064392089844,105442900
2018-04-10,264.2699890136719,266.0400085449219,262.9800109863281,233.70858764648438,103529000
2018-04-11,263.4700012207031,265.6400146484375,263.3900146484375,232.48341369628906,91140200
2018-04-12,265.260009765625,267.0,265.05999755859375,234.39605712890625,68890500
2018-04-13,267.4100036621094,267.5400085449219,264.010009765625,233.70858764648438,85079200
2018-04-16,267.0,268.20001220703125,266.07000732421875,235.63003540039062,63405300
2018-04-17,269.3299865722656,270.8699951171875,268.75,238.1509552001953,64682000
2018-04-18,270.69000244140625,271.29998779296875,269.8699951171875,238.3271942138672,57303900
2018-04-19,269.6499938964844,269.8800048828125,267.7200012207031,237.00506591796875,77655900
2018-04-20,268.80999755859375,269.05999755859375,265.6099853515625,234.99545288085938,99953100
2018-04-23,267.260009765625,267.8900146484375,265.3500061035156,234.9601593017578,65558000
2018-04-24,267.7300109863281,267.9800109863281,261.2799987792969,231.79592895507812,112885500
2018-04-25,262.9100036621094,264.1300048828125,260.8500061035156,232.36880493164062,103840900
2018-04-26,264.7900085449219,267.25,264.2900085449219,234.7310028076172,67731900
2018-04-27,267.0,267.3399963378906,265.5,234.95135498046875,57053600
2018-04-30,267.260009765625,267.8900146484375,264.42999267578125,233.14450073242188,82182300
2018-05-01,263.8699951171875,265.1000061035156,262.1099853515625,233.5587158203125,74203400
2018-05-02,264.760009765625,265.67999267578125,262.760009765625,231.98983764648438,86368900
2018-05-03,262.260009765625,263.3599853515625,259.04998779296875,231.4785614013672,136311500
2018-05-04,261.5199890136719,266.7900085449219,261.1499938964844,234.47537231445312,91222100
2018-05-07,266.8900146484375,268.0199890136719,266.1099853515625,235.26866149902344,55304900
2018-05-08,266.5,267.3299865722656,265.1499938964844,235.26866149902344,67499200
2018-05-09,267.67999267578125,269.8699951171875,267.0899963378906,237.5427703857422,59666100
2018-05-10,270.3399963378906,272.3900146484375,270.2200012207031,239.76394653320312,72063900
2018-05-11,272.1600036621094,273.1499938964844,271.5799865722656,240.4954833984375,59871500
2018-05-14,273.3399963378906,274.0799865722656,272.3599853515625,240.61009216308594,54790600
2018-05-15,271.5899963378906,271.6099853515625,270.0299987792969,238.9530487060547,87036100
2018-05-16,271.1400146484375,272.760009765625,271.1099853515625,239.95785522460938,53942600
2018-05-17,271.94000244140625,273.2300109863281,271.1300048828125,239.75509643554688,56536400
2018-05-18,271.6199951171875,272.0299987792969,270.92999267578125,239.15573120117188,64368000
2018-05-21,273.010009765625,273.9800109863281,272.57000732421875,240.953857421875,58025900
2018-05-22,273.9599914550781,274.25,272.239990234375,240.2839813232422,52966400
2018-05-23,271.1700134277344,273.3900146484375,270.989990234375,240.94503784179688,64694200
2018-05-24,272.9100036621094,273.2200012207031,270.7799987792969,240.45143127441406,76043800
2018-05-25,272.1499938964844,272.8599853515625,271.5799865722656,239.87850952148438,56374800
2018-05-29,270.30999755859375,271.1700134277344,267.760009765625,237.11964416503906,115908600
2018-05-30,270.5,273.1099853515625,270.4200134277344,240.2839813232422,69678400
2018-05-31,272.1499938964844,272.489990234375,270.260009765625,238.81202697753906,93519900
2018-06-01,272.4100036621094,273.94000244140625,272.3299865722656,241.15660095214844,71258400
2018-06-04,274.5299987792969,275.19000244140625,274.260009765625,242.3024139404297,45385200
2018-06-05,275.04998779296875,275.5299987792969,274.17999267578125,242.47869873046875,51135000
2018-06-06,275.7900085449219,277.5199890136719,275.0899963378906,244.50596618652344,62732200
2018-06-07,277.95001220703125,278.2799987792969,276.3399963378906,244.4795379638672,72969400
2018-06-08,276.8500061035156,278.25,276.6600036621094,245.2023162841797,72139700
2018-06-11,278.44000244140625,279.3699951171875,278.30999755859375,245.5283966064453,58892500
2018-06-12,279.0299987792969,279.3299865722656,278.19000244140625,245.84573364257812,72329000
2018-06-13,279.19000244140625,279.4800109863281,277.79998779296875,245.06124877929688,79070600
2018-06-14,279.010009765625,279.3299865722656,278.05999755859375,245.67822265625,77097600
2018-06-15,276.6000061035156,277.510009765625,275.3500061035156,245.36488342285156,120041600
2018-06-18,275.489990234375,276.70001220703125,274.95001220703125,244.86016845703125,52917600
2018-06-19,274.0,275.75,273.5299987792969,243.9216766357422,97531500
2018-06-20,276.2699890136719,276.7200012207031,275.5899963378906,244.33779907226562,53785500
2018-06-21,275.9599914550781,275.9800109863281,273.67999267578125,242.80609130859375,71061400
2018-06-22,275.6600036621094,275.7900085449219,274.489990234375,243.24880981445312,54898500
2018-06-25,273.44000244140625,273.6199951171875,269.1000061035156,239.93746948242188,137854200
2018-06-26,271.6400146484375,272.55999755859375,270.7900085449219,240.46876525878906,68547400
2018-06-27,272.260009765625,273.8699951171875,269.17999267578125,238.47662353515625,105110700
2018-06-28,269.2900085449219,271.75,268.489990234375,239.84005737304688,76650500
2018-06-29,272.1199951171875,273.6600036621094,271.1499938964844,240.18533325195312,97592500
2018-07-02,269.510009765625,272.0400085449219,269.239990234375,240.69888305664062,63554800
2018-07-03,272.8699951171875,272.9800109863281,270.4200134277344,239.84889221191406,42187100
2018-07-05,272.1700134277344,273.17999267578125,270.9599914550781,241.8055419921875,56925900
2018-07-06,273.1400146484375,275.8399963378906,272.7099914550781,243.85086059570312,66493700
2018-07-09,276.54998779296875,277.9599914550781,276.5,246.04652404785156,50550400
2018-07-10,278.4100036621094,279.010009765625,278.0799865722656,246.9319610595703,51966800
2018-07-11,277.1499938964844,278.0400085449219,276.5199890136719,245.1257781982422,77054700
2018-07-12,278.2799987792969,279.42999267578125,277.6000061035156,247.3480987548828,60124700
2018-07-13,279.1700134277344,279.92999267578125,278.6600036621094,247.54290771484375,48216000
2018-07-16,279.6400146484375,279.79998779296875,278.8399963378906,247.32142639160156,48201000
2018-07-17,278.4700012207031,280.9100036621094,278.4100036621094,248.3219757080078,52315500
2018-07-18,280.55999755859375,281.17999267578125,280.05999755859375,248.84434509277344,44593500
2018-07-19,280.30999755859375,280.739990234375,279.4599914550781,247.90577697753906,61412100
2018-07-20,279.7699890136719,280.4800109863281,279.5,247.62254333496094,82337700
2018-07-23,279.45001220703125,280.42999267578125,279.05999755859375,248.08294677734375,47047600
2018-07-24,281.7900085449219,282.55999755859375,280.6300048828125,249.3313446044922,68026900
2018-07-25,281.3299865722656,284.3699951171875,281.2799987792969,251.4562530517578,78882900
2018-07-26,283.20001220703125,284.1099853515625,283.0899963378906,250.86294555664062,57919500
2018-07-27,283.7099914550781,283.82000732421875,280.3800048828125,249.1631317138672,76768700
2018-07-30,281.510009765625,281.69000244140625,279.3599853515625,247.861572265625,63742500
2018-07-31,280.80999755859375,282.0199890136719,280.3800048828125,249.08348083496094,68570500
2018-08-01,281.55999755859375,282.1300048828125,280.1300048828125,248.6673126220703,53853300
2018-08-02,279.3900146484375,282.5799865722656,279.1600036621094,250.02191162109375,63426400
2018-08-03,282.5299987792969,283.6600036621094,282.3299865722656,251.09317016601562,53935400
2018-08-06,283.6400146484375,284.989990234375,283.20001220703125,252.01394653320312,39400900
2018-08-07,285.3900146484375,286.010009765625,285.239990234375,252.8462677001953,43196600
2018-08-08,285.3900146484375,285.9100036621094,284.94000244140625,252.739990234375,42114600
2018-08-09,285.5299987792969,285.9700012207031,284.9200134277344,252.39479064941406,35717000
2018-08-10,283.45001220703125,284.05999755859375,282.3599853515625,250.70364379882812,77076000
2018-08-13,283.4700012207031,284.1600036621094,281.7699890136719,249.76515197753906,65732900
2018-08-14,282.9200134277344,284.1700134277344,282.4800109863281,251.35887145996094,43842000
2018-08-15,282.3800048828125,282.5400085449219,280.1600036621094,249.48184204101562,102925400
2018-08-16,283.3999938964844,285.0400085449219,283.3599853515625,251.50051879882812,69967900
2018-08-17,283.8299865722656,285.55999755859375,283.3699951171875,252.38584899902344,65618500
2018-08-20,285.57000732421875,285.9700012207031,285.05999755859375,252.92596435546875,39807500
2018-08-21,286.25,287.30999755859375,285.7099914550781,253.5191192626953,67272000
2018-08-22,285.8800048828125,286.760009765625,285.5799865722656,253.36859130859375,44993300
2018-08-23,285.9700012207031,286.94000244140625,285.42999267578125,253.0321502685547,49204900
2018-08-24,286.44000244140625,287.6700134277344,286.3800048828125,254.55508422851562,57487400
2018-08-27,288.8599853515625,289.8999938964844,288.67999267578125,256.5648193359375,57072400
2018-08-28,290.29998779296875,290.4200134277344,289.3999938964844,256.6888122558594,46943500
2018-08-29,290.1600036621094,291.739990234375,289.8900146484375,258.0700988769531,61485500
2018-08-30,290.94000244140625,291.3599853515625,289.6300048828125,257.0251770019531,61229500
2018-08-31,289.8399963378906,290.80999755859375,289.2900085449219,257.03399658203125,66140800
2018-09-04,289.8399963378906,290.2099914550781,288.67999267578125,256.5914306640625,57594400
2018-09-05,289.4100036621094,289.6400146484375,287.8900146484375,255.90086364746094,72452400
2018-09-06,289.1499938964844,289.489990234375,287.0,255.1305389404297,65909900
2018-09-07,286.9800109863281,288.70001220703125,286.7099914550781,254.63465881347656,73524800
2018-09-10,288.739990234375,289.0400085449219,287.8800048828125,255.07740783691406,50210900
2018-09-11,287.3699951171875,289.54998779296875,286.9800109863281,255.91851806640625,50530500
2018-09-12,289.05999755859375,289.79998779296875,288.2300109863281,255.9805908203125,59810800
2018-09-13,290.32000732421875,291.0400085449219,290.0,257.4945068359375,51034200
2018-09-14,291.05999755859375,291.2699890136719,290.0,257.53875732421875,55079900
2018-09-17,290.82000732421875,290.8599853515625,289.0299987792969,256.1753234863281,68244000
2018-09-18,289.5799865722656,291.5799865722656,289.54998779296875,257.5652770996094,61930400
2018-09-19,290.9700012207031,291.69000244140625,290.8299865722656,257.83990478515625,49080600
2018-09-20,292.6400146484375,293.94000244140625,291.239990234375,259.9293212890625,100360600
2018-09-21,293.0899963378906,293.2200012207031,291.80999755859375,259.6918029785156,105479700
2018-09-24,291.3399963378906,291.5,290.3699951171875,258.8291320800781,53409600
2018-09-25,291.5299987792969,291.6499938964844,290.4800109863281,258.589111328125,44370000
2018-09-26,290.9100036621094,292.239990234375,289.4100036621094,257.8152160644531,79739700
2018-09-27,290.4100036621094,291.9100036621094,290.1000061035156,258.5356140136719,59249500
2018-09-28,289.989990234375,291.2799987792969,289.95001220703125,258.5623779296875,70091400
2018-10-01,292.1099853515625,292.92999267578125,290.9800109863281,259.4605712890625,62078900
2018-10-02,291.55999755859375,292.3599853515625,291.1400146484375,259.3094177246094,47258200
2018-10-03,292.739990234375,293.2099914550781,291.32000732421875,259.4517822265625,64694600
2018-10-04,291.17999267578125,291.239990234375,287.6600036621094,257.42388916015625,111545900
2018-10-05,289.69000244140625,290.2699890136719,286.2200012207031,255.9831085205078,105951700
2018-10-08,287.04998779296875,288.2200012207031,285.5,255.9831085205078,87742200
2018-10-09,287.3900146484375,288.8599853515625,286.7699890136719,255.6095733642578,74339000
2018-10-10,286.8299865722656,286.9100036621094,277.8800048828125,247.5161590576172,214731000
2018-10-11,277.0799865722656,278.8999938964844,270.3599853515625,242.06423950195312,274840500
2018-10-12,276.7699890136719,277.0899963378906,272.3699951171875,245.42604064941406,183186500
2018-10-15,275.54998779296875,277.0400085449219,274.29998779296875,244.0475311279297,102263700
2018-10-16,276.6000061035156,280.82000732421875,276.07000732421875,249.3838348388672,118255800
2018-10-17,280.44000244140625,281.1499938964844,277.55999755859375,249.42831420898438,110626000
2018-10-18,279.3999938964844,280.07000732421875,274.9700012207031,245.82623291015625,134557500
2018-10-19,277.1300048828125,279.29998779296875,275.4700012207031,245.69288635253906,139901600
2018-10-22,277.0,277.3599853515625,274.4100036621094,244.59007263183594,82415800
2018-10-23,270.95001220703125,274.8699951171875,268.6099853515625,243.34487915039062,146352700
2018-10-24,273.3299865722656,273.760009765625,264.70001220703125,235.97201538085938,177806700
2018-10-25,267.3800048828125,271.80999755859375,266.2300109863281,240.20538330078125,138061500
2018-10-26,265.9200134277344,271.0,262.2900085449219,235.98080444335938,201574600
2018-10-29,268.79998779296875,270.25,259.8500061035156,234.67340087890625,160749100
2018-10-30,263.6700134277344,268.1199951171875,263.1199951171875,238.15093994140625,157116000
2018-10-31,270.6499938964844,273.2300109863281,270.1199951171875,240.69459533691406,128296300
2018-11-01,271.6000061035156,273.7300109863281,270.3800048828125,243.25595092773438,99495000
2018-11-02,274.75,275.2300109863281,269.5899963378906,241.81520080566406,122634100
2018-11-05,272.44000244140625,274.010009765625,271.3500061035156,243.14920043945312,65622500
2018-11-06,273.32000732421875,275.29998779296875,273.25,244.68789672851562,60085900
2018-11-07,277.55999755859375,281.1000061035156,277.0799865722656,249.92637634277344,102752100
2018-11-08,280.1099853515625,281.2200012207031,279.2200012207031,249.47276306152344,65584900
2018-11-09,279.0299987792969,279.239990234375,276.17999267578125,247.03590393066406,98812600
2018-11-12,277.19000244140625,277.4599914550781,271.989990234375,242.4199981689453,99673600
2018-11-13,273.0899963378906,275.3299865722656,271.25,241.9664306640625,98176600
2018-11-14,274.1600036621094,274.6099853515625,268.45001220703125,240.31216430664062,125335900
2018-11-15,268.7799987792969,273.5400085449219,267.010009765625,242.8201446533203,135101400
2018-11-16,271.7900085449219,274.75,271.2099914550781,243.45166015625,126668000
2018-11-19,273.04998779296875,273.3800048828125,268.07000732421875,239.3337860107422,103061700
2018-11-20,265.3599853515625,267.0,263.1499938964844,234.90463256835938,136021300
2018-11-21,265.8599853515625,267.1499938964844,265.010009765625,235.7051239013672,75563700
2018-11-23,263.17999267578125,264.82000732421875,263.07000732421875,234.13079833984375,42807900
2018-11-26,265.7799987792969,267.75,265.3399963378906,237.9107666015625,79981400
2018-11-27,266.3399963378906,268.3999938964844,265.6600036621094,238.71124267578125,75502400
2018-11-28,269.6000061035156,274.5799865722656,268.3299865722656,244.2075653076172,127629600
2018-11-29,273.7099914550781,275.54998779296875,272.42999267578125,243.67398071289062,82346400
2018-11-30,273.80999755859375,276.2799987792969,273.45001220703125,245.15927124023438,98204200
2018-12-03,280.2799987792969,280.3999938964844,277.510009765625,248.40554809570312,103176300
2018-12-04,278.3699951171875,278.8500061035156,269.8999938964844,240.3565673828125,177986000
2018-12-06,265.9200134277344,269.9700012207031,262.44000244140625,239.9918975830078,204185400
2018-12-07,269.4599914550781,271.2200012207031,262.6300048828125,234.41546630859375,161018900
2018-12-10,263.3699951171875,265.1600036621094,258.6199951171875,234.8601531982422,151445900
2018-12-11,267.6600036621094,267.8699951171875,262.4800109863281,234.9135284423828,121504400
2018-12-12,267.4700012207031,269.0,265.3699951171875,236.09640502929688,97976700
2018-12-13,266.5199890136719,267.489990234375,264.1199951171875,236.01634216308594,96662700
2018-12-14,262.9599914550781,264.0299987792969,259.8500061035156,231.6584014892578,116961100
2018-12-17,259.3999938964844,260.6499938964844,253.52999877929688,227.11363220214844,165492300
2018-12-18,257.20001220703125,257.95001220703125,253.27999877929688,226.86459350585938,134515100
2018-12-19,255.1699981689453,259.3999938964844,249.35000610351562,223.46713256835938,214992800
2018-12-20,249.86000061035156,251.6199951171875,244.64999389648438,219.82952880859375,252053400
2018-12-21,246.74000549316406,249.7100067138672,239.97999572753906,215.3253631591797,255345600
2018-12-24,239.0399932861328,240.83999633789062,234.27000427246094,209.6358184814453,147311600
2018-12-26,235.97000122070312,246.17999267578125,233.75999450683594,220.22764587402344,218485400
2018-12-27,242.57000732421875,248.2899932861328,238.9600067138672,221.91845703125,186267300
2018-12-28,249.5800018310547,251.39999389648438,246.4499969482422,221.6321563720703,153100200
2018-12-31,249.55999755859375,250.19000244140625,247.47000122070312,223.57339477539062,144299400
2019-01-02,245.97999572753906,251.2100067138672,245.9499969482422,223.80592346191406,126925200
2019-01-03,248.22999572753906,248.57000732421875,243.6699981689453,218.46531677246094,144140700
2019-01-04,247.58999633789062,253.11000061035156,247.1699981689453,225.782958984375,142628800
2019-01-07,252.69000244140625,255.9499969482422,251.69000244140625,227.5631561279297,103139100
2019-01-08,256.82000732421875,257.30999755859375,254.0,229.70120239257812,102512600
2019-01-09,257.55999755859375,258.9100036621094,256.19000244140625,230.77471923828125,95006600
2019-01-10,256.260009765625,259.1600036621094,255.5,231.58883666992188,96823900
2019-01-11,257.67999267578125,259.010009765625,257.0299987792969,231.6782684326172,73858100
2019-01-14,256.8599853515625,258.29998779296875,256.4100036621094,230.26480102539062,70908200
2019-01-15,257.82000732421875,260.70001220703125,257.80999755859375,232.90379333496094,85208300
2019-01-16,260.8299865722656,261.9700012207031,260.6000061035156,233.46743774414062,77636700
2019-01-17,260.010009765625,263.9200134277344,259.9599914550781,235.23870849609375,96118400
2019-01-18,264.9800109863281,266.9800109863281,263.0,238.3697509765625,127900300
2019-01-22,264.82000732421875,265.05999755859375,261.05999755859375,235.14927673339844,115531200
2019-01-23,264.010009765625,264.7900085449219,260.6600036621094,235.64129638671875,86030300
2019-01-24,263.2099914550781,264.20001220703125,262.0799865722656,235.76644897460938,59204100
2019-01-25,265.6099853515625,266.70001220703125,263.6600036621094,237.7613983154297,96883400
2019-01-28,263.3900146484375,263.8299865722656,261.7900085449219,235.95437622070312,85613700
2019-01-29,263.9200134277344,264.54998779296875,262.4800109863281,235.64129638671875,66136300
2019-01-30,265.1000061035156,268.5199890136719,264.25,239.3716583251953,92473700
2019-01-31,267.510009765625,270.4700012207031,267.2699890136719,241.4739532470703,104012100
2019-02-01,270.1499938964844,271.20001220703125,269.17999267578125,241.5902099609375,85782500
2019-02-04,270.1099853515625,272.0299987792969,269.3599853515625,243.2898406982422,60744800
2019-02-05,272.44000244140625,273.44000244140625,271.8800048828125,244.30967712402344,79552800
2019-02-06,272.7900085449219,273.3399963378906,271.9200134277344,243.9876708984375,58347800
2019-02-07,270.94000244140625,271.54998779296875,268.2900085449219,241.66180419921875,95482000
2019-02-08,268.75,270.5799865722656,267.8299865722656,241.9569549560547,75788900
2019-02-11,271.20001220703125,271.489990234375,270.0299987792969,242.0911407470703,68021400
2019-02-12,272.4200134277344,274.5199890136719,272.3399963378906,245.2042999267578,72270200
2019-02-13,275.0299987792969,275.92999267578125,274.55999755859375,246.00047302246094,65277200
2019-02-14,273.7799987792969,275.6400146484375,272.8699951171875,245.45486450195312,83234400
2019-02-15,276.3599853515625,277.4100036621094,276.1300048828125,248.1295928955078,97088700
2019-02-19,276.4800109863281,278.5799865722656,276.4700012207031,248.5590362548828,59120800
2019-02-20,277.80999755859375,278.9200134277344,277.25,249.0599365234375,76610800
2019-02-21,277.70001220703125,278.1000061035156,276.3500061035156,248.17433166503906,64214700
2019-02-22,278.1099853515625,279.3599853515625,277.3999938964844,249.7129669189453,78114600
2019-02-25,280.7300109863281,281.30999755859375,279.42999267578125,250.05296325683594,69030700
2019-02-26,279.1300048828125,280.29998779296875,278.8999938964844,249.8739776611328,56844100
2019-02-27,278.5199890136719,279.5899963378906,277.4800109863281,249.76661682128906,56921600
2019-02-28,278.9599914550781,279.45001220703125,278.32000732421875,249.30149841308594,69268300
2019-03-01,280.44000244140625,280.8800048828125,278.82000732421875,250.85806274414062,78880500
2019-03-04,281.6000061035156,281.8699951171875,276.8399963378906,249.9456024169922,106494600
2019-03-05,279.5400085449219,279.760009765625,278.4100036621094,249.6056671142578,59114600
2019-03-06,279.1499938964844,279.1600036621094,276.9700012207031,248.09385681152344,75039800
2019-03-07,276.8299865722656,276.989990234375,274.07000732421875,246.01837158203125,94885100
2019-03-08,272.94000244140625,274.6499938964844,272.4200134277344,245.5263671875,85795800
2019-03-11,275.260009765625,278.6199951171875,275.2300109863281,249.0867462158203,65098900
2019-03-12,279.05999755859375,280.07000732421875,278.8500061035156,250.0260772705078,79667500
2019-03-13,280.4800109863281,282.3800048828125,280.29998779296875,251.6811065673828,80639200
2019-03-14,281.3699951171875,281.8399963378906,280.6700134277344,251.52001953125,67518400
2019-03-15,280.5400085449219,282.2099914550781,280.3299865722656,252.7626953125,81309000
2019-03-18,281.54998779296875,282.6600036621094,281.29998779296875,253.6791534423828,62199800
2019-03-19,283.510009765625,284.3599853515625,281.4100036621094,253.74208068847656,90268100
2019-03-20,282.1600036621094,283.5,280.32000732421875,252.9783172607422,84609200
2019-03-21,280.6400146484375,285.17999267578125,280.5899963378906,255.83563232421875,79550400
2019-03-22,283.2200012207031,283.79998779296875,279.17999267578125,250.91175842285156,122659300
2019-03-25,278.8699951171875,280.19000244140625,277.6400146484375,250.72305297851562,85575200
2019-03-26,280.989990234375,282.17999267578125,279.55999755859375,252.59201049804688,68125900
2019-03-27,281.1099853515625,281.760009765625,277.92999267578125,251.27114868164062,72224700
2019-03-28,280.3500061035156,281.2099914550781,279.07000732421875,252.2235870361328,56238500
2019-03-29,282.3900146484375,282.8399963378906,281.1400146484375,253.81402587890625,82186800
2019-04-01,284.70001220703125,286.1600036621094,284.3999938964844,256.823974609375,77617900
2019-04-02,286.0400085449219,286.2300109863281,285.0899963378906,256.94976806640625,40070400
2019-04-03,287.32000732421875,287.760009765625,285.75,257.35418701171875,68243200
2019-04-04,286.7799987792969,287.4599914550781,286.010009765625,258.03704833984375,48997500
2019-04-05,287.9200134277344,288.6300048828125,287.6000061035156,259.28594970703125,58621700
2019-04-08,288.1000061035156,288.9100036621094,287.3699951171875,259.48358154296875,53566300
2019-04-09,287.7200012207031,288.0799865722656,286.70001220703125,258.1538391113281,66142300
2019-04-10,287.7699890136719,288.3900146484375,287.30999755859375,259.03436279296875,52601500
2019-04-11,288.8299865722656,288.8399963378906,287.5799865722656,258.9624938964844,55093100
2019-04-12,290.0,290.4700012207031,288.260009765625,260.71453857421875,69727800
2019-04-15,290.239990234375,290.3500061035156,289.0799865722656,260.5437927246094,49596700
2019-04-16,290.95001220703125,291.010009765625,289.5,260.71453857421875,52153200
2019-04-17,291.3999938964844,291.42999267578125,288.989990234375,260.07666015625,58268300
2019-04-18,290.1000061035156,290.32000732421875,288.6600036621094,260.5887756347656,68708500
2019-04-22,289.1700134277344,290.44000244140625,289.07000732421875,260.81341552734375,40160100
2019-04-23,290.67999267578125,293.1400146484375,290.4200134277344,263.1586608886719,52246600
2019-04-24,292.7900085449219,293.1600036621094,292.07000732421875,262.57452392578125,50392900
2019-04-25,292.1199951171875,292.7799987792969,290.7300109863281,262.4127502441406,57770900
2019-04-26,292.1000061035156,293.489990234375,291.239990234375,263.6347351074219,50916400
2019-04-29,293.510009765625,294.45001220703125,293.4100036621094,264.0480651855469,57197700
2019-04-30,293.489990234375,294.3399963378906,291.9200134277344,264.182861328125,81111700
2019-05-01,294.7200012207031,294.95001220703125,291.79998779296875,262.19720458984375,71671900
2019-05-02,291.67999267578125,292.70001220703125,289.5199890136719,261.63104248046875,65030200
2019-05-03,292.82000732421875,294.3399963378906,291.29998779296875,264.1918640136719,56543700
2019-05-06,289.25,293.30999755859375,288.8999938964844,263.1046447753906,107198100
2019-05-07,290.1499938964844,290.80999755859375,285.80999755859375,258.7108459472656,144729900
2019-05-08,287.5299987792969,289.42999267578125,286.8699951171875,258.3514709472656,91568300
2019-05-09,285.2300109863281,287.3299865722656,283.29998779296875,257.5697937011719,103471100
2019-05-10,285.6199951171875,288.94000244140625,282.29998779296875,258.8636474609375,112429300
2019-05-13,282.4200134277344,283.489990234375,279.92999267578125,252.35836791992188,127290500
2019-05-14,281.989990234375,285.1000061035156,281.8500061035156,254.64060974121094,77003200
2019-05-15,281.5899963378906,285.7699890136719,281.3599853515625,256.13214111328125,73956400
2019-05-16,285.8399963378906,289.2099914550781,285.760009765625,258.5041809082031,76749600
2019-05-17,285.1400146484375,288.6000061035156,285.1199951171875,256.8329162597656,100353000
2019-05-20,284.05999755859375,285.9599914550781,283.1199951171875,255.13473510742188,62877600
2019-05-21,285.8299865722656,286.92999267578125,285.54998779296875,257.4350891113281,46847100
2019-05-22,285.45001220703125,286.69000244140625,285.1000061035156,256.6443176269531,49482500
2019-05-23,283.1600036621094,283.2099914550781,280.57000732421875,253.50848388671875,98733800
2019-05-24,283.739990234375,284.20001220703125,282.0899963378906,254.08351135253906,55268100
2019-05-28,283.0899963378906,284.1499938964844,280.1300048828125,251.7203826904297,70029400
2019-05-29,278.9100036621094,279.3599853515625,276.7099914550781,250.0311737060547,104972900
2019-05-30,279.1099853515625,280.0400085449219,277.80999755859375,250.71414184570312,62523800
2019-05-31,276.20001220703125,277.1199951171875,275.239990234375,247.33567810058594,86862800
2019-06-03,275.30999755859375,276.54998779296875,273.0899963378906,246.70668029785156,96428000
2019-06-04,277.1199951171875,280.67999267578125,276.6199951171875,252.06175231933594,77231900
2019-06-05,282.3299865722656,282.989990234375,280.32000732421875,254.24510192871094,71169700
2019-06-06,283.2900085449219,285.54998779296875,282.57000732421875,255.89846801757812,69430400
2019-06-07,285.92999267578125,288.8500061035156,285.739990234375,258.459228515625,74272200
2019-06-10,289.3699951171875,290.82000732421875,288.8699951171875,259.6452941894531,60799100
2019-06-11,290.989990234375,291.3999938964844,288.17999267578125,259.5824890136719,58641300
2019-06-12,288.6400146484375,289.260009765625,287.82000732421875,259.1242980957031,47096300
2019-06-13,289.3999938964844,289.9800109863281,288.6199951171875,260.1934814453125,48945200
2019-06-14,289.260009765625,289.92999267578125,288.4100036621094,259.90594482421875,52324700
2019-06-17,289.5199890136719,290.2200012207031,289.17999267578125,260.00469970703125,39205700
2019-06-18,291.3900146484375,293.57000732421875,290.989990234375,262.7273254394531,85434800
2019-06-19,292.54998779296875,293.6499938964844,291.4700012207031,263.3202209472656,78674400
2019-06-20,296.0400085449219,296.30999755859375,293.1300048828125,265.8361511230469,116570000
2019-06-21,294.1300048828125,295.5199890136719,293.760009765625,265.44970703125,83309500
2019-06-24,294.2300109863281,294.5799865722656,293.4700012207031,265.12469482421875,47582700
2019-06-25,293.70001220703125,293.7300109863281,290.6400146484375,262.52435302734375,82028700
2019-06-26,291.75,292.30999755859375,290.3500061035156,262.26251220703125,51584900
2019-06-27,291.30999755859375,292.05999755859375,290.8900146484375,263.1924743652344,40355200
2019-06-28,292.5799865722656,293.54998779296875,292.010009765625,264.546875,59350900
2019-07-01,296.67999267578125,296.9200134277344,294.3299865722656,266.94854736328125,78705600
2019-07-02,295.6099853515625,296.489990234375,294.67999267578125,267.64373779296875,61504500
2019-07-03,297.17999267578125,298.82000732421875,297.0199890136719,269.78363037109375,40898900
2019-07-05,297.44000244140625,298.6400146484375,296.010009765625,269.4765930175781,51677300
2019-07-08,297.010009765625,298.260009765625,296.2200012207031,267.99591064453125,45841800
2019-07-09,295.5400085449219,297.5199890136719,295.4800109863281,268.3299255371094,41101300
2019-07-10,298.3699951171875,299.6600036621094,297.7799987792969,269.6119384765625,58448500
2019-07-11,299.32000732421875,299.5799865722656,298.20001220703125,270.24407958984375,50826100
2019-07-12,299.8500061035156,300.7300109863281,299.510009765625,271.4539489746094,40326000
2019-07-15,301.1300048828125,301.1300048828125,300.19000244140625,271.5442199707031,33900000
2019-07-16,300.6499938964844,300.8800048828125,299.44000244140625,270.6684265136719,36650100
2019-07-17,299.75,299.92999267578125,297.739990234375,268.8265380859375,36036300
2019-07-18,297.19000244140625,299.25,296.70001220703125,269.81072998046875,51392600
2019-07-19,300.0400085449219,300.07000732421875,296.9800109863281,268.31195068359375,58678600
2019-07-22,297.6099853515625,298.5,297.0400085449219,268.970947265625,43638100
2019-07-23,299.1400146484375,300.0299987792969,298.2200012207031,270.894287109375,44564500
2019-07-24,299.19000244140625,301.44000244140625,299.0899963378906,272.16729736328125,47213200
2019-07-25,300.94000244140625,301.0,299.1099853515625,270.8670959472656,55394100
2019-07-26,300.760009765625,302.2300109863281,300.6199951171875,272.681884765625,45084100
2019-07-29,301.8800048828125,302.010009765625,300.8500061035156,272.1852722167969,38126500
2019-07-30,299.9100036621094,301.1700134277344,299.489990234375,271.5171203613281,45849000
2019-07-31,300.989990234375,301.20001220703125,295.20001220703125,268.5466003417969,104245200
2019-08-01,297.6000061035156,300.8699951171875,293.9599914550781,266.2081298828125,142646600
2019-08-02,293.8500061035156,294.1199951171875,290.8999938964844,264.2037048339844,116749700
2019-08-05,288.0899963378906,288.2099914550781,281.7200012207031,256.2582702636719,178745400
2019-08-06,285.9100036621094,288.0400085449219,284.2799987792969,259.851806640625,120711700
2019-08-07,284.3999938964844,288.82000732421875,282.0400085449219,260.0052795410156,140572300
2019-08-08,289.6199951171875,293.6199951171875,289.010009765625,265.10662841796875,87713900
2019-08-09,292.5799865722656,293.239990234375,289.6499938964844,263.3008117675781,93730000
2019-08-12,289.9599914550781,291.6099853515625,287.0199890136719,260.09564208984375,65527600
2019-08-13,287.739990234375,294.1499938964844,287.3599853515625,264.1405944824219,94299800
2019-08-14,288.07000732421875,288.739990234375,283.760009765625,256.33056640625,135622100
2019-08-15,284.8800048828125,285.6400146484375,282.3900146484375,257.00762939453125,99556600
2019-08-16,286.4800109863281,289.3299865722656,284.7099914550781,260.7998352050781,83018300
2019-08-19,292.19000244140625,293.0799865722656,291.44000244140625,263.9418640136719,53571800
2019-08-20,291.7699890136719,292.3599853515625,289.95001220703125,261.91937255859375,51596400
2019-08-21,292.4800109863281,292.8599853515625,291.7200012207031,264.0502014160156,49524700
2019-08-22,293.2300109863281,293.92999267578125,290.3999938964844,263.968994140625,51666400
2019-08-23,290.9200134277344,292.760009765625,283.4700012207031,257.18829345703125,149161500
2019-08-26,287.2699890136719,288.0,285.5799865722656,260.0323181152344,72423800
2019-08-27,289.5400085449219,289.95001220703125,286.0299987792969,259.01214599609375,66668900
2019-08-28,286.1400146484375,289.07000732421875,285.25,260.83599853515625,59696700
2019-08-29,291.7200012207031,293.1600036621094,290.6099853515625,264.1676940917969,57899400
2019-08-30,294.2200012207031,294.239990234375,291.4200134277344,264.0502014160156,62901200
2019-09-03,290.57000732421875,291.5799865722656,289.2699890136719,262.50634765625,69101400
2019-09-04,293.1400146484375,294.05999755859375,292.30999755859375,265.48590087890625,46887300
2019-09-05,296.7900085449219,298.8299865722656,294.0,268.8987731933594,83258100
2019-09-06,298.1700134277344,298.760009765625,297.4200134277344,269.10638427734375,49584300
2019-09-09,299.1400146484375,299.239990234375,297.1600036621094,269.24188232421875,51260300
2019-09-10,297.3599853515625,298.20001220703125,295.9700012207031,269.1786804199219,57947100
2019-09-11,298.4700012207031,300.3399963378906,297.75,271.0927734375,68821100
2019-09-12,301.25,302.4599914550781,300.4100036621094,272.0318603515625,72908700
2019-09-13,301.7799987792969,302.1700134277344,300.67999267578125,271.8512268066406,62104800
2019-09-16,299.8399963378906,301.1400146484375,299.45001220703125,271.0115966796875,58191200
2019-09-17,299.94000244140625,301.0199890136719,299.75,271.6976623535156,41475500
2019-09-18,300.489990234375,301.2200012207031,298.239990234375,271.8602294921875,73375800
2019-09-19,301.5299987792969,302.6300048828125,300.7099914550781,271.8421630859375,76560500
2019-09-20,300.3599853515625,300.6700134277344,297.4100036621094,270.557861328125,89565000
2019-09-23,297.54998779296875,299.0,297.2699890136719,270.4943542480469,43476800
2019-09-24,299.4100036621094,299.8399963378906,294.80999755859375,268.3717956542969,94869400
2019-09-25,295.9599914550781,298.1099853515625,294.3299865722656,269.95916748046875,71854000
2019-09-26,297.6300048828125,297.8599853515625,295.45001220703125,269.39678955078125,56179700
2019-09-27,297.8299865722656,297.95001220703125,293.69000244140625,267.9454650878906,84746600
2019-09-30,295.9700012207031,297.54998779296875,295.9200134277344,269.18804931640625,51662400
2019-10-01,297.739990234375,298.4599914550781,293.0,265.9862060546875,88242400
2019-10-02,291.5,291.510009765625,286.6400146484375,261.28759765625,122539500
2019-10-03,287.80999755859375,290.45001220703125,284.82000732421875,263.42822265625,85278800
2019-10-04,291.1400146484375,294.6300048828125,291.0799865722656,266.9930725097656,65091200
2019-10-07,293.4700012207031,295.260009765625,292.7699890136719,265.84100341796875,59610500
2019-10-08,291.0400085449219,291.8500061035156,288.489990234375,261.7139587402344,95708100
2019-10-09,290.75,292.29998779296875,290.05999755859375,264.19927978515625,62359400
2019-10-10,291.17999267578125,294.2099914550781,291.0,265.9862060546875,55296300
2019-10-11,296.2699890136719,298.739990234375,296.1400146484375,268.7436828613281,98720400
2019-10-14,295.92999267578125,296.6700134277344,295.57000732421875,268.4443359375,40394800
2019-10-15,297.1000061035156,299.70001220703125,296.9700012207031,271.10205078125,46754500
2019-10-16,298.3699951171875,299.1600036621094,297.9200134277344,270.6667175292969,48928200
2019-10-17,299.67999267578125,300.239990234375,298.5199890136719,271.4648742675781,45736600
2019-10-18,298.69000244140625,299.3999938964844,297.0299987792969,270.27667236328125,64304000
2019-10-21,299.4200134277344,300.2099914550781,298.94000244140625,272.1088562011719,39048600
2019-10-22,300.5799865722656,300.8999938964844,298.9100036621094,271.2200012207031,48594700
2019-10-23,298.7300109863281,299.94000244140625,298.5,272.00909423828125,34352200
2019-10-24,300.9100036621094,301.07000732421875,299.4599914550781,272.4535217285156,35453100
2019-10-25,299.739990234375,302.20001220703125,299.67999267578125,273.5693054199219,45205400
2019-10-28,302.94000244140625,303.8500061035156,302.9100036621094,275.1112060546875,42147000
2019-10-29,303.0,304.2300109863281,302.8599853515625,275.02947998046875,44284900
2019-10-30,303.42999267578125,304.54998779296875,301.989990234375,275.8731384277344,49643900
2019-10-31,304.1300048828125,304.1300048828125,301.7300109863281,275.1384582519531,69053800
2019-11-01,304.9200134277344,306.19000244140625,304.739990234375,277.6872863769531,71141500
2019-11-04,307.8500061035156,308.0,306.9599914550781,278.8029479980469,60606900
2019-11-05,307.5899963378906,307.9200134277344,306.7099914550781,278.4946594238281,42933200
2019-11-06,307.0299987792969,307.3999938964844,306.05999755859375,278.55810546875,46487100
2019-11-07,308.57000732421875,309.6499938964844,307.6600036621094,279.5377197265625,54272300
2019-11-08,307.79998779296875,309.0,307.0299987792969,280.22705078125,49032100
2019-11-11,307.4200134277344,308.5400085449219,307.2699890136719,279.6918640136719,35797300
2019-11-12,308.75,309.989990234375,308.1499938964844,280.2813720703125,46484600
2019-11-13,307.9100036621094,309.5400085449219,307.6600036621094,280.3721923828125,53917700
2019-11-14,308.7900085449219,309.6400146484375,308.0899963378906,280.7803955078125,51219900
2019-11-15,311.0199890136719,311.8399963378906,310.260009765625,282.8121643066406,62023600
2019-11-18,311.5299987792969,312.2799987792969,311.0299987792969,283.02081298828125,49228000
2019-11-19,312.67999267578125,312.69000244140625,311.2200012207031,282.9391784667969,67804700
2019-11-20,311.2799987792969,311.8500061035156,309.05999755859375,281.88690185546875,79406200
2019-11-21,310.8900146484375,311.010009765625,309.3900146484375,281.4334411621094,54664700
2019-11-22,311.0899963378906,311.239990234375,309.8500061035156,282.0592956542969,44850200
2019-11-25,311.9800109863281,313.3699951171875,311.9800109863281,284.24530029296875,48647200
2019-11-26,313.4100036621094,314.2799987792969,313.05999755859375,284.88934326171875,37569000
2019-11-27,314.6099853515625,315.4800109863281,314.3699951171875,286.1592102050781,44444600
2019-11-29,314.8599853515625,315.1300048828125,314.05999755859375,285.09796142578125,36592700
2019-12-02,314.5899963378906,314.6600036621094,311.1700134277344,282.6761169433594,75767800
2019-12-03,308.6499938964844,309.6400146484375,307.1300048828125,280.7803955078125,73941700
2019-12-04,310.70001220703125,312.1199951171875,310.32000732421875,282.5127868652344,49080000
2019-12-05,312.2300109863281,312.25,310.5799865722656,283.02081298828125,40709000
2019-12-06,314.1199951171875,315.30999755859375,314.1099853515625,285.6058654785156,48927000
2019-12-09,314.44000244140625,315.17999267578125,313.79998779296875,284.7079162597656,34838500
2019-12-10,313.82000732421875,314.54998779296875,312.80999755859375,284.3904113769531,52649800
2019-12-11,314.0299987792969,314.70001220703125,313.44000244140625,285.19781494140625,53429100
2019-12-12,314.42999267578125,317.989990234375,314.1700134277344,287.65582275390625,96389600
2019-12-13,316.8699951171875,318.6700134277344,316.0199890136719,287.8282775878906,81503900
2019-12-16,319.2200012207031,320.1499938964844,317.25,289.8055419921875,82749700
2019-12-17,319.9200134277344,320.25,319.4800109863281,289.8690490722656,61097700
2019-12-18,320.0,320.25,319.5299987792969,289.8872985839844,48133000
2019-12-19,319.79998779296875,320.9800109863281,319.5199890136719,291.075439453125,85310500
2019-12-20,320.4599914550781,321.9700012207031,319.3900146484375,292.3516540527344,147142100
2019-12-23,321.5899963378906,321.6499938964844,321.05999755859375,292.7982177734375,52990000
2019-12-24,321.4700012207031,321.5199890136719,320.8999938964844,292.807373046875,20270000
2019-12-26,321.6499938964844,322.95001220703125,321.6400146484375,294.3659362792969,30911200
2019-12-27,323.739990234375,323.79998779296875,322.2799987792969,294.2930908203125,42528800
2019-12-30,322.95001220703125,323.1000061035156,320.54998779296875,292.6706848144531,49729100
2019-12-31,320.5299987792969,322.1300048828125,320.1499938964844,293.3815612792969,57077300
2020-01-02,323.5400085449219,324.8900146484375,322.5299987792969,296.1253356933594,59151200
2020-01-03,321.1600036621094,323.6400146484375,321.1000061035156,293.8829345703125,77709700
2020-01-06,320.489990234375,323.7300109863281,320.3599853515625,295.00421142578125,55653900
2020-01-07,323.0199890136719,323.5400085449219,322.239990234375,294.1747131347656,40496400
2020-01-08,322.94000244140625,325.7799987792969,322.6700134277344,295.742431640625,68296000
2020-01-09,326.1600036621094,326.7300109863281,325.5199890136719,297.7477722167969,48473300
2020-01-10,327.2900085449219,327.4599914550781,325.20001220703125,296.8908996582031,53029300
2020-01-13,326.3900146484375,327.9599914550781,325.9200134277344,298.9327087402344,47086800
2020-01-14,327.4700012207031,328.6199951171875,326.8399963378906,298.4770812988281,62832800
2020-01-15,327.3500061035156,329.0199890136719,327.260009765625,299.1514892578125,72056600
2020-01-16,329.70001220703125,330.9200134277344,329.45001220703125,301.6400451660156,54050300
2020-01-17,331.70001220703125,332.17999267578125,330.8500061035156,302.578857421875,95846000
2020-01-21,330.8999938964844,332.17999267578125,330.82000732421875,301.98638916015625,77742400
2020-01-22,332.239990234375,332.95001220703125,331.1700134277344,302.0227966308594,48914900
2020-01-23,330.6300048828125,332.1700134277344,329.4100036621094,302.369140625,51963000
2020-01-24,332.44000244140625,332.5299987792969,327.3599853515625,299.6802062988281,87578400
2020-01-27,323.0299987792969,325.1199951171875,322.6600036621094,294.8765563964844,84062500
2020-01-28,325.05999755859375,327.8500061035156,323.6000061035156,297.9665832519531,63834000
2020-01-29,328.3800048828125,328.6300048828125,326.3999938964844,297.720458984375,53888900
2020-01-30,324.3599853515625,327.9100036621094,323.5400085449219,298.6866760253906,75491800
2020-01-31,327.0,327.1700134277344,320.7300109863281,293.2630920410156,113845600
2020-02-03,323.3500061035156,326.1600036621094,323.2200012207031,295.4416198730469,69083000
2020-02-04,328.07000732421875,330.010009765625,327.7200012207031,299.9445495605469,62573200
2020-02-05,332.2699890136719,333.0899963378906,330.6700134277344,303.4083557128906,65951100
2020-02-06,333.9100036621094,334.19000244140625,332.79998779296875,304.42919921875,50359700
2020-02-07,332.82000732421875,333.989990234375,331.6000061035156,302.80670166015625,64139400
2020-02-10,331.2300109863281,334.75,331.19000244140625,305.0672607421875,42070000
2020-02-11,336.1600036621094,337.0199890136719,334.67999267578125,305.5960693359375,54864500
2020-02-12,336.8299865722656,337.6499938964844,336.42999267578125,307.5648498535156,43992700
2020-02-13,335.8599853515625,338.1199951171875,335.55999755859375,307.2366638183594,54501900
2020-02-14,337.510009765625,337.7300109863281,336.20001220703125,307.72900390625,64582200
2020-02-18,336.510009765625,337.6700134277344,335.2099914550781,306.9359436035156,57226200
2020-02-19,337.7900085449219,339.0799865722656,337.4800109863281,308.4034729003906,48814700
2020-02-20,337.739990234375,338.6400146484375,333.67999267578125,307.1365051269531,74163400
2020-02-21,335.4700012207031,335.80999755859375,332.5799865722656,303.9734802246094,113788200
2020-02-24,323.1400146484375,333.55999755859375,321.239990234375,293.89208984375,161088400
2020-02-25,323.94000244140625,324.6099853515625,311.69000244140625,284.9864807128906,218913200
2020-02-26,314.17999267578125,318.1099853515625,310.70001220703125,283.9383239746094,194773800
2020-02-27,305.4599914550781,311.55999755859375,297.510009765625,271.18609619140625,284353500
2020-02-28,288.70001220703125,297.8900146484375,285.5400085449219,270.0468444824219,384975800
2020-03-02,298.2099914550781,309.1600036621094,294.4599914550781,281.7414855957031,238703600
2020-03-03,309.5,313.8399963378906,297.57000732421875,273.67462158203125,300139100
2020-03-04,306.1199951171875,313.1000061035156,303.3299865722656,285.17791748046875,176613400
2020-03-05,304.9800109863281,308.4700012207031,300.010009765625,275.6981506347656,186366800
2020-03-06,293.1499938964844,298.7799987792969,290.2300109863281,271.14044189453125,228667200
2020-03-09,275.29998779296875,284.19000244140625,273.45001220703125,249.9659423828125,309417300
2020-03-10,284.6400146484375,288.5199890136719,273.5,262.9003601074219,276444100
2020-03-11,280.70001220703125,281.94000244140625,270.8800048828125,250.08448791503906,255316300
2020-03-12,256.0,266.6600036621094,247.67999267578125,226.15708923339844,392220700
2020-03-13,263.0899963378906,271.4800109863281,248.52000427246094,245.49037170410156,329566100
2020-03-16,241.17999267578125,256.8999938964844,237.36000061035156,218.62791442871094,297240000
2020-03-17,245.0399932861328,256.1700134277344,237.07000732421875,230.43212890625,262070500
2020-03-18,236.25,248.3699951171875,228.02000427246094,218.76466369628906,327597100
2020-03-19,239.25,247.3800048828125,232.22000122070312,219.2294921875,289322000
2020-03-20,242.52999877929688,244.47000122070312,228.5,209.78199768066406,347158800
2020-03-23,228.19000244140625,229.67999267578125,218.25999450683594,204.4182586669922,326025200
2020-03-24,234.4199981689453,244.10000610351562,233.8000030517578,222.939208984375,235494500
2020-03-25,244.8699951171875,256.3500061035156,239.75,226.27664184570312,299430300
2020-03-26,249.52000427246094,262.79998779296875,249.0500030517578,239.48890686035156,257632800
2020-03-27,253.27000427246094,260.80999755859375,251.0500030517578,232.35556030273438,224341200
2020-03-30,255.6999969482422,262.42999267578125,253.52999877929688,239.90150451660156,171369500
2020-03-31,260.55999755859375,263.3299865722656,256.2200012207031,236.32566833496094,194881100
2020-04-01,247.97999572753906,257.6600036621094,243.89999389648438,225.68984985351562,189554600
2020-04-02,245.19000244140625,252.67999267578125,244.58999633789062,230.89776611328125,177660400
2020-04-03,250.75999450683594,253.32000732421875,245.22000122070312,227.56028747558594,135561200
2020-04-06,257.8399963378906,267.0,248.1699981689453,242.84466552734375,188061200
2020-04-07,274.2099914550781,275.0299987792969,264.8900146484375,243.09225463867188,201427200
2020-04-08,267.9599914550781,276.0,265.25,251.25244140625,153774500
2020-04-09,277.5799865722656,281.20001220703125,275.4700012207031,255.07579040527344,189999200
2020-04-13,277.1400146484375,277.510009765625,271.4100036621094,252.7470245361328,114839100
2020-04-14,280.9800109863281,284.8999938964844,275.510009765625,260.2012023925781,134143400
2020-04-15,277.57000732421875,283.94000244140625,275.4599914550781,254.6724090576172,121775000
2020-04-16,279.1499938964844,280.0299987792969,275.760009765625,255.90101623535156,131798300
2020-04-17,285.3800048828125,287.29998779296875,282.3999938964844,262.8143310546875,146684800
2020-04-20,282.6099853515625,286.7900085449219,281.3500061035156,258.1840515136719,100109300
2020-04-21,276.7300109863281,278.0400085449219,272.0199890136719,250.3447265625,126385700
2020-04-22,278.3500061035156,281.0,276.9100036621094,255.90101623535156,92951600
2020-04-23,280.489990234375,283.94000244140625,278.75,255.88278198242188,104709700
2020-04-24,280.7300109863281,283.70001220703125,278.5,259.4493103027344,85063200
2020-04-27,285.1199951171875,288.2699890136719,284.6199951171875,263.190185546875,77896600
2020-04-28,291.0199890136719,291.3999938964844,285.3999938964844,261.9798583984375,105270000
2020-04-29,291.5299987792969,294.8800048828125,290.4100036621094,268.838134765625,118745600
2020-04-30,291.7099914550781,293.32000732421875,288.5899963378906,266.33502197265625,122901700
2020-05-01,285.30999755859375,290.6600036621094,281.5199890136719,259.28436279296875,125180000
2020-05-04,280.739990234375,283.8999938964844,279.1300048828125,259.99945068359375,80873200
2020-05-05,286.6400146484375,289.25,283.7099914550781,262.4017028808594,79569900
2020-05-06,288.0400085449219,288.4599914550781,283.7799987792969,260.6229553222656,73632600
2020-05-07,287.75,289.7799987792969,287.1300048828125,263.7678527832031,75250400
2020-05-08,291.0899963378906,292.95001220703125,289.8599853515625,268.1322021484375,76452400
2020-05-11,290.3399963378906,294.0,289.8800048828125,268.1872253417969,79514200
2020-05-12,293.7900085449219,294.239990234375,286.5199890136719,262.841796875,95870800
2020-05-13,286.05999755859375,287.19000244140625,278.9599914550781,258.19317626953125,144721100
2020-05-14,278.95001220703125,285.1099853515625,272.989990234375,261.2830505371094,121977900
2020-05-15,282.3699951171875,286.3299865722656,281.3399963378906,262.4842224121094,111146300
2020-05-18,293.04998779296875,296.75,292.70001220703125,270.4793395996094,119703800
2020-05-19,294.3500061035156,296.2099914550781,291.95001220703125,267.7013244628906,95189300
2020-05-20,295.82000732421875,297.8699951171875,295.57000732421875,272.2489929199219,85861700
2020-05-21,296.7900085449219,297.6700134277344,293.69000244140625,270.3694152832031,78293900
2020-05-22,294.57000732421875,295.6300048828125,293.2200012207031,270.88287353515625,63958200
2020-05-26,301.92999267578125,302.19000244140625,295.4599914550781,274.22027587890625,88951400
2020-05-27,302.1199951171875,303.57000732421875,296.8699951171875,278.3003845214844,104817400
2020-05-28,304.6499938964844,306.8399963378906,302.239990234375,277.7870178222656,90405200
2020-05-29,302.4599914550781,304.9599914550781,299.4700012207031,279.02471923828125,119090800
2020-06-01,303.6199951171875,306.2099914550781,303.05999755859375,280.1524658203125,55758300
2020-06-02,306.54998779296875,308.1300048828125,305.1000061035156,282.4721984863281,74267200
2020-06-03,310.239990234375,313.2200012207031,309.94000244140625,286.2314147949219,92567600
2020-06-04,311.1099853515625,313.0,309.0799865722656,285.4794616699219,75794400
2020-06-05,317.2300109863281,321.2699890136719,317.1600036621094,292.7962951660156,150524700
2020-06-08,320.2200012207031,323.4100036621094,319.6300048828125,296.3354187011719,73641200
2020-06-09,320.29998779296875,323.2799987792969,319.3599853515625,294.1257629394531,77479200
2020-06-10,321.4200134277344,322.3900146484375,318.2200012207031,292.4845886230469,95000800
2020-06-11,311.4599914550781,312.1499938964844,300.010009765625,275.6230773925781,209243600
2020-06-12,308.239990234375,309.0799865722656,298.6000061035156,278.923828125,194678900
2020-06-15,298.0199890136719,308.2799987792969,296.739990234375,281.5277404785156,135782700
2020-06-16,315.4800109863281,315.6400146484375,307.6700134277344,286.9465637207031,137627500
2020-06-17,314.07000732421875,314.3900146484375,310.8599853515625,285.754638671875,83398900
2020-06-18,310.010009765625,312.29998779296875,309.510009765625,285.8646545410156,80828700
2020-06-19,314.1700134277344,314.3800048828125,306.5299987792969,284.23101806640625,135549600
2020-06-22,307.989990234375,311.04998779296875,306.75,286.05438232421875,74649400
2020-06-23,313.489990234375,314.5,311.6099853515625,287.3713073730469,68471200
2020-06-24,309.8399963378906,310.510009765625,302.1000061035156,280.0407409667969,132813500
2020-06-25,303.4700012207031,307.6400146484375,301.2799987792969,283.04290771484375,89468000
2020-06-26,306.1600036621094,306.3900146484375,299.4200134277344,276.3203125,127961000
2020-06-29,301.4100036621094,304.6099853515625,298.92999267578125,280.3814697265625,79773300
2020-06-30,303.989990234375,310.20001220703125,303.82000732421875,283.9730224609375,113394800
2020-07-01,309.57000732421875,311.8900146484375,309.07000732421875,285.9622497558594,72396500
2020-07-02,314.239990234375,315.70001220703125,311.510009765625,287.5369873046875,69344200
2020-07-06,316.3699951171875,317.67999267578125,315.55999755859375,291.975830078125,61713800
2020-07-07,315.3800048828125,317.5199890136719,313.3699951171875,288.9644470214844,82910000
2020-07-08,314.6099853515625,316.29998779296875,312.70001220703125,291.1745910644531,54638600
2020-07-09,316.8399963378906,317.1000061035156,310.67999267578125,289.51702880859375,83354200
2020-07-10,314.30999755859375,317.8800048828125,312.760009765625,292.4731140136719,57550400
2020-07-13,320.1300048828125,322.7099914550781,314.1300048828125,289.9405212402344,102997500
2020-07-14,313.29998779296875,319.760009765625,312.0,293.6978454589844,93657000
2020-07-15,322.4100036621094,323.0400085449219,319.2699890136719,296.39617919921875,87196500
2020-07-16,319.7900085449219,321.2799987792969,319.0899963378906,295.4200744628906,54622500
2020-07-17,321.8800048828125,322.57000732421875,319.739990234375,296.2764892578125,62774900
2020-07-20,321.42999267578125,325.1300048828125,320.6199951171875,298.6708984375,56308800
2020-07-21,326.45001220703125,326.92999267578125,323.94000244140625,299.30633544921875,57292200
2020-07-22,324.6199951171875,327.20001220703125,324.5,301.0100402832031,57792900
2020-07-23,326.4700012207031,327.2300109863281,321.4800109863281,297.41839599609375,75738000
2020-07-24,320.95001220703125,321.989990234375,319.25,295.5029296875,73766600
2020-07-27,321.6300048828125,323.4100036621094,320.7699890136719,297.6578369140625,48293000
2020-07-28,322.42999267578125,323.6400146484375,320.8500061035156,295.7700500488281,57495000
2020-07-29,322.1199951171875,325.7300109863281,322.0799865722656,299.4075927734375,48454200
2020-07-30,321.8999938964844,324.4100036621094,319.6400146484375,298.3393859863281,61861700
2020-07-31,325.8999938964844,326.6300048828125,321.3299865722656,300.6968994140625,84986800
2020-08-03,328.32000732421875,329.6199951171875,327.7300109863281,302.787353515625,53077900
2020-08-04,327.8599853515625,330.05999755859375,327.8599853515625,303.95697021484375,41917900
2020-08-05,331.4700012207031,332.3900146484375,331.17999267578125,305.8447570800781,42697700
2020-08-06,331.4800109863281,334.4599914550781,331.1300048828125,307.8893127441406,43679400
2020-08-07,333.2799987792969,334.8800048828125,332.29998779296875,308.1101989746094,57308300
2020-08-10,335.05999755859375,335.7699890136719,332.9599914550781,309.0311279296875,44282100
2020-08-11,336.8500061035156,337.5400085449219,332.010009765625,306.4801940917969,69601100
2020-08-12,335.44000244140625,338.2799987792969,335.4100036621094,310.7532653808594,53774400
2020-08-13,336.6099853515625,338.25,335.8299865722656,310.19140625,41816100
2020-08-14,336.4100036621094,337.4200134277344,335.6199951171875,310.20068359375,47260400
2020-08-17,337.94000244140625,338.3399963378906,336.8500061035156,311.1861267089844,35481000
2020-08-18,338.3399963378906,339.1000061035156,336.6099853515625,311.85833740234375,38733900
2020-08-19,339.04998779296875,339.6099853515625,336.6199951171875,310.5599365234375,68054200
2020-08-20,335.3599853515625,338.79998779296875,335.2200012207031,311.52685546875,42207800
2020-08-21,337.9200134277344,339.7200012207031,337.54998779296875,312.63189697265625,55106600
2020-08-24,342.1199951171875,343.0,339.45001220703125,315.7999267578125,48588700
2020-08-25,343.5299987792969,344.2099914550781,342.2699890136719,316.905029296875,38463400
2020-08-26,344.760009765625,347.8599853515625,344.1700134277344,320.0821228027344,50790200
2020-08-27,348.510009765625,349.8999938964844,346.5299987792969,320.781982421875,58034100
2020-08-28,349.44000244140625,350.7200012207031,348.1499938964844,322.8541259765625,48588900
2020-08-31,350.3500061035156,351.29998779296875,349.05999755859375,321.6844482421875,66099200
2020-09-01,350.2099914550781,352.7099914550781,349.239990234375,324.71429443359375,54908700
2020-09-02,354.6700134277344,358.75,353.42999267578125,329.4110412597656,69540000
2020-09-03,355.8699951171875,356.3800048828125,342.5899963378906,318.0745544433594,148011100
2020-09-04,346.1300048828125,347.8299865722656,334.8699951171875,315.4775390625,139156300
2020-09-08,336.7099914550781,342.6400146484375,332.8800048828125,306.8578186035156,114465300
2020-09-09,337.54998779296875,342.4599914550781,336.6099853515625,312.9173278808594,91462300
2020-09-10,341.82000732421875,342.5299987792969,332.8500061035156,307.4840087890625,90569500
2020-09-11,335.82000732421875,336.9700012207031,331.0,307.64056396484375,84680200
2020-09-14,337.489990234375,340.3800048828125,334.2200012207031,311.69256591796875,65605700
2020-09-15,341.1199951171875,342.0199890136719,338.4700012207031,313.2673645019531,52920900
2020-09-16,341.510009765625,343.05999755859375,338.5199890136719,312.024169921875,82096000
2020-09-17,333.55999755859375,337.70001220703125,332.989990234375,309.2799072265625,91523300
2020-09-18,335.3699951171875,335.489990234375,327.9700012207031,305.7191467285156,105877900
2020-09-21,325.70001220703125,327.1300048828125,321.7300109863281,302.316650390625,99450800
2020-09-22,328.57000732421875,330.8999938964844,325.8599853515625,305.3954772949219,63612100
2020-09-23,330.8999938964844,331.20001220703125,322.1000061035156,298.31317138671875,93112200
2020-09-24,321.2200012207031,326.79998779296875,319.79998779296875,299.10833740234375,76681300
2020-09-25,322.5799865722656,329.5799865722656,321.6400146484375,303.9439697265625,71069400
2020-09-28,333.2200012207031,334.9599914550781,332.1499938964844,308.9922180175781,64584600
2020-09-29,333.9700012207031,334.7699890136719,331.6199951171875,307.3095397949219,51304000
2020-09-30,333.0899963378906,338.2900085449219,332.8800048828125,309.6394958496094,104081100
2020-10-01,337.69000244140625,338.739990234375,335.010009765625,311.6273498535156,88698700
2020-10-02,331.70001220703125,337.010009765625,331.19000244140625,308.66864013671875,89431100
2020-10-05,336.05999755859375,339.9599914550781,336.010009765625,314.14227294921875,45713100
2020-10-06,339.9100036621094,342.1700134277344,334.3800048828125,309.6763916015625,90128900
2020-10-07,338.1199951171875,341.6300048828125,338.0899963378906,315.06683349609375,56999600
2020-10-08,342.8500061035156,343.8500061035156,341.8599853515625,317.8591613769531,45242500
2020-10-09,345.55999755859375,347.3500061035156,344.8900146484375,320.69769287109375,59528600
2020-10-12,349.5899963378906,354.0199890136719,349.05999755859375,325.85699462890625,80388500
2020-10-13,352.2799987792969,352.4700012207031,349.0899963378906,323.7303771972656,73255500
2020-10-14,350.75,351.92999267578125,347.1400146484375,321.6962585449219,57727900
2020-10-15,343.7099914550781,348.0199890136719,343.1300048828125,321.29864501953125,60357700
2020-10-16,348.9599914550781,350.75,347.1000061035156,321.1045837402344,89501900
2020-10-19,348.6499938964844,349.3299865722656,341.0400085449219,316.2226867675781,68425600
2020-10-20,343.4599914550781,346.8800048828125,342.6400146484375,317.4893798828125,60051900
2020-10-21,343.3299865722656,345.6700134277344,342.3999938964844,316.8883972167969,63575000
2020-10-22,342.9599914550781,345.239990234375,340.6499938964844,318.6266174316406,55399300
2020-10-23,345.92999267578125,345.989990234375,343.1300048828125,319.7083740234375,49143900
2020-10-26,342.1300048828125,342.9800109863281,335.6199951171875,313.8001708984375,91473000
2020-10-27,339.760009765625,340.1199951171875,337.989990234375,312.71844482421875,65994100
2020-10-28,332.1000061035156,338.25,326.1300048828125,302.030029296875,127094300
2020-10-29,326.9100036621094,333.3999938964844,325.0899963378906,305.0997009277344,90597700
2020-10-30,328.2799987792969,329.69000244140625,322.6000061035156,301.9190979003906,120287300
2020-11-02,330.20001220703125,332.3599853515625,327.239990234375,305.3031005859375,86068300
2020-11-03,333.69000244140625,338.25,330.2900085449219,310.6934509277344,93294200
2020-11-04,340.8599853515625,347.94000244140625,339.5899963378906,317.6373291015625,126959700
2020-11-05,349.239990234375,352.19000244140625,348.8599853515625,323.8320617675781,82039700
2020-11-06,349.92999267578125,351.510009765625,347.6499938964844,323.75823974609375,74973000
2020-11-09,363.9700012207031,364.3800048828125,354.05999755859375,327.826416015625,172304200
2020-11-10,353.489990234375,355.17999267578125,350.510009765625,327.3456115722656,85552000
2020-11-11,356.3999938964844,357.55999755859375,355.05999755859375,329.7772521972656,58649000
2020-11-12,355.5799865722656,356.7200012207031,351.260009765625,326.578125,67546200
2020-11-13,355.2699890136719,358.8999938964844,354.7099914550781,331.0995178222656,62892200
2020-11-16,360.9800109863281,362.7799987792969,359.5899963378906,335.23236083984375,74541100
2020-11-17,359.9700012207031,361.9200134277344,358.3399963378906,333.429443359375,66111000
2020-11-18,360.9100036621094,361.5,356.239990234375,329.4166564941406,70591300
2020-11-19,355.6000061035156,358.17999267578125,354.1499938964844,330.8035583496094,59940900
2020-11-20,357.5,357.7200012207031,355.25,328.53826904296875,70417300
2020-11-23,357.2799987792969,358.82000732421875,354.8699951171875,330.5077819824219,63230600
2020-11-24,360.2099914550781,363.80999755859375,359.2900085449219,335.8334045410156,62415900
2020-11-25,363.1300048828125,363.1600036621094,361.4800109863281,335.315673828125,45330900
2020-11-27,363.8399963378906,364.17999267578125,362.5799865722656,336.24951171875,28514100
2020-11-30,362.8299865722656,363.1199951171875,359.1700134277344,334.7608642578125,83872700
2020-12-01,365.57000732421875,367.67999267578125,364.92999267578125,338.42230224609375,74231400
2020-12-02,364.82000732421875,366.9599914550781,364.20001220703125,339.13427734375,45927000
2020-12-03,366.67999267578125,368.19000244140625,365.5,339.04180908203125,62882000
2020-12-04,367.32000732421875,369.8500061035156,367.2200012207031,341.9635009765625,50749900
2020-12-07,369.0199890136719,369.6199951171875,367.7200012207031,341.2608337402344,48944300
2020-12-08,367.7200012207031,370.7799987792969,367.6700134277344,342.2593994140625,42458900
2020-12-09,370.8800048828125,371.04998779296875,365.95001220703125,339.1897277832031,74098300
2020-12-10,365.3699951171875,367.8599853515625,364.42999267578125,339.078857421875,57735400
2020-12-11,364.8999938964844,366.739990234375,363.260009765625,338.6811218261719,57698600
2020-12-14,368.6400146484375,369.79998779296875,364.4700012207031,337.1649169921875,69216200
2020-12-15,367.3999938964844,369.5899963378906,365.9200134277344,341.7231140136719,63865300
2020-12-16,369.82000732421875,371.1600036621094,368.8699951171875,342.2593994140625,58420500
2020-12-17,371.94000244140625,372.4599914550781,371.04998779296875,344.1732177734375,64119500
2020-12-18,370.9700012207031,371.1499938964844,367.0199890136719,342.799072265625,136542300
2020-12-21,364.9700012207031,378.4599914550781,362.0299987792969,341.5733337402344,96386700
2020-12-22,368.2099914550781,368.3299865722656,366.0299987792969,340.9976806640625,47949000
2020-12-23,368.2799987792969,369.6199951171875,367.2200012207031,341.3041076660156,46201400
2020-12-24,368.0799865722656,369.0299987792969,367.45001220703125,342.63189697265625,26457900
2020-12-28,371.739990234375,372.5899963378906,371.07000732421875,345.575439453125,39000400
2020-12-29,373.80999755859375,374.0,370.8299865722656,344.9161071777344,53680500
2020-12-30,372.3399963378906,373.1000061035156,371.57000732421875,345.4082336425781,49455300
2020-12-31,371.7799987792969,374.6600036621094,371.2300109863281,347.1632080078125,78520700
2021-01-04,375.30999755859375,375.45001220703125,364.82000732421875,342.4369201660156,110210800
2021-01-05,368.1000061035156,372.5,368.04998779296875,344.79534912109375,66426200
2021-01-06,369.7099914550781,376.9800109863281,369.1199951171875,346.8568420410156,107997700
2021-01-07,376.1000061035156,379.8999938964844,375.9100036621094,352.0101318359375,68766800
2021-01-08,380.5899963378906,381.489990234375,377.1000061035156,354.0158996582031,71677200
2021-01-11,377.8500061035156,380.5799865722656,377.7200012207031,351.6295471191406,51034700
2021-01-12,378.8900146484375,379.8599853515625,376.3599853515625,351.7037658691406,52547700
2021-01-13,378.69000244140625,380.8599853515625,377.8500061035156,352.6509094238281,45303600
2021-01-14,380.5899963378906,381.1300048828125,378.1000061035156,351.41595458984375,49989100
2021-01-15,376.7200012207031,377.5799865722656,373.70001220703125,348.8531188964844,107160000
2021-01-19,378.3399963378906,379.2300109863281,376.75,351.5923156738281,51233300
2021-01-20,381.1099853515625,384.7900085449219,380.69000244140625,356.4579162597656,61836100
2021-01-21,384.489990234375,384.95001220703125,383.25,356.7829284667969,47840100
2021-01-22,382.25,384.1300048828125,381.8399963378906,355.5201110839844,52860500
2021-01-25,383.6700134277344,384.7699890136719,378.4599914550781,356.9222106933594,70402000
2021-01-26,385.4100036621094,385.8500061035156,383.5400085449219,356.36505126953125,42665300
2021-01-27,380.2200012207031,380.32000732421875,372.010009765625,347.6553039550781,123351100
2021-01-28,376.3599853515625,381.92999267578125,375.8900146484375,350.6452331542969,94198100
2021-01-29,375.6300048828125,376.6700134277344,368.2699890136719,343.6255187988281,126765100
2021-02-01,373.7200012207031,377.3399963378906,370.3800048828125,349.3452453613281,75817600
2021-02-02,379.6499938964844,383.2200012207031,376.32000732421875,354.28509521484375,64450700
2021-02-03,382.44000244140625,383.70001220703125,380.4800109863281,354.56365966796875,52427100
2021-02-04,382.9599914550781,386.239990234375,381.9700012207031,358.5935363769531,47142600
2021-02-05,388.20001220703125,388.4700012207031,386.1400146484375,360.0049743652344,48669800
2021-02-08,389.2699890136719,390.55999755859375,388.3500061035156,362.6048889160156,38365200
2021-02-09,389.6099853515625,390.8900146484375,389.1700134277344,362.3633728027344,35551100
2021-02-10,392.1199951171875,392.2799987792969,387.5,362.20562744140625,59154400
2021-02-11,391.239990234375,391.69000244140625,388.1000061035156,362.7905578613281,42913300
2021-02-12,389.8500061035156,392.8999938964844,389.7699890136719,364.58270263671875,50593300
2021-02-16,393.9599914550781,394.1700134277344,391.5299987792969,364.2668762207031,50972400
2021-02-17,390.4200134277344,392.6600036621094,389.3299865722656,364.3505554199219,52290600
2021-02-18,389.5899963378906,391.5199890136719,387.739990234375,362.7998352050781,59712800
2021-02-19,392.07000732421875,392.3800048828125,389.54998779296875,362.1591796875,83241000
2021-02-22,387.05999755859375,389.6199951171875,386.739990234375,359.37353515625,67414200
2021-02-23,384.6600036621094,388.95001220703125,380.20001220703125,359.8099060058594,107284100
2021-02-24,386.3299865722656,392.2300109863281,385.2699890136719,363.7748107910156,72433900
2021-02-25,390.4100036621094,391.8800048828125,380.7799987792969,355.0093994140625,146670500
2021-02-26,384.3500061035156,385.5799865722656,378.2300109863281,353.1801452636719,152701600
2021-03-01,385.5899963378906,390.9200134277344,380.57000732421875,361.7413330078125,105348800
2021-03-02,389.82000732421875,390.07000732421875,386.0,358.9185791015625,79595300
2021-03-03,385.7900085449219,386.8299865722656,381.30999755859375,354.1644592285156,119940200
2021-03-04,381.2200012207031,384.0,371.8800048828125,349.78173828125,183433000
2021-03-05,380.4599914550781,384.760009765625,372.6400146484375,356.21649169921875,152039600
2021-03-08,384.6600036621094,387.67999267578125,381.4200134277344,354.4429016113281,123149200
2021-03-09,385.8500061035156,389.9100036621094,385.30999755859375,359.5035400390625,113633600
2021-03-10,389.69000244140625,391.3999938964844,388.1700134277344,361.7413330078125,109899400
2021-03-11,392.2300109863281,395.6499938964844,391.739990234375,365.4090576171875,86245000
2021-03-12,392.07000732421875,394.2099914550781,391.20001220703125,365.9011535644531,64653600
2021-03-15,394.3299865722656,396.69000244140625,392.0299987792969,368.083251953125,73427200
2021-03-16,397.07000732421875,397.8299865722656,395.0799865722656,367.6189880371094,73722500
2021-03-17,394.5299987792969,398.1199951171875,393.29998779296875,368.8725280761719,97959300
2021-03-18,394.4800109863281,396.7200012207031,390.75,363.50555419921875,115349100
2021-03-19,389.8800048828125,391.57000732421875,387.1499938964844,362.8330078125,113624500
2021-03-22,390.0299987792969,394.07000732421875,389.9700012207031,365.73016357421875,73778600
2021-03-23,391.9100036621094,393.4599914550781,388.6600036621094,362.8515930175781,90686600
2021-03-24,391.0,392.75,387.4700012207031,361.0070495605469,97588600
2021-03-25,385.9800109863281,390.54998779296875,383.8999938964844,363.03790283203125,116128600
2021-03-26,390.92999267578125,396.4100036621094,390.2900085449219,368.88824462890625,114409100
2021-03-29,394.3999938964844,396.75,392.80999755859375,368.701904296875,108107600
2021-03-30,394.4200134277344,395.45001220703125,393.0199890136719,367.72369384765625,76262200
2021-03-31,395.3399963378906,398.0,395.30999755859375,369.21429443359375,112734200
2021-04-01,398.3999938964844,400.6700134277344,398.17999267578125,373.20147705078125,99682900
2021-04-05,403.4599914550781,406.94000244140625,403.3800048828125,378.55810546875,91684800
2021-04-06,405.760009765625,407.239990234375,405.3999938964844,378.33447265625,62021000
2021-04-07,405.94000244140625,406.9599914550781,405.45001220703125,378.7723388671875,55836300
2021-04-08,407.92999267578125,408.5799865722656,406.92999267578125,380.57025146484375,57863100
2021-04-09,408.3900146484375,411.6700134277344,408.260009765625,383.3370361328125,61104600
2021-04-12,410.8500061035156,411.92999267578125,410.20001220703125,383.476806640625,56704900
2021-04-13,411.5299987792969,413.5299987792969,411.1199951171875,384.61328125,56551000
2021-04-14,412.8299865722656,413.9599914550781,410.8699951171875,383.2998046875,61659900
2021-04-15,413.739990234375,416.1600036621094,413.69000244140625,387.4173889160156,60229800
2021-04-16,417.25,417.9100036621094,415.7300109863281,388.7123107910156,82037300
2021-04-19,416.260009765625,416.739990234375,413.7900085449219,386.8025207519531,78498500
2021-04-20,413.9100036621094,415.0899963378906,410.5899963378906,383.97052001953125,81851800
2021-04-21,411.510009765625,416.2900085449219,411.3599853515625,387.6037292480469,66793000
2021-04-22,415.8900146484375,416.7799987792969,411.1300048828125,384.063720703125,97582800
2021-04-23,412.8699951171875,418.25,412.7900085449219,388.2278747558594,73209200
2021-04-26,417.44000244140625,418.2200012207031,416.80999755859375,389.0383605957031,52182400
2021-04-27,417.92999267578125,418.1400146484375,416.29998779296875,388.9544677734375,51303100
2021-04-28,417.80999755859375,419.010009765625,416.8999938964844,388.84271240234375,51238900
2021-04-29,420.32000732421875,420.7200012207031,416.44000244140625,391.32073974609375,78544300
2021-04-30,417.6300048828125,418.5400085449219,416.3399963378906,388.7495422363281,85527000
2021-05-03,419.42999267578125,419.8399963378906,417.6700134277344,389.5880126953125,68128300
2021-05-04,416.07000732421875,416.6000061035156,411.6700134277344,387.1845397949219,101591200
2021-05-05,417.3800048828125,417.6300048828125,415.1499938964844,387.30560302734375,60162200
2021-05-06,415.8299865722656,419.2099914550781,413.67999267578125,390.39849853515625,74321400
2021-05-07,419.8900146484375,422.82000732421875,419.1600036621094,393.23974609375,67733800
2021-05-10,422.5,422.739990234375,417.80999755859375,389.3458251953125,81852400
2021-05-11,413.1000061035156,415.2699890136719,410.05999755859375,385.87103271484375,116888000
2021-05-12,411.2300109863281,412.5899963378906,404.0,377.6730041503906,134811000
2021-05-13,407.07000732421875,412.3500061035156,407.0199890136719,382.2098083496094,106394000
2021-05-14,413.2099914550781,417.489990234375,413.17999267578125,388.07879638671875,82201600
2021-05-17,415.3900146484375,416.3900146484375,413.3599853515625,387.0913391113281,65129200
2021-05-18,415.79998779296875,416.05999755859375,411.7699890136719,383.7563171386719,59810200
2021-05-19,406.9200134277344,411.04998779296875,405.3299865722656,382.7502136230469,106467100
2021-05-20,411.79998779296875,416.6300048828125,411.6700134277344,386.8677978515625,78022200
2021-05-21,416.8699951171875,418.20001220703125,414.45001220703125,386.551025390625,76578700
2021-05-24,417.3399963378906,420.32000732421875,417.0799865722656,390.49163818359375,51376700
2021-05-25,420.3299865722656,420.7099914550781,417.6199951171875,389.6252746582031,57451400
2021-05-26,418.8699951171875,419.6099853515625,417.760009765625,390.39849853515625,43088600
2021-05-27,420.1700134277344,420.7200012207031,418.989990234375,390.6034240722656,56707700
2021-05-28,420.9700012207031,421.25,419.7900085449219,391.3020935058594,58520200
2021-06-01,422.57000732421875,422.7200012207031,419.20001220703125,390.9573974609375,54216600
2021-06-02,420.3699951171875,421.2300109863281,419.2900085449219,391.5722351074219,49097100
2021-06-03,417.8500061035156,419.989990234375,416.2799987792969,390.1190185546875,58138800
2021-06-04,420.75,422.9200134277344,418.8399963378906,393.68701171875,55938800
2021-06-07,422.5899963378906,422.7799987792969,421.19000244140625,393.3049621582031,51555000
2021-06-08,423.1099853515625,423.2099914550781,420.32000732421875,393.38885498046875,47134300
2021-06-09,423.17999267578125,423.260009765625,421.4100036621094,392.8018493652344,48436300
2021-06-10,422.9599914550781,424.6300048828125,421.54998779296875,394.62786865234375,51020100
2021-06-11,424.20001220703125,424.42999267578125,422.82000732421875,395.27996826171875,45570800
2021-06-14,424.42999267578125,425.3699951171875,423.1000061035156,396.1650390625,42358500
2021-06-15,425.4200134277344,425.4599914550781,423.5400085449219,395.4383239746094,51508500
2021-06-16,424.6300048828125,424.8699951171875,419.9200134277344,393.23046875,80386100
2021-06-17,421.6700134277344,423.0199890136719,419.32000732421875,393.1000671386719,90949700
2021-06-18,417.0899963378906,417.8299865722656,414.70001220703125,387.7970275878906,118676300
2021-06-21,416.79998779296875,421.05999755859375,415.92999267578125,393.34869384765625,72822000
2021-06-22,420.8500061035156,424.0,420.0799865722656,395.4515686035156,57700300
2021-06-23,423.19000244140625,424.04998779296875,422.510009765625,394.9749755859375,49445400
2021-06-24,424.8900146484375,425.54998779296875,424.6199951171875,397.3114929199219,45110300
2021-06-25,425.8999938964844,427.0899963378906,425.54998779296875,398.7228088378906,58129500
2021-06-28,427.1700134277344,427.6499938964844,425.8900146484375,399.5265197753906,53159600
2021-06-29,427.8800048828125,428.55999755859375,427.1300048828125,399.74163818359375,35970500
2021-06-30,427.2099914550781,428.7799987792969,427.17999267578125,400.07806396484375,64827900
2021-07-01,428.8699951171875,430.6000061035156,428.79998779296875,402.29315185546875,53441000
2021-07-02,431.6700134277344,434.1000061035156,430.5199890136719,405.3680419921875,57697700
2021-07-06,433.7799987792969,434.010009765625,430.010009765625,404.629638671875,68710400
2021-07-07,433.6600036621094,434.760009765625,431.510009765625,406.0595397949219,63549500
2021-07-08,428.7799987792969,431.7300109863281,427.5199890136719,402.7510986328125,97595200
2021-07-09,432.5299987792969,435.8399963378906,430.7099914550781,407.0503845214844,76238600
2021-07-12,435.42999267578125,437.3500061035156,434.9700012207031,408.5083923339844,52889600
2021-07-13,436.239990234375,437.8399963378906,435.30999755859375,407.1157531738281,52911300
2021-07-14,437.3999938964844,437.9200134277344,434.9100036621094,407.7232971191406,64130400
2021-07-15,434.80999755859375,435.5299987792969,432.7200012207031,406.3307189941406,55126400
2021-07-16,436.010009765625,436.05999755859375,430.9200134277344,403.14373779296875,75874700
2021-07-19,426.19000244140625,431.4100036621094,421.9700012207031,397.19000244140625,147987000
2021-07-20,425.67999267578125,432.4200134277344,424.8299865722656,402.8819274902344,99608200
2021-07-21,432.3399963378906,434.70001220703125,431.010009765625,406.143798828125,64724400
2021-07-22,434.739990234375,435.7200012207031,433.69000244140625,406.9942932128906,47878500
2021-07-23,437.5199890136719,440.29998779296875,436.7900085449219,411.1814880371094,63766600
2021-07-26,439.30999755859375,441.0299987792969,439.260009765625,412.19085693359375,43719200
2021-07-27,439.9100036621094,439.94000244140625,435.989990234375,410.312255859375,67397100
2021-07-28,439.67999267578125,440.29998779296875,437.30999755859375,410.1440734863281,52472400
2021-07-29,439.82000732421875,441.79998779296875,439.80999755859375,411.8450012207031,47435300
2021-07-30,437.9100036621094,440.05999755859375,437.7699890136719,409.8449401855469,68951200
2021-08-02,440.3399963378906,440.92999267578125,437.2099914550781,408.985107421875,58783300
2021-08-03,438.44000244140625,441.2799987792969,436.1000061035156,412.31231689453125,58053900
2021-08-04,439.7799987792969,441.1199951171875,438.7300109863281,410.28424072265625,46732200
2021-08-05,440.2200012207031,441.8500061035156,439.8800048828125,412.8824768066406,38969700
2021-08-06,442.1000061035156,442.94000244140625,441.79998779296875,413.5647888183594,46930000
2021-08-09,442.4599914550781,442.79998779296875,441.30999755859375,413.2283020019531,41222600
2021-08-10,442.6099853515625,443.44000244140625,441.8800048828125,413.7424011230469,43339300
2021-08-11,443.82000732421875,443.8800048828125,442.6199951171875,414.7703857421875,44034300
2021-08-12,443.6199951171875,445.260009765625,442.6600036621094,416.0135192871094,38909400
2021-08-13,445.5899963378906,445.94000244140625,445.07000732421875,416.77056884765625,39470300
2021-08-16,444.5299987792969,447.1099853515625,442.8699951171875,417.7519226074219,73740000
2021-08-17,444.239990234375,444.9599914550781,440.8500061035156,415.0134582519531,92673900
2021-08-18,442.9599914550781,444.6300048828125,438.9200134277344,410.47119140625,89351900
2021-08-19,436.2699890136719,441.1400146484375,436.1199951171875,411.106689453125,92812200
2021-08-20,440.2300109863281,443.7099914550781,439.7099914550781,414.3778381347656,72008700
2021-08-23,445.1600036621094,448.2300109863281,443.44000244140625,418.02294921875,54973000
2021-08-24,447.9700012207031,448.5400085449219,447.4200134277344,418.6864929199219,38744700
2021-08-25,448.1700134277344,449.4599914550781,447.7699890136719,419.5650329589844,40529700
2021-08-26,448.6099853515625,448.8599853515625,446.1600036621094,417.08831787109375,57829600
2021-08-27,447.1199951171875,450.6499938964844,447.05999755859375,420.8175048828125,77235100
2021-08-30,450.9700012207031,453.07000732421875,450.7099914550781,422.6680603027344,48357400
2021-08-31,452.1300048828125,452.489990234375,450.9200134277344,422.0418701171875,59300200
2021-09-01,452.55999755859375,453.1099853515625,451.54998779296875,422.26617431640625,48721400
2021-09-02,453.32000732421875,454.04998779296875,451.9100036621094,423.5653381347656,42501000
2021-09-03,451.9800109863281,453.6300048828125,451.54998779296875,423.4625244140625,47170500
2021-09-07,452.7099914550781,452.80999755859375,450.739990234375,421.94842529296875,51671500
2021-09-08,450.8900146484375,451.6700134277344,448.8599853515625,421.43438720703125,56181900
2021-09-09,450.70001220703125,452.57000732421875,448.7200012207031,419.6304626464844,57970400
2021-09-10,451.0400085449219,451.489990234375,445.30999755859375,416.3219299316406,89948200
2021-09-13,448.6400146484375,448.9200134277344,444.1099853515625,417.3873596191406,83738600
2021-09-14,448.1199951171875,448.3399963378906,443.2200012207031,415.1349182128906,78197100
2021-09-15,444.6199951171875,448.4100036621094,443.44000244140625,418.6023864746094,78792200
2021-09-16,447.32000732421875,448.3599853515625,444.0199890136719,417.9388122558594,77786700
2021-09-17,444.9200134277344,445.3699951171875,441.0199890136719,413.8676452636719,118425000
2021-09-20,434.8800048828125,436.55999755859375,428.8599853515625,406.966796875,166445500
2021-09-21,436.5299987792969,437.9100036621094,433.07000732421875,406.582275390625,92526100
2021-09-22,436.04998779296875,440.0299987792969,433.75,410.5484924316406,102350100
2021-09-23,439.8500061035156,444.8900146484375,439.6000061035156,415.5366516113281,76396000
2021-09-24,441.44000244140625,444.6700134277344,441.2099914550781,416.22113037109375,62094800
2021-09-27,442.80999755859375,444.04998779296875,441.8999938964844,415.03033447265625,61371100
2021-09-28,439.69000244140625,440.0400085449219,432.94000244140625,406.6667175292969,130436300
2021-09-29,435.19000244140625,437.0400085449219,433.8500061035156,407.35113525390625,82329200
2021-09-30,436.0199890136719,436.7699890136719,428.7799987792969,402.3724365234375,140506000
2021-10-01,430.9800109863281,436.0299987792969,427.2300109863281,407.1542053222656,129240100
2021-10-04,433.0,433.9599914550781,426.3599853515625,401.9035339355469,128570000
2021-10-05,430.239990234375,435.489990234375,429.3900146484375,406.0854187011719,90682500
2021-10-06,429.2699890136719,435.1199951171875,427.5400085449219,407.7730712890625,113032200
2021-10-07,438.3900146484375,441.67999267578125,438.20001220703125,411.298583984375,72437500
2021-10-08,439.4800109863281,439.8900146484375,437.19000244140625,410.5484924316406,74557400
2021-10-11,437.1600036621094,440.260009765625,434.6199951171875,407.5762023925781,65233300
2021-10-12,435.6700134277344,436.1000061035156,432.7799987792969,406.57293701171875,71181200
2021-10-13,434.7099914550781,436.04998779296875,431.5400085449219,408.0356140136719,72974000
2021-10-14,439.0799865722656,442.6600036621094,438.5799865722656,414.8990783691406,70236800
2021-10-15,444.75,446.260009765625,444.0899963378906,418.0588073730469,66260200
2021-10-18,443.9700012207031,447.54998779296875,443.2699890136719,419.2965087890625,62213200
2021-10-19,448.9200134277344,450.7099914550781,448.2699890136719,422.5312805175781,46996800
2021-10-20,451.1300048828125,452.7300109863281,451.010009765625,424.1908874511719,49571600
2021-10-21,451.7699890136719,453.8299865722656,451.30999755859375,425.2973327636719,41305400
2021-10-22,453.1300048828125,454.6700134277344,451.04998779296875,424.8565673828125,58845100
2021-10-25,454.2799987792969,455.8999938964844,452.3900146484375,427.1351013183594,45214500
2021-10-26,457.20001220703125,458.489990234375,455.55999755859375,427.51947021484375,56075100
2021-10-27,456.45001220703125,457.1600036621094,453.8599853515625,425.6254577636719,72438000
2021-10-28,455.4599914550781,458.3999938964844,455.45001220703125,429.7323303222656,51437900
2021-10-29,455.8699951171875,459.55999755859375,455.55999755859375,430.6042785644531,70162400
2021-11-01,460.29998779296875,460.70001220703125,458.20001220703125,431.3450012207031,48433600
2021-11-02,460.2200012207031,462.2300109863281,460.0799865722656,433.0890197753906,48908400
2021-11-03,461.29998779296875,465.1499938964844,460.8299865722656,435.7331237792969,52509800
2021-11-04,465.3599853515625,467.0,464.989990234375,437.7864685058594,52847100
2021-11-05,469.2799987792969,470.6499938964844,466.9200134277344,439.3053894042969,66390600
2021-11-08,469.70001220703125,470.2300109863281,468.20001220703125,439.68048095703125,50405200
2021-11-09,469.32000732421875,469.57000732421875,465.8800048828125,438.22711181640625,51149100
2021-11-10,465.5799865722656,467.3800048828125,462.0400085449219,434.70172119140625,69429700
2021-11-11,465.2099914550781,465.2900085449219,463.75,434.84228515625,34848500
2021-11-12,465.1199951171875,467.8599853515625,464.1099853515625,438.1240539550781,53466700
2021-11-15,468.6400146484375,468.80999755859375,466.2300109863281,438.2740783691406,46980500
2021-11-16,467.1499938964844,470.489990234375,467.07000732421875,440.00860595703125,48857500
2021-11-17,469.0,469.19000244140625,467.4800109863281,438.9398498535156,47858300
2021-11-18,469.239990234375,470.010009765625,466.3399963378906,440.43060302734375,50625600
2021-11-19,469.6099853515625,470.94000244140625,468.5,439.6429748535156,57315600
2021-11-22,470.8900146484375,473.5400085449219,467.3500061035156,438.4052734375,72762000
2021-11-23,467.2200012207031,469.1000061035156,464.45001220703125,438.9866638183594,73206500
2021-11-24,466.05999755859375,469.57000732421875,465.19000244140625,440.15869140625,61858800
2021-11-26,462.3399963378906,463.8999938964844,457.7699890136719,430.3417663574219,112669600
2021-11-29,464.07000732421875,466.55999755859375,461.7300109863281,435.62054443359375,86268800
2021-11-30,462.0,464.0299987792969,455.29998779296875,427.1444091796875,148559600
2021-12-01,461.6400146484375,464.6700134277344,450.2900085449219,422.40008544921875,131939200
2021-12-02,450.7300109863281,459.07000732421875,450.30999755859375,428.8695983886719,127637800
2021-12-03,459.1700134277344,460.29998779296875,448.9200134277344,425.1379089355469,137331600
2021-12-06,456.1300048828125,460.7900085449219,453.55999755859375,430.1730041503906,98977500
2021-12-07,464.4100036621094,468.8800048828125,458.6499938964844,439.0710754394531,95484700
2021-12-08,468.70001220703125,470.0,466.8299865722656,440.2336730957031,72238800
2021-12-09,468.1499938964844,469.6300048828125,466.1400146484375,437.2614440917969,61272600
2021-12-10,469.2300109863281,470.8999938964844,466.510009765625,441.37762451171875,77159800
2021-12-13,470.19000244140625,470.55999755859375,466.2699890136719,437.4676513671875,87724700
2021-12-14,463.0899963378906,465.739990234375,460.25,434.4578857421875,97264100
2021-12-15,463.4200134277344,470.8599853515625,460.739990234375,441.2463073730469,116899300
2021-12-16,472.57000732421875,472.8699951171875,464.79998779296875,437.3552551269531,116568600
2021-12-17,461.54998779296875,464.739990234375,458.05999755859375,432.7004089355469,135511600
2021-12-20,454.4800109863281,455.3999938964844,451.1400146484375,428.099365234375,107134800
2021-12-21,458.6099853515625,463.2099914550781,456.30999755859375,435.70196533203125,69806300
2021-12-22,462.7900085449219,467.80999755859375,462.5799865722656,440.05841064453125,58890200
2021-12-23,468.75,472.19000244140625,468.6400146484375,442.7965393066406,56439700
2021-12-27,472.05999755859375,477.30999755859375,472.010009765625,449.06304931640625,56808600
2021-12-28,477.7200012207031,478.80999755859375,476.05999755859375,448.6960144042969,47274600
2021-12-29,476.9800109863281,478.55999755859375,475.9200134277344,449.27008056640625,54503000
2021-12-30,477.92999267578125,479.0,475.6700134277344,448.0280456542969,55329000
2021-12-31,475.6400146484375,476.8599853515625,474.6700134277344,446.89886474609375,65237400
2022-01-03,476.29998779296875,477.8500061035156,473.8500061035156,449.4864807128906,72668200
2022-01-04,479.2200012207031,479.9800109863281,475.5799865722656,449.3359069824219,71178700
2022-01-05,477.1600036621094,477.9800109863281,468.2799987792969,440.7077331542969,104538900
2022-01-06,467.8900146484375,470.82000732421875,465.42999267578125,440.293701171875,86858900
2022-01-07,467.95001220703125,469.20001220703125,464.6499938964844,438.5528869628906,85111600
2022-01-10,462.70001220703125,465.739990234375,456.6000061035156,438.00726318359375,119362000
2022-01-11,465.2300109863281,469.8500061035156,462.04998779296875,441.9967346191406,74303100
2022-01-12,471.5899963378906,473.20001220703125,468.94000244140625,443.191650390625,67605400
2022-01-13,472.19000244140625,472.8800048828125,463.44000244140625,437.08514404296875,91173100
2022-01-14,461.19000244140625,465.0899963378906,459.8999938964844,437.26385498046875,95890900
2022-01-18,459.739990234375,459.9599914550781,455.30999755859375,429.5201416015625,109709100
2022-01-19,458.1300048828125,459.6099853515625,451.4599914550781,425.0601806640625,109357600
2022-01-20,453.75,458.739990234375,444.5,420.35565185546875,122379700
2022-01-21,445.55999755859375,448.05999755859375,437.95001220703125,412.10382080078125,202271200
2022-01-24,432.0299987792969,440.3800048828125,420.760009765625,413.8538818359375,251783900
2022-01-25,433.05999755859375,439.7200012207031,427.1499938964844,408.8011169433594,167997300
2022-01-26,440.7200012207031,444.0400085449219,428.8599853515625,407.7755126953125,186391100
2022-01-27,438.260009765625,441.5899963378906,429.45001220703125,405.76190185546875,149878300
2022-01-28,432.67999267578125,442.0,427.82000732421875,415.8391418457031,164457400
2022-01-31,441.239990234375,450.2799987792969,439.80999755859375,423.3289489746094,152251400
2022-02-01,450.67999267578125,453.6300048828125,446.94000244140625,426.18927001953125,123155400
2022-02-02,455.5,458.1199951171875,453.04998779296875,430.3293762207031,117361000
2022-02-03,450.95001220703125,452.9700012207031,445.7099914550781,420.2143859863281,118024400
2022-02-04,446.3500061035156,452.7799987792969,443.8299865722656,422.1903991699219,118454400
2022-02-07,449.510009765625,450.989990234375,445.8500061035156,420.8354187011719,84472900
2022-02-08,446.7300109863281,451.9200134277344,445.2200012207031,424.298095703125,81012000
2022-02-09,455.2200012207031,457.8800048828125,455.010009765625,430.5081787109375,92589900
2022-02-10,451.3399963378906,457.7099914550781,447.20001220703125,422.7737731933594,140103700
2022-02-11,449.4100036621094,451.6099853515625,438.94000244140625,414.43719482421875,153214600
2022-02-14,439.9200134277344,441.6000061035156,435.3399963378906,413.0822448730469,123006300
2022-02-15,443.7300109863281,446.2799987792969,443.17999267578125,419.7439880371094,88482700
2022-02-16,443.92999267578125,448.05999755859375,441.94000244140625,420.2143859863281,84863600
2022-02-17,443.2200012207031,446.57000732421875,436.4200134277344,411.238037109375,102259100
2022-02-18,437.3299865722656,438.6600036621094,431.82000732421875,408.5752868652344,132642900
2022-02-22,431.8900146484375,435.5,425.8599853515625,404.190673828125,124391800
2022-02-23,432.6600036621094,433.260009765625,421.3500061035156,397.0208435058594,132578000
2022-02-24,411.0199890136719,428.760009765625,410.6400146484375,402.99566650390625,213942900
2022-02-25,429.6099853515625,437.8399963378906,427.8599853515625,411.8873291015625,121804500
2022-02-28,432.0299987792969,438.20001220703125,430.70001220703125,410.83355712890625,145615000
2022-03-01,435.0400085449219,437.1700134277344,427.1099853515625,404.5763854980469,137785900
2022-03-02,432.3699951171875,439.7200012207031,431.57000732421875,412.0190124511719,117726500
2022-03-03,440.4700012207031,441.1099853515625,433.79998779296875,409.9678039550781,105501700
2022-03-04,431.75,433.3699951171875,427.8800048828125,406.6370544433594,113978200
2022-03-07,431.54998779296875,432.29998779296875,419.3599853515625,394.6496887207031,137896600
2022-03-08,419.6199951171875,427.2099914550781,415.1199951171875,391.657470703125,164772700
2022-03-09,425.1400146484375,429.510009765625,422.82000732421875,402.1582336425781,116990800
2022-03-10,422.5199890136719,426.42999267578125,420.44000244140625,400.34222412109375,93972700
2022-03-11,428.1199951171875,428.7699890136719,419.5299987792969,395.251953125,95636300
2022-03-14,420.8900146484375,424.54998779296875,415.7900085449219,392.36322021484375,95729200
2022-03-15,419.7699890136719,426.8399963378906,418.4200134277344,400.991455078125,106219100
2022-03-16,429.8900146484375,435.67999267578125,424.79998779296875,409.8831787109375,144954800
2022-03-17,433.5899963378906,441.07000732421875,433.19000244140625,415.0111999511719,102676900
2022-03-18,438.0,444.8599853515625,437.2200012207031,419.55670166015625,106345500
2022-03-21,444.3399963378906,446.4599914550781,440.67999267578125,419.4341125488281,88349800
2022-03-22,445.8599853515625,450.5799865722656,445.8599853515625,424.3420104980469,74650400
2022-03-23,446.9100036621094,448.489990234375,443.7099914550781,418.87713623046875,79426100
2022-03-24,445.94000244140625,450.5,444.760009765625,425.19140625,64736900
2022-03-25,451.1600036621094,452.9800109863281,448.42999267578125,427.26788330078125,77101300
2022-03-28,452.05999755859375,455.9100036621094,450.05999755859375,430.3070373535156,68529800
2022-03-29,460.0199890136719,462.07000732421875,457.17999267578125,435.63031005859375,86581500
2022-03-30,460.3399963378906,461.20001220703125,456.4700012207031,432.9404296875,79666900
2022-03-31,457.8900146484375,458.760009765625,451.1600036621094,426.2768859863281,121699900
2022-04-01,453.30999755859375,453.4599914550781,449.1400146484375,427.48492431640625,89048800
2022-04-04,453.1300048828125,456.9100036621094,452.260009765625,431.1471252441406,59601000
2022-04-05,455.2200012207031,457.8299865722656,449.82000732421875,425.7010803222656,74214500
2022-04-06,446.8900146484375,448.92999267578125,443.4700012207031,421.44439697265625,106898000
2022-04-07,445.5899963378906,450.69000244140625,443.5299987792969,423.56805419921875,78097200
2022-04-08,447.9700012207031,450.6300048828125,445.94000244140625,422.4354248046875,79272700
2022-04-11,444.1099853515625,445.0,439.3900146484375,415.215087890625,89770500
2022-04-12,443.0799865722656,445.75,436.6499938964844,413.6766357421875,84363600
2022-04-13,438.0299987792969,444.1099853515625,437.8399963378906,418.4146728515625,74070400
2022-04-14,443.54998779296875,444.7300109863281,437.67999267578125,413.20465087890625,97869500
2022-04-18,436.80999755859375,439.75,435.6099853515625,413.37451171875,66002500
2022-04-19,437.8599853515625,445.79998779296875,437.67999267578125,420.04754638671875,77821000
2022-04-20,446.9200134277344,447.57000732421875,443.4800109863281,419.73602294921875,65224400
2022-04-21,448.5400085449219,450.010009765625,437.1000061035156,413.45953369140625,85417300
2022-04-22,436.9100036621094,438.0799865722656,425.44000244140625,402.1145324707031,132471800
2022-04-25,423.6700134277344,428.69000244140625,418.8399963378906,404.44580078125,119647700
2022-04-26,425.8299865722656,426.0400085449219,416.07000732421875,392.7326965332031,103996300
2022-04-27,417.239990234375,422.9200134277344,415.010009765625,393.83697509765625,122030000
2022-04-28,422.2900085449219,429.6400146484375,417.6000061035156,403.78509521484375,105449100
2022-04-29,423.5899963378906,425.8699951171875,411.2099914550781,388.8629455566406,145491100
2022-05-02,412.07000732421875,415.9200134277344,405.0199890136719,391.2037048339844,158312500
2022-05-03,415.010009765625,418.92999267578125,413.3599853515625,392.9969787597656,100028200
2022-05-04,417.0799865722656,429.6600036621094,413.7099914550781,404.9648742675781,144247900
2022-05-05,424.54998779296875,425.0,409.44000244140625,390.57135009765625,172929100
2022-05-06,411.1000061035156,414.79998779296875,405.7300109863281,388.24005126953125,151770800
2022-05-09,405.1000061035156,406.4100036621094,396.5,375.80963134765625,155586100
2022-05-10,404.489990234375,406.0799865722656,394.82000732421875,376.67803955078125,132497200
2022-05-11,398.07000732421875,404.0400085449219,391.9599914550781,370.6940002441406,142361000
2022-05-12,389.3699951171875,395.79998779296875,385.1499938964844,370.3070373535156,125090800
2022-05-13,396.7099914550781,403.17999267578125,395.6099853515625,379.1602478027344,104174400
2022-05-16,399.9800109863281,403.9700012207031,397.6000061035156,377.6217956542969,78622400
2022-05-17,406.5299987792969,408.57000732421875,402.5799865722656,385.3896179199219,83029700
2022-05-18,403.5,403.79998779296875,390.54998779296875,369.8539733886719,117674500
2022-05-19,388.6199951171875,394.1400146484375,387.1099853515625,367.5887451171875,98510700
2022-05-20,393.25,397.0299987792969,380.5400085449219,367.749267578125,131432200
2022-05-23,392.8299865722656,397.7300109863281,390.3800048828125,374.62982177734375,76414900
2022-05-24,392.55999755859375,395.1499938964844,386.9599914550781,371.7700500488281,91448800
2022-05-25,392.30999755859375,399.45001220703125,391.8900146484375,375.05450439453125,91472900
2022-05-26,398.6700134277344,407.0400085449219,398.45001220703125,382.54864501953125,82168300
2022-05-27,407.9100036621094,415.3800048828125,407.70001220703125,391.9398498535156,84768700
2022-05-31,413.54998779296875,416.4599914550781,410.0299987792969,389.7406921386719,95937000
2022-06-01,415.1700134277344,416.239990234375,406.92999267578125,386.5883483886719,86585800
2022-06-02,409.4200134277344,417.44000244140625,407.0400085449219,393.9502868652344,79609600
2022-06-03,412.3999938964844,414.0400085449219,409.510009765625,387.48492431640625,71874300
2022-06-06,414.7799987792969,416.6099853515625,410.54998779296875,388.66473388671875,57508900
2022-06-07,408.1000061035156,416.2200012207031,407.6099853515625,392.39288330078125,59272400
2022-06-08,413.92999267578125,415.82000732421875,410.3800048828125,388.12677001953125,64350000
2022-06-09,409.3399963378906,411.739990234375,401.44000244140625,378.8960266113281,86289800
2022-06-10,394.8800048828125,395.7799987792969,389.75,367.90972900390625,132893900
2022-06-13,379.8500061035156,381.80999755859375,373.29998779296875,353.94085693359375,170004900
2022-06-14,376.8500061035156,377.94000244140625,370.5899963378906,352.87420654296875,104011800
2022-06-15,377.3599853515625,383.8999938964844,372.1199951171875,357.9049377441406,125666800
2022-06-16,370.510009765625,370.94000244140625,364.0799865722656,346.0596923828125,134473300
2022-06-17,365.510009765625,369.3800048828125,362.1700134277344,346.8056945800781,111113900
2022-06-21,371.8900146484375,376.5299987792969,371.80999755859375,355.5361022949219,76811900
2022-06-22,370.6199951171875,378.7200012207031,370.17999267578125,354.8915710449219,90059400
2022-06-23,376.6400146484375,378.8299865722656,372.8900146484375,358.3703308105469,79292100
2022-06-24,381.3999938964844,390.0899963378906,381.3699951171875,369.7643737792969,98050300
2022-06-27,391.04998779296875,391.3599853515625,387.44000244140625,368.3519287109375,66009600
2022-06-28,390.2300109863281,393.1600036621094,380.5299987792969,360.82550048828125,86548900
2022-06-29,381.2300109863281,382.2699890136719,378.4200134277344,360.5316162109375,65676000
2022-06-30,376.239990234375,380.6600036621094,372.55999755859375,357.6025390625,112508300
2022-07-01,376.55999755859375,381.70001220703125,373.79998779296875,361.384765625,74839700
2022-07-05,375.8800048828125,381.9800109863281,372.8999938964844,362.0672302246094,81438000
2022-07-06,382.1099853515625,385.8699951171875,379.6000061035156,363.2900390625,70426200
2022-07-07,385.1199951171875,389.8299865722656,383.2699890136719,368.7311096191406,64525900
2022-07-08,387.2699890136719,390.6400146484375,385.6600036621094,368.4278259277344,72397800
2022-07-11,385.8500061035156,386.8699951171875,383.5,364.2190856933594,58366900
2022-07-12,383.6499938964844,386.1600036621094,378.989990234375,360.9961242675781,62219200
2022-07-13,375.1000061035156,381.9200134277344,374.6600036621094,359.10028076171875,84224600
2022-07-14,373.6099853515625,379.04998779296875,371.0400085449219,358.22821044921875,89704800
2022-07-15,382.54998779296875,385.25,380.5400085449219,365.0721435546875,79060400
2022-07-18,388.3800048828125,389.0899963378906,380.6600036621094,362.0577697753906,63203600
2022-07-19,386.0799865722656,392.8699951171875,385.3900146484375,371.84027099609375,78506000
2022-07-20,392.4700012207031,396.260009765625,391.0299987792969,374.2100524902344,71843800
2022-07-21,394.1600036621094,398.8399963378906,391.6300048828125,378.0207824707031,64903900
2022-07-22,398.9200134277344,400.17999267578125,392.75,374.51348876953125,72197300
2022-07-25,395.75,396.4700012207031,393.2099914550781,374.9684143066406,53631500
2022-07-26,393.8399963378906,394.05999755859375,389.95001220703125,370.5321044921875,52946400
2022-07-27,394.3599853515625,402.8800048828125,394.04998779296875,380.1535949707031,82342100
2022-07-28,401.8900146484375,406.79998779296875,398.1499938964844,384.9216003417969,73966600
2022-07-29,407.5799865722656,413.0299987792969,406.7699890136719,390.53326416015625,87003700
2022-08-01,409.1499938964844,413.4100036621094,408.3999938964844,389.37677001953125,69997500
2022-08-02,409.1199951171875,413.0,406.82000732421875,386.8079528808594,63435400
2022-08-03,410.29998779296875,415.67999267578125,410.0,392.86517333984375,67820600
2022-08-04,414.3699951171875,415.0899963378906,412.44000244140625,392.5997314453125,45656600
2022-08-05,409.6600036621094,414.1499938964844,409.6000061035156,391.9361572265625,56814900
2022-08-08,415.25,417.6199951171875,411.8299865722656,391.481201171875,53886100
2022-08-09,412.2200012207031,412.75,410.2200012207031,389.9266052246094,44931800
2022-08-10,418.7799987792969,420.1400146484375,416.7200012207031,398.1165771484375,68665700
2022-08-11,422.989990234375,424.95001220703125,419.2099914550781,398.1165771484375,59489700
2022-08-12,422.0299987792969,427.2099914550781,421.0299987792969,404.8563232421875,61694500
2022-08-15,424.7699890136719,429.4100036621094,424.7099914550781,406.524658203125,54048300
2022-08-16,427.7300109863281,431.7300109863281,426.8800048828125,407.3209533691406,59289000
2022-08-17,425.9100036621094,429.5,424.5400085449219,404.4297790527344,63563400
2022-08-18,426.8599853515625,428.6099853515625,425.5,405.6051940917969,49023200
2022-08-19,424.9800109863281,425.260009765625,421.2200012207031,400.1546325683594,68016900
2022-08-22,417.04998779296875,417.2300109863281,412.3999938964844,391.822509765625,77695600
2022-08-23,412.8999938964844,415.4200134277344,411.7699890136719,390.87451171875,49105200
2022-08-24,412.1099853515625,415.1099853515625,411.3900146484375,392.1257629394531,49177800
2022-08-25,415.239990234375,419.55999755859375,414.0899963378906,397.66168212890625,50942300
2022-08-26,419.3900146484375,419.9599914550781,405.25,384.201171875,103087000
2022-08-29,402.20001220703125,405.8399963378906,401.20001220703125,381.6607971191406,65370800
2022-08-30,403.8500061035156,404.1000061035156,396.0,377.4709777832031,85652400
2022-08-31,399.92999267578125,401.239990234375,395.0400085449219,374.5987243652344,76029700
2022-09-01,392.8900146484375,396.7799987792969,390.0400085449219,375.774169921875,78740100
2022-09-02,400.2799987792969,401.55999755859375,390.3299865722656,371.81182861328125,99632100
2022-09-06,393.1300048828125,394.1199951171875,388.4200134277344,370.4089660644531,76637400
2022-09-07,390.42999267578125,398.5899963378906,390.20001220703125,377.06329345703125,70964200
2022-09-08,395.3900146484375,400.8599853515625,394.1199951171875,379.5279846191406,80821700
2022-09-09,402.739990234375,407.510009765625,402.4599914550781,385.4239807128906,76706900
2022-09-12,408.7799987792969,411.7300109863281,408.4599914550781,389.56640625,69256300
2022-09-13,401.8299865722656,403.1000061035156,391.9200134277344,372.6270751953125,122947100
2022-09-14,394.4700012207031,396.20001220703125,391.1199951171875,374.0489807128906,85023700
2022-09-15,392.9599914550781,395.9599914550781,388.7799987792969,369.8022766113281,87633800
2022-09-16,384.1400146484375,386.25,382.1099853515625,366.98114013671875,103084800
2022-09-19,382.260009765625,388.54998779296875,382.17999267578125,369.82696533203125,73278500
2022-09-20,385.05999755859375,386.1199951171875,381.20001220703125,365.5818786621094,77274900
2022-09-21,386.1099853515625,389.30999755859375,377.3800048828125,359.2048034667969,106746600
2022-09-22,376.5799865722656,378.29998779296875,373.44000244140625,356.1875305175781,89472600
2022-09-23,370.5799865722656,370.6199951171875,363.2900085449219,350.2197265625,122346900
2022-09-26,366.4100036621094,370.2099914550781,363.0299987792969,346.7550964355469,92581200
2022-09-27,368.0199890136719,370.3999938964844,360.8699951171875,345.869873046875,108294100
2022-09-28,364.3800048828125,372.29998779296875,362.6000061035156,352.6753234863281,110802200
2022-09-29,366.80999755859375,367.1099853515625,359.70001220703125,345.3083801269531,112952300
2022-09-30,361.79998779296875,365.9100036621094,357.0400085449219,339.9686584472656,153711200
2022-10-03,361.0799865722656,368.54998779296875,359.2099914550781,348.9442138671875,89756500
2022-10-04,372.3999938964844,378.0,366.57000732421875,359.7568054199219,103602800
2022-10-05,373.3900146484375,379.4599914550781,370.95001220703125,358.919189453125,88065700
2022-10-06,375.6199951171875,378.7200012207031,372.67999267578125,355.2167053222656,82333500
2022-10-07,368.9700012207031,373.2900085449219,360.94000244140625,345.3083801269531,107789500
2022-10-10,363.9599914550781,364.2099914550781,357.6700134277344,342.67181396484375,76042800
2022-10-11,358.239990234375,363.0299987792969,355.7099914550781,340.5016174316406,92482800
2022-10-12,358.1700134277344,359.82000732421875,356.29998779296875,339.37847900390625,76991800
2022-10-13,349.2099914550781,367.510009765625,348.1099853515625,348.33502197265625,147254500
2022-10-14,368.54998779296875,370.260009765625,356.9599914550781,340.39697265625,123737000
2022-10-17,364.010009765625,367.9800109863281,357.2799987792969,349.14410400390625,93168200
2022-10-18,375.1300048828125,375.45001220703125,367.5199890136719,353.2464294433594,97162900
2022-10-19,368.989990234375,371.8500061035156,365.54998779296875,350.7431640625,79746900
2022-10-20,368.0299987792969,372.6700134277344,364.6099853515625,347.8020935058594,88283100
2022-10-21,365.1199951171875,374.79998779296875,363.5400085449219,356.2541809082031,131038400
2022-10-24,375.8900146484375,380.05999755859375,373.1099853515625,360.6134338378906,85436900
2022-10-25,378.7900085449219,385.25,378.6700134277344,366.3719787597656,78846300
2022-10-26,381.6199951171875,387.5799865722656,381.3500061035156,363.61163330078125,104087300
2022-10-27,383.07000732421875,385.0,379.3299865722656,361.6699523925781,81971800
2022-10-28,379.8699951171875,389.5199890136719,379.67999267578125,370.2743225097656,100302000
2022-10-31,386.44000244140625,388.3999938964844,385.260009765625,367.5997314453125,96631300
2022-11-01,390.1400146484375,390.3900146484375,383.2900085449219,365.9911804199219,85407600
2022-11-02,383.8999938964844,388.6300048828125,374.760009765625,356.80615234375,126990400
2022-11-03,371.4700012207031,374.20001220703125,368.7900085449219,353.13226318359375,87100100
2022-11-04,377.0,378.8699951171875,370.0,358.21490478515625,103505200
2022-11-07,377.7099914550781,380.57000732421875,375.5299987792969,361.6413879394531,68286900
2022-11-08,381.1099853515625,385.1199951171875,377.7200012207031,363.5926818847656,84641100
2022-11-09,379.92999267578125,381.1400146484375,373.6099853515625,356.10186767578125,78495500
2022-11-10,388.04998779296875,395.0400085449219,385.6400146484375,375.671142578125,141455800
2022-11-11,395.5899963378906,399.3500061035156,393.6099853515625,379.3070983886719,93839900
2022-11-14,396.6600036621094,400.17999267578125,394.8299865722656,376.08038330078125,71903500
2022-11-15,401.1499938964844,402.30999755859375,394.489990234375,379.28802490234375,93194500
2022-11-16,396.7799987792969,397.7799987792969,394.7900085449219,376.39453125,68508500
2022-11-17,390.4599914550781,394.95001220703125,390.1400146484375,375.2427978515625,74496300
2022-11-18,397.739990234375,397.80999755859375,393.0400085449219,376.946533203125,92922500
2022-11-21,394.6400146484375,395.82000732421875,392.6600036621094,375.57598876953125,51243200
2022-11-22,396.6300048828125,400.07000732421875,395.1499938964844,380.6300964355469,60429000
2022-11-23,399.54998779296875,402.92999267578125,399.30999755859375,383.0286865234375,68261600
2022-11-25,401.8299865722656,402.9100036621094,401.5400085449219,382.94293212890625,30545400
2022-11-28,399.0899963378906,400.80999755859375,395.1099853515625,376.8323669433594,67881600
2022-11-29,396.04998779296875,397.29998779296875,393.29998779296875,376.1851501464844,52310000
2022-11-30,395.489990234375,407.67999267578125,393.4800109863281,388.03515625,144566700
2022-12-01,408.7699890136719,410.0,404.75,387.7496337890625,76398200
2022-12-02,402.25,407.8599853515625,402.1400146484375,387.30230712890625,85342700
2022-12-05,403.95001220703125,404.92999267578125,398.1700134277344,380.33502197265625,77289800
2022-12-06,399.4200134277344,399.989990234375,391.6400146484375,374.8525390625,77972200
2022-12-07,392.94000244140625,395.6400146484375,391.9700012207031,374.2149353027344,65927900
2022-12-08,395.1400146484375,397.3599853515625,393.2699890136719,377.1464538574219,60737900
2022-12-09,394.94000244140625,397.6199951171875,393.1499938964844,374.3290710449219,81447700
2022-12-12,394.1099853515625,398.95001220703125,393.4100036621094,379.7258605957031,75405800
2022-12-13,410.2200012207031,410.489990234375,399.07000732421875,382.6003112792969,123782500
2022-12-14,401.6099853515625,405.5,396.30999755859375,380.15423583984375,108111300
2022-12-15,394.29998779296875,395.25,387.8900146484375,370.8549499511719,117705900
2022-12-16,385.17999267578125,386.5799865722656,381.0400085449219,366.4765625,119858000
2022-12-19,383.4700012207031,383.82000732421875,378.2799987792969,363.3690490722656,79878100
2022-12-20,379.2300109863281,382.2300109863281,377.8500061035156,363.8662109375,74427200
2022-12-21,383.25,387.4100036621094,382.69000244140625,369.306884765625,78167400
2022-12-22,383.04998779296875,386.2099914550781,374.7699890136719,364.0383605957031,100120900
2022-12-23,379.6499938964844,383.05999755859375,378.0299987792969,366.1324157714844,59857300
2022-12-27,382.7900085449219,383.1499938964844,379.6499938964844,364.68853759765625,51638200
2022-12-28,381.3299865722656,383.3900146484375,376.4200134277344,360.1562194824219,70911500
2022-12-29,379.6300048828125,384.3500061035156,379.0799865722656,366.63922119140625,66970900
2022-12-30,380.6400146484375,382.5799865722656,378.42999267578125,365.67340087890625,84022200
2023-01-03,384.3699951171875,386.42999267578125,377.8299865722656,364.1340026855469,74850700
2023-01-04,383.17999267578125,385.8800048828125,380.0,366.9451904296875,85934100
2023-01-05,381.7200012207031,381.8399963378906,378.760009765625,362.757080078125,76970500
2023-01-06,382.6099853515625,389.25,379.4100036621094,371.0758361816406,104189600
2023-01-09,390.3699951171875,393.70001220703125,387.6700134277344,370.865478515625,73978100
2023-01-10,387.25,390.6499938964844,386.2699890136719,373.4663391113281,65358100
2023-01-11,392.2300109863281,395.6000061035156,391.3800048828125,378.1898193359375,68881100
2023-01-12,396.6700134277344,398.489990234375,392.4200134277344,379.5667724609375,90157700
2023-01-13,393.6199951171875,399.1000061035156,393.3399963378906,381.0392761230469,63903900
2023-01-17,398.4800109863281,400.2300109863281,397.05999755859375,380.3412780761719,62677300
2023-01-18,399.010009765625,400.1199951171875,391.2799987792969,374.3364562988281,99632300
2023-01-19,389.3599853515625,391.0799865722656,387.260009765625,371.6112976074219,86958900
2023-01-20,390.1000061035156,396.0400085449219,388.3800048828125,378.53411865234375,91806400
2023-01-23,396.7200012207031,402.6499938964844,395.7200012207031,383.07598876953125,84178800
2023-01-24,398.8800048828125,401.1499938964844,397.6400146484375,382.66473388671875,59524900
2023-01-25,395.95001220703125,400.70001220703125,393.55999755859375,382.8082580566406,84800300
2023-01-26,403.1300048828125,404.9200134277344,400.0299987792969,387.015380859375,72287400
2023-01-27,403.6600036621094,408.1600036621094,403.44000244140625,387.9046630859375,68346200
2023-01-30,402.79998779296875,405.1300048828125,400.2799987792969,383.0377197265625,74202000
2023-01-31,401.1300048828125,406.5299987792969,400.7699890136719,388.669677734375,86811800
2023-02-01,405.2099914550781,413.6700134277344,402.3500061035156,392.80035400390625,101459200
2023-02-02,414.8599853515625,418.30999755859375,412.8800048828125,398.5183410644531,101654500
2023-02-03,411.5899963378906,416.9700012207031,411.0899963378906,394.2824401855469,94736800
2023-02-06,409.7900085449219,411.2900085449219,408.1000061035156,391.8728942871094,60295300
2023-02-07,408.8699951171875,416.489990234375,407.57000732421875,396.9980163574219,90990700
2023-02-08,413.1300048828125,414.5299987792969,409.92999267578125,392.65692138671875,76227500
2023-02-09,414.4100036621094,414.57000732421875,405.80999755859375,389.25286865234375,78694900
2023-02-10,405.8599853515625,408.44000244140625,405.010009765625,390.16131591796875,70769700
2023-02-13,408.7200012207031,412.9700012207031,408.239990234375,394.7414245605469,64913500
2023-02-14,411.239990234375,415.04998779296875,408.510009765625,394.5597839355469,88389300
2023-02-15,410.3500061035156,414.05999755859375,409.4700012207031,395.84100341796875,61555700
2023-02-16,408.7900085449219,412.9100036621094,408.1400146484375,390.3907470703125,76431500
2023-02-17,406.05999755859375,407.510009765625,404.04998779296875,389.41546630859375,89257800
2023-02-21,403.05999755859375,404.1600036621094,398.82000732421875,381.60345458984375,82655900
2023-02-22,399.5199890136719,401.1300048828125,397.0199890136719,381.0776062011719,83742300
2023-02-23,401.55999755859375,402.20001220703125,396.25,383.1046447753906,96242400
2023-02-24,395.4200134277344,397.25,393.6400146484375,379.0121765136719,108194400
2023-02-27,399.8699951171875,401.2900085449219,396.75,380.3030700683594,80444700
2023-02-28,397.2300109863281,399.2799987792969,396.1499938964844,378.89739990234375,96438600
2023-03-01,395.4100036621094,396.69000244140625,393.3800048828125,377.44403076171875,99706800
2023-03-02,392.67999267578125,398.69000244140625,392.3299865722656,380.3795471191406,85127800
2023-03-03,399.7099914550781,404.45001220703125,399.0299987792969,386.4800109863281,90120000
2023-03-06,405.04998779296875,407.45001220703125,404.010009765625,386.7476806640625,72795900
2023-03-07,404.4200134277344,404.6700134277344,397.6300048828125,380.8193359375,108310600
2023-03-08,398.3900146484375,399.7099914550781,396.5899963378906,381.4408874511719,74746600
2023-03-09,399.739990234375,401.4800109863281,390.5299987792969,374.4034118652344,111945300
2023-03-10,390.989990234375,393.1600036621094,384.32000732421875,369.0009460449219,189253000
2023-03-13,381.80999755859375,390.3900146484375,380.6499938964844,368.47503662109375,157790000
2023-03-14,390.5,393.45001220703125,387.04998779296875,374.5659484863281,149752400
2023-03-15,385.8900146484375,389.489990234375,383.7099914550781,372.2232971191406,172996900
2023-03-16,386.82000732421875,396.4700012207031,386.2900085449219,378.75396728515625,143254200
2023-03-17,393.2200012207031,394.3999938964844,388.54998779296875,374.3253173828125,140553400
2023-03-20,390.79998779296875,394.1700134277344,390.07000732421875,377.9246520996094,93055800
2023-03-21,397.239990234375,399.4100036621094,395.5799865722656,382.8871154785156,91524200
2023-03-22,398.7300109863281,402.489990234375,392.07000732421875,376.3601379394531,111746600
2023-03-23,395.0899963378906,399.2900085449219,390.3500061035156,377.3776550292969,119351300
2023-03-24,391.8399963378906,395.8399963378906,389.3999938964844,379.85400390625,107682400
2023-03-27,398.1199951171875,398.9200134277344,395.55999755859375,380.5642395019531,74010400
2023-03-28,395.7699890136719,396.489990234375,393.69000244140625,379.71002197265625,62871700
2023-03-29,399.92999267578125,401.6000061035156,398.67999267578125,385.22906494140625,77497900
2023-03-30,404.0899963378906,404.3500061035156,401.760009765625,387.484619140625,69840000
2023-03-31,404.6600036621094,409.70001220703125,404.54998779296875,392.9461364746094,112062600
2023-04-03,408.8500061035156,411.3699951171875,408.44000244140625,394.4434509277344,67391100
2023-04-04,411.6199951171875,411.9200134277344,407.239990234375,392.25506591796875,66601500
2023-04-05,407.9100036621094,408.70001220703125,405.8800048828125,391.2279968261719,65200200
2023-04-06,406.7699890136719,409.4800109863281,405.67999267578125,392.75421142578125,63743300
2023-04-10,406.6099853515625,409.69000244140625,405.9700012207031,393.15728759765625,63681000
2023-04-11,410.260009765625,411.17999267578125,408.9200134277344,393.26287841796875,59297900
2023-04-12,411.8699951171875,412.1700134277344,407.44000244140625,391.6599426269531,86420400
2023-04-13,409.17999267578125,413.8399963378906,407.989990234375,396.86224365234375,85814800
2023-04-14,412.80999755859375,415.0899963378906,410.05999755859375,395.8927917480469,78161500
2023-04-17,412.3699951171875,413.9599914550781,411.0899963378906,397.3133544921875,66436400
2023-04-18,415.5799865722656,415.7200012207031,412.7799987792969,397.5725402832031,63560000
2023-04-19,412.2200012207031,415.0799865722656,412.1600036621094,397.5053405761719,55227300
2023-04-20,411.2099914550781,413.70001220703125,410.2699890136719,395.33612060546875,75840400
2023-04-21,412.19000244140625,412.67999267578125,410.1700134277344,395.64324951171875,73457400
2023-04-24,411.989990234375,413.07000732421875,410.6000061035156,396.0560302734375,64332100
2023-04-25,410.5799865722656,411.1600036621094,406.0199890136719,389.76904296875,97766700
2023-04-26,406.7200012207031,407.8399963378906,403.7799987792969,388.1181640625,80447000
2023-04-27,407.0,412.69000244140625,406.739990234375,395.8448181152344,92968400
2023-04-28,411.489990234375,415.94000244140625,411.42999267578125,399.22344970703125,89433100
2023-05-01,415.4700012207031,417.6199951171875,415.2699890136719,398.8202819824219,62122300
2023-05-02,414.7699890136719,414.82000732421875,407.82000732421875,394.337890625,103998500
2023-05-03,411.3599853515625,413.8699951171875,407.7699890136719,391.63116455078125,91531800
2023-05-04,406.92999267578125,407.2699890136719,403.739990234375,388.85723876953125,94901900
2023-05-05,408.9100036621094,413.7200012207031,408.6400146484375,396.0560302734375,87891800
2023-05-08,412.9700012207031,413.239990234375,411.2799987792969,396.1615295410156,50046800
2023-05-09,411.1300048828125,412.0899963378906,410.69000244140625,394.42425537109375,49220100
2023-05-10,413.8800048828125,414.5400085449219,408.8699951171875,396.2671813964844,96142900
2023-05-11,411.95001220703125,412.42999267578125,409.9700012207031,395.5760498046875,70157100
2023-05-12,413.4200134277344,413.6400146484375,409.07000732421875,395.0577392578125,70481500
2023-05-15,412.2200012207031,413.42999267578125,410.2300109863281,396.420654296875,54289400
2023-05-16,411.8599853515625,412.82000732421875,410.239990234375,393.7715759277344,57705500
2023-05-17,412.3500061035156,415.8599853515625,410.6400146484375,398.55157470703125,87287000
2023-05-18,414.8999938964844,419.6700134277344,414.6700134277344,402.3908996582031,97177200
2023-05-19,420.1700134277344,420.7200012207031,417.3500061035156,401.8053894042969,103793300
2023-05-22,418.6400146484375,420.3900146484375,417.3500061035156,401.96856689453125,60745400
2023-05-23,417.0799865722656,418.7200012207031,413.67999267578125,397.45733642578125,86383500
2023-05-24,412.4200134277344,412.82000732421875,409.8800048828125,394.57781982421875,89213700
2023-05-25,414.739990234375,416.1600036621094,412.4100036621094,397.99481201171875,90961600
2023-05-26,415.3299865722656,420.7699890136719,415.25,403.1491394042969,93830000
2023-05-30,422.0299987792969,422.5799865722656,418.739990234375,403.302734375,72216000
2023-05-31,418.2799987792969,419.2200012207031,416.2200012207031,401.0662841796875,110811800
2023-06-01,418.0899963378906,422.9200134277344,416.7900085449219,404.8768615722656,88865000
2023-06-02,424.5,428.739990234375,423.95001220703125,410.7318420410156,91426200
2023-06-05,428.2799987792969,429.6199951171875,426.3699951171875,409.94476318359375,65460200
2023-06-06,426.6700134277344,428.5799865722656,425.989990234375,410.8374328613281,64022200
2023-06-07,428.44000244140625,429.6199951171875,426.1099853515625,409.4168395996094,85373300
2023-06-08,426.6199951171875,429.6000061035156,425.82000732421875,411.8932189941406,61952800
2023-06-09,429.9599914550781,431.989990234375,428.8699951171875,412.6323547363281,85742800
2023-06-12,430.9200134277344,433.8800048828125,430.1700134277344,416.3756408691406,76104300
2023-06-13,435.32000732421875,437.3299865722656,434.6300048828125,419.1207275390625,95899700
2023-06-14,437.010009765625,439.05999755859375,433.5899963378906,419.6198425292969,100612100
2023-06-15,436.3299865722656,443.8999938964844,436.2300109863281,424.8221435546875,110303100
2023-06-16,443.0199890136719,443.6099853515625,438.9700012207031,423.3751220703125,114165800
2023-06-20,437.45001220703125,438.3699951171875,435.0299987792969,421.1785583496094,76160400
2023-06-21,436.1600036621094,436.989990234375,434.3299865722656,419.02056884765625,76982300
2023-06-22,433.95001220703125,436.6199951171875,433.6000061035156,420.53314208984375,70637200
2023-06-23,432.92999267578125,435.05999755859375,432.4700012207031,417.3539123535156,92074500
2023-06-26,432.6199951171875,434.6099853515625,431.19000244140625,415.64874267578125,72823600
2023-06-27,432.3500061035156,436.80999755859375,431.8800048828125,420.20556640625,72813700
2023-06-28,435.04998779296875,437.44000244140625,434.4100036621094,420.4175109863281,75636000
2023-06-29,435.9599914550781,438.2799987792969,435.5400085449219,422.0745849609375,67882300
2023-06-30,441.44000244140625,444.29998779296875,441.1099853515625,427.0553283691406,104964000
2023-07-03,442.9200134277344,444.0799865722656,442.6300048828125,427.54669189453125,32793400
2023-07-05,441.9100036621094,443.8900146484375,441.8999938964844,426.9107971191406,58418400
2023-07-06,439.4200134277344,440.1000061035156,437.05999755859375,423.5678405761719,80658300
2023-07-07,438.6300048828125,442.6400146484375,438.29998779296875,422.4984130859375,86134200
2023-07-10,438.17999267578125,439.8399963378906,437.5899963378906,423.5678405761719,62443500
2023-07-11,440.45001220703125,442.9700012207031,439.44000244140625,426.26531982421875,64463800
2023-07-12,446.3900146484375,447.4800109863281,444.9100036621094,429.6950378417969,91924500
2023-07-13,447.8999938964844,450.3800048828125,447.45001220703125,433.1054382324219,72425200
2023-07-14,450.4800109863281,451.3599853515625,448.489990234375,432.8357238769531,69815800
2023-07-17,449.1300048828125,451.92999267578125,449.0799865722656,434.338623046875,52680200
2023-07-18,450.5,454.8599853515625,450.04998779296875,437.56597900390625,80668200
2023-07-19,455.010009765625,456.42999267578125,454.1099853515625,438.53900146484375,65891700
2023-07-20,454.1700134277344,455.1000061035156,451.44000244140625,435.6296081542969,70591600
2023-07-21,453.9599914550781,454.1700134277344,452.1700134277344,435.6296081542969,71275600
2023-07-24,453.3699951171875,455.0400085449219,452.29998779296875,437.57568359375,54023400
2023-07-25,453.9200134277344,456.739990234375,453.8699951171875,438.7702941894531,55191200
2023-07-26,454.4700012207031,456.989990234375,453.3800048828125,438.8377380371094,71052900
2023-07-27,459.0199890136719,459.44000244140625,451.54998779296875,435.92816162109375,92194400
2023-07-28,455.8800048828125,457.7799987792969,452.489990234375,440.1961669921875,80011800
2023-07-31,457.4100036621094,458.1600036621094,456.04998779296875,441.03424072265625,62040400
2023-08-01,456.2699890136719,457.25,455.489990234375,439.7721862792969,55291500
2023-08-02,453.25,453.5199890136719,449.3500061035156,433.65460205078125,93933400
2023-08-03,448.0400085449219,450.7900085449219,447.3699951171875,432.411865234375,64276100
2023-08-04,450.7200012207031,452.8999938964844,446.2699890136719,430.4560852050781,100128900
2023-08-07,448.7099914550781,450.8699951171875,447.989990234375,434.2133483886719,58357500
2023-08-08,448.0799865722656,450.70001220703125,445.2699890136719,432.32513427734375,71361300
2023-08-09,449.0299987792969,449.20001220703125,444.9599914550781,429.4349060058594,78789600
2023-08-10,448.19000244140625,451.70001220703125,444.70001220703125,429.589111328125,93005500
2023-08-11,443.9700012207031,446.70001220703125,443.3500061035156,429.3385925292969,68690900
2023-08-14,444.70001220703125,448.1099853515625,444.3800048828125,431.70855712890625,47867400
2023-08-15,446.2699890136719,446.6400146484375,442.29998779296875,426.67962646484375,75707500
2023-08-16,442.4599914550781,444.17999267578125,439.5299987792969,423.548583984375,80107200
2023-08-17,441.1600036621094,441.42999267578125,435.75,420.3211669921875,95711300
2023-08-18,433.3699951171875,437.57000732421875,433.010009765625,420.5235290527344,98852000
2023-08-21,437.54998779296875,440.1099853515625,435.32000732421875,423.25958251953125,68719000
2023-08-22,441.17999267578125,441.17999267578125,437.57000732421875,422.1130676269531,64994200
2023-08-23,439.25,443.6700134277344,439.1000061035156,426.8144836425781,68441000
2023-08-24,444.69000244140625,445.2200012207031,436.8599853515625,420.89923095703125,88517300
2023-08-25,438.67999267578125,441.29998779296875,435.0,423.8664855957031,102325100
2023-08-28,442.239990234375,443.3999938964844,439.9700012207031,426.5543518066406,61595400
2023-08-29,442.6499938964844,449.45001220703125,442.4599914550781,432.7201232910156,83081900
2023-08-30,449.510009765625,451.6700134277344,448.7799987792969,434.50244140625,69053900
2023-08-31,451.6499938964844,452.8299865722656,450.1600036621094,433.8665771484375,66084600
2023-09-01,453.1700134277344,453.6700134277344,449.67999267578125,434.67584228515625,58944100
2023-09-05,450.7300109863281,451.05999755859375,449.1700134277344,432.7972106933594,55166200
2023-09-06,448.3999938964844,448.510009765625,443.80999755859375,429.8877258300781,70758500
2023-09-07,443.1099853515625,445.54998779296875,442.75,428.5678405761719,70355400
2023-09-08,444.8999938964844,447.1099853515625,444.5299987792969,429.2132568359375,61659700
2023-09-11,448.239990234375,448.7699890136719,446.4700012207031,432.0361633300781,60180100
2023-09-12,446.95001220703125,448.5299987792969,445.3900146484375,429.6661071777344,67565400
2023-09-13,446.2200012207031,447.7099914550781,445.0799865722656,430.1671142578125,60199300
2023-09-14,449.07000732421875,451.0799865722656,447.7200012207031,433.876220703125,83430800
2023-09-15,447.1400146484375,447.4800109863281,442.9200134277344,428.648681640625,111848900
2023-09-18,443.04998779296875,444.9700012207031,442.55999755859375,428.90008544921875,55752200
2023-09-19,442.67999267578125,443.2900085449219,439.94000244140625,428.0105895996094,66514600
2023-09-20,444.010009765625,444.44000244140625,438.42999267578125,424.0757751464844,82562600
2023-09-21,435.70001220703125,435.9700012207031,431.2300109863281,417.0664978027344,104095800
2023-09-22,432.45001220703125,434.1000061035156,429.989990234375,416.1286926269531,100829700
2023-09-25,429.1700134277344,432.2699890136719,428.7200012207031,417.8785705566406,70874500
2023-09-26,429.0899963378906,429.82000732421875,425.0199890136719,411.73944091796875,96168400
2023-09-27,427.0899963378906,427.6700134277344,422.2900085449219,411.90380859375,104705800
2023-09-28,425.4800109863281,430.25,424.8699951171875,414.29180908203125,92258300
2023-09-29,431.6700134277344,431.8500061035156,425.9100036621094,413.28631591796875,115111300
2023-10-02,426.6199951171875,428.6000061035156,424.4599914550781,413.1219482421875,83798600
2023-10-03,425.05999755859375,427.3699951171875,420.17999267578125,407.59185791015625,103760600
2023-10-04,422.07000732421875,425.42999267578125,420.55999755859375,410.5599670410156,87453000
2023-10-05,424.3599853515625,425.3699951171875,421.1700134277344,410.4052734375,70142700
2023-10-06,421.9700012207031,431.1300048828125,420.6000061035156,415.2779235839844,113273300
2023-10-09,427.5799865722656,432.8800048828125,427.010009765625,417.9366455078125,80374400
2023-10-10,432.94000244140625,437.2200012207031,432.5299987792969,420.1119079589844,78607300
2023-10-11,435.6400146484375,436.5799865722656,433.17999267578125,421.83282470703125,62451700
2023-10-12,436.95001220703125,437.3399963378906,431.2300109863281,419.2610778808594,81154200
2023-10-13,435.2099914550781,436.45001220703125,429.8800048828125,417.1728210449219,95143100
2023-10-16,433.82000732421875,437.1400146484375,433.57000732421875,421.5621032714844,75433200
2023-10-17,432.80999755859375,438.1400146484375,432.45001220703125,421.542724609375,75324700
2023-10-18,434.19000244140625,435.17999267578125,429.0899963378906,415.9256591796875,93559800
2023-10-19,430.95001220703125,432.82000732421875,425.7300109863281,412.2712097167969,121323000
2023-10-20,425.9800109863281,426.5400085449219,421.0799865722656,407.2051696777344,123919900
2023-10-23,419.6099853515625,424.45001220703125,417.79998779296875,406.4994201660156,92035100
2023-10-24,422.6499938964844,424.82000732421875,420.739990234375,409.5641784667969,78564200
2023-10-25,421.8900146484375,421.9200134277344,417.0199890136719,403.68597412109375,94223200
2023-10-26,416.45001220703125,417.3299865722656,411.6000061035156,398.85205078125,115156800
2023-10-27,414.19000244140625,414.6000061035156,409.2099914550781,397.0440979003906,107367700
2023-10-30,413.55999755859375,416.67999267578125,412.2200012207031,401.79107666015625,86562700
2023-10-31,416.17999267578125,418.5299987792969,414.2099914550781,404.3144836425781,79665200
2023-11-01,419.20001220703125,423.5,418.6499938964844,408.6263732910156,98068100
2023-11-02,426.5799865722656,430.9200134277344,426.55999755859375,416.4574279785156,94938900
2023-11-03,433.1400146484375,436.2900085449219,433.010009765625,420.2569274902344,100167800
2023-11-06,435.4700012207031,436.1499938964844,433.67999267578125,421.2237243652344,67831700
2023-11-07,435.69000244140625,437.5899963378906,434.510009765625,422.4225769042969,64256100
2023-11-08,437.54998779296875,438.0899963378906,434.8699951171875,422.7319030761719,61746000
2023-11-09,438.42999267578125,438.4700012207031,433.3999938964844,419.4351501464844,83174400
2023-11-10,435.9800109863281,440.92999267578125,433.8299865722656,425.9803161621094,89462200
2023-11-13,439.2300109863281,441.3299865722656,438.4200134277344,425.57427978515625,52236100
2023-11-14,446.32000732421875,450.05999755859375,446.0899963378906,433.8307800292969,97176900
2023-11-15,450.1099853515625,451.3800048828125,448.79998779296875,434.74920654296875,77327600
2023-11-16,449.2200012207031,450.55999755859375,448.1199951171875,435.2809753417969,66665800
2023-11-17,450.239990234375,451.4200134277344,449.2900085449219,435.8224182128906,83133200
2023-11-20,450.5299987792969,455.1300048828125,450.5199890136719,439.1771545410156,69936200
2023-11-21,453.17999267578125,454.1300048828125,451.9599914550781,438.22003173828125,49244600
2023-11-22,454.9800109863281,456.3800048828125,453.8900146484375,439.9118347167969,59394900
2023-11-24,455.07000732421875,455.5,454.7300109863281,440.1825866699219,29737400
2023-11-27,454.6499938964844,455.489990234375,454.0799865722656,439.38983154296875,50506000
2023-11-28,454.0799865722656,456.2699890136719,453.5,439.8248291015625,62115000
2023-11-29,457.1499938964844,458.32000732421875,454.20001220703125,439.5155029296875,63146000
2023-11-30,455.4800109863281,456.760009765625,453.3399963378906,441.2460021972656,79752700
2023-12-01,455.7699890136719,459.6499938964844,455.1600036621094,443.8564453125,89183400
2023-12-04,455.6000061035156,459.1199951171875,454.3399963378906,441.52642822265625,72430900
2023-12-05,455.260009765625,457.5899963378906,454.8699951171875,441.4394226074219,69793500
2023-12-06,458.80999755859375,458.8399963378906,454.30999755859375,439.6605529785156,69124700
2023-12-07,456.9100036621094,458.8999938964844,456.2900085449219,443.01531982421875,66995400
2023-12-08,457.4599914550781,460.75,457.2099914550781,444.9198913574219,83194400
2023-12-11,459.69000244140625,462.1700134277344,459.4700012207031,446.6505126953125,65002200
2023-12-12,461.6300048828125,464.20001220703125,460.6000061035156,448.69036865234375,68327600
2023-12-13,464.489990234375,470.760009765625,464.1199951171875,454.8778991699219,93278000
2023-12-14,472.5,473.7300109863281,469.25,456.33770751953125,119026000
2023-12-15,469.489990234375,470.70001220703125,467.42999267578125,455.58642578125,141553700
2023-12-18,470.9800109863281,472.9800109863281,469.8900146484375,458.149169921875,70375300
2023-12-19,472.5299987792969,474.9200134277344,472.45001220703125,460.93505859375,55761800
2023-12-20,473.9599914550781,475.8999938964844,467.82000732421875,454.5478210449219,102921000
2023-12-21,471.3299865722656,472.9800109863281,468.8399963378906,458.8577575683594,86667500
2023-12-22,473.8599853515625,475.3800048828125,471.70001220703125,459.7798767089844,67160400
2023-12-26,474.07000732421875,476.5799865722656,473.989990234375,461.72137451171875,55387000
2023-12-27,475.44000244140625,476.6600036621094,474.8900146484375,462.5561828613281,68000300
2023-12-28,476.8800048828125,477.54998779296875,476.260009765625,462.73089599609375,77158100
2023-12-29,476.489990234375,477.0299987792969,473.29998779296875,461.391357421875,122283100
2024-01-02,472.1600036621094,473.6700134277344,470.489990234375,458.8092041015625,123623700
2024-01-03,470.42999267578125,471.19000244140625,468.1700134277344,455.0622863769531,103585900
2024-01-04,468.29998779296875,470.9599914550781,467.04998779296875,453.596435546875,84232200
2024-01-05,467.489990234375,470.44000244140625,466.42999267578125,454.2176818847656,86118900
2024-01-08,468.42999267578125,474.75,468.29998779296875,460.7021484375,74879100
2024-01-09,471.8699951171875,474.92999267578125,471.3500061035156,460.0031433105469,65931400
2024-01-10,474.1600036621094,477.45001220703125,473.8699951171875,462.6047058105469,67310600
2024-01-11,477.5899963378906,478.1199951171875,472.260009765625,462.40087890625,77940700
2024-01-12,477.8399963378906,478.6000061035156,475.2300109863281,462.7211608886719,58026400
2024-01-16,475.260009765625,476.6099853515625,473.05999755859375,461.0224304199219,85014900
2024-01-17,471.82000732421875,472.7900085449219,469.8699951171875,458.4598083496094,68843900
2024-01-18,474.010009765625,477.05999755859375,472.4200134277344,462.5367431640625,91856200
2024-01-19,477.6499938964844,482.7200012207031,476.5400085449219,468.3028259277344,110834500
2024-01-22,484.010009765625,485.2200012207031,482.7799987792969,469.2929382324219,75844900
2024-01-23,484.010009765625,485.1099853515625,482.8900146484375,470.66162109375,49945300
2024-01-24,487.80999755859375,488.7699890136719,484.8800048828125,471.1761779785156,81765000
2024-01-25,487.5799865722656,488.30999755859375,485.3900146484375,473.7388000488281,72525000
2024-01-26,487.5899963378906,489.1199951171875,486.5400085449219,473.13702392578125,76641600
2024-01-29,487.7300109863281,491.4200134277344,487.1700134277344,476.8839416503906,61322800
2024-01-30,490.55999755859375,491.6199951171875,490.1099853515625,476.5151672363281,58618400
2024-01-31,488.6199951171875,489.0799865722656,482.8599853515625,468.7396240234375,126011100
2024-02-01,484.6300048828125,489.2300109863281,483.79998779296875,474.8746032714844,91891600
2024-02-02,489.6499938964844,496.04998779296875,489.29998779296875,479.8738098144531,99228200
2024-02-05,493.70001220703125,494.3800048828125,490.2300109863281,478.12646484375,75757100
2024-02-06,493.5199890136719,494.32000732421875,492.04998779296875,479.5146179199219,55918600
2024-02-07,496.2900085449219,498.5299987792969,495.3599853515625,483.513916015625,70556500
2024-02-08,498.1000061035156,498.7099914550781,497.260009765625,483.72747802734375,52343600
2024-02-09,498.8399963378906,501.6499938964844,498.489990234375,486.523193359375,63979400
2024-02-12,501.1700134277344,503.5,500.239990234375,486.3096618652344,56502300
2024-02-13,494.5299987792969,497.0899963378906,490.7200012207031,479.6116943359375,113099200
2024-02-14,496.7900085449219,499.07000732421875,494.3999938964844,483.9702453613281,68387800
2024-02-15,499.2900085449219,502.20001220703125,498.79998779296875,487.3094177246094,61683000
2024-02-16,501.70001220703125,502.8699951171875,498.75,484.8827209472656,75532900
2024-02-20,497.7200012207031,498.4100036621094,494.45001220703125,482.21319580078125,71736700
2024-02-21,495.4200134277344,497.3699951171875,493.55999755859375,482.6499938964844,59293400
2024-02-22,504.010009765625,508.489990234375,503.0199890136719,492.6386413574219,76402500
2024-02-23,509.2699890136719,510.1300048828125,507.1000061035156,492.9784240722656,61321800
2024-02-26,508.29998779296875,508.75,505.8599853515625,491.1728820800781,50386700
2024-02-27,506.70001220703125,507.1600036621094,504.75,492.0853576660156,48854500
2024-02-28,505.3299865722656,506.8599853515625,504.9599914550781,491.4350280761719,56506600
2024-02-29,508.07000732421875,509.739990234375,505.3500061035156,493.2016906738281,83924800
2024-03-01,508.9800109863281,513.2899780273438,508.55999755859375,497.8320007324219,76844800
2024-03-04,512.030029296875,514.2000122070312,512.0,497.2981262207031,49799300
2024-03-05,510.239990234375,510.70001220703125,504.9100036621094,492.32806396484375,72855600
2024-03-06,510.54998779296875,512.0700073242188,508.4200134277344,494.8228454589844,68382400
2024-03-07,513.1400146484375,515.8900146484375,509.80999755859375,499.734619140625,58652100
2024-03-08,515.4600219726562,518.219970703125,511.1300048828125,496.7351379394531,86532500
2024-03-11,510.4800109863281,511.8800048828125,508.5,496.3080139160156,62557200
2024-03-12,513.4500122070312,517.3800048828125,510.8599853515625,501.64697265625,73114400
2024-03-13,517.1099853515625,517.2899780273438,514.489990234375,500.8606262207031,55104100
2024-03-14,516.969970703125,517.1300048828125,511.82000732421875,499.8705749511719,110171800
2024-03-15,510.2099914550781,511.70001220703125,508.1199951171875,496.4380798339844,107646300
2024-03-18,514.0,515.47998046875,512.4400024414062,499.3885192871094,88893300
2024-03-19,512.1500244140625,516.0,511.1199951171875,502.1637268066406,60755300
2024-03-20,515.77001953125,520.6199951171875,515.0800170898438,506.8083190917969,69594600
2024-03-21,523.3900146484375,524.1099853515625,521.9099731445312,508.4832458496094,60256100
2024-03-22,522.1099853515625,522.6099853515625,520.969970703125,507.5191955566406,79070800
2024-03-25,519.7999877929688,520.9500122070312,519.6099853515625,506.1170349121094,48512100
2024-03-26,521.22998046875,521.5800170898438,518.4000244140625,505.1822814941406,65463700
2024-03-27,521.7100219726562,523.2100219726562,519.489990234375,509.4277038574219,82999800
2024-03-28,523.2100219726562,524.6099853515625,522.780029296875,509.3302917480469,96294900
2024-04-01,523.8300170898438,524.3800048828125,520.969970703125,508.4443054199219,62477500
2024-04-02,518.239990234375,518.97998046875,516.47998046875,505.21148681640625,74230300
2024-04-03,517.719970703125,520.9500122070312,517.6699829101562,505.7664794921875,59155800
2024-04-04,523.52001953125,523.8699951171875,512.760009765625,499.5930480957031,96858100
2024-04-05,514.4600219726562,520.4400024414062,514.010009765625,504.8121643066406,74546500
2024-04-08,519.1500244140625,520.1799926757812,517.8900146484375,505.0946350097656,48401800
2024-04-09,520.5,520.75,514.3499755859375,505.6788330078125,68049200
2024-04-10,513.47998046875,516.1599731445312,512.0900268554688,500.6154479980469,82652800
2024-04-11,515.6799926757812,519.47998046875,512.0800170898438,504.3935241699219,70099000
2024-04-12,514.3699951171875,515.8200073242188,509.0799865722656,497.431396484375,92561100
2024-04-15,515.1300048828125,515.2999877929688,503.5799865722656,491.199462890625,92101400
2024-04-16,504.94000244140625,506.5,502.2099914550781,490.3035888671875,73484000
2024-04-17,506.04998779296875,506.2200012207031,499.1199951171875,487.40185546875,75910300
2024-04-18,501.9800109863281,504.1300048828125,498.55999755859375,486.39898681640625,74548100
2024-04-19,499.44000244140625,500.4599914550781,493.8599853515625,482.1534729003906,102212600
2024-04-22,497.8299865722656,502.3800048828125,495.42999267578125,486.59368896484375,67961000
2024-04-23,501.7799987792969,506.0899963378906,499.5299987792969,492.3679504394531,64633600
2024-04-24,506.55999755859375,507.3699951171875,503.1300048828125,492.1342468261719,55928100
2024-04-25,499.17999267578125,504.2699890136719,497.489990234375,490.2646789550781,69122400
2024-04-26,506.3500061035156,509.8800048828125,505.70001220703125,494.90936279296875,64306100
2024-04-29,510.0899963378906,510.75,507.25,496.662109375,46415400
2024-04-30,508.55999755859375,509.55999755859375,501.9800109863281,488.79437255859375,77483600
2024-05-01,501.3800048828125,508.19000244140625,499.8699951171875,487.2071533203125,80242800
2024-05-02,504.1499938964844,505.8900146484375,499.54998779296875,491.76422119140625,62550200
2024-05-03,511.1600036621094,512.5499877929688,508.55999755859375,497.8598327636719,72756700
2024-05-06,513.75,516.6099853515625,513.2999877929688,503.0010681152344,47264700
2024-05-07,517.5599975585938,518.5700073242188,516.4500122070312,503.5561218261719,52561300
2024-05-08,515.260009765625,517.739990234375,515.1400146484375,503.6047668457031,42047200
2024-05-09,517.3800048828125,520.2100219726562,516.7100219726562,506.5065002441406,43643700
2024-05-10,521.8099975585938,522.6400146484375,519.5900268554688,507.15899658203125,52233200
2024-05-13,522.5599975585938,522.6699829101562,519.739990234375,507.2270202636719,36716400
2024-05-14,521.1099853515625,523.8300170898438,520.5599975585938,509.5542907714844,57535900
2024-05-15,525.8300170898438,530.0800170898438,525.1799926757812,515.8640747070312,59504900
2024-05-16,529.8800048828125,531.52001953125,528.5399780273438,514.802734375,50244800
2024-05-17,528.8099975585938,529.52001953125,527.3200073242188,515.5427856445312,59187600
2024-05-20,529.5700073242188,531.5599975585938,529.1699829101562,516.13671875,37764200
2024-05-21,529.280029296875,531.52001953125,529.0700073242188,517.4026489257812,33437000
2024-05-22,530.6500244140625,531.3800048828125,527.5999755859375,515.912841796875,48390000
2024-05-23,532.9600219726562,533.0700073242188,524.719970703125,512.1444702148438,57211200
2024-05-24,527.8499755859375,530.27001953125,526.8800048828125,515.5330200195312,41291100
2024-05-28,530.27001953125,530.510009765625,527.1099853515625,515.8933715820312,36269600
2024-05-29,525.6799926757812,527.3099975585938,525.3699951171875,512.2807006835938,45190300
2024-05-30,524.52001953125,525.2000122070312,521.3300170898438,508.88238525390625,46377600
2024-05-31,523.5900268554688,527.5,518.3599853515625,513.517333984375,90785800
2024-06-03,529.02001953125,529.3099975585938,522.5999755859375,513.9360961914062,46835700
2024-06-04,526.4600219726562,529.1500244140625,524.9600219726562,514.5106201171875,34632700
2024-06-05,530.77001953125,534.6900024414062,528.72998046875,520.6255493164062,47610400
2024-06-06,534.97998046875,535.4199829101562,532.6799926757812,520.615966796875,30808500
2024-06-07,533.6599731445312,536.8900146484375,532.5399780273438,519.9829711914062,43224500
2024-06-10,533.1799926757812,535.989990234375,532.5700073242188,521.589599609375,35686100
2024-06-11,534.0700073242188,537.010009765625,532.0499877929688,522.8457641601562,36383400
2024-06-12,541.6300048828125,544.1199951171875,540.2999877929688,527.1398315429688,63251300
2024-06-13,543.1500244140625,543.3300170898438,539.5900268554688,528.2012329101562,44760900
2024-06-14,540.8800048828125,542.8099975585938,539.8499755859375,528.5227661132812,40089900
2024-06-17,542.0800170898438,548.530029296875,541.6099853515625,532.7291259765625,55839500
2024-06-18,547.1599731445312,548.6199951171875,546.72998046875,534.0826416015625,41376400
2024-06-20,549.4400024414062,550.1199951171875,545.1799926757812,532.6317138671875,70328200
2024-06-21,544.4000244140625,545.6500244140625,543.02001953125,531.917724609375,64338600
2024-06-24,544.3300170898438,546.9500122070312,542.6199951171875,530.1884765625,45528700
2024-06-25,543.989990234375,545.2000122070312,542.4400024414062,532.2302856445312,37936200
2024-06-26,543.6900024414062,546.239990234375,543.030029296875,532.8945922851562,38550600
2024-06-27,545.3699951171875,546.9600219726562,544.6099853515625,533.7346801757812,35041500
2024-06-28,547.1599731445312,550.280029296875,542.9500122070312,531.6343994140625,76144500
2024-07-01,545.6300048828125,545.8800048828125,542.52001953125,532.728515625,40297800
2024-07-02,543.7000122070312,549.010009765625,543.6500244140625,536.3136596679688,40434800
2024-07-03,548.6900024414062,551.8300170898438,548.6500244140625,538.7069702148438,32789900
2024-07-05,551.77001953125,555.0499877929688,551.1199951171875,541.8134155273438,41488400
2024-07-08,555.4400024414062,556.25,554.1900024414062,542.4386596679688,36110500
2024-07-09,556.260009765625,557.1799926757812,555.52001953125,542.9661865234375,27289700
2024-07-10,557.0700073242188,561.6699829101562,556.77001953125,548.3389892578125,38701200
2024-07-11,561.4400024414062,562.3300170898438,555.8300170898438,543.61083984375,53054200
2024-07-12,557.6300048828125,563.6699829101562,557.1500244140625,547.0397338867188,53084400
2024-07-15,562.030029296875,564.8400268554688,559.6300048828125,548.5440063476562,40584300
2024-07-16,562.8699951171875,565.1599731445312,562.0999755859375,551.7970581054688,36475300
2024-07-17,558.7999877929688,560.510009765625,556.6099853515625,544.060302734375,57119000
2024-07-18,558.510009765625,559.52001953125,550.4299926757812,539.879150390625,56270400
2024-07-19,552.4199829101562,554.0800170898438,547.9099731445312,536.2940673828125,65509100
2024-07-22,553.0,555.27001953125,551.02001953125,541.8232421875,43346700
2024-07-23,554.5399780273438,556.739990234375,553.280029296875,540.9733276367188,34439600
2024-07-24,548.8599853515625,549.1699829101562,540.2899780273438,528.7135009765625,74515300
2024-07-25,541.3499755859375,547.4600219726562,537.4500122070312,525.9586791992188,61158300
2024-07-26,542.280029296875,547.1900024414062,541.489990234375,531.849365234375,53763800
2024-07-29,546.02001953125,547.0499877929688,542.719970703125,532.1618041992188,39515800
2024-07-30,546.260009765625,547.3400268554688,538.52001953125,529.4657592773438,46853600
2024-07-31,548.97998046875,553.5,547.5800170898438,538.072021484375,65663400
2024-08-01,552.5700073242188,554.8699951171875,539.4299926757812,530.452392578125,76428700
2024-08-02,535.75,536.989990234375,528.5999755859375,520.5762329101562,82789100
2024-08-05,511.6400146484375,523.5800170898438,510.2699890136719,505.4151611328125,146267400
2024-08-06,519.219970703125,529.75,517.8699951171875,510.07476806640625,84826300
2024-08-07,528.469970703125,531.5900268554688,518.0499877929688,506.6654968261719,70698300
2024-08-08,523.9099731445312,531.2899780273438,521.8400268554688,518.3782958984375,63276600
2024-08-09,529.8099975585938,534.510009765625,528.5599975585938,520.6641235351562,45619600
2024-08-12,534.2100219726562,535.72998046875,530.9500122070312,520.9376220703125,42542100
2024-08-13,536.530029296875,542.280029296875,536.280029296875,529.5048217773438,52333100
2024-08-14,542.8499755859375,544.9600219726562,540.1199951171875,531.1752319335938,42446900
2024-08-15,549.5,553.3599853515625,548.8800048828125,540.27978515625,60846800
2024-08-16,551.4199829101562,555.02001953125,551.260009765625,541.4910278320312,44430700
2024-08-19,554.72998046875,559.6099853515625,553.8599853515625,546.6685180664062,39121800
2024-08-20,559.1500244140625,560.8400268554688,557.3300170898438,545.779541015625,33732300
2024-08-21,559.77001953125,562.1099853515625,554.72998046875,547.6551513671875,41514600
2024-08-22,562.5599975585938,563.1799926757812,554.97998046875,543.3568725585938,56121500
2024-08-23,559.530029296875,563.0900268554688,557.2899780273438,549.1301879882812,50639400
2024-08-26,563.1799926757812,563.9099731445312,559.0499877929688,547.8211669921875,35788600
2024-08-27,559.489990234375,562.0599975585938,558.3200073242188,548.5734252929688,32693900
2024-08-28,561.2100219726562,561.6500244140625,555.0399780273438,545.3887939453125,41066000
2024-08-29,560.3099975585938,563.6799926757812,557.1799926757812,545.4375610351562,38715200
2024-08-30,560.77001953125,564.2000122070312,557.1400146484375,550.6444091796875,62700100
2024-09-03,560.469970703125,560.8099975585938,549.510009765625,539.3126831054688,60600100
2024-09-04,550.2000122070312,554.4299926757812,549.4600219726562,538.2088012695312,47224900
2024-09-05,550.8900146484375,553.7999877929688,547.0999755859375,536.8997802734375,44264300
2024-09-06,549.9400024414062,551.5999755859375,539.4400024414062,527.8635864257812,68493800
2024-09-09,544.6500244140625,547.7100219726562,542.6799926757812,533.7737426757812,40445800
2024-09-10,548.3599853515625,549.1500244140625,543.3800048828125,536.0987548828125,36394600
2024-09-11,548.7000122070312,555.3599853515625,539.9600219726562,541.5985717773438,75248600
2024-09-12,555.010009765625,559.4000244140625,552.739990234375,546.1605834960938,51819600
2024-09-13,559.7100219726562,563.030029296875,559.4500122070312,549.0130004882812,39310500
2024-09-16,561.739990234375,563.1099853515625,559.9000244140625,549.8238525390625,36656100
2024-09-17,565.0999755859375,566.5800170898438,560.7899780273438,550.0484008789062,49321000
2024-09-18,563.739990234375,568.6900024414062,560.8300170898438,548.4171142578125,59044900
2024-09-19,571.010009765625,572.8800048828125,568.0800170898438,557.7755126953125,75315500
2024-09-20,567.8400268554688,569.3099975585938,565.1699829101562,556.8113403320312,77503100
2024-09-23,569.3400268554688,570.3300170898438,568.0999755859375,558.2027587890625,44116900
2024-09-24,570.47998046875,571.3599853515625,567.5999755859375,559.7999267578125,46805700
2024-09-25,571.1400146484375,571.8900146484375,568.9099731445312,558.5652465820312,38428600
2024-09-26,574.3800048828125,574.7100219726562,569.9000244140625,560.77978515625,48336000
2024-09-27,573.3900146484375,574.219970703125,570.4199829101562,559.9664916992188,42100900
2024-09-30,570.4199829101562,574.3800048828125,568.0800170898438,562.2103881835938,63557400
2024-10-01,573.4000244140625,574.0599975585938,566.0,557.1739501953125,72668800
2024-10-02,567.7100219726562,569.9000244140625,565.27001953125,557.4091186523438,38097800
2024-10-03,567.3599853515625,569.7999877929688,565.489990234375,556.3899536132812,40846500
2024-10-04,572.3499755859375,573.3599853515625,568.0999755859375,561.4461059570312,42939100
2024-10-07,571.2999877929688,571.9600219726562,566.6300048828125,556.370361328125,49964700
2024-10-08,570.4199829101562,573.780029296875,569.530029296875,561.6322631835938,37398700
2024-10-09,573.1599731445312,577.7100219726562,572.5499877929688,565.5224609375,37912200
2024-10-10,575.77001953125,577.5800170898438,574.489990234375,564.53271484375,44138100
2024-10-11,576.0499877929688,580.3300170898438,575.9099731445312,567.9132690429688,42268000
2024-10-14,581.219970703125,585.27001953125,580.72998046875,572.5578002929688,36217200
2024-10-15,584.5900268554688,584.9000244140625,578.5399780273438,568.1093139648438,54203600
2024-10-16,579.780029296875,582.8300170898438,578.9600219726562,570.5784912109375,30725400
2024-10-17,585.9099731445312,586.1199951171875,582.1599731445312,570.6275024414062,34393700
2024-10-18,584.0700073242188,585.3900146484375,582.5800170898438,572.8224487304688,37416800
2024-10-21,583.8499755859375,584.8499755859375,580.5999755859375,571.8817749023438,36439000
2024-10-22,581.0499877929688,584.5,580.3800048828125,571.5780029296875,34183800
2024-10-23,581.260009765625,581.7100219726562,574.4199829101562,566.355224609375,49314600
2024-10-24,579.97998046875,580.0599975585938,576.5700073242188,567.5801391601562,34979900
2024-10-25,581.510009765625,584.4600219726562,578.0800170898438,567.3841552734375,47268200
2024-10-28,582.5800170898438,582.7100219726562,580.52001953125,569.1380615234375,30174700
2024-10-29,579.8499755859375,582.9099731445312,578.4299926757812,570.0592651367188,42899700
2024-10-30,581.2899780273438,583.3200073242188,579.2899780273438,568.3345947265625,41435800
2024-10-31,575.5599975585938,575.6300048828125,568.4400024414062,557.1934814453125,60182500
2024-11-01,571.3200073242188,575.5499877929688,570.6199951171875,559.5452270507812,45667500
2024-11-04,571.1799926757812,572.5,567.8900146484375,558.33984375,38217000
2024-11-05,570.739990234375,576.739990234375,570.52001953125,565.0913696289062,39478300
2024-11-06,589.2000122070312,591.9299926757812,585.3900146484375,579.1425170898438,68182000
2024-11-07,593.0800170898438,596.6500244140625,593.0,583.6206665039062,47233200
2024-11-08,596.1699829101562,599.6400146484375,596.1699829101562,586.1486206054688,46444900
2024-11-11,599.8099975585938,600.1699829101562,597.0,586.707275390625,37586800
2024-11-12,598.6799926757812,599.2899780273438,594.3699951171875,584.8847045898438,43006100
2024-11-13,597.3699951171875,599.22998046875,594.9600219726562,585.1688232421875,47388600
2024-11-14,597.3200073242188,597.8099975585938,592.6500244140625,581.4060668945312,38904100
2024-11-15,589.719970703125,590.2000122070312,583.8599853515625,573.9591064453125,75988800
2024-11-18,586.219970703125,589.489990234375,585.3400268554688,576.310791015625,37001700
2024-11-19,584.7100219726562,591.0399780273438,584.030029296875,578.41748046875,49412000
2024-11-20,590.3800048828125,590.7899780273438,584.6300048828125,578.6134643554688,50032600
2024-11-21,593.4000244140625,595.1199951171875,587.4500122070312,581.7196655273438,46750300
2024-11-22,593.6599731445312,596.1500244140625,593.1500244140625,583.5225830078125,38226400
2024-11-25,599.52001953125,600.8599853515625,595.2000122070312,585.5018920898438,42441400
2024-11-26,598.7999877929688,601.3300170898438,598.0700073242188,588.5592041015625,45621300
2024-11-27,600.4600219726562,600.8499755859375,597.280029296875,586.7758178710938,34000200
2024-11-29,599.6599731445312,603.3499755859375,599.3800048828125,590.4207763671875,30177400
2024-12-02,602.969970703125,604.3200073242188,602.469970703125,591.4790649414062,31746000
2024-12-03,603.3900146484375,604.1599731445312,602.3400268554688,591.7536010742188,26906600
2024-12-04,605.6300048828125,607.9099731445312,604.9500122070312,595.427978515625,42787600
2024-12-05,607.6599731445312,608.47998046875,606.2999877929688,594.4481811523438,28762200
2024-12-06,607.4400024414062,609.0700073242188,607.02001953125,595.5750122070312,31241500
2024-12-09,607.6900024414062,607.8599853515625,604.0800170898438,592.508056640625,34742700
2024-12-10,605.3699951171875,605.7999877929688,602.1300048828125,590.6658325195312,37234500
2024-12-11,605.780029296875,608.4299926757812,605.5,595.232177734375,28677700
2024-12-12,606.5800170898438,607.1599731445312,604.3300170898438,592.1651000976562,31543800
2024-12-13,606.4000244140625,607.1300048828125,602.8099975585938,592.0474243164062,35904700
2024-12-16,606.0,607.780029296875,605.2100219726562,594.5755615234375,43695200
2024-12-17,604.1900024414062,605.1699829101562,602.8900146484375,592.1259155273438,55773500
2024-12-18,603.97998046875,606.4099731445312,585.8900146484375,574.4783935546875,108248700
2024-12-19,591.3599853515625,593.0,585.8499755859375,574.3020629882812,85919500
2024-12-20,581.77001953125,595.75,580.9099731445312,581.199951171875,125716700
2024-12-23,590.8900146484375,595.2999877929688,587.6599731445312,584.680419921875,57635800
2024-12-24,596.0599975585938,601.3400268554688,595.469970703125,591.1790771484375,33160100
2024-12-26,599.5,602.47998046875,598.0800170898438,591.218505859375,41219100
2024-12-27,597.5399780273438,597.780029296875,590.760009765625,584.9949951171875,64969300
2024-12-30,587.8900146484375,591.739990234375,584.4099731445312,578.3192138671875,56578800
2024-12-31,589.9099731445312,590.6400146484375,584.4199829101562,576.2152709960938,57052700
2025-01-02,589.3900146484375,591.1300048828125,580.5,574.799560546875,50204000
2025-01-03,587.530029296875,592.5999755859375,586.4299926757812,581.9865112304688,37888500
2025-01-06,596.27001953125,599.7000122070312,593.5999755859375,585.3390502929688,47679400
2025-01-07,597.4199829101562,597.75,586.780029296875,578.7223510742188,60393100
2025-01-08,588.7000122070312,590.5800170898438,585.2000122070312,579.5678100585938,47304700
2025-01-10,585.8800048828125,585.9500122070312,578.5499877929688,570.71923828125,73105000
2025-01-13,575.77001953125,581.75,575.3499755859375,571.6041870117188,47910100
2025-01-14,584.3599853515625,585.0,578.3499755859375,572.3907470703125,48420600
2025-01-15,590.3300170898438,593.9400024414062,589.2000122070312,582.8025512695312,56900200
2025-01-16,594.1699829101562,594.3499755859375,590.9299926757812,581.6817626953125,43319700
2025-01-17,596.9600219726562,599.3599853515625,595.6099853515625,587.5217895507812,58070600
2025-01-21,600.6699829101562,603.0599975585938,598.6699829101562,592.8995971679688,42532900
2025-01-22,605.9199829101562,607.8200073242188,605.3599853515625,596.2326049804688,48196000
2025-01-23,605.7999877929688,609.75,605.52001953125,599.4868774414062,41152100
2025-01-24,609.8099975585938,610.780029296875,606.7999877929688,597.73681640625,34604700
2025-01-27,594.8099975585938,599.6900024414062,594.6400146484375,589.2816162109375,70361100
2025-01-28,600.6199951171875,605.3699951171875,597.25,594.3449096679688,44433300
2025-01-29,603.719970703125,604.1300048828125,599.219970703125,591.6805419921875,37177400
2025-01-30,603.9600219726562,606.5999755859375,600.719970703125,594.8561401367188,39281300
2025-01-31,607.5,609.9600219726562,601.0499877929688,591.6902465820312,66566900
2025-02-03,592.6699829101562,600.2899780273438,590.489990234375,587.70849609375,65857200
2025-02-04,597.8300170898438,602.2999877929688,597.280029296875,591.6510009765625,33457800
2025-02-05,600.6400146484375,604.3699951171875,598.5800170898438,594.0498657226562,30653100
2025-02-06,605.989990234375,606.4500122070312,602.6300048828125,596.1145629882812,35771500
2025-02-07,606.8900146484375,608.1300048828125,600.0499877929688,590.6580200195312,50788500
2025-02-10,604.030029296875,605.5,602.739990234375,594.6693115234375,26048700
2025-02-11,602.5499877929688,605.8599853515625,602.4299926757812,595.1216430664062,30056700
2025-02-12,599.2000122070312,604.5499877929688,598.510009765625,593.2044677734375,45076100
2025-02-13,604.47998046875,609.9400024414062,603.2000122070312,599.4671630859375,40921300
2025-02-14,609.9400024414062,610.989990234375,609.0700073242188,599.437744140625,26910400
2025-02-18,610.8800048828125,611.489990234375,608.3800048828125,601.1976318359375,26749000
2025-02-19,610.0800170898438,613.22998046875,609.5599975585938,602.6132202148438,31011100
2025-02-20,611.5399780273438,611.6799926757812,607.02001953125,600.1062622070312,36554000
2025-02-21,610.1599731445312,610.2999877929688,599.469970703125,589.8419189453125,76519800
2025-02-24,602.02001953125,603.030029296875,596.489990234375,587.157958984375,50737200
2025-02-25,597.1500244140625,597.8900146484375,589.5599975585938,584.2379760742188,58266500
2025-02-26,595.9299926757812,599.5800170898438,591.8599853515625,584.5328979492188,43321600
2025-02-27,596.8499755859375,598.02001953125,584.6500244140625,575.2025146484375,74196700
2025-02-28,585.5599975585938,594.719970703125,582.4400024414062,584.178955078125,88744100
2025-03-03,596.1799926757812,597.3400268554688,579.9000244140625,573.9441528320312,74249200
2025-03-04,579.7100219726562,585.3900146484375,572.25,567.1504516601562,109648200
2025-03-05,576.6900024414062,584.8800048828125,573.0800170898438,573.24609375,71230500
2025-03-06,575.47998046875,580.1699829101562,570.1199951171875,563.0703735351562,80094900
2025-03-07,570.9000244140625,577.3900146484375,565.6300048828125,566.2261962890625,81158800
2025-03-10,567.5900268554688,569.5399780273438,555.5900268554688,551.14453125,99326600
2025-03-11,559.4000244140625,564.02001953125,552.02001953125,546.5628662109375,88102100
2025-03-12,562.1699829101562,563.1099853515625,553.6900024414062,549.4632568359375,69588200
2025-03-13,558.489990234375,559.1099853515625,549.6799926757812,542.138671875,74079400
2025-03-14,556.1099853515625,563.8300170898438,551.489990234375,553.3369140625,62660300
2025-03-17,562.7899780273438,569.7100219726562,562.3499755859375,557.6038818359375,49008700
2025-03-18,564.7999877929688,565.02001953125,559.0599975585938,551.5770263671875,66041400
2025-03-19,562.8300170898438,570.9500122070312,561.6300048828125,557.584228515625,66556000
2025-03-20,563.3300170898438,570.5700073242188,562.5999755859375,555.9718627929688,62958200
2025-03-21,559.280029296875,564.8900146484375,558.030029296875,556.1552734375,83763000
2025-03-24,570.7999877929688,575.1500244140625,570.2000122070312,566.1151733398438,58766800
2025-03-25,575.2999877929688,576.4099731445312,573.6900024414062,567.4759521484375,38355700
2025-03-26,575.1900024414062,576.3300170898438,567.1900024414062,560.7013549804688,51848300
2025-03-27,567.1799926757812,570.9000244140625,564.9400024414062,559.2123413085938,42164200
2025-03-28,565.530029296875,566.27001953125,555.0700073242188,547.9506225585938,71662700
2025-03-31,549.8300170898438,560.7100219726562,546.8699951171875,551.6289672851562,95328200
2025-04-01,557.4500122070312,562.9400024414062,553.6799926757812,553.1869506835938,54609600
2025-04-02,555.0499877929688,567.4199829101562,554.8099975585938,556.687744140625,76014500
2025-04-03,545.1099853515625,547.969970703125,536.7000122070312,529.2537231445312,125986000
2025-04-04,523.6699829101562,525.8699951171875,505.05999755859375,498.2696838378906,217965100
2025-04-07,489.19000244140625,523.1699829101562,481.79998779296875,497.3821716308594,256611400
2025-04-08,521.8599853515625,524.97998046875,489.1600036621094,489.5917663574219,165816600
2025-04-09,493.44000244140625,548.6199951171875,493.04998779296875,541.0084228515625,241867300
2025-04-10,532.1699829101562,533.5,509.32000732421875,517.3018798828125,162331200
2025-04-11,523.010009765625,536.4299926757812,520.0700073242188,526.531982421875,97866300
2025-04-14,544.0499877929688,544.280029296875,533.8599853515625,531.6401977539062,68034000
2025-04-15,539.6699829101562,543.22998046875,536.8099975585938,530.151123046875,56892900
2025-04-16,531.6799926757812,537.8900146484375,520.2899780273438,518.3668823242188,83484800
2025-04-17,527.6400146484375,531.1699829101562,523.9099731445312,519.1064453125,79868100
2025-04-21,521.1599731445312,521.7000122070312,508.4599914550781,506.7503662109375,69368100
2025-04-22,520.1400146484375,529.2999877929688,519.1900024414062,519.9348754882812,75948100
2025-04-23,540.4299926757812,545.4299926757812,533.8800048828125,527.9915161132812,90590700
2025-04-24,536.719970703125,547.4299926757812,535.4500122070312,539.1051635742188,64150400
2025-04-25,546.6500244140625,551.0499877929688,543.6900024414062,543.0003051757812,61119600
2025-04-28,551.3900146484375,553.5499877929688,545.02001953125,543.2073974609375,47613800
2025-04-29,548.9099731445312,555.4500122070312,548.5499877929688,546.6293334960938,47775100
2025-04-30,547.5700073242188,556.52001953125,541.52001953125,546.84619140625,93101500
2025-05-01,560.3699951171875,564.0700073242188,557.8599853515625,550.7216186523438,63186100
2025-05-02,564.72998046875,568.3800048828125,562.3800048828125,558.8966674804688,60717300
2025-05-05,562.5700073242188,566.6500244140625,561.7000122070312,555.6918334960938,38659200
2025-05-06,557.9299926757812,563.3499755859375,556.9600219726562,551.0471801757812,48264700
2025-05-07,560.1500244140625,563.8200073242188,556.0399780273438,553.3645629882812,55588000
2025-05-08,565.239990234375,570.3099975585938,561.7000122070312,557.2202758789062,65130800
2025-05-09,566.47998046875,567.5,562.760009765625,556.51025390625,37603400
2025-05-12,581.469970703125,583.0,577.0399780273438,574.9015502929688,78993600
2025-05-13,583.4099731445312,589.0800170898438,582.8400268554688,578.6981201171875,67947200
2025-05-14,587.8099975585938,588.97998046875,585.5399780273438,579.437744140625,66283500
2025-05-15,585.5599975585938,590.969970703125,585.0999755859375,582.2678833007812,71268100
2025-05-16,591.25,594.5,589.280029296875,585.9560546875,76052100
2025-05-19,588.0999755859375,595.5399780273438,588.0999755859375,586.596923828125,68168500
2025-05-20,593.0900268554688,594.0499877929688,589.5999755859375,584.6246337890625,60614500
2025-05-21,588.4400024414062,592.5800170898438,581.8200073242188,574.7733764648438,95197700
2025-05-22,582.6599731445312,586.6199951171875,581.4099731445312,575.0001831054688,70860400
2025-05-23,575.97998046875,581.8099975585938,575.5999755859375,571.0753173828125,76029000
2025-05-27,586.0700073242188,591.3099975585938,578.4299926757812,582.9483642578125,72588500
2025-05-28,591.5599975585938,592.77001953125,586.989990234375,579.5757446289062,68445500
2025-05-29,593.0599975585938,593.2000122070312,586.0700073242188,581.8635864257812,69973300
2025-05-30,588.9299926757812,591.1300048828125,583.239990234375,581.2127075195312,90601200
2025-06-02,587.760009765625,592.7899780273438,585.0599975585938,584.4867553710938,61630500
2025-06-03,592.3400268554688,597.0800170898438,591.8499755859375,587.8197631835938,63606200
2025-06-04,596.9600219726562,597.9500122070312,595.489990234375,587.6619262695312,57314200
2025-06-05,597.6300048828125,599.0,591.0499877929688,584.8219604492188,92278700
2025-06-06,598.6599731445312,600.8300170898438,596.8599853515625,590.8274536132812,66588700
2025-06-09,599.719970703125,601.25,598.489990234375,591.3599243164062,53016400
2025-06-10,600.219970703125,603.469970703125,599.0900268554688,594.7128295898438,66247000
2025-06-11,604.1900024414062,605.0599975585938,599.27001953125,593.0166625976562,73658200
2025-06-12,600.010009765625,603.75,599.52001953125,595.37353515625,64129000
2025-06-13,598.5,601.8499755859375,595.47998046875,588.7171630859375,89506000
2025-06-16,600.4000244140625,604.4500122070312,600.219970703125,594.318359375,79984100
2025-06-17,600.2100219726562,601.75,596.760009765625,589.2398071289062,82209400
2025-06-18,598.4400024414062,601.219970703125,596.469970703125,589.1510620117188,76605000
2025-06-20,598.3800048828125,599.4600219726562,592.8599853515625,587.7673950195312,94051400
2025-06-23,595.0399780273438,600.5399780273438,591.8900146484375,593.5730590820312,87426000
2025-06-24,604.3300170898438,607.8499755859375,603.4099731445312,600.13037109375,67735300
2025-06-25,607.9099731445312,608.6099853515625,605.5399780273438,600.4666748046875,62114800
2025-06-26,608.989990234375,612.3099975585938,608.3699951171875,605.1646118164062,78548400
2025-06-27,612.8800048828125,616.3900146484375,610.8300170898438,608.1712646484375,86258400
2025-06-30,617.3800048828125,619.219970703125,615.0399780273438,611.0791015625,92502500
2025-07-01,616.3599853515625,618.8300170898438,615.52001953125,610.8812866210938,70030100
2025-07-02,617.239990234375,620.489990234375,616.6099853515625,613.650634765625,66510400
2025-07-03,622.4500122070312,626.280029296875,622.4299926757812,618.4869995117188,51065800
2025-07-07,623.3599853515625,624.030029296875,617.8699951171875,613.8780517578125,74814500
2025-07-08,621.3499755859375,622.1099853515625,619.52001953125,613.5418090820312,59024600
2025-07-09,622.77001953125,624.719970703125,620.9099731445312,617.2210083007812,66113300
2025-07-10,624.2000122070312,626.8699951171875,623.010009765625,618.9617309570312,57529000
2025-07-11,622.739990234375,624.8599853515625,621.530029296875,616.7858276367188,63670200
2025-07-14,623.1599731445312,625.1599731445312,621.7999877929688,617.9628295898438,51898500
2025-07-15,627.52001953125,627.8599853515625,622.0599975585938,615.3220825195312,74317300
2025-07-16,623.739990234375,624.72998046875,618.0499877929688,617.3792724609375,88987500
2025-07-17,624.4000244140625,628.4000244140625,624.1799926757812,621.1573486328125,68885700
2025-07-18,629.2999877929688,629.469970703125,626.4600219726562,620.7024536132812,65621600
2025-07-21,628.77001953125,631.5399780273438,628.3400268554688,621.87939453125,63375000
2025-07-22,629.0999755859375,629.72998046875,626.1900024414062,621.9684448242188,60046300
2025-07-23,631.5499877929688,634.2100219726562,629.72998046875,627.2598266601562,70511000
2025-07-24,634.5999755859375,636.1500244140625,633.989990234375,627.4674072265625,71307100
2025-07-25,635.0900268554688,637.5800170898438,634.8400268554688,630.1181030273438,56865400
2025-07-28,637.47998046875,638.0399780273438,635.5399780273438,629.9598388671875,54917100
2025-07-29,638.3499755859375,638.6699829101562,634.3400268554688,628.29833984375,60556300
2025-07-30,635.9199829101562,637.6799926757812,631.5399780273438,627.5070190429688,80418900
2025-07-31,639.4600219726562,639.8499755859375,630.77001953125,625.153076171875,103385200
2025-08-01,626.2999877929688,626.3400268554688,619.2899780273438,614.9066162109375,140103600
2025-08-04,625.6699829101562,631.219970703125,625.5800170898438,624.2530517578125,73218000
2025-08-05,631.7899780273438,632.6099853515625,627.0399780273438,621.088134765625,68051400
2025-08-06,629.0499877929688,633.4400024414062,628.1300048828125,625.845458984375,64357500
2025-08-07,636.239990234375,636.97998046875,629.1099853515625,625.3212280273438,74205800
2025-08-08,634.0599975585938,637.6500244140625,633.739990234375,630.1972045898438,64051600
2025-08-11,637.4600219726562,638.9500122070312,634.6599731445312,628.9510498046875,58742300
2025-08-12,638.2899780273438,642.8499755859375,636.7899780273438,635.6468505859375,64730800
2025-08-13,644.9099731445312,646.1900024414062,642.6799926757812,637.8228149414062,60092800
2025-08-14,642.7899780273438,645.6199951171875,642.3400268554688,637.882080078125,59327500
2025-08-15,645.989990234375,646.0900268554688,642.52001953125,636.388671875,68592500
2025-08-18,642.8599853515625,644.0,642.1799926757812,636.2501220703125,43804900
2025-08-19,643.1199951171875,644.1099853515625,638.47998046875,632.7984008789062,69750700
2025-08-20,639.4000244140625,639.6599731445312,632.9500122070312,631.116943359375,88890300
2025-08-21,636.280029296875,637.969970703125,633.8099975585938,628.5851440429688,54805800
2025-08-22,637.760009765625,646.5,637.25,638.2381591796875,84083200
2025-08-25,644.0399780273438,645.2899780273438,642.3499755859375,635.4292602539062,51274300
2025-08-26,642.2000122070312,645.510009765625,641.5700073242188,638.0897827148438,51581600
2025-08-27,644.5700073242188,647.3699951171875,644.4199829101562,639.543701171875,48341100
2025-08-28,647.239990234375,649.47998046875,645.3400268554688,641.80859375,61519500
2025-08-29,647.469970703125,647.8400268554688,643.1400146484375,637.98095703125,74522200
2025-09-02,637.5,640.489990234375,634.9199829101562,633.25341796875,81983500
2025-09-03,642.6699829101562,644.2100219726562,640.4600219726562,636.6853637695312,70820900
2025-09-04,644.4199829101562,649.1500244140625,643.510009765625,642.0064086914062,65219200
2025-09-05,651.47998046875,652.2100219726562,643.3300170898438,640.1469116210938,85178900
2025-09-08,648.6199951171875,649.8400268554688,647.22998046875,641.7196044921875,63133100
2025-09-09,648.969970703125,650.8599853515625,647.219970703125,643.203125,66133900
2025-09-10,653.6199951171875,654.5499877929688,650.6300048828125,645.0625,78034500
2025-09-11,654.1799926757812,658.3300170898438,653.5900268554688,650.4231567382812,69934400
2025-09-12,657.5999755859375,659.1099853515625,656.9000244140625,650.2054443359375,72780100
2025-09-15,659.6400146484375,661.0399780273438,659.3400268554688,653.6671752929688,63772400
2025-09-16,661.469970703125,661.780029296875,659.2100219726562,652.76708984375,61169000
2025-09-17,660.010009765625,661.719970703125,654.2999877929688,651.9561157226562,101952200
2025-09-18,661.8900146484375,664.8900146484375,660.27001953125,655.00244140625,90459200
2025-09-19,662.3300170898438,664.5499877929688,660.3699951171875,658.2465209960938,97945600
2025-09-22,662.2000122070312,667.2899780273438,662.1699829101562,661.3606567382812,69452200
2025-09-23,666.719970703125,667.3400268554688,661.97998046875,657.7606201171875,81708900
2025-09-24,664.510009765625,664.6099853515625,659.6699829101562,655.6677856445312,68082200
2025-09-25,657.9400024414062,659.4099731445312,654.4099731445312,652.6429443359375,89622100
2025-09-26,659.510009765625,662.3699951171875,657.8800048828125,656.3819580078125,69179200
2025-09-29,664.3599853515625,665.280029296875,661.8599853515625,658.2266845703125,73499000
2025-09-30,662.9299926757812,666.6500244140625,661.6099853515625,660.7061157226562,86288000
2025-10-01,663.1699829101562,669.3699951171875,663.0599975585938,662.95751953125,72545400
2025-10-02,670.4500122070312,670.5700073242188,666.780029296875,663.7210693359375,56896000
2025-10-03,669.989990234375,672.6799926757812,668.1599731445312,663.7112426757812,70494400
2025-10-06,671.6199951171875,672.510009765625,669.4600219726562,666.0914916992188,54623300
2025-10-07,672.5399780273438,672.989990234375,667.6699829101562,663.6219482421875,72020100
2025-10-08,670.25,673.2100219726562,669.4199829101562,667.5791625976562,60702200
2025-10-09,673.530029296875,673.9400024414062,669.2100219726562,665.6452026367188,66501900
2025-10-10,672.1300048828125,673.9500122070312,652.8400268554688,647.6542358398438,159422600
2025-10-13,660.6500244140625,665.1300048828125,659.77001953125,657.5919189453125,79560500
2025-10-14,657.1699829101562,665.8300170898438,653.1699829101562,656.78857421875,88779600
2025-10-15,666.8200073242188,670.22998046875,658.9299926757812,659.7044067382812,81702600
2025-10-16,666.8200073242188,668.7100219726562,657.1099853515625,655.2117309570312,110563300
2025-10-17,659.5,665.760009765625,658.1400146484375,658.9308471679688,96500900
2025-10-20,667.3200073242188,672.2100219726562,667.27001953125,665.7840576171875,60493400
2025-10-21,671.4400024414062,672.989990234375,669.97998046875,665.7741088867188,56249000
2025-10-22,672.0,672.0,663.2999877929688,662.3128051757812,80564000
2025-10-23,668.1199951171875,672.7100219726562,667.7999877929688,666.2402954101562,65604500
2025-10-24,676.4600219726562,678.469970703125,675.6500244140625,671.6851806640625,74356500
2025-10-27,682.72998046875,685.5399780273438,682.1199951171875,679.6094970703125,63339800
2025-10-28,687.0499877929688,688.9099731445312,684.8300170898438,681.41455078125,61738100
2025-10-29,688.719970703125,689.7000122070312,682.8699951171875,681.7418823242188,85657100
2025-10-30,683.9000244140625,685.9400024414062,679.8300170898438,674.2439575195312,76335800
2025-10-31,685.0399780273438,685.0800170898438,679.239990234375,676.4556274414062,87164100
2025-11-03,685.6699829101562,685.7999877929688,679.9400024414062,677.7251586914062,57315000
2025-11-04,676.1099853515625,679.9600219726562,674.5800170898438,669.6917114257812,78427000
2025-11-05,674.97998046875,680.8599853515625,674.1699829101562,672.0125122070312,74402400
2025-11-06,676.469970703125,677.3800048828125,668.719970703125,664.8021850585938,85035300
2025-11-07,667.9099731445312,671.0800170898438,661.2100219726562,665.4567260742188,100592400
2025-11-10,677.239990234375,682.1799926757812,675.030029296875,675.8407592773438,75842900
2025-11-11,679.9500122070312,683.5700073242188,678.72998046875,677.3878784179688,58953400
2025-11-12,684.7899780273438,684.9600219726562,680.9500122070312,677.7647705078125,62312500
2025-11-13,680.5,680.8599853515625,670.52001953125,666.5179443359375,103457800
2025-11-14,665.3800048828125,675.6599731445312,663.27001953125,666.408935546875,96846700
2025-11-17,669.7000122070312,673.7100219726562,662.1699829101562,660.2002563476562,90456100
2025-11-18,662.0999755859375,665.1199951171875,655.8599853515625,654.65625,114467500
2025-11-19,660.780029296875,667.3400268554688,658.75,657.185302734375,94703000
2025-11-20,672.9099731445312,675.5599975585938,651.8900146484375,647.1683349609375,165293500
2025-11-21,655.0499877929688,664.5499877929688,650.8499755859375,653.6148681640625,123956200
2025-11-24,662.6900024414062,670.0599975585938,661.5900268554688,663.2351684570312,80437900
2025-11-25,668.6300048828125,676.2100219726562,664.47998046875,669.4734497070312,81077100
2025-11-26,677.6300048828125,681.7000122070312,676.719970703125,674.09521484375,71879600
2025-11-28,680.8599853515625,683.6699829101562,680.5,677.7747192382812,49212000
2025-12-01,678.8099975585938,682.989990234375,678.739990234375,674.6803588867188,61201200
2025-12-02,681.9199829101562,683.8200073242188,679.3300170898438,675.9300537109375,62953800
2025-12-03,680.5700073242188,684.9099731445312,679.6900024414062,678.2706298828125,57238500
2025-12-04,685.2999877929688,685.3699951171875,681.3400268554688,678.7665405273438,61970300
2025-12-05,685.469970703125,688.3900146484375,684.5800170898438,680.0557861328125,79241000
2025-12-08,686.5900268554688,686.6400146484375,681.5700073242188,678.0127563476562,55231500
2025-12-09,683.1500244140625,685.3900146484375,682.5900268554688,677.4275512695312,58310100
2025-12-10,682.5599975585938,688.969970703125,681.3099975585938,681.92041015625,85671300
2025-12-11,685.1400146484375,689.25,682.1699829101562,683.5072021484375,86173700
2025-12-12,688.1699829101562,688.8800048828125,679.1699829101562,676.1580810546875,113160300
2025-12-15,685.739990234375,685.760009765625,679.25,675.1365356445312,90811000
2025-12-16,679.22998046875,681.0800170898438,674.97998046875,673.2918701171875,122030600
2025-12-17,679.8900146484375,680.4400024414062,671.2000122070312,665.8832397460938,110625200
2025-12-18,677.5999755859375,680.739990234375,674.9000244140625,670.9114990234375,108650100
2025-12-19,676.5900268554688,681.0900268554688,676.469970703125,676.9923095703125,103599500
2025-12-22,683.9400024414062,685.3599853515625,680.5900268554688,681.2098388671875,69556700
2025-12-23,683.9199829101562,688.2000122070312,683.8699951171875,684.3233032226562,64840000
2025-12-24,687.9500122070312,690.8300170898438,687.7999877929688,686.7305297851562,39445600
2025-12-26,690.6400146484375,691.6599731445312,689.27001953125,686.660888671875,41613300
2025-12-29,687.5399780273438,689.2000122070312,686.0700073242188,684.2138671875,62559500
2025-12-30,687.4500122070312,688.5599975585938,686.5800170898438,683.3782958984375,47160700
2025-12-31,687.1400146484375,687.3599853515625,681.7100219726562,678.3152465820312,74144800
2026-01-02,685.7100219726562,686.8699951171875,679.8200073242188,679.55859375,89377200
2026-01-05,686.5399780273438,689.4299926757812,686.3800048828125,684.0845947265625,71927200
2026-01-06,687.9299926757812,692.3200073242188,687.780029296875,688.1529541015625,69273800
2026-01-07,692.1900024414062,693.9600219726562,689.3200073242188,685.9347534179688,75588300
2026-01-08,688.8200073242188,690.6199951171875,687.489990234375,685.8651123046875,64019200
2026-01-09,690.6300048828125,695.3099975585938,689.1799926757812,690.4010009765625,80125500
2026-01-12,690.6799926757812,696.0900268554688,690.6300048828125,691.4852294921875,63976000
2026-01-13,695.489990234375,696.0900268554688,691.3499755859375,690.1026000976562,78309700
2026-01-14,691.0,691.719970703125,686.0399780273438,686.7105712890625,94676700
2026-01-15,694.5700073242188,695.4500122070312,691.25,688.5806884765625,77862000
2026-01-16,693.6599731445312,694.25,690.0999755859375,688.0037231445312,79289200
2026-01-20,681.489990234375,684.77001953125,676.5700073242188,673.9981689453125,111623300
2026-01-21,679.6500244140625,688.739990234375,678.1300048828125,681.77685546875,127844500
2026-01-22,689.8499755859375,691.1300048828125,686.9199829101562,685.3379516601562,77112200
2026-01-23,688.1500244140625,690.9600219726562,687.1599731445312,685.5865478515625,63059600
2026-01-26,690.489990234375,694.1300048828125,689.9199829101562,689.068115234375,60473800
2026-01-27,694.1799926757812,696.530029296875,693.5700073242188,691.8134765625,55506100
2026-01-28,697.0499877929688,697.8400268554688,693.9400024414062,691.7438354492188,61172200
2026-01-29,696.3900146484375,697.0599975585938,684.8300170898438,690.3711547851562,97486200
2026-01-30,691.7899780273438,694.2100219726562,687.1199951171875,688.3121337890625,101835100
2026-02-02,689.5800170898438,696.9299926757812,689.4199829101562,691.73388671875,79286500
2026-02-03,696.2100219726562,696.9600219726562,684.030029296875,685.885009765625,107904600
2026-02-04,690.3499755859375,691.4500122070312,681.760009765625,682.5626831054688,105204600
2026-02-05,680.9400024414062,683.6900024414062,675.7899780273438,674.0379638671875,113610800
2026-02-06,681.4600219726562,692.3099975585938,680.8499755859375,686.96923828125,89127600
2026-02-09,689.4199829101562,695.8699951171875,688.3400268554688,690.2816162109375,73885200
2026-02-10,694.9500122070312,696.5399780273438,691.6599731445312,688.4613037109375,65185700
2026-02-11,696.3900146484375,697.1400146484375,689.1799926757812,688.3021850585938,76353900
2026-02-12,694.239990234375,695.3499755859375,680.3699951171875,677.668701171875,118829000
2026-02-13,681.6900024414062,686.280029296875,677.52001953125,678.1461181640625,96267500
2026-02-17,680.1400146484375,684.9400024414062,675.780029296875,679.2402954101562,81354700
2026-02-18,684.02001953125,689.1500244140625,682.8300170898438,682.662109375,73570300
2026-02-19,683.8400268554688,686.1799926757812,681.5499877929688,680.8616943359375,58649400
2026-02-20,682.3200073242188,690.0599975585938,681.72998046875,685.7855834960938,100034000
2026-02-23,687.8300170898438,690.0,680.3699951171875,678.7827758789062,90558100
2026-02-24,681.9000244140625,688.3499755859375,680.0,683.7164916992188,73798700
2026-02-25,690.1799926757812,693.6799926757812,690.0999755859375,689.4859008789062,56369500
2026-02-26,693.280029296875,693.2999877929688,684.3499755859375,685.6561889648438,71671000
2026-02-27,683.0900268554688,686.8599853515625,681.6400146484375,682.3637084960938,83308900
2026-03-02,678.7000122070312,688.6199951171875,678.02001953125,682.7516479492188,87477200
2026-03-03,675.0599975585938,682.6099853515625,669.6599731445312,676.7337036132812,105003100
2026-03-04,681.6300048828125,687.0900268554688,679.6199951171875,681.50830078125,79182200
2026-03-05,682.0800170898438,685.530029296875,675.6099853515625,677.7084350585938,106606500
2026-03-06,673.4099731445312,676.1099853515625,669.760009765625,668.8256225585938,100687000
2026-03-09,666.3900146484375,679.9199829101562,662.3900146484375,674.6845092773438,102667700
2026-03-10,677.719970703125,683.3599853515625,674.760009765625,673.6002807617188,81505300
2026-03-11,677.5800170898438,680.0800170898438,673.3400268554688,672.7548217773438,68441700
2026-03-12,671.1599731445312,671.6500244140625,665.8699951171875,662.5390625,108882200
2026-03-13,669.27001953125,672.3400268554688,661.3599853515625,658.7890014648438,97200200
2026-03-16,668.3800048828125,672.0700073242188,667.1199951171875,665.493408203125,82023100
2026-03-17,672.3900146484375,674.4400024414062,669.7000122070312,667.2440185546875,87128000
2026-03-18,668.3599853515625,669.719970703125,661.1900024414062,657.9335327148438,82062600
2026-03-19,656.969970703125,662.97998046875,655.1699829101562,656.3121337890625,111272500
2026-03-20,656.510009765625,656.6900024414062,644.719970703125,646.9034423828125,163617500
2026-03-23,658.0700073242188,662.6199951171875,653.9400024414062,653.6959228515625,134802700
2026-03-24,651.3200073242188,657.030029296875,649.8800048828125,651.5015869140625,96457500
2026-03-25,658.6699829101562,660.8900146484375,654.239990234375,655.1322021484375,90653800
2026-03-26,652.0599975585938,654.8499755859375,644.8200073242188,643.432373046875,96494400
2026-03-27,642.5,642.6599731445312,633.1099853515625,632.4606323242188,103649400
2026-03-30,640.1099853515625,640.3699951171875,629.280029296875,630.3460693359375,99275900
2026-03-31,638.9400024414062,651.5399780273438,637.97998046875,648.6688842773438,152534100
2026-04-01,653.9000244140625,658.52001953125,653.0,653.5562744140625,97841500
2026-04-02,646.4199829101562,658.2000122070312,645.1099853515625,654.144775390625,68358700
2026-04-06,655.8599853515625,659.719970703125,655.52001953125,657.23681640625,39105800
2026-04-07,656.6500244140625,659.6099853515625,651.0599975585938,657.5260009765625,69980400
2026-04-08,676.3900146484375,677.0800170898438,671.4600219726562,674.27294921875,93606100
2026-04-09,674.8400268554688,681.1599731445312,673.77001953125,678.162841796875,57134400
2026-04-10,681.3200073242188,682.030029296875,678.4500122070312,677.7140502929688,42253500
2026-04-13,677.4099731445312,686.2999877929688,676.5800170898438,684.3369750976562,54185800
2026-04-14,687.6900024414062,694.5800170898438,687.6599731445312,692.675537109375,63480500
2026-04-15,695.260009765625,700.280029296875,694.2000122070312,698.1414184570312,58240400
2026-04-16,701.0599975585938,702.780029296875,698.530029296875,699.8569946289062,49972400
2026-04-17,706.1400146484375,712.3900146484375,705.760009765625,708.3152465820312,70661900
2026-04-20,708.780029296875,709.9099731445312,706.1400146484375,706.8988037109375,43546800
2026-04-21,710.280029296875,711.280029296875,702.6400146484375,702.2708129882812,58941400
2026-04-22,709.1500244140625,711.4500122070312,708.219970703125,709.3825073242188,42518500
2026-04-23,709.5,712.3599853515625,702.280029296875,706.6295776367188,56174000
2026-04-24,710.75,714.469970703125,709.010009765625,712.10546875,45182000
2026-04-27,713.1699829101562,715.6300048828125,712.2999877929688,713.332275390625,33135900
2026-04-28,711.8200073242188,712.8800048828125,709.25,709.8612060546875,43117400
2026-04-29,711.0,712.2000122070312,708.3699951171875,709.7515258789062,41859200
2026-04-30,714.6300048828125,719.7899780273438,710.4500122070312,716.8132934570312,67240900
2026-05-01,721.25,724.8699951171875,720.469970703125,718.7982177734375,43049800
2026-05-04,720.0700073242188,722.1199951171875,714.989990234375,716.1649780273438,51950600
2026-05-05,721.77001953125,725.0399780273438,721.489990234375,721.9102172851562,36933200
2026-05-06,728.1599731445312,734.5900268554688,727.8200073242188,731.9443359375,53288900
2026-05-07,735.0499877929688,736.1300048828125,729.75,729.7001342773438,51724600
2026-05-08,734.9299926757812,738.0800170898438,734.5700073242188,735.724609375,47227100
2026-05-11,736.4500122070312,740.7899780273438,736.4500122070312,737.4002685546875,44024000
2026-05-12,736.8900146484375,738.8400268554688,731.8300170898438,736.2831420898438,54185300
2026-05-13,738.469970703125,743.9099731445312,735.469970703125,740.4025268554688,44200200
2026-05-14,743.6500244140625,749.530029296875,743.5599975585938,746.2474975585938,45307600
2026-05-15,741.7899780273438,743.4600219726562,737.9600219726562,737.2706298828125,60410800
2026-05-18,739.8300170898438,741.4199829101562,733.3900146484375,736.751953125,47843900
2026-05-19,734.780029296875,737.6500244140625,731.530029296875,731.8446044921875,54255900
2026-05-20,735.7100219726562,741.8699951171875,733.8900146484375,739.3452758789062,45768000
2026-05-21,738.6400146484375,744.8699951171875,737.030029296875,740.8114624023438,43332200
2026-05-22,746.239990234375,748.9400024414062,744.47998046875,743.7239990234375,41762000
2026-05-26,750.010009765625,752.1300048828125,748.3699951171875,748.6613159179688,41123600
2026-05-27,750.8800048828125,751.3800048828125,748.219970703125,748.5316162109375,42106300
2026-05-28,750.25,755.1500244140625,749.22998046875,752.6609497070312,41562600
2026-05-29,755.9000244140625,758.0800170898438,754.6900024414062,754.5361328125,55075700
2026-06-01,755.3599853515625,760.280029296875,754.6900024414062,756.5908203125,43634900
2026-06-02,757.030029296875,760.4000244140625,756.75,757.6182250976562,31581900
2026-06-03,758.1500244140625,758.7999877929688,753.5700073242188,752.3018798828125,51402500
2026-06-04,752.0999755859375,758.3099975585938,751.469970703125,755.1445922851562,49923000
2026-06-05,752.3099975585938,752.8200073242188,735.530029296875,735.65478515625,93989400
2026-06-08,743.3599853515625,745.3400268554688,738.1900024414062,737.3204345703125,49319100
2026-06-09,743.6300048828125,746.9000244140625,722.5900268554688,735.1560668945312,87683500
2026-06-10,733.3900146484375,738.3800048828125,725.3300170898438,723.56591796875,60341300
2026-06-11,728.760009765625,740.0,724.4099731445312,735.8642578125,86330500
2026-06-12,740.7100219726562,744.4400024414062,735.030029296875,739.843994140625,57079500
2026-06-15,751.8499755859375,756.6799926757812,751.760009765625,752.890380859375,60176400
2026-06-16,754.5499877929688,755.4400024414062,749.8800048828125,748.4019775390625,67093100
2026-06-17,751.2899780273438,752.1500244140625,739.219970703125,739.0560302734375,85945200
2026-06-18,747.760009765625,748.22998046875,743.8599853515625,746.739990234375,80875700
2026-06-22,747.7000122070312,750.1799926757812,743.1300048828125,744.3900146484375,46628100
2026-06-23,733.8099975585938,739.6300048828125,732.2999877929688,733.5800170898438,66846800
2026-06-24,735.1699829101562,739.9500122070312,730.8400268554688,733.239990234375,57439500
2026-06-25,738.9099731445312,739.3699951171875,729.5999755859375,734.2999877929688,53934400
2026-06-26,728.9500122070312,736.530029296875,716.5800170898438,728.989990234375,71034000
2026-06-29,736.530029296875,741.5599975585938,732.0900268554688,741.0,58035200
2026-06-30,741.2899780273438,748.02001953125,740.8900146484375,746.77001953125,55626000
2026-07-01,745.0,749.4400024414062,742.3800048828125,745.760009765625,47100900
2026-07-02,747.4000244140625,751.3099975585938,740.030029296875,744.780029296875,57447800
2026-07-06,748.739990234375,752.4099731445312,747.4099731445312,751.280029296875,50673300
2026-07-07,750.219970703125,750.9600219726562,745.2100219726562,747.7100219726562,43721500
2026-07-08,743.1599731445312,746.1500244140625,739.510009765625,745.4000244140625,43767400
2026-07-09,747.3499755859375,751.969970703125,745.5900268554688,751.7100219726562,41441700
2026-07-10,752.0499877929688,755.4199829101562,748.0999755859375,754.9500122070312,42191300
2026-07-13,752.469970703125,753.9099731445312,748.0,749.1699829101562,44013600
2026-07-14,750.9099731445312,753.3400268554688,748.6599731445312,751.8300170898438,35143100
2026-07-15,754.239990234375,755.5800170898438,750.2000122070312,754.8099975585938,43844800
2026-07-16,752.760009765625,754.5700073242188,747.8800048828125,750.719970703125,46409800
2026-07-17,742.0800170898438,747.2899780273438,740.7999877929688,743.2899780273438,62651000
2026-07-20,747.0599975585938,748.72998046875,741.510009765625,742.0900268554688,50422300
2026-07-21,746.2899780273438,749.0399780273438,744.1799926757812,748.280029296875,34324300
2026-07-22,746.6199951171875,750.02001953125,746.3699951171875,747.4099731445312,32836200
2026-07-23,739.3699951171875,742.5599975585938,735.2100219726562,738.1799926757812,55437300
2026-07-24,738.510009765625,743.719970703125,737.2899780273438,738.9299926757812,44782000
2026-07-27,744.9099731445312,745.530029296875,735.8699951171875,739.0900268554688,41461200
2026-07-28,739.1900024414062,742.7899780273438,735.97998046875,740.8599853515625,47322200
2026-07-29,739.969970703125,742.6799926757812,729.0999755859375,729.4600219726562,70697200
2026-07-30,736.0499877929688,742.4500122070312,734.5900268554688,741.6900024414062,66811300
2026-07-31,744.6799926757812,748.9000244140625,737.6799926757812,747.030029296875,62445900
2026-08-03,749.4400024414062,758.5800170898438,748.7999877929688,757.6699829101562,59927500
2026-08-04,760.6300048828125,773.4099731445312,760.52001953125,771.3300170898438,69154800
2026-08-05,775.8499755859375,776.8499755859375,769.510009765625,769.7899780273438,44689100
2026-08-06,770.2100219726562,771.8200073242188,767.4600219726562,768.5599975585938,38416900
2026-08-07,771.02001953125,773.9199829101562,769.6099853515625,773.260009765625,43586300
2026-08-10,772.5999755859375,775.0499877929688,771.6199951171875,773.030029296875,39249500
2026-08-11,774.530029296875,774.6099853515625,769.2000122070312,770.5599975585938,36740600
2026-08-12,774.7100219726562,774.9000244140625,771.280029296875,772.489990234375,33179100
2026-08-13,774.8699951171875,779.3699951171875,774.1099853515625,777.8800048828125,35634500
2026-08-14,778.5399780273438,778.7999877929688,775.4299926757812,776.3400268554688,31367900
2026-08-17,776.1799926757812,776.780029296875,772.510009765625,772.6699829101562,34356600
2026-08-18,768.7000122070312,769.5,766.9199829101562,767.4500122070312,43920900
2026-08-19,770.3599853515625,772.469970703125,768.0999755859375,769.0599975585938,40306000
2026-08-20,765.9600219726562,768.1500244140625,762.0399780273438,762.5999755859375,45520300
2026-08-21,766.0499877929688,767.8499755859375,764.1699829101562,765.719970703125,39188700
2026-08-24,764.780029296875,765.219970703125,762.0800170898438,763.469970703125,32377700
