Date,Open,High,Low,Close,Volume
2006-06-21,4.429999828338623,4.488124847412109,4.426249980926514,3.643158197402954,4436800
2006-06-22,4.442500114440918,4.442500114440918,4.391250133514404,3.6044323444366455,2185600
2006-06-23,4.394999980926514,4.461249828338623,4.383124828338623,3.6039235591888428,713600
2006-06-26,4.421875,4.448124885559082,4.406875133514404,3.6248152256011963,603200
2006-06-27,4.460625171661377,4.460625171661377,4.367499828338623,3.560612201690674,1835200
2006-06-28,4.380624771118164,4.418749809265137,4.356249809265137,3.5922036170959473,681600
2006-06-29,4.46875,4.593124866485596,4.461874961853027,3.744554042816162,1068800
2006-06-30,4.625625133514404,4.631249904632568,4.590624809265137,3.7425169944763184,1449600
2006-07-03,4.615624904632568,4.653124809265137,4.610000133514404,3.793470859527588,454400
2006-07-05,4.603125095367432,4.61062479019165,4.555624961853027,3.7430267333984375,1184000
2006-07-06,4.606249809265137,4.638124942779541,4.591249942779541,3.7547459602355957,1865600
2006-07-07,4.571875095367432,4.611249923706055,4.53000020980835,3.711435317993164,1137600
2006-07-10,4.590624809265137,4.60812520980835,4.543749809265137,3.7180590629577637,1152000
2006-07-11,4.540625095367432,4.602499961853027,4.504374980926514,3.7496492862701416,3080000
2006-07-12,4.594375133514404,4.596250057220459,4.489999771118164,3.675767421722412,2051200
2006-07-13,4.448124885559082,4.46999979019165,4.369375228881836,3.564690351486206,2780800
2006-07-14,4.358749866485596,4.371874809265137,4.28125,3.5325896739959717,2417600
2006-07-17,4.339375019073486,4.362500190734863,4.300000190734863,3.5290231704711914,910400
2006-07-18,4.359375,4.415625095367432,4.256875038146973,3.534626007080078,3278400
2006-07-19,4.375,4.512499809265137,4.374374866485596,3.6558969020843506,3504000
2006-07-20,4.525000095367432,4.53125,4.421875,3.613095283508301,1844800
2006-07-21,4.393750190734863,4.413125038146973,4.344375133514404,3.5560290813446045,2054400
2006-07-24,4.404375076293945,4.508749961853027,4.404375076293945,3.668633222579956,2134400
2006-07-25,4.491250038146973,4.580625057220459,4.470624923706055,3.71500301361084,2742400
2006-07-26,4.527500152587891,4.596250057220459,4.508749961853027,3.7221362590789795,2211200
2006-07-27,4.599374771118164,4.612500190734863,4.503749847412109,3.686467170715332,2864000
2006-07-28,4.544374942779541,4.641250133514404,4.541250228881836,3.770540952682495,1806400
2006-07-31,4.625,4.625,4.59499979019165,3.7603495121002197,908800
2006-08-01,4.5625,4.596875190734863,4.528124809265137,3.7267208099365234,836800
2006-08-02,4.616875171661377,4.659375190734863,4.59499979019165,3.7552549839019775,1172800
2006-08-03,4.5625,4.663750171661377,4.5625,3.7741076946258545,1441600
2006-08-04,4.731249809265137,4.734375,4.587500095367432,3.7730886936187744,2753600
2006-08-07,4.599999904632568,4.621874809265137,4.581250190734863,3.7521958351135254,785600
2006-08-08,4.637499809265137,4.646249771118164,4.545000076293945,3.721628189086914,923200
2006-08-09,4.606874942779541,4.653749942779541,4.525000095367432,3.6930932998657227,1115200
2006-08-10,4.518750190734863,4.578125,4.500625133514404,3.7257020473480225,2590400
2006-08-11,4.5625,4.5625,4.506249904632568,3.698697090148926,1950400
2006-08-14,4.593124866485596,4.672500133514404,4.539374828338623,3.711435317993164,1545600
2006-08-15,4.623125076293945,4.675000190734863,4.611249923706055,3.8026421070098877,1350400
2006-08-16,4.696875095367432,4.750625133514404,4.691874980926514,3.8663318157196045,1792000
2006-08-17,4.741250038146973,4.786874771118164,4.730000019073486,3.882128953933716,3046400
2006-08-18,4.777500152587891,4.793749809265137,4.730625152587891,3.8979246616363525,1331200
2006-08-21,4.75,4.771249771118164,4.743750095367432,3.8795807361602783,649600
2006-08-22,4.753749847412109,4.791250228881836,4.734375,3.8862054347991943,1113600
2006-08-23,4.773125171661377,4.787499904632568,4.697500228881836,3.8510446548461914,996800
2006-08-24,4.756249904632568,4.756249904632568,4.711249828338623,3.8653125762939453,1408000
2006-08-25,4.733749866485596,4.771249771118164,4.723750114440918,3.8724474906921387,635200
2006-08-28,4.744999885559082,4.807499885559082,4.731874942779541,3.905566453933716,1110400
2006-08-29,4.786874771118164,4.814374923706055,4.741875171661377,3.9239110946655273,947200
2006-08-30,4.831250190734863,4.831250190734863,4.738749980926514,3.9233999252319336,470400
2006-08-31,4.796875,4.818749904632568,4.793749809265137,3.9203436374664307,444800
2006-09-01,4.828125,4.862500190734863,4.81374979019165,3.960085391998291,905600
2006-09-05,4.854374885559082,4.882500171661377,4.838749885559082,3.9672210216522217,984000
2006-09-06,4.839375019073486,4.839375019073486,4.768750190734863,3.8979246616363525,902400
2006-09-07,4.738124847412109,4.780624866485596,4.715000152587891,3.8586907386779785,1017600
2006-09-08,4.745625019073486,4.775625228881836,4.730000019073486,3.8862054347991943,902400
2006-09-11,4.738124847412109,4.794374942779541,4.704999923706055,3.8851840496063232,524800
2006-09-12,4.778124809265137,4.866875171661377,4.778124809265137,3.961106538772583,1075200
2006-09-13,4.871250152587891,4.913750171661377,4.852499961853027,3.9998295307159424,636800
2006-09-14,4.889999866485596,4.894374847412109,4.864375114440918,3.9804699420928955,803200
2006-09-15,4.946875095367432,4.962500095367432,4.905624866485596,4.014606952667236,998400
2006-09-18,4.914999961853027,4.949375152587891,4.901875019073486,4.014097690582275,544000
2006-09-19,4.909999847412109,4.925624847412109,4.848750114440918,3.9881105422973633,1604800
2006-09-20,4.952499866485596,4.96750020980835,4.925000190734863,4.036516189575195,1241600
2006-09-21,4.974999904632568,4.974999904632568,4.878749847412109,3.9926953315734863,825600
2006-09-22,4.896874904632568,4.896874904632568,4.840000152587891,3.9707868099212646,560000
2006-09-25,4.913750171661377,4.979374885559082,4.852499961853027,4.0446696281433105,1308800
2006-09-26,4.965000152587891,5.03000020980835,4.95437479019165,4.09766149520874,1222400
2006-09-27,5.040625095367432,5.056250095367432,5.011250019073486,4.107850551605225,1395200
2006-09-28,5.065625190734863,5.091249942779541,5.015625,4.121099472045898,1424000
2006-09-29,5.053124904632568,5.060625076293945,5.028749942779541,4.104284286499023,755200
2006-10-02,5.029375076293945,5.04562520980835,4.984375,4.0701446533203125,720000
2006-10-03,4.990624904632568,5.044374942779541,4.961249828338623,4.0849223136901855,764800
2006-10-04,5.012499809265137,5.135000228881836,4.989999771118164,4.180716037750244,1673600
2006-10-05,5.143750190734863,5.166250228881836,5.121874809265137,4.200587749481201,1104000
2006-10-06,5.106874942779541,5.139999866485596,5.095624923706055,4.188358306884766,2622400
2006-10-09,5.121874809265137,5.154375076293945,5.107500076293945,4.1924333572387695,654400
2006-10-10,5.141250133514404,5.166250228881836,5.124374866485596,4.20517110824585,660800
2006-10-11,5.122499942779541,5.162499904632568,5.085625171661377,4.188358306884766,899200
2006-10-12,5.172500133514404,5.236249923706055,5.159375190734863,4.2632575035095215,2403200
2006-10-13,5.21875,5.258124828338623,5.209374904632568,4.2831315994262695,950400
2006-10-16,5.239375114440918,5.28125,5.238749980926514,4.296377658843994,982400
2006-10-17,5.231249809265137,5.253125190734863,5.178124904632568,4.261730194091797,2585600
2006-10-18,5.298749923706055,5.299375057220459,5.205625057220459,4.273959636688232,2396800
2006-10-19,5.227499961853027,5.263124942779541,5.216875076293945,4.281604290008545,1275200
2006-10-20,5.256249904632568,5.293749809265137,5.220624923706055,4.287714958190918,840000
2006-10-23,5.231249809265137,5.328125,5.223750114440918,4.327461242675781,2041600
2006-10-24,5.3125,5.331874847412109,5.289374828338623,4.346821308135986,852800
2006-10-25,5.331874847412109,5.374374866485596,5.315625190734863,4.371277332305908,1454400
2006-10-26,5.401249885559082,5.420000076293945,5.34250020980835,4.408985614776611,2150400
2006-10-27,5.36062479019165,5.399374961853027,5.31374979019165,4.350898742675781,1715200
2006-10-30,5.309374809265137,5.353125095367432,5.296249866485596,4.345292091369629,1481600
2006-10-31,5.349999904632568,5.352499961853027,5.28249979019165,4.331026077270508,2000000
2006-11-01,5.356874942779541,5.36062479019165,5.236249923706055,4.2795634269714355,2022400
2006-11-02,5.221875190734863,5.255000114440918,5.206874847412109,4.275997161865234,1787200
2006-11-03,5.28125,5.28125,5.199999809265137,4.2495012283325195,2097600
2006-11-06,5.262499809265137,5.355625152587891,5.25124979019165,4.352935791015625,1664000
2006-11-07,5.340624809265137,5.415625095367432,5.335625171661377,4.375865459442139,1833600
2006-11-08,5.321875095367432,5.412499904632568,5.303124904632568,4.404397964477539,1644800
2006-11-09,5.409375190734863,5.414374828338623,5.323750019073486,4.353957176208496,1726400
2006-11-10,5.348124980926514,5.353750228881836,5.310625076293945,4.361597537994385,896000
2006-11-13,5.334374904632568,5.40500020980835,5.331874847412109,4.37943172454834,1312000
2006-11-14,5.409375190734863,5.460625171661377,5.337500095367432,4.441593647003174,2665600
2006-11-15,5.446875095367432,5.514999866485596,5.446875095367432,4.473186016082764,2889600
2006-11-16,5.506875038146973,5.535624980926514,5.492499828338623,4.49254846572876,2668800
2006-11-17,5.459374904632568,5.511250019073486,5.459374904632568,4.491530418395996,920000
2006-11-20,5.494375228881836,5.53125,5.486249923706055,4.488983154296875,1476800
2006-11-21,5.512499809265137,5.525000095367432,5.503125190734863,4.502737998962402,673600
2006-11-22,5.536250114440918,5.561874866485596,5.517499923706055,4.522101402282715,651200
2006-11-24,5.493750095367432,5.538125038146973,5.493750095367432,4.486433029174805,134400
2006-11-27,5.483749866485596,5.491250038146973,5.338125228881836,4.36669397354126,4433600
2006-11-28,5.346250057220459,5.393750190734863,5.320624828338623,4.3936967849731445,2662400
2006-11-29,5.4375,5.5,5.427499771118164,4.472677230834961,860800
2006-11-30,5.503749847412109,5.53125,5.441874980926514,4.476243495941162,3601600
2006-12-01,5.493750095367432,5.509375095367432,5.378125190734863,4.455860614776611,2633600
2006-12-04,5.495625019073486,5.565000057220459,5.490624904632568,4.527197360992432,569600
2006-12-05,5.571875095367432,5.605625152587891,5.553124904632568,4.563883304595947,1611200
2006-12-06,5.587500095367432,5.605000019073486,5.571875095367432,4.550635814666748,860800
2006-12-07,5.621250152587891,5.629374980926514,5.542500019073486,4.5185370445251465,1056000
2006-12-08,5.556250095367432,5.59250020980835,5.513124942779541,4.527708053588867,1726400
2006-12-11,5.568749904632568,5.599999904632568,5.556250095367432,4.551145553588867,846400
2006-12-12,5.581250190734863,5.587500095367432,5.524374961853027,4.5429911613464355,921600
2006-12-13,5.618750095367432,5.618750095367432,5.570624828338623,4.565410137176514,1060800
2006-12-14,5.603125095367432,5.699999809265137,5.603125095367432,4.626555442810059,2076800
2006-12-15,5.712500095367432,5.731249809265137,5.6875,4.645916938781738,1508800
2006-12-18,5.706250190734863,5.729374885559082,5.644999980926514,4.616364479064941,1812800
2006-12-19,5.609375,5.708125114440918,5.59375,4.641330718994141,2464000
2006-12-20,5.538125038146973,5.570624828338623,5.431250095367432,4.623628616333008,1993600
2006-12-21,5.441249847412109,5.453125,5.37624979019165,4.595978260040283,1348800
2006-12-22,5.388124942779541,5.388124942779541,5.325624942779541,4.530579090118408,1406400
2006-12-26,5.337500095367432,5.396249771118164,5.333749771118164,4.590661525726318,870400
2006-12-27,5.429375171661377,5.474999904632568,5.412499904632568,4.654998302459717,1732800
2006-12-28,5.459374904632568,5.471875190734863,5.426249980926514,4.636386394500732,961600
2006-12-29,5.440625190734863,5.459374904632568,5.388124942779541,4.588536262512207,1036800
2007-01-03,5.440625190734863,5.468124866485596,5.304375171661377,4.558759689331055,3816000
2007-01-04,5.335625171661377,5.414999961853027,5.305624961853027,4.582153797149658,784000
2007-01-05,5.34499979019165,5.353125095367432,5.290625095367432,4.5098443031311035,3776000
2007-01-08,5.318749904632568,5.365624904632568,5.275625228881836,4.54759407043457,1811200
2007-01-09,5.353125095367432,5.362500190734863,5.284999847412109,4.535895347595215,1977600
2007-01-10,5.290625095367432,5.362500190734863,5.28125,4.556632995605469,2985600
2007-01-11,5.368750095367432,5.448750019073486,5.362500190734863,4.611397743225098,3908800
2007-01-12,5.410624980926514,5.484375,5.409375190734863,4.665629863739014,2089600
2007-01-16,5.474999904632568,5.493750095367432,5.453750133514404,4.658718109130859,2235200
2007-01-17,5.465000152587891,5.506249904632568,5.456874847412109,4.656591415405273,1705600
2007-01-18,5.478125095367432,5.486249923706055,5.417500019073486,4.617778778076172,2886400
2007-01-19,5.415625095367432,5.46875,5.415625095367432,4.645427227020264,3483200
2007-01-22,5.465000152587891,5.465000152587891,5.385624885559082,4.5954484939575195,2828800
2007-01-23,5.400000095367432,5.463125228881836,5.387499809265137,4.627881050109863,2265600
2007-01-24,5.456874847412109,5.526875019073486,5.454999923706055,4.700191974639893,2331200
2007-01-25,5.521249771118164,5.528124809265137,5.393750190734863,4.6055498123168945,3388800
2007-01-26,5.425000190734863,5.425000190734863,5.356874942779541,4.593851566314697,3576000
2007-01-29,5.387499809265137,5.431250095367432,5.365624904632568,4.580027103424072,3110400
2007-01-30,5.399374961853027,5.443749904632568,5.387499809265137,4.628413677215576,2404800
2007-01-31,5.421875,5.535624980926514,5.412499904632568,4.685833930969238,4113600
2007-02-01,5.54562520980835,5.583749771118164,5.523749828338623,4.740600109100342,2297600
2007-02-02,5.590624809265137,5.599999904632568,5.56374979019165,4.7565507888793945,1379200
2007-02-05,5.587500095367432,5.598124980926514,5.552499771118164,4.7501702308654785,1067200
2007-02-06,5.59375,5.606874942779541,5.553124904632568,4.7501702308654785,1739200
2007-02-07,5.608749866485596,5.631875038146973,5.580625057220459,4.766653060913086,1337600
2007-02-08,5.588749885559082,5.610000133514404,5.551875114440918,4.757083415985107,1417600
2007-02-09,5.601250171661377,5.625,5.475625038146973,4.700721263885498,2188800
2007-02-12,5.523125171661377,5.539374828338623,5.458749771118164,4.661378383636475,1662400
2007-02-13,5.510624885559082,5.56374979019165,5.510624885559082,4.733157157897949,2284800
2007-02-14,5.59375,5.659375190734863,5.581250190734863,4.804934978485107,2512000
2007-02-15,5.642499923706055,5.664999961853027,5.628125190734863,4.803872108459473,307200
2007-02-16,5.631249904632568,5.652500152587891,5.617499828338623,4.8028082847595215,923200
2007-02-20,5.63937520980835,5.683750152587891,5.596250057220459,4.825671195983887,1736000
2007-02-21,5.653124809265137,5.671249866485596,5.611875057220459,4.8166327476501465,1670400
2007-02-22,5.678124904632568,5.695000171661377,5.608749866485596,4.808126449584961,931200
2007-02-23,5.63937520980835,5.63937520980835,5.590624809265137,4.782073020935059,1774400
2007-02-26,5.658750057220459,5.658750057220459,5.565625190734863,4.769843101501465,1934400
2007-02-27,5.497499942779541,5.497499942779541,5.089375019073486,4.387022495269775,10924800
2007-02-28,5.231249809265137,5.339375019073486,5.178124904632568,4.471560478210449,7571200
2007-03-01,5.085625171661377,5.290625095367432,5.0625,4.459864616394043,8740800
2007-03-02,5.195624828338623,5.23562479019165,5.09375,4.333322048187256,7201600
2007-03-05,5.03125,5.150625228881836,4.993124961853027,4.247718334197998,2424000
2007-03-06,5.128125190734863,5.192500114440918,5.070000171661377,4.39446496963501,7036800
2007-03-07,5.174375057220459,5.218124866485596,5.13937520980835,4.377449989318848,4886400
2007-03-08,5.231249809265137,5.26687479019165,5.18874979019165,4.429027557373047,3342400
2007-03-09,5.28125,5.283750057220459,5.1875,4.44763708114624,537600
2007-03-12,5.211874961853027,5.275625228881836,5.195624828338623,4.471560478210449,2102400
2007-03-13,5.190625190734863,5.23562479019165,5.041874885559082,4.28918981552124,7249600
2007-03-14,5.06125020980835,5.118124961853027,4.940000057220459,4.354057788848877,10929600
2007-03-15,5.111875057220459,5.170000076293945,5.096875190734863,4.374260902404785,3200000
2007-03-16,5.156875133514404,5.181250095367432,5.07937479019165,4.337045192718506,2547200
2007-03-19,5.158750057220459,5.225625038146973,5.150000095367432,4.443380355834961,2667200
2007-03-20,5.216249942779541,5.283750057220459,5.212500095367432,4.494958400726318,2528000
2007-03-21,5.306250095367432,5.474999904632568,5.271249771118164,4.643301963806152,7897600
2007-03-22,5.456250190734863,5.484375,5.42062520980835,4.64117431640625,8249600
2007-03-23,5.448124885559082,5.493750095367432,5.446249961853027,4.642236232757568,2524800
2007-03-26,5.46875,5.478125095367432,5.355625152587891,4.651805400848389,5008000
2007-03-27,5.40749979019165,5.419374942779541,5.365624904632568,4.605417251586914,3817600
2007-03-28,5.361249923706055,5.369999885559082,5.284999847412109,4.53769588470459,6164800
2007-03-29,5.375,5.375,5.275000095367432,4.559027194976807,1174400
2007-03-30,5.344375133514404,5.397500038146973,5.246874809265137,4.556360244750977,1712000
2007-04-02,5.344375133514404,5.366250038146973,5.293749809265137,4.567025661468506,3780800
2007-04-03,5.401249885559082,5.476874828338623,5.400000095367432,4.657139778137207,4915200
2007-04-04,5.459374904632568,5.477499961853027,5.438125133514404,4.663002967834473,1435200
2007-04-05,5.460625171661377,5.513750076293945,5.451250076293945,4.692864418029785,2755200
2007-04-09,5.537499904632568,5.539999961853027,5.495625019073486,4.706193447113037,4392000
2007-04-10,5.504374980926514,5.538750171661377,5.504374980926514,4.710994243621826,1993600
2007-04-11,5.53125,5.53125,5.441249847412109,4.658205986022949,3182400
2007-04-12,5.443749904632568,5.53249979019165,5.424375057220459,4.718990802764893,3296000
2007-04-13,5.533750057220459,5.571249961853027,5.496874809265137,4.753118991851807,2198400
2007-04-16,5.616250038146973,5.683750152587891,5.613124847412109,4.842700004577637,3064000
2007-04-17,5.699999809265137,5.726874828338623,5.676249980926514,4.865626811981201,1960000
2007-04-18,5.669374942779541,5.745625019073486,5.662499904632568,4.868828296661377,3507200
2007-04-19,5.651249885559082,5.725625038146973,5.651249885559082,4.872026443481445,4284800
2007-04-20,5.789999961853027,5.809374809265137,5.746250152587891,4.954675197601318,3177600
2007-04-23,5.800000190734863,5.821249961853027,5.76687479019165,4.930147171020508,1769600
2007-04-24,5.775000095367432,5.796249866485596,5.71750020980835,4.93228006362915,4456000
2007-04-25,5.824999809265137,5.895625114440918,5.785624980926514,5.017593860626221,3668800
2007-04-26,5.885000228881836,5.905624866485596,5.855000019073486,5.033590793609619,3625600
2007-04-27,5.848124980926514,5.897500038146973,5.828125,5.016529560089111,3262400
2007-04-30,5.875,5.893125057220459,5.778124809265137,4.946676731109619,2868800
2007-05-01,5.806250095367432,5.814374923706055,5.732500076293945,4.958940029144287,5614400
2007-05-02,5.830625057220459,5.910624980926514,5.8125,5.01919412612915,4856000
2007-05-03,5.893750190734863,5.944375038146973,5.893750190734863,5.064520359039307,4990400
2007-05-04,5.962500095367432,6.00124979019165,5.931250095367432,5.100244998931885,4193600
2007-05-07,5.990624904632568,6.003125190734863,5.978750228881836,5.103443622589111,1838400
2007-05-08,5.944375038146973,5.986875057220459,5.92062520980835,5.097578525543213,5091200
2007-05-09,5.956874847412109,6.028124809265137,5.948124885559082,5.131170272827148,4168000
2007-05-10,5.96875,5.987500190734863,5.852499961853027,5.014932155609131,6022400
2007-05-11,5.886875152587891,5.96999979019165,5.883749961853027,5.093313694000244,4123200
2007-05-14,5.983749866485596,5.999374866485596,5.901249885559082,5.074648857116699,2372800
2007-05-15,5.965624809265137,6.036874771118164,5.915625095367432,5.060787200927734,5388800
2007-05-16,5.963749885559082,6.03125,5.934374809265137,5.1418352127075195,3524800
2007-05-17,6.003125190734863,6.053124904632568,5.989375114440918,5.129039764404297,4214400
2007-05-18,6.059374809265137,6.102499961853027,6.042500019073486,5.20635461807251,4923200
2007-05-21,6.103125095367432,6.152500152587891,6.09375,5.1988911628723145,6588800
2007-05-22,6.106249809265137,6.146249771118164,6.086874961853027,5.207955837249756,4350400
2007-05-23,6.132500171661377,6.171249866485596,6.086249828338623,5.202087879180908,6137600
2007-05-24,6.086249828338623,6.148125171661377,5.949999809265137,5.0922441482543945,10361600
2007-05-25,6.005624771118164,6.04562520980835,5.985000133514404,5.132236480712891,3265600
2007-05-29,6.044374942779541,6.081250190734863,6.005624771118164,5.171696662902832,3836800
2007-05-30,5.994999885559082,6.161874771118164,5.991250038146973,5.257009983062744,4905600
2007-05-31,6.181250095367432,6.193749904632568,6.136250019073486,5.251677513122559,5232000
2007-06-01,6.203125,6.235000133514404,6.164999961853027,5.2927374839782715,4008000
2007-06-04,6.165625095367432,6.230625152587891,6.161250114440918,5.293271064758301,2592000
2007-06-05,6.171249866485596,6.192500114440918,6.109375,5.2511467933654785,5500800
2007-06-06,6.107500076293945,6.111875057220459,6.017499923706055,5.134369850158691,9313600
2007-06-07,6.000625133514404,6.034999847412109,5.803124904632568,4.960541725158691,16611200
2007-06-08,5.835000038146973,5.959374904632568,5.801875114440918,5.070917129516602,11830400
2007-06-11,5.940625190734863,6.017499923706055,5.921875,5.100244998931885,8110400
2007-06-12,5.915625095367432,5.982500076293945,5.831250190734863,4.974938869476318,8147200
2007-06-13,5.902500152587891,6.019374847412109,5.87624979019165,5.129570960998535,8526400
2007-06-14,6.021249771118164,6.103125095367432,6.019374847412109,5.185557842254639,9342400
2007-06-15,6.178124904632568,6.199999809265137,6.144999980926514,5.243680477142334,6880000
2007-06-18,6.175000190734863,6.177499771118164,6.120625019073486,5.23088264465332,4846400
2007-06-19,6.119375228881836,6.175000190734863,6.098124980926514,5.253811836242676,6472000
2007-06-20,6.186874866485596,6.1875,5.981874942779541,5.109310626983643,9172800
2007-06-21,5.98562479019165,6.069375038146973,5.918749809265137,5.17063045501709,12366400
2007-06-22,6.015625,6.041250228881836,5.893750190734863,5.075183868408203,11548800
2007-06-25,5.934374809265137,5.996874809265137,5.827499866485596,5.0239949226379395,12051200
2007-06-26,5.895625114440918,5.917500019073486,5.762499809265137,4.933243274688721,11694400
2007-06-27,5.733749866485596,5.926249980926514,5.731249809265137,5.0706787109375,11553600
2007-06-28,5.910624980926514,5.989375114440918,5.900625228881836,5.059449672698975,15227200
2007-06-29,5.931250095367432,6.004374980926514,5.81125020980835,5.053566932678223,15792000
2007-07-02,5.945000171661377,6.023125171661377,5.9375,5.153569221496582,8094400
2007-07-03,6.041250228881836,6.065000057220459,6.029375076293945,5.1797709465026855,4776000
2007-07-05,6.056250095367432,6.068749904632568,5.99875020980835,5.1674723625183105,8211200
2007-07-06,6.054375171661377,6.119999885559082,6.020625114440918,5.222021102905273,6675200
2007-07-09,6.117499828338623,6.131249904632568,6.076250076293945,5.223622798919678,5854400
2007-07-10,6.043749809265137,6.071249961853027,5.919374942779541,5.064797401428223,13172800
2007-07-11,5.925000190734863,6.019999980926514,5.90625,5.150893211364746,9795200
2007-07-12,6.065625190734863,6.23562479019165,6.061874866485596,5.324160099029541,11457600
2007-07-13,6.21875,6.291874885559082,6.206250190734863,5.356247425079346,10273600
2007-07-16,6.252500057220459,6.297500133514404,6.223124980926514,5.347156047821045,10603200
2007-07-17,6.250625133514404,6.294374942779541,6.23312520980835,5.336994647979736,7244800
2007-07-18,6.193124771118164,6.232500076293945,6.115624904632568,5.322019577026367,11124800
2007-07-19,6.275000095367432,6.291250228881836,6.234375,5.354640960693359,7064000
2007-07-20,6.243124961853027,6.246874809265137,6.073124885559082,5.240201473236084,13556800
2007-07-23,6.1875,6.221250057220459,6.152500152587891,5.279239654541016,6121600
2007-07-24,6.091875076293945,6.120625019073486,5.911250114440918,5.103302478790283,14790400
2007-07-25,6.006875038146973,6.03125,5.865624904632568,5.117739677429199,17796800
2007-07-26,5.857500076293945,5.896874904632568,5.5625,4.87441873550415,37945600
2007-07-27,5.688125133514404,5.75,5.489999771118164,4.6974101066589355,40204800
2007-07-30,5.519999980926514,5.664999961853027,5.478125095367432,4.823615550994873,22276800
2007-07-31,5.706250190734863,5.742499828338623,5.455625057220459,4.697946071624756,22214400
2007-08-01,5.473750114440918,5.59250020980835,5.370625019073486,4.761047840118408,36564800
2007-08-02,5.581250190734863,5.651875019073486,5.534375190734863,4.8273606300354,20574400
2007-08-03,5.621874809265137,5.625625133514404,5.31125020980835,4.55623197555542,29067200
2007-08-06,5.376874923706055,5.572500228881836,5.271874904632568,4.735378265380859,30292800
2007-08-07,5.502500057220459,5.727499961853027,5.479374885559082,4.823615550994873,25001600
2007-08-08,5.702499866485596,5.848124980926514,5.649374961853027,4.959984302520752,25532800
2007-08-09,5.596875190734863,5.728750228881836,5.449375152587891,4.676020622253418,26979200
2007-08-10,5.488749980926514,5.531875133514404,5.288125038146973,4.609708309173584,46054400
2007-08-13,5.460625171661377,5.5625,5.434999942779541,4.655698776245117,18425600
2007-08-14,5.478125095367432,5.480000019073486,5.25124979019165,4.501150131225586,30662400
2007-08-15,5.234375,5.372499942779541,5.098750114440918,4.389385223388672,44051200
2007-08-16,5.036250114440918,5.240624904632568,4.855000019073486,4.435906410217285,72382400
2007-08-17,5.391250133514404,5.5,5.220624923706055,4.618800163269043,47891200
2007-08-20,5.414999961853027,5.440625190734863,5.28125,4.60703706741333,32020800
2007-08-21,5.375,5.466249942779541,5.34375,4.624682903289795,25497600
2007-08-22,5.48562479019165,5.536250114440918,5.426249980926514,4.724684238433838,28225600
2007-08-23,5.583749771118164,5.599999904632568,5.443749904632568,4.715592861175537,25088000
2007-08-24,5.515625,5.640625,5.494375228881836,4.823615550994873,16654400
2007-08-27,5.601874828338623,5.615624904632568,5.53125,4.740727424621582,15252800
2007-08-28,5.493750095367432,5.493750095367432,5.281875133514404,4.544467926025391,22872000
2007-08-29,5.356249809265137,5.515625,5.313125133514404,4.707037925720215,15886400
2007-08-30,5.413125038146973,5.548749923706055,5.377500057220459,4.68190336227417,20307200
2007-08-31,5.598124980926514,5.646874904632568,5.51687479019165,4.749817371368408,22899200
2007-09-04,5.581250190734863,5.759375095367432,5.563125133514404,4.872815132141113,14907200
2007-09-05,5.612500190734863,5.635624885559082,5.533124923706055,4.764791488647461,17284800
2007-09-06,5.61062479019165,5.648749828338623,5.541250228881836,4.812387466430664,12625600
2007-09-07,5.564374923706055,5.564374923706055,5.399374961853027,4.668000221252441,25568000
2007-09-10,5.486249923706055,5.503125190734863,5.32687520980835,4.636982440948486,18792000
2007-09-11,5.474999904632568,5.570624828338623,5.460625171661377,4.764791488647461,18577600
2007-09-12,5.539374828338623,5.625625133514404,5.519374847412109,4.786181926727295,13459200
2007-09-13,5.631249904632568,5.699999809265137,5.609375,4.837520122528076,14099200
2007-09-14,5.587500095367432,5.674375057220459,5.573124885559082,4.845006942749023,9304000
2007-09-17,5.607500076293945,5.640625,5.566249847412109,4.7829742431640625,8059200
2007-09-18,5.650000095367432,6.25,5.621250152587891,5.064797401428223,26377600
2007-09-19,6.005624771118164,6.074375152587891,5.948750019073486,5.132177829742432,16000000
2007-09-20,5.98312520980835,6.001874923706055,5.897500038146973,5.064264297485352,13624000
2007-09-21,5.996874809265137,6.012499809265137,5.9375,5.080305576324463,8716800
2007-09-24,5.974999904632568,6.008749961853027,5.890625,5.069610595703125,12513600
2007-09-25,5.87375020980835,5.900625228881836,5.811874866485596,5.053203582763672,13188800
2007-09-26,5.941874980926514,5.983749866485596,5.898749828338623,5.090735912322998,11401600
2007-09-27,5.99875020980835,6.006249904632568,5.950624942779541,5.15239143371582,9728000
2007-09-28,5.996874809265137,6.012499809265137,5.924375057220459,5.119149684906006,10140800
2007-10-01,5.972499847412109,6.133749961853027,5.971875190734863,5.2456817626953125,13036800
2007-10-02,6.112500190734863,6.126874923706055,6.065000057220459,5.231741905212402,11297600
2007-10-03,6.0625,6.106874942779541,6.03125,5.194747447967529,11811200
2007-10-04,6.07937479019165,6.09499979019165,6.044374942779541,5.21136999130249,5708800
2007-10-05,6.150625228881836,6.235000133514404,6.123125076293945,5.336826801300049,15198400
2007-10-08,6.17062520980835,6.188125133514404,6.133124828338623,5.2816057205200195,8030400
2007-10-09,6.202499866485596,6.260000228881836,6.152500152587891,5.3673858642578125,10510400
2007-10-10,6.215624809265137,6.258124828338623,6.179999828338623,5.344870090484619,9723200
2007-10-11,6.29812479019165,6.34250020980835,6.105000019073486,5.305196285247803,18406400
2007-10-12,6.18625020980835,6.243750095367432,6.169374942779541,5.355590343475342,7584000
2007-10-15,6.243750095367432,6.246874809265137,6.06125020980835,5.272489547729492,14961600
2007-10-16,6.090624809265137,6.101250171661377,6.022500038146973,5.209759712219238,17833600
2007-10-17,6.168749809265137,6.168749809265137,5.941249847412109,5.219409942626953,24425600
2007-10-18,6.010000228881836,6.071249961853027,5.984375,5.188314437866211,12704000
2007-10-19,5.982500076293945,5.988749980926514,5.706250190734863,4.895040512084961,33580800
2007-10-22,5.631249904632568,5.794374942779541,5.630624771118164,4.96474027633667,27080000
2007-10-23,5.84375,5.885624885559082,5.760624885559082,5.015672206878662,13222400
2007-10-24,5.831250190734863,5.868750095367432,5.650000095367432,5.023715972900391,35635200
2007-10-25,5.851874828338623,5.911250114440918,5.730000019073486,5.043553829193115,23980800
2007-10-26,5.978750228881836,6.018125057220459,5.881875038146973,5.161505222320557,20297600
2007-10-29,6.037499904632568,6.073124885559082,6.007500171661377,5.183485984802246,19896000
2007-10-30,6.0,6.021249771118164,5.95187520980835,5.111108303070068,13872000
2007-10-31,6.021874904632568,6.136250019073486,5.949375152587891,5.226914882659912,33459200
2007-11-01,5.986249923706055,5.987500190734863,5.768750190734863,4.977071285247803,47307200
2007-11-02,5.837500095367432,5.837500095367432,5.666250228881836,4.988865852355957,33088000
2007-11-05,5.643750190734863,5.808750152587891,5.643750190734863,4.902007102966309,30507200
2007-11-06,5.796249866485596,5.883124828338623,5.714375019073486,5.046770095825195,21576000
2007-11-07,5.749374866485596,5.801249980926514,5.526875019073486,4.779231548309326,34966400
2007-11-08,5.65625,5.65625,5.34375,4.717036724090576,44792000
2007-11-09,5.393750190734863,5.523749828338623,5.328125,4.5980143547058105,42720000
2007-11-12,5.311874866485596,5.449999809265137,5.239999771118164,4.5197367668151855,34192000
2007-11-13,5.379374980926514,5.568749904632568,5.34375,4.777087211608887,33260800
2007-11-14,5.661874771118164,5.661874771118164,5.456250190734863,4.7250823974609375,39161600
2007-11-15,5.40749979019165,5.505000114440918,5.286874771118164,4.604982852935791,40816000
2007-11-16,5.351874828338623,5.427499771118164,5.289374828338623,4.606590270996094,34153600
2007-11-19,5.316249847412109,5.357500076293945,5.1875,4.471482276916504,44315200
2007-11-20,5.216249942779541,5.350625038146973,5.105625152587891,4.522952556610107,46014400
2007-11-21,5.206250190734863,5.232500076293945,5.072500228881836,4.3524556159973145,47060800
2007-11-23,5.176249980926514,5.255624771118164,5.140625,4.482206344604492,13672000
2007-11-26,5.293749809265137,5.29812479019165,4.990624904632568,4.310638904571533,35753600
2007-11-27,5.090624809265137,5.174375057220459,5.013124942779541,4.413578987121582,36432000
2007-11-28,5.299375057220459,5.475625038146973,5.244375228881836,4.666103839874268,38513600
2007-11-29,5.321875095367432,5.494999885559082,5.321875095367432,4.682188987731934,24516800
2007-11-30,5.626874923706055,5.626874923706055,5.466875076293945,4.782448768615723,34696000
2007-12-03,5.543749809265137,5.54562520980835,5.461874961853027,4.699345588684082,17987200
2007-12-04,5.456250190734863,5.465624809265137,5.392499923706055,4.632326602935791,20353600
2007-12-05,5.524374961853027,5.584374904632568,5.5,4.776550769805908,28915200
2007-12-06,5.607500076293945,5.748125076293945,5.552499771118164,4.91005277633667,28960000
2007-12-07,5.76687479019165,5.769374847412109,5.700624942779541,4.921846389770508,22272000
2007-12-10,5.789374828338623,5.824999809265137,5.723750114440918,4.981897354125977,18246400
2007-12-11,5.820000171661377,5.87375020980835,5.472499847412109,4.71811056137085,51688000
2007-12-12,5.625,5.774374961853027,5.4375,4.801215648651123,51467200
2007-12-13,5.515625,5.605625152587891,5.445624828338623,4.799607276916504,47526400
2007-12-14,5.498125076293945,5.578750133514404,5.432499885559082,4.6602067947387695,36689600
2007-12-17,5.38937520980835,5.409999847412109,5.257500171661377,4.511692523956299,39969600
2007-12-18,5.349999904632568,5.37624979019165,5.196249961853027,4.569062232971191,45758400
2007-12-19,5.343124866485596,5.40500020980835,5.269999980926514,4.576031684875488,56008000
2007-12-20,5.169374942779541,5.179999828338623,5.056250095367432,4.620222568511963,34024000
2007-12-21,5.219375133514404,5.32937479019165,5.1875,4.772009372711182,35748800
2007-12-24,5.349999904632568,5.409375190734863,5.340624809265137,4.847620487213135,7424000
2007-12-26,5.396874904632568,5.413125038146973,5.3125,4.844821929931641,10075200
2007-12-27,5.375,5.375625133514404,5.248125076293945,4.718801021575928,18817600
2007-12-28,5.340624809265137,5.340624809265137,5.221875190734863,4.706479072570801,17428800
2007-12-31,5.231249809265137,5.262499809265137,5.168749809265137,4.637585639953613,17102400
2008-01-02,5.196249961853027,5.221250057220459,5.010000228881836,4.540688991546631,40305600
2008-01-03,5.081250190734863,5.115624904632568,5.021874904632568,4.539009094238281,27728000
2008-01-04,4.993750095367432,4.993750095367432,4.794374942779541,4.323931694030762,51968000
2008-01-07,4.869999885559082,4.884375095367432,4.743124961853027,4.31273078918457,77828800
2008-01-08,4.851874828338623,4.929375171661377,4.631249904632568,4.164304733276367,82001600
2008-01-09,4.65625,4.785624980926514,4.57687520980835,4.25784158706665,70814400
2008-01-10,4.718124866485596,4.92062520980835,4.675624847412109,4.323931694030762,129163200
2008-01-11,4.792500019073486,4.834374904632568,4.675000190734863,4.243278980255127,115432000
2008-01-14,4.811874866485596,4.838125228881836,4.75124979019165,4.317770481109619,53734400
2008-01-15,4.691249847412109,4.729374885559082,4.581250190734863,4.114457130432129,75363200
2008-01-16,4.551875114440918,4.659999847412109,4.471250057220459,4.060126781463623,94468800
2008-01-17,4.54812479019165,4.56374979019165,4.248125076293945,3.834970474243164,160683200
2008-01-18,4.343124866485596,4.381875038146973,4.132500171661377,3.7565572261810303,152822400
2008-01-22,3.877500057220459,4.20187520980835,3.8218750953674316,3.6753437519073486,178784000
2008-01-23,3.9181249141693115,4.315000057220459,3.861875057220459,3.862976312637329,258768000
2008-01-24,4.341875076293945,4.403749942779541,4.267499923706055,3.9206655025482178,218368000
2008-01-25,4.46875,4.484375,4.212500095367432,3.7957630157470703,153788800
2008-01-28,4.255624771118164,4.394374847412109,4.181250095367432,3.93466854095459,122756800
2008-01-29,4.443749904632568,4.458749771118164,4.35812520980835,3.9604315757751465,101803200
2008-01-30,4.40625,4.59375,4.34375,3.9105827808380127,167328000
2008-01-31,4.260000228881836,4.59250020980835,4.239999771118164,4.041086673736572,196296000
2008-02-01,4.5625,4.663750171661377,4.524374961853027,4.171586990356445,140390400
2008-02-04,4.640625,4.645625114440918,4.541874885559082,4.07020902633667,84217600
2008-02-05,4.421249866485596,4.442500114440918,4.268750190734863,3.8534531593322754,144512000
2008-02-06,4.339375019073486,4.369375228881836,4.190000057220459,3.7834417819976807,113246400
2008-02-07,4.167500019073486,4.339375019073486,4.146249771118164,3.8405706882476807,157926400
2008-02-08,4.243750095367432,4.306250095367432,4.171249866485596,3.7806413173675537,116347200
2008-02-11,4.23312520980835,4.303750038146973,4.164999961853027,3.8198471069335938,92808000
2008-02-12,4.34499979019165,4.43625020980835,4.284999847412109,3.903862237930298,120016000
2008-02-13,4.414999961853027,4.480625152587891,4.360000133514404,3.9772355556488037,91355200
2008-02-14,4.470624923706055,4.481249809265137,4.334374904632568,3.8870596885681152,99569600
2008-02-15,4.309999942779541,4.356249809265137,4.278124809265137,3.9033010005950928,64534400
2008-02-19,4.45187520980835,4.46875,4.320000171661377,3.9374687671661377,101627200
2008-02-20,4.28125,4.443749904632568,4.268125057220459,3.9419474601745605,110972800
2008-02-21,4.449999809265137,4.473124980926514,4.283124923706055,3.8730556964874268,100641600
2008-02-22,4.340000152587891,4.393125057220459,4.208749771118164,3.9318673610687256,128360000
2008-02-25,4.380624771118164,4.513750076293945,4.32937479019165,4.027081489562988,124296000
2008-02-26,4.45437479019165,4.598750114440918,4.4375,4.0746917724609375,106372800
2008-02-27,4.505624771118164,4.609375,4.498125076293945,4.067969799041748,87632000
2008-02-28,4.481249809265137,4.529375076293945,4.4375,3.981712818145752,84096000
2008-02-29,4.376874923706055,4.381875038146973,4.193749904632568,3.822086811065674,140571200
2008-03-03,4.216249942779541,4.260624885559082,4.159999847412109,3.7812018394470215,104187200
2008-03-04,4.155624866485596,4.231249809265137,4.081250190734863,3.7660789489746094,170460800
2008-03-05,4.231874942779541,4.315000057220459,4.164999961853027,3.8136844635009766,143988800
2008-03-06,4.201250076293945,4.21875,4.046875,3.6512603759765625,153064000
2008-03-07,3.9981250762939453,4.119375228881836,3.9262499809265137,3.584047555923462,201801600
2008-03-10,4.002500057220459,4.008124828338623,3.866874933242798,3.479869842529297,131331200
2008-03-11,4.053750038146973,4.174375057220459,3.948124885559082,3.7408740520477295,171630400
2008-03-12,4.177499771118164,4.242499828338623,4.078125,3.6719822883605957,155808000
2008-03-13,3.9800000190734863,4.170000076293945,3.916249990463257,3.6854255199432373,226809600
2008-03-14,4.176875114440918,4.178124904632568,3.869999885559082,3.5694854259490967,257662400
2008-03-17,3.7906250953674316,3.9543750286102295,3.7618749141693115,3.491071939468384,251638400
2008-03-18,4.036874771118164,4.218124866485596,3.9962499141693115,3.7800793647766113,241812800
2008-03-19,4.25,4.287499904632568,3.991874933242798,3.58516788482666,210584000
2008-03-20,4.025000095367432,4.209374904632568,3.984999895095825,3.71903133392334,174843200
2008-03-24,4.234375,4.38937520980835,4.229374885559082,3.8780972957611084,146571200
2008-03-25,4.320000171661377,4.364999771118164,4.257500171661377,3.877817392349243,129713600
2008-03-26,4.292500019073486,4.301875114440918,4.206874847412109,3.7784571647644043,130376000
2008-03-27,4.276875019073486,4.291874885559082,4.161874771118164,3.7554409503936768,146678400
2008-03-28,4.20187520980835,4.226874828338623,4.081250190734863,3.6830289363861084,157292800
2008-03-31,4.091249942779541,4.184374809265137,4.078750133514404,3.704920530319214,90473600
2008-04-01,4.240624904632568,4.43625020980835,4.229374885559082,3.9603352546691895,150515200
2008-04-02,4.450624942779541,4.491250038146973,4.382500171661377,3.9839117527008057,121273600
2008-04-03,4.381249904632568,4.476250171661377,4.36062479019165,4.004120349884033,111318400
2008-04-04,4.453750133514404,4.509375095367432,4.393125057220459,3.990647554397583,121734400
2008-04-07,4.50124979019165,4.54812479019165,4.431250095367432,3.9855973720550537,96601600
2008-04-08,4.392499923706055,4.441874980926514,4.379374980926514,3.9811041355133057,85222400
2008-04-09,4.423749923706055,4.4375,4.3125,3.9187958240509033,120611200
2008-04-10,4.343124866485596,4.421249866485596,4.310625076293945,3.9378819465637207,109662400
2008-04-11,4.28000020980835,4.314374923706055,4.1875,3.7846336364746094,132892800
2008-04-14,4.198124885559082,4.219375133514404,4.158124923706055,3.7498297691345215,100243200
2008-04-15,4.221875190734863,4.229374885559082,4.143125057220459,3.784071683883667,104324800
2008-04-16,4.28125,4.426875114440918,4.280624866485596,3.974930763244629,117142400
2008-04-17,4.375625133514404,4.449375152587891,4.351874828338623,3.9788596630096436,105995200
2008-04-18,4.56125020980835,4.600625038146973,4.521874904632568,4.07316780090332,139019200
2008-04-21,4.514999866485596,4.563125133514404,4.491875171661377,4.0799055099487305,87774400
2008-04-22,4.511250019073486,4.519374847412109,4.427499771118164,4.038362979888916,113105600
2008-04-23,4.505000114440918,4.550000190734863,4.441874980926514,4.024330139160156,95686400
2008-04-24,4.504374980926514,4.609375,4.435625076293945,4.056328296661377,149440000
2008-04-25,4.588749885559082,4.618750095367432,4.491250038146973,4.12761926651001,105118400
2008-04-28,4.619999885559082,4.643750190734863,4.588125228881836,4.130987167358398,73097600
2008-04-29,4.585000038146973,4.605625152587891,4.535624980926514,4.093936443328857,87012800
2008-04-30,4.582499980926514,4.666250228881836,4.510624885559082,4.051274299621582,156419200
2008-05-01,4.518125057220459,4.70187520980835,4.512499809265137,4.2140679359436035,145808000
2008-05-02,4.779375076293945,4.78000020980835,4.662499904632568,4.23539924621582,166777600
2008-05-05,4.696249961853027,4.725625038146973,4.650625228881836,4.206207275390625,107353600
2008-05-06,4.625,4.766250133514404,4.602499961853027,4.269641876220703,135758400
2008-05-07,4.74875020980835,4.755624771118164,4.5625,4.11470890045166,158809600
2008-05-08,4.604374885559082,4.637499809265137,4.550000190734863,4.101796627044678,114864000
2008-05-09,4.525625228881836,4.576250076293945,4.516250133514404,4.0799055099487305,96166400
2008-05-12,4.567500114440918,4.654375076293945,4.533750057220459,4.180387020111084,80166400
2008-05-13,4.671875,4.67312479019165,4.599374771118164,4.182632923126221,107246400
2008-05-14,4.689374923706055,4.760000228881836,4.67312479019165,4.20452356338501,106560000
2008-05-15,4.681875228881836,4.788125038146973,4.668749809265137,4.299391269683838,104532800
2008-05-16,4.807499885559082,4.807499885559082,4.71999979019165,4.3094964027404785,107507200
2008-05-19,4.799375057220459,4.892499923706055,4.768125057220459,4.322406768798828,118624000
2008-05-20,4.763750076293945,4.76687479019165,4.682499885559082,4.254482746124268,145681600
2008-05-21,4.731874942779541,4.750625133514404,4.546875,4.109094619750977,147760000
2008-05-22,4.568124771118164,4.618124961853027,4.559374809265137,4.109094619750977,105329600
2008-05-23,4.546875,4.554999828338623,4.445000171661377,4.007491588592529,135358400
2008-05-27,4.465624809265137,4.538125038146973,4.445624828338623,4.056888580322266,113694400
2008-05-28,4.550624847412109,4.570000171661377,4.478125095367432,4.104602336883545,116147200
2008-05-29,4.548749923706055,4.664374828338623,4.54562520980835,4.139408111572266,77798400
2008-05-30,4.638124942779541,4.651875019073486,4.606249809265137,4.146703720092773,60376000
2008-06-02,4.590000152587891,4.59375,4.474374771118164,4.059134483337402,102348800
2008-06-03,4.556875228881836,4.577499866485596,4.42312479019165,4.030505180358887,122888000
2008-06-04,4.458749771118164,4.546249866485596,4.43874979019165,4.015349388122559,138064000
2008-06-05,4.508124828338623,4.654375076293945,4.492499828338623,4.180387020111084,108825600
2008-06-06,4.568124771118164,4.585000038146973,4.355000019073486,3.9148669242858887,185364800
2008-06-09,4.386250019073486,4.429999828338623,4.298749923706055,3.93900465965271,113358400
2008-06-10,4.314374923706055,4.403749942779541,4.304999828338623,3.8890435695648193,145652800
2008-06-11,4.329999923706055,4.338749885559082,4.200624942779541,3.7778968811035156,161697600
2008-06-12,4.237500190734863,4.315000057220459,4.176249980926514,3.8059635162353516,112238400
2008-06-13,4.277500152587891,4.357500076293945,4.243124961853027,3.9002716541290283,129192000
2008-06-16,4.296875,4.388750076293945,4.296249866485596,3.9064464569091797,103894400
2008-06-17,4.396249771118164,4.398749828338623,4.292500019073486,3.8620996475219727,121153600
2008-06-18,4.246250152587891,4.269999980926514,4.185625076293945,3.7767741680145264,181316800
2008-06-19,4.210000038146973,4.277500152587891,4.17062520980835,3.7952988147735596,152796800
2008-06-20,4.17062520980835,4.184374809265137,4.067500114440918,3.6678712368011475,174268800
2008-06-23,4.118124961853027,4.128125190734863,4.070624828338623,3.656083822250366,107747200
2008-06-24,4.045000076293945,4.128125190734863,3.9912500381469727,3.648423910140991,155320000
2008-06-25,4.084374904632568,4.18625020980835,4.078125,3.683342456817627,146750400
2008-06-26,4.011875152587891,4.025625228881836,3.8550000190734863,3.47383189201355,209460800
2008-06-27,3.869374990463257,3.903125047683716,3.7931249141693115,3.441728353500366,154891200
2008-06-30,3.843125104904175,3.905625104904175,3.809999942779541,3.4715781211853027,137460800
2008-07-01,3.7637500762939453,3.8762500286102295,3.7256250381469727,3.4862217903137207,232875200
2008-07-02,3.898750066757202,3.9393749237060547,3.724375009536743,3.360065221786499,191579200
2008-07-03,3.794374942779541,3.794374942779541,3.671250104904175,3.3690755367279053,138577600
2008-07-07,3.7718749046325684,3.807499885559082,3.603749990463257,3.298675298690796,219928000
2008-07-08,3.6681249141693115,3.806874990463257,3.6212499141693115,3.418637275695801,251078400
2008-07-09,3.8143749237060547,3.8293750286102295,3.625624895095825,3.2823424339294434,195145600
2008-07-10,3.6343750953674316,3.7074999809265137,3.5799999237060547,3.3262734413146973,226675200
2008-07-11,3.601249933242798,3.7100000381469727,3.516249895095825,3.2451705932617188,321020800
2008-07-14,3.680000066757202,3.6962499618530273,3.512500047683716,3.1747708320617676,222316800
2008-07-15,3.4781250953674316,3.5718750953674316,3.375,3.0897271633148193,318926400
2008-07-16,3.4593749046325684,3.6312499046325684,3.4356250762939453,3.272204875946045,257590400
2008-07-17,3.6700000762939453,3.7306249141693115,3.6031250953674316,3.3014912605285645,240713600
2008-07-18,3.7231249809265137,3.731874942779541,3.664375066757202,3.343731164932251,127700800
2008-07-21,3.75,3.7618749141693115,3.688124895095825,3.360065221786499,119985600
2008-07-22,3.661250114440918,3.8187499046325684,3.6475000381469727,3.4299018383026123,150840000
2008-07-23,3.827500104904175,3.9000000953674316,3.806874990463257,3.4603145122528076,201315200
2008-07-24,3.849375009536743,3.8556249141693115,3.6600000858306885,3.3048715591430664,166156800
2008-07-25,3.702500104904175,3.728749990463257,3.6600000858306885,3.3172607421875,126416000
2008-07-28,3.679374933242798,3.7118749618530273,3.556874990463257,3.211378812789917,127137600
2008-07-29,3.5893750190734863,3.7249999046325684,3.581249952316284,3.352179527282715,135441600
2008-07-30,3.766249895095825,3.8556249141693115,3.733750104904175,3.4743945598602295,150272000
2008-07-31,3.786875009536743,3.856250047683716,3.7387499809265137,3.3831558227539062,135502400
2008-08-01,3.7674999237060547,3.778125047683716,3.6624999046325684,3.347674608230591,139977600
2008-08-04,3.7043750286102295,3.7100000381469727,3.628124952316284,3.2885377407073975,125732800
2008-08-05,3.703749895095825,3.853749990463257,3.6943750381469727,3.4574990272521973,111857600
2008-08-06,3.8162500858306885,3.8924999237060547,3.7950000762939453,3.483968496322632,117139200
2008-08-07,3.8106250762939453,3.841249942779541,3.7274999618530273,3.384282112121582,100760000
2008-08-08,3.728749990463257,3.9262499809265137,3.71875,3.514944076538086,143148800
2008-08-11,3.9018750190734863,4.020625114440918,3.8843750953674316,3.571265459060669,138784000
2008-08-12,3.9462499618530273,3.950000047683716,3.851249933242798,3.5059337615966797,120240000
2008-08-13,3.853749990463257,3.9075000286102295,3.7906250953674316,3.4648196697235107,156076800
2008-08-14,3.797499895095825,3.9437499046325684,3.7931249141693115,3.5132555961608887,161744000
2008-08-15,3.924375057220459,3.955625057220459,3.884999990463257,3.5476105213165283,120291200
2008-08-18,3.953749895095825,3.9568750858306885,3.7856249809265137,3.452993392944336,148241600
2008-08-19,3.7699999809265137,3.7874999046325684,3.71875,3.3786492347717285,144774400
2008-08-20,3.7643749713897705,3.799999952316284,3.7049999237060547,3.4068095684051514,156942400
2008-08-21,3.728749990463257,3.828125,3.7206249237060547,3.4163851737976074,102699200
2008-08-22,3.843125104904175,3.9000000953674316,3.836250066757202,3.501991033554077,104280000
2008-08-25,3.8499999046325684,3.8550000190734863,3.726249933242798,3.374708414077759,120659200
2008-08-26,3.7431249618530273,3.7925000190734863,3.716249942779541,3.3921666145324707,121860800
2008-08-27,3.7718749046325684,3.8475000858306885,3.7568750381469727,3.4473607540130615,114049600
2008-08-28,3.8687500953674316,3.934999942779541,3.8637499809265137,3.5340943336486816,105859200
2008-08-29,3.896250009536743,3.9237499237060547,3.8268749713897705,3.459188222885132,97793600
2008-09-02,3.924999952316284,3.9593749046325684,3.768749952316284,3.4203271865844727,203571200
2008-09-03,3.7874999046325684,3.825000047683716,3.7325000762939453,3.4135680198669434,172761600
2008-09-04,3.734375,3.75,3.556874990463257,3.210815668106079,289851200
2008-09-05,3.5193750858306885,3.6112499237060547,3.448124885559082,3.229964017868042,275025600
2008-09-08,3.786250114440918,3.7987499237060547,3.6181249618530273,3.363443374633789,287700800
2008-09-09,3.733750104904175,3.7487499713897705,3.483750104904175,3.1539323329925537,241788800
2008-09-10,3.5399999618530273,3.5975000858306885,3.468125104904175,3.1820921897888184,212321600
2008-09-11,3.440624952316284,3.643749952316284,3.4106249809265137,3.273894786834717,235913600
2008-09-12,3.5643749237060547,3.671875,3.536250114440918,3.3037450313568115,239796800
2008-09-15,3.418750047683716,3.5625,3.315624952316284,2.9934194087982178,404283200
2008-09-16,3.1524999141693115,3.440624952316284,3.1524999141693115,3.077336311340332,508224000
2008-09-17,3.2906250953674316,3.336250066757202,3.09375,2.8160104751586914,674088000
2008-09-18,3.197499990463257,3.3868749141693115,2.96875,2.9945461750030518,665785600
2008-09-19,3.676875114440918,3.75,3.53125,3.2237703800201416,317664000
2008-09-22,3.5743749141693115,3.586250066757202,3.349375009536743,3.0683257579803467,282344000
2008-09-23,3.382499933242798,3.444999933242798,3.2381250858306885,2.9297780990600586,493596800
2008-09-24,3.2825000286102295,3.297499895095825,3.1937499046325684,2.951403856277466,462259200
2008-09-25,3.2906250953674316,3.4181249141693115,3.265625,3.0236783027648926,442366400
2008-09-26,3.2518749237060547,3.3918750286102295,3.2274999618530273,3.045700788497925,419115200
2008-09-29,3.266249895095825,3.275624990463257,2.8037500381469727,2.625603199005127,753420800
2008-09-30,2.9574999809265137,3.096874952316284,2.9106249809265137,2.7803168296813965,348766400
2008-10-01,3.0137500762939453,3.101875066757202,2.956249952316284,2.780881643295288,371763200
2008-10-02,2.999375104904175,3.0118749141693115,2.804374933242798,2.552764892578125,502249600
2008-10-03,2.898124933242798,3.0374999046325684,2.7149999141693115,2.4827492237091064,786876800
2008-10-06,2.6006250381469727,2.6262500286102295,2.2856249809265137,2.2800402641296387,1149632000
2008-10-07,2.5956249237060547,2.617500066757202,2.246875047683716,2.0349838733673096,959094400
2008-10-08,2.151249885559082,2.359375,2.1156249046325684,1.9508510828018188,1396329600
2008-10-09,2.2431249618530273,2.293750047683716,1.847499966621399,1.676998257637024,1155249600
2008-10-10,1.6931250095367432,2.018749952316284,1.506250023841858,1.6374729871749878,2174492800
2008-10-13,1.9856250286102295,2.234375,1.9474999904632568,2.00449275970459,985563200
2008-10-14,2.4156250953674316,2.487499952316284,2.080625057220459,1.9768245220184326,1318080000
2008-10-15,2.094374895095825,2.106250047683716,1.7975000143051147,1.638602614402771,1232217600
2008-10-16,1.8350000381469727,1.9574999809265137,1.6375000476837158,1.7458857297897339,1946729600
2008-10-17,1.8512500524520874,2.124375104904175,1.840000033378601,1.7447562217712402,1441132800
2008-10-20,1.9893749952316284,2.111875057220459,1.9306249618530273,1.8983396291732788,931081600
2008-10-21,2.046875,2.124375104904175,1.9812500476837158,1.7899274826049805,1049700800
2008-10-22,1.896875023841858,1.9131250381469727,1.659999966621399,1.6109347343444824,1281808000
2008-10-23,1.7731250524520874,1.8524999618530273,1.596250057220459,1.6126289367675781,1823566400
2008-10-24,1.5168750286102295,1.7531249523162842,1.5068750381469727,1.4963111877441406,1611561600
2008-10-27,1.603124976158142,1.7324999570846558,1.5456249713897705,1.3963687419891357,1320307200
2008-10-28,1.652500033378601,1.894374966621399,1.5449999570846558,1.705230474472046,1788302400
2008-10-29,1.875,2.018749952316284,1.8156249523162842,1.6634466648101807,1866328000
2008-10-30,1.9643750190734863,1.9918750524520874,1.8493750095367432,1.7413684129714966,1365766400
2008-10-31,1.9318749904632568,2.0762500762939453,1.909999966621399,1.8091256618499756,1114577600
2008-11-03,2.0012500286102295,2.041874885559082,1.9693750143051147,1.8339694738388062,574604800
2008-11-04,2.096250057220459,2.168750047683716,2.061875104904175,1.9339114427566528,949092800
2008-11-05,2.093125104904175,2.1443750858306885,1.921875,1.7537899017333984,1306166400
2008-11-06,1.8987499475479126,1.9368749856948853,1.722499966621399,1.586654782295227,1744937600
2008-11-07,1.78125,1.850000023841858,1.752500057220459,1.6713515520095825,1281264000
2008-11-10,1.9199999570846558,1.933750033378601,1.7506250143051147,1.601336121559143,1024873600
2008-11-11,1.7443749904632568,1.7956249713897705,1.6637500524520874,1.5522116422653198,1400283200
2008-11-12,1.6493749618530273,1.6768749952316284,1.5362499952316284,1.4025800228118896,1663260800
2008-11-13,1.5681250095367432,1.761875033378601,1.4199999570846558,1.586654782295227,2585113600
2008-11-14,1.6799999475479126,1.78125,1.5893750190734863,1.4358947277069092,2162342400
2008-11-17,1.5668749809265137,1.6449999809265137,1.5187499523162842,1.3805593252182007,1436080000
2008-11-18,1.5212500095367432,1.5856250524520874,1.4406249523162842,1.3907227516174316,1956382400
2008-11-19,1.5437500476837158,1.5793750286102295,1.3668750524520874,1.2523847818374634,1941939200
2008-11-20,1.3381249904632568,1.419374942779541,1.125,1.0733917951583862,2931585600
2008-11-21,1.2418750524520874,1.334375023841858,1.144374966621399,1.1976139545440674,2904603200
2008-11-24,1.3831249475479126,1.5518749952316284,1.359375,1.3353878259658813,2164436800
2008-11-25,1.5631250143051147,1.5706249475479126,1.443750023841858,1.376042366027832,1749956800
2008-11-26,1.4643750190734863,1.6325000524520874,1.4587500095367432,1.468644142150879,1466392000
2008-11-28,1.6137499809265137,1.6643749475479126,1.609375,1.5019583702087402,399675200
2008-12-01,1.5700000524520874,1.5706249475479126,1.3668750524520874,1.2422209978103638,1533457600
2008-12-02,1.4168750047683716,1.4812500476837158,1.3737499713897705,1.3297410011291504,1823729600
2008-12-03,1.4118750095367432,1.5612499713897705,1.4018750190734863,1.4020159244537354,2399865600
2008-12-04,1.5006250143051147,1.5737500190734863,1.4187500476837158,1.322400450706482,1804945600
2008-12-05,1.4187500476837158,1.5800000429153442,1.3700000047683716,1.4161320924758911,2112918400
2008-12-08,1.6531250476837158,1.7237499952316284,1.6337499618530273,1.5160740613937378,1928152000
2008-12-09,1.649999976158142,1.716249942779541,1.5993750095367432,1.4601744413375854,1501462400
2008-12-10,1.6487499475479126,1.684999942779541,1.6006250381469727,1.4884064197540283,1509500800
2008-12-11,1.621250033378601,1.6731250286102295,1.540624976158142,1.4116146564483643,1380990400
2008-12-12,1.475000023841858,1.596250057220459,1.4637500047683716,1.4262958765029907,1679288000
2008-12-15,1.6006250381469727,1.603124976158142,1.5006250143051147,1.3935459852218628,1069273600
2008-12-16,1.6956249475479126,1.7018749713897705,1.5693750381469727,1.5318841934204102,1545867200
2008-12-17,1.6612499952316284,1.721250057220459,1.634374976158142,1.5042167901992798,1304476800
2008-12-18,1.681249976158142,1.6924999952316284,1.5637500286102295,1.4483164548873901,1407084800
2008-12-19,1.6206250190734863,1.6668750047683716,1.584375023841858,1.4381530284881592,1172592000
2008-12-22,1.603124976158142,1.6074999570846558,1.490625023841858,1.3918521404266357,935915200
2008-12-23,1.5581250190734863,1.571874976158142,1.5,1.3680236339569092,748062400
2008-12-24,1.5243749618530273,1.533750057220459,1.5049999952316284,1.3810421228408813,217889600
2008-12-26,1.549375057220459,1.5518749952316284,1.5237499475479126,1.3963240385055542,220425600
2008-12-29,1.5481250286102295,1.550624966621399,1.4900000095367432,1.3917957544326782,490958400
2008-12-30,1.5549999475479126,1.606874942779541,1.5418750047683716,1.4478304386138916,592670400
2008-12-31,1.6106250286102295,1.6768749952316284,1.6024999618530273,1.4868844747543335,769459200
2009-01-02,1.659999966621399,1.7649999856948853,1.6399999856948853,1.5785760879516602,812174400
2009-01-05,1.7374999523162842,1.7799999713897705,1.7112499475479126,1.576878547668457,990352000
2009-01-06,1.778749942779541,1.8081250190734863,1.743749976158142,1.6023484468460083,1125137600
2009-01-07,1.716249942779541,1.7268749475479126,1.6487499475479126,1.510656476020813,928454400
2009-01-08,1.6456249952316284,1.6793750524520874,1.6306250095367432,1.5208444595336914,848684800
2009-01-09,1.6862499713897705,1.6906249523162842,1.5981249809265137,1.4529244899749756,1004788800
2009-01-12,1.5987499952316284,1.6006250381469727,1.5125000476837158,1.387268304824829,889272000
2009-01-13,1.521875023841858,1.5593750476837158,1.5043749809265137,1.3884000778198242,1044182400
2009-01-14,1.4824999570846558,1.4893749952316284,1.4162499904632568,1.3018020391464233,1511782400
2009-01-15,1.431249976158142,1.46875,1.3487499952316284,1.3046318292617798,1776382400
2009-01-16,1.4912500381469727,1.4931249618530273,1.394374966621399,1.321611762046814,1351417600
2009-01-20,1.433750033378601,1.4406249523162842,1.303125023841858,1.1829414367675781,1508334400
2009-01-21,1.3518749475479126,1.424375057220459,1.3037500381469727,1.2836899757385254,1215240000
2009-01-22,1.3637499809265137,1.4187500476837158,1.3224999904632568,1.2463340759277344,1447542400
2009-01-23,1.3143750429153442,1.4168750047683716,1.303125023841858,1.2570878267288208,1530889600
2009-01-26,1.403749942779541,1.4631249904632568,1.377500057220459,1.269539713859558,1204963200
2009-01-27,1.421875,1.455625057220459,1.4031250476837158,1.2972739934921265,1106473600
2009-01-28,1.496250033378601,1.5499999523162842,1.4874999523162842,1.385003924369812,1386736000
2009-01-29,1.4874999523162842,1.4956250190734863,1.4293750524520874,1.3001042604446411,1134942400
2009-01-30,1.4487500190734863,1.4574999809265137,1.3543750047683716,1.241805911064148,1285950400
2009-02-02,1.331874966621399,1.3856250047683716,1.324375033378601,1.2389754056930542,1015536000
2009-02-03,1.3837499618530273,1.424375057220459,1.3550000190734863,1.2729358673095703,1114851200
2009-02-04,1.4231250286102295,1.4581249952316284,1.381250023841858,1.2610498666763306,1186219200
2009-02-05,1.368749976158142,1.4543750286102295,1.3506250381469727,1.2938776016235352,1256214400
2009-02-06,1.4406249523162842,1.5237499475479126,1.4356249570846558,1.3674581050872803,1186228800
2009-02-09,1.5112500190734863,1.5393749475479126,1.490625023841858,1.3731179237365723,893452800
2009-02-10,1.4893749952316284,1.5149999856948853,1.355625033378601,1.2474660873413086,2256097600
2009-02-11,1.3893749713897705,1.408750057220459,1.3550000190734863,1.2661436796188354,1171868800
2009-02-12,1.346250057220459,1.4006249904632568,1.309999942779541,1.2684074640274048,1681812800
2009-02-13,1.390625,1.4137500524520874,1.3650000095367432,1.2361454963684082,1210091200
2009-02-17,1.2793749570846558,1.2937500476837158,1.2468750476837158,1.1303033828735352,1594577600
2009-02-18,1.2662500143051147,1.2706249952316284,1.21875,1.1235116720199585,1344926400
2009-02-19,1.2675000429153442,1.2768750190734863,1.2087500095367432,1.1014373302459717,1328726400
2009-02-20,1.169374942779541,1.2200000286102295,1.140625,1.0770999193191528,2021603200
2009-02-23,1.2156250476837158,1.216249942779541,1.1043750047683716,1.0018211603164673,1984820800
2009-02-24,1.1237499713897705,1.2024999856948853,1.1106250286102295,1.0776658058166504,1677872000
2009-02-25,1.1793750524520874,1.2174999713897705,1.1325000524520874,1.0584218502044678,1937080000
2009-02-26,1.199375033378601,1.2156250476837158,1.1293749809265137,1.0261588096618652,1657377600
2009-02-27,1.0831249952316284,1.1299999952316284,1.0774999856948853,0.9797473549842834,1754377600
2009-03-02,1.0399999618530273,1.0518749952316284,0.9768750071525574,0.8914511203765869,2104496000
2009-03-03,1.0106250047683716,1.013124942779541,0.9549999833106995,0.8733393549919128,2056968000
2009-03-04,1.0012500286102295,1.0449999570846558,0.9775000214576721,0.9163554906845093,2175166400
2009-03-05,0.9681249856948853,0.9887499809265137,0.9131249785423279,0.8427754640579224,2018292800
2009-03-06,0.9468749761581421,0.9750000238418579,0.8849999904632568,0.8410772085189819,2255283200
2009-03-09,0.9075000286102295,0.9631249904632568,0.8999999761581421,0.8229653239250183,2090297600
2009-03-10,0.9487500190734863,1.0237499475479126,0.9449999928474426,0.9231474995613098,1962892800
2009-03-11,1.043125033378601,1.0643750429153442,1.0106250047683716,0.932203471660614,1775206400
2009-03-12,1.0318750143051147,1.1206250190734863,1.013124942779541,1.0069153308868408,1801273600
2009-03-13,1.128749966621399,1.1399999856948853,1.0906250476837158,1.0233298540115356,1775052800
2009-03-16,1.15625,1.1868749856948853,1.1218750476837158,1.0193676948547363,1438868800
2009-03-17,1.1299999952316284,1.1962499618530273,1.1124999523162842,1.0804959535598755,1270507200
2009-03-18,1.181249976158142,1.277500033378601,1.1593749523162842,1.1257755756378174,2106748800
2009-03-19,1.2806249856948853,1.28125,1.2074999809265137,1.0991740226745605,1498734400
2009-03-20,1.2274999618530273,1.230625033378601,1.1581250429153442,1.0538934469223022,1340468800
2009-03-23,1.2262500524520874,1.3300000429153442,1.2156250476837158,1.2044497728347778,1631705600
2009-03-24,1.2949999570846558,1.3300000429153442,1.2706249952316284,1.1582555770874023,1414400000
2009-03-25,1.293125033378601,1.340000033378601,1.225000023841858,1.1775985956192017,2077961600
2009-03-26,1.3250000476837158,1.3574999570846558,1.2999999523162842,1.2299360036849976,1773630400
2009-03-27,1.3156249523162842,1.331874966621399,1.2937500476837158,1.184424877166748,1235843200
2009-03-30,1.2431249618530273,1.2456250190734863,1.1868749856948853,1.1025049686431885,1580067200
2009-03-31,1.2356250286102295,1.2831250429153442,1.2206250429153442,1.1224161386489868,1230745600
2009-04-01,1.2037500143051147,1.293125033378601,1.1974999904632568,1.165651798248291,1337145600
2009-04-02,1.3481249809265137,1.3949999809265137,1.3362499475479126,1.2322113513946533,1828750400
2009-04-03,1.359375,1.3837499618530273,1.3331249952316284,1.2583802938461304,1195748800
2009-04-06,1.3537499904632568,1.3693749904632568,1.3200000524520874,1.2401763200759888,1013211200
2009-04-07,1.318750023841858,1.3312499523162842,1.2949999570846558,1.1815805435180664,1081884800
2009-04-08,1.3118749856948853,1.3393750190734863,1.2962499856948853,1.2077492475509644,1077179200
2009-04-09,1.3962500095367432,1.431249976158142,1.3849999904632568,1.3027533292770386,1182724800
2009-04-13,1.4018750190734863,1.4574999809265137,1.3925000429153442,1.3090112209320068,918995200
2009-04-14,1.4068750143051147,1.4306249618530273,1.375,1.261793851852417,1009704000
2009-04-15,1.3668750524520874,1.4175000190734863,1.3587499856948853,1.2873938083648682,956043200
2009-04-16,1.4343750476837158,1.475000023841858,1.3975000381469727,1.3272156715393066,985004800
2009-04-17,1.4656250476837158,1.4931249618530273,1.4418749809265137,1.3402999639511108,915382400
2009-04-20,1.421875,1.4249999523162842,1.347499966621399,1.2276611328125,925228800
2009-04-21,1.3300000429153442,1.4043749570846558,1.328125,1.2765849828720093,858062400
2009-04-22,1.3768750429153442,1.4443750381469727,1.3700000047683716,1.261793851852417,1048620800
2009-04-23,1.3918750286102295,1.4137500524520874,1.355625033378601,1.284549355506897,895142400
2009-04-24,1.433750033378601,1.4768749475479126,1.4231250286102295,1.324371337890625,987907200
2009-04-27,1.4225000143051147,1.4668749570846558,1.4175000190734863,1.298771619796753,841184000
2009-04-28,1.3993749618530273,1.4524999856948853,1.3918750286102295,1.2902381420135498,835161600
2009-04-29,1.4487500190734863,1.5106250047683716,1.4418749809265137,1.3454201221466064,884516800
2009-04-30,1.5187499523162842,1.533750057220459,1.4637500047683716,1.3505399227142334,986793600
2009-05-01,1.481874942779541,1.5056250095367432,1.4562499523162842,1.3636246919631958,659128000
2009-05-04,1.518125057220459,1.5993750095367432,1.5125000476837158,1.4546470642089844,828507200
2009-05-05,1.5868749618530273,1.5987499952316284,1.5606249570846558,1.4421310424804688,773888000
2009-05-06,1.625,1.643125057220459,1.5881249904632568,1.4910557270050049,1023332800
2009-05-07,1.6725000143051147,1.6775000095367432,1.574375033378601,1.4557846784591675,1082046400
2009-05-08,1.636875033378601,1.6775000095367432,1.615625023841858,1.5206373929977417,929334400
2009-05-11,1.6231249570846558,1.638124942779541,1.600000023841858,1.4637490510940552,667251200
2009-05-12,1.6218750476837158,1.627500057220459,1.5575000047683716,1.4500954151153564,962782400
2009-05-13,1.5537500381469727,1.5637500286102295,1.5106250047683716,1.3841041326522827,927612800
2009-05-14,1.519374966621399,1.565000057220459,1.5099999904632568,1.403446912765503,857288000
2009-05-15,1.5399999618530273,1.5612499713897705,1.497499942779541,1.3795533180236816,911048000
2009-05-18,1.5449999570846558,1.6050000190734863,1.5393749475479126,1.460904836654663,648340800
2009-05-19,1.6012500524520874,1.628749966621399,1.5887500047683716,1.4552158117294312,742608000
2009-05-20,1.6281249523162842,1.6581250429153442,1.5737500190734863,1.4370112419128418,922542400
2009-05-21,1.540624976158142,1.553125023841858,1.5,1.3932065963745117,998593600
2009-05-22,1.540624976158142,1.5593750476837158,1.5143749713897705,1.3886555433273315,633590400
2009-05-26,1.5031249523162842,1.6124999523162842,1.5,1.4620425701141357,794278400
2009-05-27,1.6087499856948853,1.6193749904632568,1.5412499904632568,1.4079978466033936,786368000
2009-05-28,1.5737500190734863,1.6037499904632568,1.5262500047683716,1.4466824531555176,1013523200
2009-05-29,1.6062500476837158,1.65625,1.5812499523162842,1.5018643140792847,766052800
2009-06-01,1.6862499713897705,1.7393749952316284,1.6775000095367432,1.5701309442520142,712065600
2009-06-02,1.7112499475479126,1.747499942779541,1.703125,1.5769578218460083,696352000
2009-06-03,1.6987500190734863,1.7018749713897705,1.652500033378601,1.5331532955169678,677555200
2009-06-04,1.6974999904632568,1.7200000286102295,1.671875,1.5615979433059692,635092800
2009-06-05,1.7518750429153442,1.7575000524520874,1.6893750429153442,1.56330406665802,955083200
2009-06-08,1.690000057220459,1.736875057220459,1.662500023841858,1.5507888793945312,758585600
2009-06-09,1.7231249809265137,1.7374999523162842,1.6981250047683716,1.5627355575561523,655924800
2009-06-10,1.7493749856948853,1.75,1.668125033378601,1.5576156377792358,943580800
2009-06-11,1.71875,1.7731250524520874,1.71875,1.571269154548645,732168000
2009-06-12,1.7118749618530273,1.7374999523162842,1.6962499618530273,1.5815086364746094,538772800
2009-06-15,1.6950000524520874,1.6962499618530273,1.6387499570846558,1.5041403770446777,805513600
2009-06-16,1.668125033378601,1.6699999570846558,1.609375,1.4671624898910522,681809600
2009-06-17,1.6087499856948853,1.6337499618530273,1.581874966621399,1.4597667455673218,689417600
2009-06-18,1.611875057220459,1.6462500095367432,1.5968749523162842,1.48138427734375,527164800
2009-06-19,1.6606249809265137,1.665624976158142,1.6237499713897705,1.492193341255188,535128000
2009-06-22,1.6100000143051147,1.611875057220459,1.5412499904632568,1.4028775691986084,711291200
2009-06-23,1.550624966621399,1.5643750429153442,1.5293749570846558,1.4079978466033936,720811200
2009-06-24,1.5693750381469727,1.5993750095367432,1.5481250286102295,1.4283207654953003,617112000
2009-06-25,1.5518749952316284,1.6375000476837158,1.5475000143051147,1.4922587871551514,894441600
2009-06-26,1.625,1.6399999856948853,1.606874942779541,1.4854084253311157,499667200
2009-06-29,1.6362500190734863,1.6606249809265137,1.6181249618530273,1.5133811235427856,511075200
2009-06-30,1.65625,1.6687500476837158,1.606874942779541,1.4922587871551514,618436800
2009-07-01,1.6437499523162842,1.6749999523162842,1.6387499570846558,1.499679684638977,413491200
2009-07-02,1.6006250381469727,1.6012500524520874,1.5518749952316284,1.4191874265670776,586460800
2009-07-06,1.5237499475479126,1.556249976158142,1.5143749713897705,1.4197580814361572,453585600
2009-07-07,1.5499999523162842,1.5537500381469727,1.490625023841858,1.3632416725158691,579201600
2009-07-08,1.5112500190734863,1.518125057220459,1.4574999809265137,1.3615286350250244,781129600
2009-07-09,1.5112500190734863,1.5206249952316284,1.4874999523162842,1.3700921535491943,612950400
2009-07-10,1.480625033378601,1.506250023841858,1.46875,1.3592455387115479,521753600
2009-07-13,1.5006250143051147,1.5625,1.4768749475479126,1.4271788597106934,566046400
2009-07-14,1.5693750381469727,1.5812499523162842,1.5481250286102295,1.4437346458435059,505473600
2009-07-15,1.6200000047683716,1.6793750524520874,1.6168750524520874,1.5247983932495117,566521600
2009-07-16,1.6618750095367432,1.7156250476837158,1.6556249856948853,1.5521999597549438,557816000
2009-07-17,1.7000000476837158,1.7087500095367432,1.681249976158142,1.5544840097427368,439872000
2009-07-20,1.7218749523162842,1.743749976158142,1.7043750286102295,1.585310935974121,501836800
2009-07-21,1.7643749713897705,1.7662500143051147,1.7118749618530273,1.6012951135635376,593624000
2009-07-22,1.7324999570846558,1.774999976158142,1.7293750047683716,1.6007248163223267,542569600
2009-07-23,1.7556250095367432,1.8468749523162842,1.753749966621399,1.6703705787658691,665883200
2009-07-24,1.8137500286102295,1.8487499952316284,1.794374942779541,1.6886383295059204,466672000
2009-07-27,1.840000033378601,1.859375,1.8193750381469727,1.6972010135650635,485884800
2009-07-28,1.8312499523162842,1.8574999570846558,1.8081250190734863,1.6874967813491821,590504000
2009-07-29,1.821874976158142,1.8406250476837158,1.8049999475479126,1.670941710472107,597564800
2009-07-30,1.8756250143051147,1.9118750095367432,1.865625023841858,1.705764889717102,737996800
2009-07-31,1.8681249618530273,1.8987499475479126,1.8574999570846558,1.7080481052398682,669360000
2009-08-03,1.9143749475479126,1.9381250143051147,1.893125057220459,1.7662770748138428,602091200
2009-08-04,1.918125033378601,1.9512499570846558,1.909999966621399,1.7765529155731201,545542400
2009-08-05,1.9481250047683716,1.9512499570846558,1.9018750190734863,1.7668477296829224,565097600
2009-08-06,1.9518749713897705,1.9574999809265137,1.8962500095367432,1.7491507530212402,518768000
2009-08-07,1.9550000429153442,1.996250033378601,1.933750033378601,1.7925368547439575,642681600
2009-08-10,1.9474999904632568,1.9643750190734863,1.928125023841858,1.783974051475525,494056000
2009-08-11,1.9387500286102295,1.9418749809265137,1.896875023841858,1.738875389099121,561656000
2009-08-12,1.9006249904632568,1.9768749475479126,1.8993749618530273,1.7771233320236206,570401600
2009-08-13,1.9656250476837158,1.9793750047683716,1.9268749952316284,1.8056672811508179,560739200
2009-08-14,1.9768749475479126,1.9787499904632568,1.9043749570846558,1.7799779176712036,493531200
2009-08-17,1.872499942779541,1.8756250143051147,1.84375,1.6874967813491821,537676800
2009-08-18,1.8600000143051147,1.893125057220459,1.853124976158142,1.7188949584960938,446080000
2009-08-19,1.8512500524520874,1.925624966621399,1.847499966621399,1.7485800981521606,502048000
2009-08-20,1.9187500476837158,1.9618749618530273,1.909999966621399,1.7851160764694214,444144000
2009-08-21,1.9850000143051147,2.036250114440918,1.9768749475479126,1.849624752998352,516120000
2009-08-24,2.0456249713897705,2.068125009536743,2.0143749713897705,1.8541911840438843,575768000
2009-08-25,2.046250104904175,2.077500104904175,2.028125047683716,1.8593299388885498,587142400
2009-08-26,2.0250000953674316,2.0562500953674316,2.010624885559082,1.8599002361297607,486801600
2009-08-27,2.0325000286102295,2.0587499141693115,1.9887499809265137,1.8701764345169067,464705600
2009-08-28,2.078749895095825,2.083750009536743,2.0168750286102295,1.8633253574371338,487398400
2009-08-31,2.005000114440918,2.012500047683716,1.9824999570846558,1.8342111110687256,417595200
2009-09-01,1.9900000095367432,2.039375066757202,1.9118750095367432,1.752576231956482,792246400
2009-09-02,1.9043749570846558,1.9293750524520874,1.8956249952316284,1.7394461631774902,489675200
2009-09-03,1.9262499809265137,1.9406249523162842,1.8962500095367432,1.7674187421798706,331798400
2009-09-04,1.9443750381469727,1.9918750524520874,1.9325000047683716,1.8176556825637817,353544000
2009-09-08,2.0293750762939453,2.0299999713897705,2.0037500858306885,1.849053144454956,320121600
2009-09-09,2.031874895095825,2.070625066757202,2.0199999809265137,1.8781678676605225,372560000
2009-09-10,2.0606250762939453,2.101875066757202,2.036250114440918,1.914132833480835,369859200
2009-09-11,2.1050000190734863,2.1187500953674316,2.078125,1.9147040843963623,388444800
2009-09-14,2.063124895095825,2.125,2.0625,1.9369674921035767,299040000
2009-09-15,2.1268749237060547,2.1518750190734863,2.0975000858306885,1.9483853578567505,385998400
2009-09-16,2.1524999141693115,2.200624942779541,2.1362500190734863,2.007756233215332,396836800
2009-09-17,2.1943750381469727,2.231250047683716,2.169374942779541,2.0037598609924316,541129600
2009-09-18,2.213749885559082,2.2143750190734863,2.181874990463257,2.00604248046875,357958400
2009-09-21,2.1624999046325684,2.1968750953674316,2.153125047683716,1.9980510473251343,298067200
2009-09-22,2.211250066757202,2.223750114440918,2.1918749809265137,2.018601894378662,304681600
2009-09-23,2.221250057220459,2.25,2.166249990463257,1.9872043132781982,434408000
2009-09-24,2.1781249046325684,2.188124895095825,2.1024999618530273,1.9414160251617432,486377600
2009-09-25,2.111875057220459,2.1343750953674316,2.083750009536743,1.9231016635894775,414358400
2009-09-28,2.114375114440918,2.1812500953674316,2.1131250858306885,1.987777590751648,303800000
2009-09-29,2.179374933242798,2.2012500762939453,2.150624990463257,1.9763296842575073,404912000
2009-09-30,2.174375057220459,2.1781249046325684,2.103749990463257,1.9643096923828125,571089600
2009-10-01,2.1337499618530273,2.1337499618530273,2.036250114440918,1.866438627243042,578564800
2009-10-02,2.0,2.041874885559082,1.997499942779541,1.8492680788040161,491320000
2009-10-05,2.033750057220459,2.0893750190734863,2.0218749046325684,1.9013521671295166,382225600
2009-10-06,2.1081249713897705,2.161875009536743,2.1056249141693115,1.956297516822815,462142400
2009-10-07,2.1287500858306885,2.153125047683716,2.119999885559082,1.9683165550231934,366286400
2009-10-08,2.1812500953674316,2.2049999237060547,2.163749933242798,1.9992247819900513,416350400
2009-10-09,2.1831250190734863,2.2074999809265137,2.171875,2.0204010009765625,277209600
2009-10-12,2.228749990463257,2.2431249618530273,2.208750009536743,2.0392894744873047,238060800
2009-10-13,2.2143750190734863,2.224375009536743,2.1875,2.0318474769592285,308518400
2009-10-14,2.268125057220459,2.297499895095825,2.249375104904175,2.0993852615356445,393000000
2009-10-15,2.270625114440918,2.3087499141693115,2.268749952316284,2.1119771003723145,331956800
2009-10-16,2.2718749046325684,2.2906250953674316,2.246875047683716,2.082214832305908,422942400
2009-10-19,2.281874895095825,2.3262500762939453,2.268125057220459,2.1171281337738037,341246400
2009-10-20,2.3187499046325684,2.319999933242798,2.265000104904175,2.0965232849121094,366598400
2009-10-21,2.2793750762939453,2.333750009536743,2.2431249618530273,2.057030439376831,418147200
2009-10-22,2.2437500953674316,2.3062500953674316,2.215625047683716,2.0959513187408447,433270400
2009-10-23,2.306874990463257,2.309375047683716,2.221250057220459,2.0530245304107666,568136000
2009-10-26,2.244374990463257,2.2899999618530273,2.1787500381469727,2.006091594696045,588038400
2009-10-27,2.1962499618530273,2.210624933242798,2.1600000858306885,1.9872043132781982,614497600
2009-10-28,2.158750057220459,2.1731250286102295,2.086250066757202,1.9139435291290283,735529600
2009-10-29,2.1187500953674316,2.1856250762939453,2.109999895095825,1.9929277896881104,524916800
2009-10-30,2.1649999618530273,2.1756250858306885,2.046875,1.880173921585083,970713600
2009-11-02,2.073124885559082,2.124375104904175,2.03125,1.9065029621124268,837361600
2009-11-03,2.056874990463257,2.0999999046325684,2.049999952316284,1.9162325859069824,601336000
2009-11-04,2.1293749809265137,2.161250114440918,2.094374895095825,1.924818515777588,613766400
2009-11-05,2.1362500190734863,2.182499885559082,2.1262500286102295,1.9975072145462036,362982400
2009-11-06,2.156874895095825,2.2043750286102295,2.1493749618530273,2.0089545249938965,447657600
2009-11-09,2.2281250953674316,2.2950000762939453,2.224375009536743,2.101102828979492,310096000
2009-11-10,2.2831249237060547,2.309375047683716,2.2693750858306885,2.101102828979492,366795200
2009-11-11,2.325624942779541,2.346250057220459,2.296875,2.122279167175293,457742400
2009-11-12,2.3106250762939453,2.336250066757202,2.2593750953674316,2.079352378845215,470067200
2009-11-13,2.2831249237060547,2.315000057220459,2.2593750953674316,2.1022469997406006,369344000
2009-11-16,2.3268749713897705,2.3818750381469727,2.325000047683716,2.1629159450531006,373990400
2009-11-17,2.3499999046325684,2.369374990463257,2.3318750858306885,2.1674952507019043,323401600
2009-11-18,2.364375114440918,2.371875047683716,2.335624933242798,2.166350841522217,304929600
2009-11-19,2.3318750858306885,2.333750009536743,2.2743749618530273,2.1091153621673584,435446400
2009-11-20,2.278125047683716,2.3006250858306885,2.268749952316284,2.0959513187408447,288409600
2009-11-23,2.340625047683716,2.377500057220459,2.3350000381469727,2.150324821472168,361545600
2009-11-24,2.3506250381469727,2.3575000762939453,2.3112499713897705,2.152613401412964,318281600
2009-11-25,2.3581249713897705,2.3731250762939453,2.344374895095825,2.1674952507019043,215144000
2009-11-27,2.2412500381469727,2.322499990463257,2.2356250286102295,2.098241090774536,327657600
2009-11-30,2.2874999046325684,2.3143749237060547,2.2668750286102295,2.1119771003723145,395168000
2009-12-01,2.3475000858306885,2.378124952316284,2.338749885559082,2.160055160522461,304857600
2009-12-02,2.3606250286102295,2.393125057220459,2.346874952316284,2.1634883880615234,286870400
2009-12-03,2.3737499713897705,2.4000000953674316,2.319999933242798,2.12914776802063,381244800
2009-12-04,2.3862500190734863,2.4081249237060547,2.309375047683716,2.1520421504974365,611072000
2009-12-07,2.346874952316284,2.371875047683716,2.328125,2.1440281867980957,295017600
2009-12-08,2.3106250762939453,2.318125009536743,2.2768750190734863,2.0993852615356445,350894400
2009-12-09,2.2899999618530273,2.315000057220459,2.266249895095825,2.1125497817993164,367968000
2009-12-10,2.3368749618530273,2.354374885559082,2.3262500762939453,2.1365883350372314,280844800
2009-12-11,2.353749990463257,2.3637499809265137,2.3324999809265137,2.156620502471924,259000000
2009-12-14,2.385624885559082,2.390625,2.364375114440918,2.184666156768799,199942400
2009-12-15,2.3687500953674316,2.387500047683716,2.3481249809265137,2.1640617847442627,206608000
2009-12-16,2.383125066757202,2.3968749046325684,2.359999895095825,2.171501636505127,241744000
2009-12-17,2.336250066757202,2.3450000286102295,2.309375047683716,2.119417667388916,269662400
2009-12-18,2.338749885559082,2.343125104904175,2.299999952316284,2.1423115730285645,256832000
2009-12-21,2.362499952316284,2.4018750190734863,2.362499952316284,2.182948112487793,195284800
2009-12-22,2.3975000381469727,2.4131250381469727,2.390625,2.2006914615631104,172755200
2009-12-23,2.414375066757202,2.419374942779541,2.393125057220459,2.210367441177368,147361600
2009-12-24,2.4237499237060547,2.440624952316284,2.422499895095825,2.2344117164611816,52748800
2009-12-28,2.4543750286102295,2.4568750858306885,2.4281249046325684,2.240708351135254,104827200
2009-12-29,2.455625057220459,2.4574999809265137,2.4375,2.2361292839050293,112488000
2009-12-30,2.422499895095825,2.440624952316284,2.4206249713897705,2.2304036617279053,113265600
2009-12-31,2.4468750953674316,2.4468750953674316,2.388124942779541,2.1891849040985107,135121600
2010-01-04,2.4287500381469727,2.471874952316284,2.4287500381469727,2.2596006393432617,175697600
2010-01-05,2.4668750762939453,2.484375,2.444999933242798,2.2744853496551514,155121600
2010-01-06,2.4774999618530273,2.497499942779541,2.4731249809265137,2.2762022018432617,169998400
2010-01-07,2.476875066757202,2.5118749141693115,2.4625000953674316,2.2950949668884277,182819200
2010-01-08,2.492500066757202,2.5250000953674316,2.4825000762939453,2.311124563217163,164000000
2010-01-11,2.5456249713897705,2.5481250286102295,2.5087499618530273,2.3185670375823975,211537600
2010-01-12,2.4956250190734863,2.507499933242798,2.463749885559082,2.275057792663574,307198400
2010-01-13,2.494999885559082,2.538749933242798,2.4706249237060547,2.311697006225586,240659200
2010-01-14,2.5174999237060547,2.546875,2.515625,2.3248636722564697,165747200
2010-01-15,2.5293750762939453,2.5356249809265137,2.4625000953674316,2.2739126682281494,313502400
2010-01-19,2.4781250953674316,2.546250104904175,2.4781250953674316,2.330016851425171,194171200
2010-01-20,2.508125066757202,2.5093750953674316,2.4518749713897705,2.281355619430542,375145600
2010-01-21,2.4931249618530273,2.508125066757202,2.3893749713897705,2.1943366527557373,589192000
2010-01-22,2.375624895095825,2.3924999237060547,2.2850000858306885,2.0987319946289062,680384000
2010-01-25,2.331249952316284,2.338749885559082,2.297499895095825,2.11647891998291,354564800
2010-01-26,2.2931249141693115,2.340625047683716,2.28125,2.099304437637329,339297600
2010-01-27,2.2874999046325684,2.3243749141693115,2.2512500286102295,2.1193416118621826,566857600
2010-01-28,2.3299999237060547,2.3318750858306885,2.233750104904175,2.070680618286133,695964800
2010-01-29,2.280625104904175,2.311875104904175,2.2043750286102295,2.0248820781707764,601084800
2010-02-01,2.244374990463257,2.280625104904175,2.240000009536743,2.0867104530334473,376672000
2010-02-02,2.2881250381469727,2.344374895095825,2.2725000381469727,2.1382334232330322,368198400
2010-02-03,2.313124895095825,2.3368749618530273,2.2987499237060547,2.1176249980926514,331036800
2010-02-04,2.275624990463257,2.278749942779541,2.168750047683716,1.9882426261901855,755452800
2010-02-05,2.1762499809265137,2.188124895095825,2.093125104904175,1.998547911643982,904494400
2010-02-08,2.1787500381469727,2.2049999237060547,2.1424999237060547,1.9664890766143799,457404800
2010-02-09,2.197499990463257,2.237499952316284,2.161875009536743,2.0145771503448486,635508800
2010-02-10,2.1937499046325684,2.216249942779541,2.1543750762939453,2.0059897899627686,454240000
2010-02-11,2.184999942779541,2.241874933242798,2.1600000858306885,2.047208070755005,402220800
2010-02-12,2.1893749237060547,2.234375,2.1706249713897705,2.044346332550049,493745600
2010-02-16,2.2668750286102295,2.307499885559082,2.249375104904175,2.1090362071990967,261656000
2010-02-17,2.3243749141693115,2.331249952316284,2.3037500381469727,2.12907338142395,262382400
2010-02-18,2.317500114440918,2.361875057220459,2.315624952316284,2.1548361778259277,238908800
2010-02-19,2.3393750190734863,2.3812499046325684,2.3293750286102295,2.166285514831543,305593600
2010-02-22,2.3793749809265137,2.3812499046325684,2.349375009536743,2.1639952659606934,217683200
2010-02-23,2.3506250381469727,2.365000009536743,2.293750047683716,2.113044261932373,340708800
2010-02-24,2.3193750381469727,2.3550000190734863,2.307499885559082,2.149111032485962,255300800
2010-02-25,2.280625104904175,2.34375,2.268125057220459,2.145676612854004,394054400
2010-02-26,2.3450000286102295,2.359999895095825,2.317500114440918,2.148538112640381,227164800
2010-03-01,2.3637499809265137,2.398124933242798,2.362499952316284,2.1914751529693604,180302400
2010-03-02,2.414375066757202,2.430000066757202,2.3975000381469727,2.202352285385132,199028800
2010-03-03,2.419374942779541,2.4387500286102295,2.398750066757202,2.2075042724609375,220256000
2010-03-04,2.4181249141693115,2.4312500953674316,2.3993749618530273,2.219527006149292,177030400
2010-03-05,2.4568750858306885,2.4981250762939453,2.4443750381469727,2.2847900390625,200440000
2010-03-08,2.4956250190734863,2.5062499046325684,2.486875057220459,2.285362720489502,126064000
2010-03-09,2.478749990463257,2.526249885559082,2.4774999618530273,2.2922325134277344,214513600
2010-03-10,2.5062499046325684,2.538749933242798,2.5012500286102295,2.312269926071167,245814400
2010-03-11,2.515000104904175,2.547499895095825,2.497499942779541,2.3323073387145996,190611200
2010-03-12,2.5687499046325684,2.5693750381469727,2.5331249237060547,2.3323073387145996,216451200
2010-03-15,2.538749933242798,2.552500009536743,2.5093750953674316,2.3340229988098145,167905600
2010-03-16,2.5625,2.59375,2.5481250286102295,2.371234893798828,233480000
2010-03-17,2.6056249141693115,2.6362500190734863,2.6024999618530273,2.3992879390716553,172232000
2010-03-18,2.6212499141693115,2.627500057220459,2.596874952316284,2.396996259689331,156464000
2010-03-19,2.590625047683716,2.634999990463257,2.570625066757202,2.372952461242676,200758400
2010-03-22,2.5606250762939453,2.6268749237060547,2.557499885559082,2.396996259689331,163569600
2010-03-23,2.624375104904175,2.659374952316284,2.6081249713897705,2.4319190979003906,194536000
2010-03-24,2.625624895095825,2.6418750286102295,2.6081249713897705,2.4086432456970215,210091200
2010-03-25,2.655625104904175,2.6756250858306885,2.604374885559082,2.398298501968384,237980800
2010-03-26,2.6231250762939453,2.645625114440918,2.586250066757202,2.4005985260009766,229345600
2010-03-29,2.6343750953674316,2.6493749618530273,2.624375104904175,2.4258852005004883,164675200
2010-03-30,2.646250009536743,2.6624999046325684,2.6206250190734863,2.43048357963562,170462400
2010-03-31,2.621875047683716,2.648750066757202,2.6075000762939453,2.4143898487091064,198086400
2010-04-01,2.658750057220459,2.6812500953674316,2.630000114440918,2.4465744495391846,223744000
2010-04-05,2.681874990463257,2.708125114440918,2.666874885559082,2.4862301349639893,114694400
2010-04-06,2.6893749237060547,2.726875066757202,2.6831250190734863,2.4982995986938477,130380800
2010-04-07,2.705625057220459,2.719374895095825,2.661250114440918,2.471287727355957,234609600
2010-04-08,2.6681249141693115,2.713749885559082,2.6518750190734863,2.4862301349639893,208628800
2010-04-09,2.715625047683716,2.742500066757202,2.706249952316284,2.518989086151123,207384000
2010-04-12,2.7462499141693115,2.762500047683716,2.7406249046325684,2.528183698654175,173299200
2010-04-13,2.7437500953674316,2.7618749141693115,2.7143750190734863,2.532207727432251,188694400
2010-04-14,2.773124933242798,2.815000057220459,2.7643749713897705,2.5879554748535156,188384000
2010-04-15,2.8056249618530273,2.831249952316284,2.804374933242798,2.5931286811828613,166507200
2010-04-16,2.8006250858306885,2.809375047683716,2.702500104904175,2.5120925903320312,582284800
2010-04-19,2.713749885559082,2.755000114440918,2.6893749237060547,2.529907703399658,339075200
2010-04-20,2.7856249809265137,2.8037500381469727,2.7674999237060547,2.5730128288269043,188649600
2010-04-21,2.801875114440918,2.815000057220459,2.758125066757202,2.5632426738739014,250211200
2010-04-22,2.75,2.811875104904175,2.7174999713897705,2.5787603855133057,335443200
2010-04-23,2.8012499809265137,2.84375,2.7874999046325684,2.6109442710876465,243912000
2010-04-26,2.844374895095825,2.856250047683716,2.815000057220459,2.592552900314331,218092800
2010-04-27,2.7874999046325684,2.8168749809265137,2.676875114440918,2.471287727355957,552940800
2010-04-28,2.713749885559082,2.7412500381469727,2.6781249046325684,2.505769968032837,431100800
2010-04-29,2.7618749141693115,2.8062500953674316,2.7593750953674316,2.5672647953033447,222424000
2010-04-30,2.794374942779541,2.802500009536743,2.698124885559082,2.4822068214416504,350091200
2010-05-03,2.726249933242798,2.784374952316284,2.718125104904175,2.549449920654297,227897600
2010-05-04,2.708750009536743,2.708750009536743,2.612499952316284,2.4276087284088135,569996800
2010-05-05,2.5956249237060547,2.6518750190734863,2.569999933242798,2.3959991931915283,499790400
2010-05-06,2.5843749046325684,2.6162500381469727,2.1031250953674316,2.2356526851654053,987075200
2010-05-07,2.421250104904175,2.4700000286102295,2.2881250381469727,2.1712846755981445,864512000
2010-05-10,2.554374933242798,2.590625047683716,2.516249895095825,2.362091302871704,491921600
2010-05-11,2.521250009536743,2.621875047683716,2.5137500762939453,2.3477227687835693,410360000
2010-05-12,2.575624942779541,2.632499933242798,2.565624952316284,2.4143898487091064,310897600
2010-05-13,2.612499952316284,2.6362500190734863,2.5556249618530273,2.3546202182769775,346604800
2010-05-14,2.5225000381469727,2.53125,2.4237499237060547,2.270136833190918,561172800
2010-05-17,2.481874942779541,2.494999885559082,2.3762500286102295,2.2718608379364014,482307200
2010-05-18,2.5112500190734863,2.525624990463257,2.3868749141693115,2.2103655338287354,557113600
2010-05-19,2.375624895095825,2.418750047683716,2.3162500858306885,2.1856532096862793,706148800
2010-05-20,2.2743749618530273,2.2956249713897705,2.192500114440918,2.018409252166748,991745600
2010-05-21,2.130000114440918,2.270625114440918,2.117500066757202,2.0776054859161377,799622400
2010-05-24,2.234999895095825,2.270625114440918,2.197499990463257,2.024156093597412,478460800
2010-05-25,2.094374895095825,2.2074999809265137,2.065000057220459,2.028754234313965,773075200
2010-05-26,2.231874942779541,2.273124933242798,2.1656250953674316,2.0017433166503906,580707200
2010-05-27,2.262500047683716,2.325624942779541,2.2437500953674316,2.1379499435424805,406563200
2010-05-28,2.3193750381469727,2.320625066757202,2.244374990463257,2.082778215408325,506364800
2010-06-01,2.223750114440918,2.289375066757202,2.1831250190734863,2.012662887573242,472126400
2010-06-02,2.2118749618530273,2.3031249046325684,2.192500114440918,2.116112470626831,399776000
2010-06-03,2.317500114440918,2.333125114440918,2.273124933242798,2.135653495788574,375427200
2010-06-04,2.2306249141693115,2.2612500190734863,2.141249895095825,1.9868000745773315,652734400
2010-06-07,2.171875,2.1875,2.0981249809265137,1.9322028160095215,374614400
2010-06-08,2.1056249141693115,2.155625104904175,2.068125009536743,1.9724323749542236,641145600
2010-06-09,2.171875,2.213124990463257,2.1081249713897705,1.9523173570632935,452224000
2010-06-10,2.198124885559082,2.252500057220459,2.1893749237060547,2.068410873413086,427062400
2010-06-11,2.2068750858306885,2.273124933242798,2.2049999237060547,2.087376117706299,346097600
2010-06-14,2.305000066757202,2.3293750286102295,2.258125066757202,2.083353042602539,345632000
2010-06-15,2.294374942779541,2.3687500953674316,2.286875009536743,2.176457166671753,273830400
2010-06-16,2.341249942779541,2.383125066757202,2.3318750858306885,2.174159049987793,289275200
2010-06-17,2.3787500858306885,2.380000114440918,2.325000047683716,2.1804802417755127,324030400
2010-06-18,2.3812499046325684,2.393125057220459,2.3612499237060547,2.1845030784606934,174400000
2010-06-21,2.4356250762939453,2.4393749237060547,2.3368749618530273,2.172433376312256,361883200
2010-06-22,2.358750104904175,2.378124952316284,2.273124933242798,2.10107421875,370942400
2010-06-23,2.2825000286102295,2.299999952316284,2.234375,2.086674928665161,419774400
2010-06-24,2.2437500953674316,2.2487499713897705,2.1787500381469727,2.0187129974365234,449248000
2010-06-25,2.203125,2.2300000190734863,2.163749933242798,2.0365681648254395,346300800
2010-06-28,2.2143750190734863,2.226249933242798,2.1787500381469727,2.021016836166382,254216000
2010-06-29,2.133125066757202,2.1343750953674316,2.031874895095825,1.8983386754989624,558020800
2010-06-30,2.046250104904175,2.0850000381469727,2.005625009536743,1.85514235496521,368860800
2010-07-01,2.0168750286102295,2.028749942779541,1.9375,1.8470796346664429,589779200
2010-07-02,2.015625,2.0268750190734863,1.956874966621399,1.8234655857086182,380377600
2010-07-06,2.0350000858306885,2.0625,1.9668749570846558,1.8470796346664429,414516800
2010-07-07,2.013124942779541,2.135624885559082,2.0112500190734863,1.9634222984313965,348273600
2010-07-08,2.1656250953674316,2.177500009536743,2.1237499713897705,2.0014350414276123,343155200
2010-07-09,2.172499895095825,2.2049999237060547,2.1631250381469727,2.030808448791504,230024000
2010-07-12,2.190624952316284,2.216249942779541,2.171875,2.0354151725769043,226323200
2010-07-13,2.2537500858306885,2.291874885559082,2.244999885559082,2.0976192951202393,307208000
2010-07-14,2.259999990463257,2.291874885559082,2.241874933242798,2.0958902835845947,285574400
2010-07-15,2.2725000381469727,2.2906250953674316,2.2125000953674316,2.0976192951202393,350998400
2010-07-16,2.250624895095825,2.2537500858306885,2.141249895095825,1.980125069618225,441576000
2010-07-19,2.166249990463257,2.188124895095825,2.132499933242798,2.004890203475952,233272000
2010-07-20,2.116874933242798,2.226249933242798,2.115000009536743,2.047511577606201,283596800
2010-07-21,2.2462499141693115,2.2481250762939453,2.148124933242798,1.996251106262207,409868800
2010-07-22,2.216249942779541,2.280625104904175,2.215625047683716,2.084371566772461,334872000
2010-07-23,2.253124952316284,2.3081250190734863,2.2406249046325684,2.119504928588867,323480000
2010-07-26,2.3106250762939453,2.3550000190734863,2.296875,2.167884349822998,238483200
2010-07-27,2.375624895095825,2.380625009536743,2.331249952316284,2.1632769107818604,243528000
2010-07-28,2.3393750190734863,2.353749990463257,2.302500009536743,2.1362085342407227,199432000
2010-07-29,2.3475000858306885,2.359375,2.2593750953674316,2.1148972511291504,348688000
2010-07-30,2.249375104904175,2.3193750381469727,2.2412500381469727,2.116048812866211,319848000
2010-08-02,2.3662500381469727,2.405625104904175,2.3475000858306885,2.20877742767334,216532800
2010-08-03,2.3862500190734863,2.3993749618530273,2.359999895095825,2.1886186599731445,199336000
2010-08-04,2.388124942779541,2.4131250381469727,2.372499942779541,2.217416524887085,236025600
2010-08-05,2.3768749237060547,2.403749942779541,2.369374990463257,2.2133848667144775,182140800
2010-08-06,2.3531250953674316,2.390000104904175,2.319999933242798,2.1943790912628174,313729600
2010-08-09,2.4049999713897705,2.4156250953674316,2.3787500858306885,2.217992067337036,132430400
2010-08-10,2.367500066757202,2.40625,2.338124990463257,2.1949543952941895,277190400
2010-08-11,2.3081250190734863,2.3081250190734863,2.2437500953674316,2.0740041732788086,434321600
2010-08-12,2.182499885559082,2.2387499809265137,2.1806249618530273,2.0480878353118896,316886400
2010-08-13,2.2093749046325684,2.2362499237060547,2.2043750286102295,2.0348405838012695,231582400
2010-08-16,2.180000066757202,2.221250057220459,2.163749933242798,2.0348405838012695,220694400
2010-08-17,2.244999885559082,2.293750047683716,2.2325000762939453,2.0820674896240234,217736000
2010-08-18,2.2593750953674316,2.2931249141693115,2.233750104904175,2.0918593406677246,239969600
2010-08-19,2.2437500953674316,2.2568750381469727,2.172499895095825,2.0198652744293213,363449600
2010-08-20,2.176875114440918,2.1837499141693115,2.1443750858306885,2.0054662227630615,260920000
2010-08-23,2.1962499618530273,2.2174999713897705,2.1575000286102295,1.9910670518875122,221734400
2010-08-24,2.111875057220459,2.130000114440918,2.0737500190734863,1.9311676025390625,387553600
2010-08-25,2.0712499618530273,2.1262500286102295,2.0456249713897705,1.9444148540496826,372876800
2010-08-26,2.130000114440918,2.1362500190734863,2.0687499046325684,1.917921543121338,349740800
2010-08-27,2.1081249713897705,2.150624990463257,2.0456249713897705,1.9783971309661865,364707200
2010-08-30,2.135624885559082,2.148750066757202,2.0843749046325684,1.9219536781311035,272748800
2010-08-31,2.0687499046325684,2.1112499237060547,2.052500009536743,1.9202250242233276,408860800
2010-09-01,2.140625,2.2143750190734863,2.138124942779541,2.035991668701172,298230400
2010-09-02,2.2200000286102295,2.25,2.2100000381469727,2.073428153991699,200331200
2010-09-03,2.2950000762939453,2.313124895095825,2.2699999809265137,2.1281447410583496,306470400
2010-09-07,2.286250114440918,2.2925000190734863,2.253124952316284,2.080915689468384,229593600
2010-09-08,2.265000104904175,2.3062500953674316,2.2637500762939453,2.1079859733581543,228547200
2010-09-09,2.3399999141693115,2.341249942779541,2.297499895095825,2.128720283508301,164689600
2010-09-10,2.318125009536743,2.338124990463257,2.306874990463257,2.15118145942688,127939200
2010-09-13,2.378124952316284,2.393749952316284,2.359999895095825,2.1984105110168457,180273600
2010-09-14,2.375,2.4081249237060547,2.3575000762939453,2.1943790912628174,230504000
2010-09-15,2.366874933242798,2.4043750762939453,2.3531250953674316,2.211080312728882,184436800
2010-09-16,2.3843750953674316,2.400624990463257,2.3681249618530273,2.20935320854187,175339200
2010-09-17,2.422499895095825,2.4281249046325684,2.387500047683716,2.213961124420166,222804800
2010-09-20,2.4175000190734863,2.483750104904175,2.4049999713897705,2.2790439128875732,265888000
2010-09-21,2.4706249237060547,2.4931249618530273,2.436875104904175,2.2702624797821045,411166400
2010-09-22,2.4487500190734863,2.476249933242798,2.419374942779541,2.250044584274292,234540800
2010-09-23,2.391249895095825,2.442500114440918,2.3793749809265137,2.2107632160186768,255406400
2010-09-24,2.444999933242798,2.4931249618530273,2.4412500858306885,2.300302267074585,220070400
2010-09-27,2.491874933242798,2.4981250762939453,2.4625000953674316,2.280661106109619,163307200
2010-09-28,2.473750114440918,2.499375104904175,2.4206249713897705,2.2974140644073486,253873600
2010-09-29,2.471874952316284,2.494374990463257,2.455625057220459,2.28643798828125,227456000
2010-09-30,2.500624895095825,2.531874895095825,2.4375,2.274306058883667,396516800
2010-10-01,2.4962499141693115,2.502500057220459,2.4518749713897705,2.292792558670044,265196800
2010-10-04,2.4706249237060547,2.4912500381469727,2.419374942779541,2.257554292678833,242438400
2010-10-05,2.4887499809265137,2.5537500381469727,2.4825000762939453,2.349404811859131,260046400
2010-10-06,2.5406250953674316,2.554374933242798,2.521250009536743,2.3499817848205566,201291200
2010-10-07,2.563124895095825,2.5637500286102295,2.505000114440918,2.3442063331604004,193688000
2010-10-08,2.5431249141693115,2.577500104904175,2.523124933242798,2.3690459728240967,189328000
2010-10-11,2.572499990463257,2.5818750858306885,2.5506250858306885,2.374244213104248,125924800
2010-10-12,2.552500009536743,2.599375009536743,2.5243749618530273,2.388686180114746,195905600
2010-10-13,2.612499952316284,2.6518750190734863,2.601249933242798,2.4245028495788574,214041600
2010-10-14,2.6187500953674316,2.627500057220459,2.5712499618530273,2.40948224067688,264108800
2010-10-15,2.640625,2.643125057220459,2.573124885559082,2.416414499282837,316923200
2010-10-18,2.6156249046325684,2.65625,2.6056249141693115,2.441833257675171,147224000
2010-10-19,2.5899999141693115,2.619999885559082,2.538749933242798,2.373666763305664,367438400
2010-10-20,2.5793750286102295,2.6449999809265137,2.5768749713897705,2.4216132164001465,273556800
2010-10-21,2.643749952316284,2.6731250286102295,2.590625047683716,2.431433916091919,312859200
2010-10-22,2.6387500762939453,2.648750066757202,2.625624895095825,2.4424097537994385,148176000
2010-10-25,2.6762499809265137,2.703749895095825,2.6524999141693115,2.4539639949798584,212046400
2010-10-26,2.6293749809265137,2.6631250381469727,2.619374990463257,2.4551186561584473,232819200
2010-10-27,2.619374990463257,2.6475000381469727,2.5924999713897705,2.441833257675171,235308800
2010-10-28,2.6731250286102295,2.674999952316284,2.6181249618530273,2.445298433303833,254292800
2010-10-29,2.637500047683716,2.656874895095825,2.628124952316284,2.4464542865753174,174616000
2010-11-01,2.674375057220459,2.702500104904175,2.6187500953674316,2.448186159133911,256537600
2010-11-02,2.690000057220459,2.703125,2.6737499237060547,2.486314058303833,164056000
2010-11-03,2.6987500190734863,2.7149999141693115,2.6443750858306885,2.508265495300293,309132800
2010-11-04,2.7718749046325684,2.8187499046325684,2.765625,2.603003978729248,232376000
2010-11-05,2.819999933242798,2.846874952316284,2.813124895095825,2.6237995624542236,204358400
2010-11-08,2.8193750381469727,2.835624933242798,2.8012499809265137,2.615135431289673,212134400
2010-11-09,2.8424999713897705,2.8475000858306885,2.763124942779541,2.5752761363983154,237235200
2010-11-10,2.7850000858306885,2.8112499713897705,2.7431249618530273,2.596071481704712,305272000
2010-11-11,2.7593750953674316,2.7956249713897705,2.7437500953674316,2.575852870941162,207744000
2010-11-12,2.749375104904175,2.773750066757202,2.695625066757202,2.5146195888519287,338369600
2010-11-15,2.7381250858306885,2.7587499618530273,2.710624933242798,2.5071096420288086,229667200
2010-11-16,2.680000066757202,2.688124895095825,2.6031250953674316,2.4285471439361572,459060800
2010-11-17,2.630625009536743,2.6518750190734863,2.615000009536743,2.429123640060425,264761600
2010-11-18,2.6812500953674316,2.726875066757202,2.6806249618530273,2.5042216777801514,220392000
2010-11-19,2.703749895095825,2.7249999046325684,2.6756250858306885,2.516352415084839,192028800
2010-11-22,2.695625066757202,2.7200000286102295,2.6543750762939453,2.5128862857818604,293883200
2010-11-23,2.653125047683716,2.6649999618530273,2.6187500953674316,2.4400997161865234,323099200
2010-11-24,2.672499895095825,2.718125104904175,2.672499895095825,2.5117313861846924,174737600
2010-11-26,2.671250104904175,2.700000047683716,2.65625,2.457430124282837,95217600
2010-11-29,2.640625,2.6837499141693115,2.606874942779541,2.4689831733703613,258712000
2010-11-30,2.6181249618530273,2.6706249713897705,2.609999895095825,2.436633586883545,251211200
2010-12-01,2.715625047683716,2.7612500190734863,2.7143750190734863,2.542348623275757,276492800
2010-12-02,2.759999990463257,2.8262500762939453,2.758125066757202,2.6087803840637207,200433600
2010-12-03,2.8031249046325684,2.843125104904175,2.8012499809265137,2.6214892864227295,194249600
2010-12-06,2.825624942779541,2.844374895095825,2.8193750381469727,2.6157119274139404,139435200
2010-12-07,2.885624885559082,2.8893749713897705,2.8318750858306885,2.6197562217712402,307216000
2010-12-08,2.840625047683716,2.8606250286102295,2.8162500858306885,2.640552520751953,178478400
2010-12-09,2.888124942779541,2.8893749713897705,2.8499999046325684,2.6590383052825928,161865600
2010-12-10,2.8943750858306885,2.916874885559082,2.8762500286102295,2.6919655799865723,138492800
2010-12-13,2.936875104904175,2.945625066757202,2.9131250381469727,2.6931207180023193,172755200
2010-12-14,2.9237499237060547,2.9462499618530273,2.9024999141693115,2.6983203887939453,173684800
2010-12-15,2.908750057220459,2.932499885559082,2.8837499618530273,2.67521333694458,170310400
2010-12-16,2.9000000953674316,2.9306249618530273,2.8768749237060547,2.702942371368408,168257600
2010-12-17,2.921250104904175,2.940000057220459,2.9106249809265137,2.710452079772949,132019200
2010-12-20,2.948124885559082,2.960624933242798,2.9181249141693115,2.7214267253875732,130985600
2010-12-21,2.965625047683716,2.986875057220459,2.9593749046325684,2.7555110454559326,99227200
2010-12-22,2.9862499237060547,3.0037500858306885,2.984375,2.7734181880950928,72683200
2010-12-23,2.994999885559082,3.0012500286102295,2.9781250953674316,2.7670624256134033,65156800
2010-12-27,2.9706249237060547,3.000624895095825,2.966249942779541,2.77052903175354,64345600
2010-12-28,3.0062499046325684,3.008125066757202,2.9862499237060547,2.775729179382324,48704000
2010-12-29,3.0112500190734863,3.020625114440918,3.0062499046325684,2.779773712158203,49617600
2010-12-30,3.0012500286102295,3.0137500762939453,2.9887499809265137,2.7728397846221924,81976000
2010-12-31,2.986875057220459,3.0043749809265137,2.979374885559082,2.7763068675994873,63993600
2011-01-03,3.044374942779541,3.0868749618530273,3.0425000190734863,2.8294641971588135,141404800
2011-01-04,3.075000047683716,3.0762500762939453,3.0193750858306885,2.82542085647583,190265600
2011-01-05,3.0374999046325684,3.093125104904175,3.03125,2.854886531829834,159584000
2011-01-06,3.090625047683716,3.096874952316284,3.0587499141693115,2.844486713409424,146968000
2011-01-07,3.0850000381469727,3.0950000286102295,3.0168750286102295,2.8335087299346924,191270400
2011-01-10,3.0374999046325684,3.065000057220459,3.018749952316284,2.8259973526000977,181400000
2011-01-11,3.0793750286102295,3.093125104904175,3.055000066757202,2.8450653553009033,148750400
2011-01-12,3.1162500381469727,3.140625,3.104374885559082,2.897644281387329,152384000
2011-01-13,3.134999990463257,3.1387500762939453,3.1081249713897705,2.8912885189056396,151043200
2011-01-14,3.1156249046325684,3.1700000762939453,3.111875057220459,2.928267240524292,143531200
2011-01-18,3.1624999046325684,3.184999942779541,3.155625104904175,2.9398233890533447,117724800
2011-01-19,3.174375057220459,3.1781249046325684,3.0999999046325684,2.8814661502838135,231569600
2011-01-20,3.1024999618530273,3.122499942779541,3.061875104904175,2.874532699584961,250337600
2011-01-21,3.146250009536743,3.1606249809265137,3.115000009536743,2.88608717918396,184902400
2011-01-24,3.117500066757202,3.1649999618530273,3.116874933242798,2.9219110012054443,142377600
2011-01-25,3.140000104904175,3.1943750381469727,3.108750104904175,2.920755624771118,215134400
2011-01-26,3.1756250858306885,3.203125,3.163749933242798,2.9432897567749023,176643200
2011-01-27,3.1862499713897705,3.210624933242798,3.174999952316284,2.9600460529327393,126369600
2011-01-28,3.2068750858306885,3.2174999713897705,3.078125,2.8560423851013184,339209600
2011-01-31,3.106250047683716,3.140000104904175,3.090625047683716,2.8964881896972656,189600000
2011-02-01,3.1731250286102295,3.2462499141693115,3.169374942779541,2.991823673248291,205726400
2011-02-02,3.218125104904175,3.240000009536743,3.2149999141693115,2.9785356521606445,163278400
2011-02-03,3.211250066757202,3.2462499141693115,3.176875114440918,2.992403268814087,213539200
2011-02-04,3.240000009536743,3.257499933242798,3.2100000381469727,3.010314464569092,160782400
2011-02-07,3.270625114440918,3.3168749809265137,3.268749952316284,3.0478711128234863,146184000
2011-02-08,3.302500009536743,3.3293750286102295,3.283750057220459,3.0756051540374756,145012800
2011-02-09,3.307499885559082,3.328749895095825,3.278125047683716,3.0594265460968018,214776000
2011-02-10,3.2768750190734863,3.320625066757202,3.262500047683716,3.063471555709839,213355200
2011-02-11,3.2874999046325684,3.3612499237060547,3.2850000858306885,3.099294900894165,199236800
2011-02-14,3.3481249809265137,3.3731250762939453,3.341249942779541,3.1137397289276123,106891200
2011-02-15,3.3475000858306885,3.3575000762939453,3.3299999237060547,3.0969834327697754,130166400
2011-02-16,3.369999885559082,3.3975000381469727,3.356250047683716,3.1316516399383545,188022400
2011-02-17,3.3687500953674316,3.4175000190734863,3.3631250858306885,3.152452230453491,159531200
2011-02-18,3.413749933242798,3.4306249618530273,3.398750066757202,3.165163516998291,169851200
2011-02-22,3.3499999046325684,3.3887500762939453,3.2674999237060547,3.038626194000244,288873600
2011-02-23,3.28125,3.296875,3.203125,2.99875807762146,303710400
2011-02-24,3.237499952316284,3.265625,3.1787500381469727,2.9970247745513916,319246400
2011-02-25,3.268125057220459,3.3137500286102295,3.2637500762939453,3.0594265460968018,175993600
2011-02-28,3.333750009536743,3.358750104904175,3.3125,3.0975611209869385,176374400
2011-03-01,3.3706250190734863,3.3768749237060547,3.237499952316284,2.9929802417755127,317715200
2011-03-02,3.229374885559082,3.2825000286102295,3.221250057220459,3.0056915283203125,272356800
2011-03-03,3.3106250762939453,3.3712499141693115,3.3106250762939453,3.10853910446167,202657600
2011-03-04,3.359375,3.365000009536743,3.2699999809265137,3.0640480518341064,284171200
2011-03-07,3.333750009536743,3.3481249809265137,3.226249933242798,3.0143589973449707,293347200
2011-03-08,3.2718749046325684,3.338124990463257,3.242500066757202,3.0657827854156494,180321600
2011-03-09,3.3031249046325684,3.328125,3.268125057220459,3.0582706928253174,223936000
2011-03-10,3.2387499809265137,3.239375114440918,3.1787500381469727,2.9450230598449707,353790400
2011-03-11,3.1649999618530273,3.2518749237060547,3.1649999618530273,2.98604679107666,260008000
2011-03-14,3.188124895095825,3.221250057220459,3.1418750286102295,2.950223922729492,280032000
2011-03-15,3.0199999809265137,3.1543750762939453,3.016249895095825,2.8843541145324707,452635200
2011-03-16,3.096874952316284,3.117500066757202,2.958750009536743,2.7751519680023193,658316800
2011-03-17,3.0868749618530273,3.104374885559082,3.043750047683716,2.844486713409424,306960000
2011-03-18,3.1543750762939453,3.155625104904175,3.090625047683716,2.8675994873046875,270571200
2011-03-21,3.180000066757202,3.218125104904175,3.171250104904175,2.9554240703582764,191294400
2011-03-22,3.1962499618530273,3.2043750286102295,3.169374942779541,2.9346234798431396,163616000
2011-03-23,3.1493749618530273,3.202500104904175,3.1206250190734863,2.9534478187561035,179620800
2011-03-24,3.2249999046325684,3.2562499046325684,3.186875104904175,3.008474111557007,189868800
2011-03-25,3.263124942779541,3.2950000762939453,3.25,3.027588129043579,173561600
2011-03-28,3.28125,3.2981250286102295,3.249375104904175,3.013108253479004,137857600
2011-03-29,3.244999885559082,3.296250104904175,3.224375009536743,3.0548126697540283,138512000
2011-03-30,3.3268749713897705,3.3581249713897705,3.3193750381469727,3.0930397510528564,148966400
2011-03-31,3.330625057220459,3.348750114440918,3.3237500190734863,3.085510015487671,168427200
2011-04-01,3.372499942779541,3.3893749713897705,3.343125104904175,3.110417604446411,195604800
2011-04-04,3.3731250762939453,3.3843750953674316,3.3450000286102295,3.1179463863372803,142470400
2011-04-05,3.3499999046325684,3.3918750286102295,3.3475000858306885,3.116209030151367,163019200
2011-04-06,3.3949999809265137,3.400624990463257,3.356874942779541,3.134164810180664,174299200
2011-04-07,3.3706250190734863,3.3975000381469727,3.333125114440918,3.1220011711120605,229652800
2011-04-08,3.3949999809265137,3.4000000953674316,3.315624952316284,3.097095251083374,206979200
2011-04-11,3.3506250381469727,3.371875047683716,3.3062500953674316,3.0802977085113525,165297600
2011-04-12,3.283750057220459,3.297499895095825,3.2487499713897705,3.032801389694214,218268800
2011-04-13,3.302500009536743,3.3081250190734863,3.246875047683716,3.031064510345459,208512000
2011-04-14,3.234375,3.286250114440918,3.2125000953674316,3.0362768173217773,204168000
2011-04-15,3.2881250381469727,3.3162500858306885,3.2693750858306885,3.0606045722961426,156012800
2011-04-18,3.228749990463257,3.2387499809265137,3.1737499237060547,2.9887804985046387,285249600
2011-04-19,3.2356250286102295,3.265000104904175,3.2200000286102295,3.0223755836486816,147398400
2011-04-20,3.341249942779541,3.3656249046325684,3.336250066757202,3.105203866958618,194500800
2011-04-21,3.3862500190734863,3.3887500762939453,3.3499999046325684,3.1359031200408936,120590400
2011-04-25,3.380625009536743,3.3887500762939453,3.356874942779541,3.1330063343048096,87179200
2011-04-26,3.3993749618530273,3.4493749141693115,3.3918750286102295,3.1857151985168457,140793600
2011-04-27,3.450624942779541,3.4912500381469727,3.421875,3.2262613773345947,160291200
2011-04-28,3.469374895095825,3.5143749713897705,3.468125104904175,3.250009775161743,156585600
2011-04-29,3.505625009536743,3.5274999141693115,3.4981250762939453,3.262751579284668,135324800
2011-05-02,3.554374933242798,3.5587499141693115,3.494999885559082,3.2540640830993652,242224000
2011-05-03,3.4962499141693115,3.507499933242798,3.448124885559082,3.2274186611175537,205774400
2011-05-04,3.481874942779541,3.483750104904175,3.406874895095825,3.1845574378967285,239316800
2011-05-05,3.3993749618530273,3.443125009536743,3.344374895095825,3.1289525032043457,339705600
2011-05-06,3.440624952316284,3.476249933242798,3.378124952316284,3.15443754196167,275672000
2011-05-09,3.405625104904175,3.4512500762939453,3.393749952316284,3.1799232959747314,110262400
2011-05-10,3.453749895095825,3.5018749237060547,3.4462499618530273,3.2349483966827393,115387200
2011-05-11,3.4781250953674316,3.479374885559082,3.3843750953674316,3.168339967727661,212412800
2011-05-12,3.398750066757202,3.4625000953674316,3.3631250858306885,3.196141481399536,188123200
2011-05-13,3.452500104904175,3.461250066757202,3.3712499141693115,3.1463284492492676,182833600
2011-05-16,3.3712499141693115,3.422499895095825,3.340625047683716,3.105783462524414,174238400
2011-05-17,3.3268749713897705,3.359375,3.297499895095825,3.1063616275787354,223676800
2011-05-18,3.3550000190734863,3.4175000190734863,3.3399999141693115,3.1596505641937256,164582400
2011-05-19,3.4331250190734863,3.4437499046325684,3.3893749713897705,3.1752896308898926,155744000
2011-05-20,3.409374952316284,3.4181249141693115,3.359375,3.126633882522583,213913600
2011-05-23,3.2881250381469727,3.3137500286102295,3.270625114440918,3.0530741214752197,209204800
2011-05-24,3.313124895095825,3.3262500762939453,3.2750000953674316,3.048440456390381,152008000
2011-05-25,3.2618749141693115,3.3368749618530273,3.2593750953674316,3.0663957595825195,170624000
2011-05-26,3.2906250953674316,3.351249933242798,3.278125047683716,3.093620538711548,181374400
2011-05-27,3.3575000762939453,3.382499933242798,3.348750114440918,3.1173672676086426,132185600
2011-05-31,3.427500009536743,3.436875104904175,3.3818750381469727,3.185135841369629,160278400
2011-06-01,3.4149999618530273,3.419374942779541,3.2750000953674316,3.039172887802124,291016000
2011-06-02,3.2856249809265137,3.2981250286102295,3.234375,3.033379316329956,233888000
2011-06-03,3.1943750381469727,3.257499933242798,3.1918749809265137,2.973719835281372,251859200
2011-06-06,3.192500114440918,3.2043750286102295,3.1318750381469727,2.9111649990081787,202292800
2011-06-07,3.169374942779541,3.1893749237060547,3.130625009536743,2.905372381210327,167752000
2011-06-08,3.125624895095825,3.145625114440918,3.096874952316284,2.8810458183288574,222860800
2011-06-09,3.125624895095825,3.1806249618530273,3.1106250286102295,2.9244866371154785,153216000
2011-06-10,3.1287500858306885,3.132499933242798,3.051875114440918,2.8439748287200928,249924800
2011-06-13,3.081249952316284,3.0981249809265137,3.041249990463257,2.84629225730896,197649600
2011-06-14,3.128124952316284,3.172499895095825,3.1268749237060547,2.91927433013916,192006400
2011-06-15,3.0981249809265137,3.117500066757202,3.0225000381469727,2.8167521953582764,309283200
2011-06-16,3.0431249141693115,3.083750009536743,3.005000114440918,2.827176809310913,290198400
2011-06-17,3.1112499237060547,3.112499952316284,3.0487499237060547,2.8457136154174805,215512000
2011-06-20,3.049999952316284,3.1137499809265137,3.047499895095825,2.8740944862365723,159465600
2011-06-21,3.133125066757202,3.198124885559082,3.124375104904175,2.950551748275757,213097600
2011-06-22,3.163749933242798,3.2012500762939453,3.141249895095825,2.916466236114502,186880000
2011-06-23,3.0712499618530273,3.130000114440918,3.023124933242798,2.901973247528076,391241600
2011-06-24,3.125624895095825,3.130000114440918,3.0456249713897705,2.834148645401001,303539200
2011-06-27,3.0587499141693115,3.132499933242798,3.046875,2.879944324493408,189996800
2011-06-28,3.1318750381469727,3.1887500286102295,3.124375104904175,2.9570446014404297,169884800
2011-06-29,3.215625047683716,3.253124952316284,3.193125009536743,3.010955572128296,248579200
2011-06-30,3.2637500762939453,3.315000057220459,3.2562499046325684,3.066027879714966,188305600
2011-07-01,3.3056249618530273,3.4106249809265137,3.2950000762939453,3.156460762023926,205164800
2011-07-05,3.3943750858306885,3.4106249809265137,3.375624895095825,3.1512439250946045,156168000
2011-07-06,3.380000114440918,3.4131250381469727,3.3612499237060547,3.155880928039551,166113600
2011-07-07,3.4643750190734863,3.492500066757202,3.4512500762939453,3.227184295654297,144566400
2011-07-08,3.3968749046325684,3.4281249046325684,3.374375104904175,3.1790688037872314,210073600
2011-07-11,3.3424999713897705,3.3637499809265137,3.2874999046325684,3.0654489994049072,222544000
2011-07-12,3.288749933242798,3.3424999713897705,3.271250009536743,3.0364630222320557,231537600
2011-07-13,3.3087499141693115,3.3637499809265137,3.2793750762939453,3.056173801422119,223297600
2011-07-14,3.3112499713897705,3.3418750762939453,3.237499952316284,3.016173839569092,299588800
2011-07-15,3.286250114440918,3.296250104904175,3.242500066757202,3.0492169857025146,234011200
2011-07-18,3.2562499046325684,3.265625,3.184999942779541,2.9976227283477783,261809600
2011-07-19,3.268749952316284,3.3450000286102295,3.2674999237060547,3.094433546066284,187211200
2011-07-20,3.353749990463257,3.359375,3.322499990463257,3.0915346145629883,147574400
2011-07-21,3.3706250190734863,3.442500114440918,3.3581249713897705,3.177330255508423,195611200
2011-07-22,3.4287500381469727,3.438124895095825,3.3887500762939453,3.1813876628875732,139716800
2011-07-25,3.3656249046325684,3.4262499809265137,3.3581249713897705,3.1477651596069336,142270400
2011-07-26,3.387500047683716,3.398750066757202,3.351875066757202,3.1239984035491943,158081600
2011-07-27,3.3299999237060547,3.3299999237060547,3.2206249237060547,2.996464490890503,319408000
2011-07-28,3.229374885559082,3.286250114440918,3.200000047683716,2.97733473777771,221011200
2011-07-29,3.145625114440918,3.226249933242798,3.117500066757202,2.9367551803588867,315608000
2011-08-01,3.2406249046325684,3.2456250190734863,3.078125,2.9089300632476807,394790400
2011-08-02,3.0918750762939453,3.125,2.976875066757202,2.761106252670288,403363200
2011-08-03,2.986875057220459,3.0168750286102295,2.8843750953674316,2.792410373687744,456107200
2011-08-04,2.927500009536743,2.9362499713897705,2.71875,2.5292272567749023,680265600
2011-08-05,2.7956249713897705,2.809375047683716,2.5743749141693115,2.5176327228546143,795868800
2011-08-08,2.575624942779541,2.640000104904175,2.3575000762939453,2.1941611766815186,879371200
2011-08-09,2.4412500858306885,2.588124990463257,2.278749942779541,2.398793935775757,657702400
2011-08-10,2.484375,2.5299999713897705,2.3393750190734863,2.177349328994751,823742400
2011-08-11,2.3943750858306885,2.632499933242798,2.377500057220459,2.379084587097168,613078400
2011-08-12,2.6131250858306885,2.648124933242798,2.563124895095825,2.412708044052124,421241600
2011-08-15,2.646250009536743,2.7143750190734863,2.6387500762939453,2.5135743618011475,264252800
2011-08-16,2.6581249237060547,2.713124990463257,2.6056249141693115,2.471257448196411,356408000
2011-08-17,2.692500114440918,2.734999895095825,2.625,2.4741551876068115,306566400
2011-08-18,2.526249885559082,2.531874895095825,2.387500047683716,2.259087324142456,452953600
2011-08-19,2.3712499141693115,2.494374990463257,2.3499999046325684,2.187204122543335,349593600
2011-08-22,2.4625000953674316,2.463749885559082,2.346874952316284,2.1877849102020264,467718400
2011-08-23,2.3787500858306885,2.5193750858306885,2.353749990463257,2.3344483375549316,421713600
2011-08-24,2.505000114440918,2.5924999713897705,2.4931249618530273,2.396474838256836,464188800
2011-08-25,2.615000009536743,2.6443750858306885,2.4887499809265137,2.3263323307037354,496174400
2011-08-26,2.481250047683716,2.6024999618530273,2.4018750190734863,2.3929975032806396,439764800
2011-08-29,2.648750066757202,2.731874942779541,2.645625114440918,2.530965805053711,258182400
2011-08-30,2.7049999237060547,2.7774999141693115,2.6649999618530273,2.540241241455078,385892800
2011-08-31,2.7774999141693115,2.825000047683716,2.7256250381469727,2.5605297088623047,450916800
2011-09-01,2.770625114440918,2.8193750381469727,2.7018749713897705,2.5141539573669434,351475200
2011-09-02,2.596874952316284,2.625,2.5512499809265137,2.3819830417633057,347036800
2011-09-06,2.419374942779541,2.5399999618530273,2.419374942779541,2.348360776901245,357377600
2011-09-07,2.608750104904175,2.677500009536743,2.5918750762939453,2.481111764907837,232764800
2011-09-08,2.6418750286102295,2.703749895095825,2.606874942779541,2.4283580780029297,317635200
2011-09-09,2.559375047683716,2.578125,2.453125,2.3002467155456543,480844800
2011-09-12,2.419374942779541,2.5174999237060547,2.401249885559082,2.332709550857544,425276800
2011-09-13,2.5299999713897705,2.5793750286102295,2.4937500953674316,2.3744466304779053,372268800
2011-09-14,2.5850000381469727,2.6918749809265137,2.515000104904175,2.438793182373047,406443200
2011-09-15,2.6856250762939453,2.7231249809265137,2.640000104904175,2.5234289169311523,330536000
2011-09-16,2.742500066757202,2.7743749618530273,2.700000047683716,2.5547337532043457,310480000
2011-09-19,2.6631250381469727,2.726875066757202,2.6268749237060547,2.5031399726867676,382321600
2011-09-20,2.7225000858306885,2.7743749618530273,2.6856250762939453,2.497922897338867,296329600
2011-09-21,2.690624952316284,2.706249952316284,2.521250009536743,2.3430192470550537,421232000
2011-09-22,2.3818750381469727,2.4237499237060547,2.299375057220459,2.197814702987671,791020800
2011-09-23,2.3368749618530273,2.4206249713897705,2.330625057220459,2.218143939971924,492321600
2011-09-26,2.440000057220459,2.5137500762939453,2.369999885559082,2.3290791511535645,417180800
2011-09-27,2.606250047683716,2.6500000953674316,2.5331249237060547,2.3813529014587402,359094400
2011-09-28,2.5737500190734863,2.604374885559082,2.4512500762939453,2.282033920288086,386668800
2011-09-29,2.5399999618530273,2.5643749237060547,2.4075000286102295,2.3203675746917725,440768000
2011-09-30,2.4287500381469727,2.4725000858306885,2.3687500953674316,2.2053654193878174,433468800
2011-10-03,2.344374895095825,2.4049999713897705,2.233750104904175,2.0804901123046875,634704000
2011-10-04,2.172499895095825,2.344374895095825,2.135624885559082,2.1623852252960205,745600000
2011-10-05,2.3450000286102295,2.4331250190734863,2.3031249046325684,2.250669479370117,451316800
2011-10-06,2.418750047683716,2.515000104904175,2.382499933242798,2.3314034938812256,421459200
2011-10-07,2.5381250381469727,2.5406250953674316,2.4468750953674316,2.3023622035980225,436240000
2011-10-10,2.5581250190734863,2.6418750286102295,2.5581250190734863,2.4539554119110107,206043200
2011-10-11,2.608750104904175,2.6606249809265137,2.604374885559082,2.4562792778015137,269246400
2011-10-12,2.6875,2.753124952316284,2.6737499237060547,2.500420093536377,281513600
2011-10-13,2.6600000858306885,2.697499990463257,2.6187500953674316,2.4911272525787354,255019200
2011-10-14,2.744999885559082,2.7750000953674316,2.713749885559082,2.577669858932495,251899200
2011-10-17,2.7462499141693115,2.750624895095825,2.653749942779541,2.478930711746216,280611200
2011-10-18,2.663749933242798,2.811875104904175,2.621875047683716,2.577089309692383,399539200
2011-10-19,2.762500047683716,2.7931249141693115,2.6875,2.513200044631958,297131200
2011-10-20,2.719374895095825,2.7487499713897705,2.6468749046325684,2.534108877182007,343380800
2011-10-21,2.793750047683716,2.8393750190734863,2.7768750190734863,2.6293628215789795,246612800
2011-10-24,2.8399999141693115,2.916874885559082,2.8368749618530273,2.696157217025757,272555200
2011-10-25,2.875624895095825,2.8768749237060547,2.7774999141693115,2.593932628631592,289137600
2011-10-26,2.849375009536743,2.867500066757202,2.7518749237060547,2.645045042037964,381025600
2011-10-27,2.9987499713897705,3.0799999237060547,2.952500104904175,2.8274214267730713,343633600
2011-10-28,3.0168750286102295,3.055000066757202,3.005000114440918,2.8274214267730713,194736000
2011-10-31,2.974375009536743,2.979374885559082,2.8893749713897705,2.6862826347351074,279411200
2011-11-01,2.736875057220459,2.8037500381469727,2.713124990463257,2.541659116744995,576875200
2011-11-02,2.817500114440918,2.8418750762939453,2.7693750858306885,2.6223928928375244,306356800
2011-11-03,2.8837499618530273,2.936875104904175,2.805000066757202,2.718809127807617,339708800
2011-11-04,2.8793749809265137,2.9000000953674316,2.822499990463257,2.683959722518921,266824000
2011-11-07,2.8862500190734863,2.9312500953674316,2.8318750858306885,2.7182281017303467,251299200
2011-11-08,2.955625057220459,3.0068750381469727,2.900624990463257,2.7873449325561523,289412800
2011-11-09,2.861875057220459,2.888124942779541,2.766249895095825,2.5799927711486816,419308800
2011-11-10,2.8524999618530273,2.858750104904175,2.7725000381469727,2.628782033920288,304590400
2011-11-11,2.9000000953674316,2.952500104904175,2.898124933242798,2.7310054302215576,200288000
2011-11-14,2.916249990463257,2.9237499237060547,2.8575000762939453,2.6781516075134277,220012800
2011-11-15,2.8706250190734863,2.9412500858306885,2.8481249809265137,2.7066116333007812,221617600
2011-11-16,2.8524999618530273,2.922499895095825,2.809375047683716,2.6218111515045166,285424000
2011-11-17,2.809375047683716,2.8218750953674316,2.6887500286102295,2.534108877182007,406937600
2011-11-18,2.7456250190734863,2.7562499046325684,2.6993749141693115,2.530042886734009,227003200
2011-11-21,2.6418750286102295,2.648124933242798,2.573124885559082,2.4330453872680664,295294400
2011-11-22,2.606874942779541,2.6368749141693115,2.567500114440918,2.4127180576324463,247009600
2011-11-23,2.547499895095825,2.5531249046325684,2.481874942779541,2.307589292526245,283552000
2011-11-25,2.474375009536743,2.5299999713897705,2.4700000286102295,2.295973062515259,115844800
2011-11-28,2.606250047683716,2.635624885559082,2.5768749713897705,2.4295618534088135,195572800
2011-11-29,2.6293749809265137,2.6656250953674316,2.6106250286102295,2.4429209232330322,208268800
2011-11-30,2.7799999713897705,2.8631250858306885,2.768749952316284,2.6444640159606934,245446400
2011-12-01,2.8399999141693115,2.8768749237060547,2.8212499618530273,2.6456258296966553,185470400
2011-12-02,2.898750066757202,2.916249990463257,2.8368749618530273,2.6421403884887695,192331200
2011-12-05,2.9306249618530273,2.9462499618530273,2.8681249618530273,2.698479652404785,215304000
2011-12-06,2.9024999141693115,2.9437499046325684,2.883125066757202,2.7002222537994385,178038400
2011-12-07,2.884999990463257,2.950000047683716,2.8456249237060547,2.71474289894104,218851200
2011-12-08,2.8887500762939453,2.900624990463257,2.783750057220459,2.6014833450317383,294044800
2011-12-09,2.8237500190734863,2.9075000286102295,2.818125009536743,2.6868629455566406,186281600
2011-12-12,2.841249942779541,2.8424999713897705,2.760624885559082,2.6078732013702393,239713600
2011-12-13,2.8375000953674316,2.869374990463257,2.7281250953674316,2.5619871616363525,244044800
2011-12-14,2.7331249713897705,2.753124952316284,2.6831250190734863,2.5056488513946533,256134400
2011-12-15,2.752500057220459,2.760624885559082,2.7074999809265137,2.5230724811553955,183406400
2011-12-16,2.750624895095825,2.7831249237060547,2.7100000381469727,2.5294618606567383,244412800
2011-12-19,2.7437500953674316,2.755000114440918,2.653125047683716,2.4771876335144043,218782400
2011-12-20,2.746875047683716,2.8343749046325684,2.746875047683716,2.6247167587280273,206830400
2011-12-21,2.8243749141693115,2.8450000286102295,2.7718749046325684,2.635751485824585,228140800
2011-12-22,2.8556249141693115,2.8918750286102295,2.844374895095825,2.685702323913574,169132800
2011-12-23,2.90625,2.9387500286102295,2.893125057220459,2.730375051498413,115552000
2011-12-27,2.926875114440918,2.9574999809265137,2.921875,2.733861207962036,89406400
2011-12-28,2.943125009536743,2.9437499046325684,2.859375,2.6682162284851074,143369600
2011-12-29,2.8843750953674316,2.929374933242798,2.880625009536743,2.715852975845337,113073600
2011-12-30,2.9200000762939453,2.932499885559082,2.898124933242798,2.6949386596679688,80804800
2012-01-03,2.9981250762939453,3.0274999141693115,2.9831249713897705,2.7780115604400635,227060800
2012-01-04,2.9725000858306885,3.0018749237060547,2.950000047683716,2.7849838733673096,137081600
2012-01-05,2.9649999141693115,3.021250009536743,2.936875104904175,2.8024120330810547,190955200
2012-01-06,3.0199999809265137,3.021250009536743,2.976875066757202,2.79079270362854,214761600
2012-01-09,3.009999990463257,3.018125057220459,2.9825000762939453,2.7977640628814697,148697600
2012-01-10,3.075624942779541,3.0868749618530273,3.054374933242798,2.846561908721924,158659200
2012-01-11,3.0431249141693115,3.0737500190734863,3.0331249237060547,2.850628614425659,168995200
2012-01-12,3.0818750858306885,3.0893750190734863,3.034374952316284,2.8628275394439697,163593600
2012-01-13,3.0381250381469727,3.059999942779541,2.994999885559082,2.84423828125,189438400
2012-01-17,3.106250047683716,3.117500066757202,3.0581250190734863,2.8523716926574707,138022400
2012-01-18,3.070625066757202,3.1424999237060547,3.059375047683716,2.916274070739746,157204800
2012-01-19,3.1600000858306885,3.1781249046325684,3.141249895095825,2.948806047439575,116251200
2012-01-20,3.161875009536743,3.176875114440918,3.146250009536743,2.9528720378875732,91806400
2012-01-23,3.1756250858306885,3.210624933242798,3.1493749618530273,2.955777406692505,125908800
2012-01-24,3.140625,3.174375057220459,3.130625009536743,2.9493870735168457,120691200
2012-01-25,3.1624999046325684,3.2406249046325684,3.1387500762939453,2.998185157775879,139676800
2012-01-26,3.2537500858306885,3.266249895095825,3.166874885559082,2.9668140411376953,160252800
2012-01-27,3.161875009536743,3.200624942779541,3.1575000286102295,2.9627485275268555,109976000
2012-01-30,3.1268749237060547,3.1706249713897705,3.1031250953674316,2.944739580154419,103176000
2012-01-31,3.1987500190734863,3.206249952316284,3.1337499618530273,2.9366061687469482,142784000
2012-02-01,3.2118749618530273,3.2512500286102295,3.203125,2.9888904094696045,184182400
2012-02-02,3.231874942779541,3.2462499141693115,3.2074999809265137,3.0010905265808105,98179200
2012-02-03,3.294374942779541,3.3237500190734863,3.2825000286102295,3.087648868560791,114032000
2012-02-06,3.293750047683716,3.318125009536743,3.2856249809265137,3.0830013751983643,92396800
2012-02-07,3.301875114440918,3.34375,3.276249885559082,3.0963621139526367,139091200
2012-02-08,3.3368749618530273,3.3531250953674316,3.3081250190734863,3.115532636642456,124256000
2012-02-09,3.3637499809265137,3.371875047683716,3.3212499618530273,3.123084545135498,128412800
2012-02-10,3.299999952316284,3.3162500858306885,3.2850000858306885,3.0806772708892822,144548800
2012-02-13,3.3575000762939453,3.367500066757202,3.3293750286102295,3.120180130004883,104694400
2012-02-14,3.341249942779541,3.3556249141693115,3.305000066757202,3.117856740951538,167579200
2012-02-15,3.374375104904175,3.3837499618530273,3.306874990463257,3.0870680809020996,148505600
2012-02-16,3.3212499618530273,3.398750066757202,3.309375047683716,3.1503899097442627,131864000
2012-02-17,3.418750047683716,3.419374942779541,3.3887500762939453,3.168977975845337,85395200
2012-02-21,3.4281249046325684,3.443125009536743,3.393749952316284,3.1747875213623047,83238400
2012-02-22,3.403125047683716,3.4181249141693115,3.380000114440918,3.15271258354187,121819200
2012-02-23,3.387500047683716,3.4262499809265137,3.365000009536743,3.1800167560577393,110761600
2012-02-24,3.4362499713897705,3.450000047683716,3.421875,3.1939585208892822,82985600
2012-02-27,3.391249895095825,3.4668750762939453,3.380000114440918,3.2079007625579834,116262400
2012-02-28,3.450624942779541,3.4731249809265137,3.436875104904175,3.2241666316986084,110897600
2012-02-29,3.4774999618530273,3.499375104904175,3.4256250858306885,3.184664249420166,151368000
2012-03-01,3.4543750286102295,3.490000009536743,3.4462499618530273,3.2340426445007324,211769600
2012-03-02,3.474375009536743,3.481250047683716,3.440000057220459,3.214291572570801,125121600
2012-03-05,3.445625066757202,3.4493749141693115,3.403749942779541,3.188730478286743,121203200
2012-03-06,3.356874942779541,3.3606250286102295,3.3062500953674316,3.0911331176757812,182198400
2012-03-07,3.3424999713897705,3.383125066757202,3.3343749046325684,3.1335418224334717,106342400
2012-03-08,3.4131250381469727,3.453125,3.398750066757202,3.1957013607025146,90812800
2012-03-09,3.453125,3.483750104904175,3.4437499046325684,3.219519853591919,87836800
2012-03-12,3.4643750190734863,3.4749999046325684,3.4418749809265137,3.2218446731567383,68648000
2012-03-13,3.5037500858306885,3.594374895095825,3.4912500381469727,3.3397724628448486,128480000
2012-03-14,3.59375,3.6112499237060547,3.561875104904175,3.3316400051116943,110035200
2012-03-15,3.5950000286102295,3.628124952316284,3.575624942779541,3.36649489402771,113720000
2012-03-16,3.637500047683716,3.643749952316284,3.6206250190734863,3.379856586456299,93548800
2012-03-19,3.6312499046325684,3.6862499713897705,3.625624895095825,3.4054181575775146,93116800
2012-03-20,3.6231250762939453,3.651249885559082,3.6006250381469727,3.3856656551361084,113115200
2012-03-21,3.635624885559082,3.6443750858306885,3.6075000762939453,3.372680902481079,88950400
2012-03-22,3.5668749809265137,3.5868749618530273,3.5456249713897705,3.324932336807251,155659200
2012-03-23,3.5762500762939453,3.5999999046325684,3.5356249809265137,3.346477746963501,102168000
2012-03-26,3.6418750286102295,3.6912500858306885,3.640000104904175,3.4390640258789062,90009600
2012-03-27,3.700000047683716,3.7043750286102295,3.6649999618530273,3.4186835289001465,110110400
2012-03-28,3.666249990463257,3.676875114440918,3.5893750190734863,3.3849101066589355,133246400
2012-03-29,3.590625047683716,3.630000114440918,3.5612499713897705,3.372098922729492,119238400
2012-03-30,3.656874895095825,3.6624999046325684,3.6112499237060547,3.3983025550842285,101344000
2012-04-02,3.640625,3.7225000858306885,3.6268749237060547,3.4477972984313965,92611200
2012-04-03,3.6918749809265137,3.7049999237060547,3.6293749809265137,3.4239237308502197,140358400
2012-04-04,3.615000009536743,3.625,3.573124885559082,3.34938907623291,183547200
2012-04-05,3.577500104904175,3.617500066757202,3.5693750381469727,3.3499717712402344,110593600
2012-04-09,3.5043749809265137,3.543750047683716,3.4956250190734863,3.277765989303589,108129600
2012-04-10,3.5,3.521250009536743,3.390000104904175,3.1630539894104004,231081600
2012-04-11,3.465625047683716,3.4781250953674316,3.4393749237060547,3.20963716506958,134977600
2012-04-12,3.458125114440918,3.546250104904175,3.453125,3.301640033721924,104822400
2012-04-13,3.525624990463257,3.526249885559082,3.450624942779541,3.2183709144592285,123891200
2012-04-16,3.4906249046325684,3.5012500286102295,3.429374933242798,3.2125484943389893,124769600
2012-04-17,3.4931249618530273,3.568125009536743,3.484375,3.3115391731262207,116206400
2012-04-18,3.5225000381469727,3.5537500381469727,3.518125057220459,3.288247585296631,111784000
2012-04-19,3.5299999713897705,3.557499885559082,3.4518749713897705,3.2498154640197754,183484800
2012-04-20,3.515625,3.5406250953674316,3.4931249618530273,3.257385492324829,103532800
2012-04-23,3.4231250286102295,3.443125009536743,3.3943750858306885,3.20032000541687,101596800
2012-04-24,3.4443750381469727,3.4806249141693115,3.4375,3.226524591445923,77417600
2012-04-25,3.53125,3.5606250762939453,3.5250000953674316,3.3173632621765137,102196800
2012-04-26,3.5431249141693115,3.6156249046325684,3.538749933242798,3.3610363006591797,93428800
2012-04-27,3.6287500858306885,3.6393749713897705,3.5893750190734863,3.3744282722473145,83291200
2012-04-30,3.604374885559082,3.609999895095825,3.572499990463257,3.3435652256011963,95643200
2012-05-01,3.5893750190734863,3.6837499141693115,3.5799999237060547,3.3854925632476807,170158400
2012-05-02,3.5924999713897705,3.6212499141693115,3.5693750381469727,3.366858720779419,94281600
2012-05-03,3.6162500381469727,3.6212499141693115,3.5456249713897705,3.3161981105804443,123187200
2012-05-04,3.520625114440918,3.528125047683716,3.440624952316284,3.209054946899414,123006400
2012-05-07,3.421250104904175,3.471874952316284,3.4175000190734863,3.2113842964172363,112366400
2012-05-08,3.4081249237060547,3.431874990463257,3.3393750190734863,3.1875100135803223,156769600
2012-05-09,3.3499999046325684,3.4237499237060547,3.317500114440918,3.147331476211548,176240000
2012-05-10,3.430000066757202,3.4356250762939453,3.3787500858306885,3.158977508544922,101454400
2012-05-11,3.3506250381469727,3.436875104904175,3.348750114440918,3.1420907974243164,91600000
2012-05-14,3.3081250190734863,3.344374895095825,3.288749933242798,3.0727975368499756,93827200
2012-05-15,3.293750047683716,3.3324999809265137,3.25,3.039605140686035,130110400
2012-05-16,3.2899999618530273,3.3193750381469727,3.234375,3.015148878097534,132697600
2012-05-17,3.237499952316284,3.244374990463257,3.135624885559082,2.9237287044525146,179228800
2012-05-18,3.163749933242798,3.174375057220459,3.075624942779541,2.871903419494629,145401600
2012-05-21,3.1050000190734863,3.193125009536743,3.094374895095825,2.9714772701263428,107035200
2012-05-22,3.208125114440918,3.2518749237060547,3.1606249809265137,2.9819586277008057,107713600
2012-05-23,3.156874895095825,3.2143750190734863,3.0950000286102295,2.987781047821045,143019200
2012-05-24,3.224375009536743,3.2325000762939453,3.163749933242798,2.999427080154419,106779200
2012-05-25,3.2143750190734863,3.2331249713897705,3.1812500953674316,2.977299451828003,93156800
2012-05-29,3.2512500286102295,3.284374952316284,3.2256250381469727,3.050668954849243,143168000
2012-05-30,3.219374895095825,3.221250057220459,3.1649999618530273,2.960996150970459,114900800
2012-05-31,3.1756250858306885,3.2125000953674316,3.109375,2.9633243083953857,187033600
2012-06-01,3.065000057220459,3.086250066757202,3.0043749809265137,2.7991154193878174,233464000
2012-06-04,3.015625,3.031874895095825,2.9568750858306885,2.7991154193878174,182803200
2012-06-05,2.989375114440918,3.0556249618530273,2.986875057220459,2.835801124572754,135368000
2012-06-06,3.0899999141693115,3.186875104904175,3.088124990463257,2.9674007892608643,137742400
2012-06-07,3.2568750381469727,3.2593750953674316,3.174375057220459,2.9674007892608643,173297600
2012-06-08,3.171875,3.239375114440918,3.150624990463257,3.017479181289673,118910400
2012-06-11,3.291249990463257,3.2950000762939453,3.1500000953674316,2.942361831665039,185150400
2012-06-12,3.174999952316284,3.231874942779541,3.143749952316284,3.009326934814453,145259200
2012-06-13,3.208750009536743,3.25,3.1649999618530273,2.9691476821899414,115969600
2012-06-14,3.1987500190734863,3.2799999713897705,3.1831250190734863,3.0308704376220703,125595200
2012-06-15,3.283750057220459,3.3262500762939453,3.271250009536743,3.0920121669769287,85281600
2012-06-18,3.2931249141693115,3.3506250381469727,3.2793750762939453,3.104822874069214,105436800
2012-06-19,3.369999885559082,3.4256250858306885,3.3606250286102295,3.1677117347717285,97652800
2012-06-20,3.3949999809265137,3.414375066757202,3.333125114440918,3.157102584838867,170457600
2012-06-21,3.3918750286102295,3.398124933242798,3.226249933242798,3.0142862796783447,172092800
2012-06-22,3.265625,3.293750047683716,3.2406249046325684,3.0556743144989014,80105600
2012-06-25,3.2125000953674316,3.2143750190734863,3.153125047683716,2.961240768432617,153940800
2012-06-26,3.1937499046325684,3.2274999618530273,3.1575000286102295,2.9909701347351074,114496000
2012-06-27,3.2281250953674316,3.2774999141693115,3.223750114440918,3.044598340988159,93808000
2012-06-28,3.221874952316284,3.2562499046325684,3.1737499237060547,3.028275966644287,132507200
2012-06-29,3.3662500381469727,3.4149999618530273,3.3481249809265137,3.1786704063415527,118001600
2012-07-02,3.426875114440918,3.4356250762939453,3.3787500858306885,3.197323799133301,214387200
2012-07-03,3.427500009536743,3.479374885559082,3.4206249713897705,3.24104380607605,50809600
2012-07-05,3.450000047683716,3.474375009536743,3.4175000190734863,3.2113142013549805,96912000
2012-07-06,3.3768749237060547,3.391249895095825,3.3450000286102295,3.1483590602874756,132294400
2012-07-09,3.372499942779541,3.380000114440918,3.3375000953674316,3.139031171798706,98422400
2012-07-10,3.403125047683716,3.413749933242798,3.286250114440918,3.0894832611083984,101097600
2012-07-11,3.3137500286102295,3.3318750858306885,3.2725000381469727,3.088900566101074,144920000
2012-07-12,3.270625114440918,3.306874990463257,3.2331249713897705,3.060338258743286,119969600
2012-07-13,3.296250104904175,3.3943750858306885,3.294374942779541,3.1541879177093506,90326400
2012-07-16,3.3712499141693115,3.3918750286102295,3.3456249237060547,3.1448607444763184,88160000
2012-07-17,3.400624990463257,3.431874990463257,3.328125,3.18683123588562,133569600
2012-07-18,3.4043750762939453,3.481874942779541,3.398124933242798,3.232882022857666,102188800
2012-07-19,3.483750104904175,3.5087499618530273,3.4600000381469727,3.249204158782959,100216000
2012-07-20,3.4462499618530273,3.4568750858306885,3.4149999618530273,3.1914939880371094,105691200
2012-07-23,3.3218750953674316,3.371875047683716,3.291249990463257,3.129122018814087,133867200
2012-07-24,3.359375,3.3606250286102295,3.2512500286102295,3.079573154449463,201086400
2012-07-25,3.309375047683716,3.3262500762939453,3.2618749141693115,3.073162078857422,169582400
2012-07-26,3.390625,3.418750047683716,3.359375,3.1705095767974854,142718400
2012-07-27,3.440624952316284,3.549999952316284,3.429374933242798,3.29408860206604,175227200
2012-07-30,3.523124933242798,3.5637500286102295,3.5093750953674316,3.2911739349365234,102625600
2012-07-31,3.5218749046325684,3.5399999618530273,3.4825000762939453,3.2591137886047363,114024000
2012-08-01,3.5299999713897705,3.5325000286102295,3.465625047683716,3.2416257858276367,113790400
2012-08-02,3.421875,3.473750114440918,3.3731250762939453,3.1979076862335205,120483200
2012-08-03,3.523750066757202,3.5768749713897705,3.5199999809265137,3.321486234664917,101176000
2012-08-06,3.581249952316284,3.603749990463257,3.572499990463257,3.333144187927246,51160000
2012-08-07,3.6056249141693115,3.6424999237060547,3.603749990463257,3.3652055263519287,56766400
2012-08-08,3.588749885559082,3.628124952316284,3.5850000381469727,3.375697612762451,46409600
2012-08-09,3.608750104904175,3.640625,3.6031250953674316,3.3832762241363525,65163200
2012-08-10,3.599375009536743,3.641249895095825,3.586250066757202,3.3931851387023926,63366400
2012-08-13,3.6268749237060547,3.6387500762939453,3.596874952316284,3.3931851387023926,57532800
2012-08-14,3.661875009536743,3.666874885559082,3.614375114440918,3.3902721405029297,65001600
2012-08-15,3.628124952316284,3.65625,3.6237499713897705,3.3937695026397705,64651200
2012-08-16,3.651249885559082,3.706249952316284,3.635624885559082,3.4468140602111816,66577600
2012-08-17,3.7100000381469727,3.713124990463257,3.690624952316284,3.457890272140503,76366400
2012-08-20,3.6968750953674316,3.7093749046325684,3.6756250858306885,3.457890272140503,56732800
2012-08-21,3.726249933242798,3.755000114440918,3.668750047683716,3.4351558685302734,80260800
2012-08-22,3.666874885559082,3.700000047683716,3.6493749618530273,3.4369049072265625,111806400
2012-08-23,3.6706249713897705,3.6706249713897705,3.6156249046325684,3.38269305229187,103294400
2012-08-24,3.609999895095825,3.686875104904175,3.604374885559082,3.4234976768493652,81752000
2012-08-27,3.690000057220459,3.700624942779541,3.661875009536743,3.4234976768493652,63462400
2012-08-28,3.653125047683716,3.688124895095825,3.643125057220459,3.419416904449463,70192000
2012-08-29,3.671250104904175,3.690624952316284,3.650624990463257,3.421748399734497,51753600
2012-08-30,3.637500047683716,3.640625,3.601875066757202,3.373948335647583,80752000
2012-08-31,3.658750057220459,3.6862499713897705,3.609999895095825,3.4095070362091064,111766400
2012-09-04,3.646250009536743,3.666874885559082,3.5975000858306885,3.3867733478546143,235824000
2012-09-05,3.648124933242798,3.666874885559082,3.6231250762939453,3.3908541202545166,89854400
2012-09-06,3.681874990463257,3.7850000858306885,3.6812500953674316,3.529006242752075,115846400
2012-09-07,3.7981250286102295,3.818125009536743,3.791249990463257,3.559901714324951,65300800
2012-09-10,3.807499885559082,3.8212499618530273,3.7693750858306885,3.517930507659912,68772800
2012-09-11,3.7768750190734863,3.8168749809265137,3.7743749618530273,3.536583662033081,51209600
2012-09-12,3.818125009536743,3.8262500762939453,3.7925000190734863,3.559901714324951,76976000
2012-09-13,3.818125009536743,3.958750009536743,3.8056249618530273,3.672405242919922,148091200
2012-09-14,3.9493749141693115,4.01687479019165,3.9437499046325684,3.699803352355957,155561600
2012-09-17,3.952500104904175,3.9668750762939453,3.922499895095825,3.6782350540161133,78129600
2012-09-18,3.9312500953674316,3.9462499618530273,3.916874885559082,3.6741538047790527,76614400
2012-09-19,3.944999933242798,3.966249942779541,3.924999952316284,3.6741538047790527,71972800
2012-09-20,3.9018750190734863,3.944999933242798,3.883125066757202,3.6759018898010254,90310400
2012-09-21,3.981874942779541,3.981874942779541,3.934999942779541,3.6700735092163086,79272000
2012-09-24,3.898750066757202,3.9437499046325684,3.8924999237060547,3.657832622528076,70531200
2012-09-25,3.9356250762939453,3.9487500190734863,3.8324999809265137,3.58996844291687,107176000
2012-09-26,3.833125114440918,3.8350000381469727,3.773124933242798,3.5432467460632324,101641600
2012-09-27,3.8237500190734863,3.8793749809265137,3.802500009536743,3.6109938621520996,65483200
2012-09-28,3.8318750858306885,3.8575000762939453,3.799999952316284,3.575368881225586,87411200
2012-10-01,3.856874942779541,3.9181249141693115,3.8293750286102295,3.5952253341674805,277371200
2012-10-02,3.878124952316284,3.8893749713897705,3.8187499046325684,3.6010656356811523,105164800
2012-10-03,3.874375104904175,3.903749942779541,3.8343749046325684,3.6302664279937744,77281600
2012-10-04,3.914375066757202,3.9518749713897705,3.9043750762939453,3.6874992847442627,69873600
2012-10-05,3.984375,3.9962499141693115,3.918750047683716,3.6828277111053467,74339200
2012-10-08,3.911875009536743,3.927500009536743,3.8968749046325684,3.657132148742676,40371200
2012-10-09,3.906874895095825,3.914375066757202,3.8343749046325684,3.5876331329345703,94233600
2012-10-10,3.836250066757202,3.8424999713897705,3.778125047683716,3.542079210281372,89028800
2012-10-11,3.8399999141693115,3.851249933242798,3.791874885559082,3.5432467460632324,69420800
2012-10-12,3.797499895095825,3.8218750953674316,3.750624895095825,3.52047061920166,62980800
2012-10-15,3.786250114440918,3.836250066757202,3.759999990463257,3.575368881225586,77612800
2012-10-16,3.8631250858306885,3.911875009536743,3.859999895095825,3.6483709812164307,77265600
2012-10-17,3.911875009536743,3.948124885559082,3.8993749618530273,3.684579610824585,76795200
2012-10-18,3.921250104904175,3.958750009536743,3.8949999809265137,3.6670594215393066,121656000
2012-10-19,3.905625104904175,3.90625,3.7725000381469727,3.5409111976623535,169302400
2012-10-22,3.778125047683716,3.805000066757202,3.731250047683716,3.542663097381592,133171200
2012-10-23,3.7100000381469727,3.719374895095825,3.6543750762939453,3.4439640045166016,180308800
2012-10-24,3.711250066757202,3.721250057220459,3.653125047683716,3.4264438152313232,95376000
2012-10-25,3.716249942779541,3.7306249141693115,3.6424999237060547,3.4422121047973633,113134400
2012-10-26,3.6787500381469727,3.7068750858306885,3.6312499046325684,3.4381237030029297,96097600
2012-10-31,3.7074999809265137,3.716249942779541,3.646250009536743,3.427028179168701,96246400
2012-11-01,3.697499990463257,3.7668750286102295,3.690624952316284,3.5117106437683105,248420800
2012-11-02,3.8012499809265137,3.8056249618530273,3.682499885559082,3.4474682807922363,112102400
2012-11-05,3.6781249046325684,3.7206249237060547,3.6575000286102295,3.462069272994995,75198400
2012-11-06,3.7274999618530273,3.791874885559082,3.7200000286102295,3.513463020324707,81668800
2012-11-07,3.695625066757202,3.695625066757202,3.557499885559082,3.358696699142456,172555200
2012-11-08,3.591249942779541,3.627500057220459,3.5018749237060547,3.273430824279785,129198400
2012-11-09,3.484375,3.5762500762939453,3.481250047683716,3.2798538208007812,136768000
2012-11-12,3.534374952316284,3.5450000762939453,3.5012500286102295,3.2851104736328125,52427200
2012-11-13,3.478749990463257,3.567500114440918,3.4706249237060547,3.26466965675354,86363200
2012-11-14,3.515000104904175,3.525624990463257,3.383125066757202,3.1758992671966553,204236800
2012-11-15,3.401249885559082,3.4256250858306885,3.359999895095825,3.1636345386505127,138320000
2012-11-16,3.396250009536743,3.4331250190734863,3.336250066757202,3.191667079925537,157548800
2012-11-19,3.4987499713897705,3.5587499141693115,3.4937500953674316,3.321319580078125,98468800
2012-11-20,3.5450000762939453,3.572499990463257,3.505000114440918,3.3294951915740967,74204800
2012-11-21,3.5668749809265137,3.580625057220459,3.5531249046325684,3.3411762714385986,73337600
2012-11-23,3.609999895095825,3.6731250286102295,3.6050000190734863,3.4299473762512207,52569600
2012-11-26,3.634999990463257,3.6606249809265137,3.6106250286102295,3.4200193881988525,89134400
2012-11-27,3.648750066757202,3.672499895095825,3.6131250858306885,3.387314796447754,111892800
2012-11-28,3.5875000953674316,3.6806249618530273,3.549375057220459,3.432283639907837,154185600
2012-11-29,3.7043750286102295,3.731250047683716,3.671875,3.4690768718719482,165892800
2012-11-30,3.7118749618530273,3.7256250381469727,3.686875104904175,3.459148406982422,108099200
2012-12-03,3.7481250762939453,3.752500057220459,3.669374942779541,3.432283639907837,121083200
2012-12-04,3.674999952316284,3.6962499618530273,3.643749952316284,3.422355890274048,144401600
2012-12-05,3.671250104904175,3.711250066757202,3.6181249618530273,3.4369544982910156,168772800
2012-12-06,3.6700000762939453,3.7049999237060547,3.659374952316284,3.455644369125366,136616000
2012-12-07,3.731874942779541,3.740000009536743,3.6862499713897705,3.4813411235809326,164104000
2012-12-10,3.7143750190734863,3.7456250190734863,3.711250066757202,3.483677625656128,111788800
2012-12-11,3.7593750953674316,3.8137500286102295,3.755000114440918,3.5298149585723877,138177600
2012-12-12,3.806874990463257,3.8368749618530273,3.7725000381469727,3.5333187580108643,164675200
2012-12-13,3.778749942779541,3.799375057220459,3.7168750762939453,3.4947736263275146,152003200
2012-12-14,3.718125104904175,3.733750104904175,3.6962499618530273,3.4655728340148926,113483200
2012-12-17,3.7274999618530273,3.7987499237060547,3.7256250381469727,3.54499888420105,131281600
2012-12-18,3.806874990463257,3.8887500762939453,3.796250104904175,3.6267619132995605,136974400
2012-12-19,3.890625,3.891249895095825,3.819999933242798,3.5701115131378174,122827200
2012-12-20,3.8268749713897705,3.867500066757202,3.806874990463257,3.612745523452759,86771200
2012-12-21,3.7612500190734863,3.8125,3.75,3.546168088912964,202961600
2012-12-24,3.7799999713897705,3.7831249237060547,3.7637500762939453,3.5239756107330322,32979200
2012-12-26,3.7825000286102295,3.784374952316284,3.711250066757202,3.491325855255127,85017600
2012-12-27,3.7356250286102295,3.750624895095825,3.635624885559082,3.488400459289551,146697600
2012-12-28,3.6756250858306885,3.7143750190734863,3.634999990463257,3.4111664295196533,114827200
2012-12-31,3.624375104904175,3.773124933242798,3.616874933242798,3.5311119556427,236536000
2013-01-02,3.9075000286102295,3.9593749046325684,3.887500047683716,3.703134059906006,110841600
2013-01-03,3.952500104904175,3.974375009536743,3.9175000190734863,3.684995651245117,99990400
2013-01-04,3.9512500762939453,3.9881250858306885,3.936875104904175,3.7171759605407715,85686400
2013-01-07,3.9468750953674316,3.9600000381469727,3.9231250286102295,3.699622869491577,76024000
2013-01-08,3.938124895095825,3.9487500190734863,3.8993749618530273,3.67738938331604,93524800
2013-01-09,3.947499990463257,3.971250057220459,3.934999942779541,3.6978683471679688,85115200
2013-01-10,3.9931249618530273,4.012499809265137,3.9518749713897705,3.7522828578948975,113041600
2013-01-11,4.010000228881836,4.015625,3.986875057220459,3.7552080154418945,67804800
2013-01-14,4.00124979019165,4.010624885559082,3.976249933242798,3.746432065963745,69961600
2013-01-15,3.9674999713897705,4.018125057220459,3.963124990463257,3.7528672218322754,65699200
2013-01-16,3.9962499141693115,4.022500038146973,3.9856250286102295,3.7516982555389404,62625600
2013-01-17,4.043749809265137,4.083749771118164,4.03000020980835,3.799091100692749,120070400
2013-01-18,4.061874866485596,4.088125228881836,4.030624866485596,3.8178138732910156,94251200
2013-01-22,4.079999923706055,4.121874809265137,4.059999942779541,3.857600688934326,91849600
2013-01-23,4.124374866485596,4.143125057220459,4.10812520980835,3.8687191009521484,77153600
2013-01-24,4.12375020980835,4.178750038146973,4.115624904632568,3.8716440200805664,116184000
2013-01-25,4.165625095367432,4.184374809265137,4.141250133514404,3.917281150817871,90126400
2013-01-28,4.188125133514404,4.189374923706055,4.143125057220459,3.9096763134002686,73019200
2013-01-29,4.156875133514404,4.218124866485596,4.152500152587891,3.9377634525299072,75192000
2013-01-30,4.205625057220459,4.223124980926514,4.166250228881836,3.907921314239502,113696000
2013-01-31,4.163750171661377,4.190625190734863,4.147500038146973,3.893878698348999,80380800
2013-02-01,4.204999923706055,4.248125076293945,4.191874980926514,3.964090585708618,105830400
2013-02-04,4.1875,4.20187520980835,4.138124942779541,3.878666877746582,140896000
2013-02-05,4.18874979019165,4.25,4.185625076293945,3.957068681716919,105844800
2013-02-06,4.196875095367432,4.238749980926514,4.191874980926514,3.96174955368042,95212800
2013-02-07,4.23562479019165,4.243124961853027,4.160624980926514,3.9535608291625977,146587200
2013-02-08,4.236875057220459,4.273125171661377,4.236249923706055,3.9933459758758545,112428800
2013-02-11,4.265625,4.273125171661377,4.244999885559082,3.9927616119384766,70696000
2013-02-12,4.266250133514404,4.296249866485596,4.257500171661377,4.00563383102417,75948800
2013-02-13,4.296249866485596,4.31374979019165,4.263124942779541,4.013240814208984,103110400
2013-02-14,4.260000228881836,4.304999828338623,4.25124979019165,4.022016525268555,67123200
2013-02-15,4.303750038146973,4.311874866485596,4.253125190734863,4.0126543045043945,122833600
2013-02-19,4.299375057220459,4.350625038146973,4.298749923706055,4.068825721740723,93025600
2013-02-20,4.341875076293945,4.34499979019165,4.236875057220459,3.9664306640625,198236800
2013-02-21,4.21999979019165,4.21999979019165,4.160624980926514,3.920793294906616,193800000
2013-02-22,4.228750228881836,4.268125057220459,4.207499980926514,3.9951014518737793,116721600
2013-02-25,4.309999942779541,4.323750019073486,4.108749866485596,3.8482401371002197,238784000
2013-02-26,4.147500038146973,4.17312479019165,4.09250020980835,3.8968029022216797,235532800
2013-02-27,4.155624866485596,4.291250228881836,4.148749828338623,3.9945170879364014,141606400
2013-02-28,4.26687479019165,4.321875095367432,4.241250038146973,3.9781343936920166,102774400
2013-03-01,4.221875190734863,4.291874885559082,4.183750152587891,4.003879547119141,406961600
2013-03-04,4.261250019073486,4.323124885559082,4.246250152587891,4.0454206466674805,101953600
2013-03-05,4.365624904632568,4.426249980926514,4.365624904632568,4.119144916534424,139094400
2013-03-06,4.435625076293945,4.43874979019165,4.394374847412109,4.1326003074646,105424000
2013-03-07,4.427499771118164,4.441874980926514,4.416250228881836,4.1501545906066895,71284800
2013-03-08,4.468124866485596,4.479374885559082,4.423749923706055,4.184675216674805,122736000
2013-03-11,4.461249828338623,4.501874923706055,4.449999809265137,4.213930130004883,65388800
2013-03-12,4.495625019073486,4.504374980926514,4.453750133514404,4.194622993469238,90108800
2013-03-13,4.486249923706055,4.505624771118164,4.455625057220459,4.203984260559082,84288000
2013-03-14,4.516250133514404,4.544374942779541,4.511875152587891,4.2490363121032715,67876800
2013-03-15,4.531875133514404,4.541250228881836,4.498125076293945,4.237920761108398,82078400
2013-03-18,4.440625190734863,4.517499923706055,4.433750152587891,4.19345235824585,101104000
2013-03-19,4.499374866485596,4.508749961853027,4.398749828338623,4.172389507293701,172459200
2013-03-20,4.506249904632568,4.53125,4.493124961853027,4.226358890533447,74777600
2013-03-21,4.462500095367432,4.494999885559082,4.425624847412109,4.1584577560424805,102006400
2013-03-22,4.46875,4.508749961853027,4.461249828338623,4.221092700958252,60702400
2013-03-25,4.536250114440918,4.549375057220459,4.439374923706055,4.192409038543701,134792000
2013-03-26,4.51437520980835,4.54562520980835,4.50124979019165,4.256213188171387,73828800
2013-03-27,4.489375114440918,4.546875,4.474374771118164,4.252117156982422,95608000
2013-03-28,4.541874885559082,4.581250190734863,4.524374961853027,4.272019386291504,83164800
2013-04-01,4.565625190734863,4.585625171661377,4.513124942779541,4.2456769943237305,85880000
2013-04-02,4.568124771118164,4.603125095367432,4.554999828338623,4.288993835449219,99328000
2013-04-03,4.584374904632568,4.59250020980835,4.463125228881836,4.201188564300537,162443200
2013-04-04,4.497499942779541,4.540625095367432,4.479374885559082,4.235725402832031,139449600
2013-04-05,4.411250114440918,4.493124961853027,4.401249885559082,4.197091579437256,137622400
2013-04-08,4.488749980926514,4.543125152587891,4.458749771118164,4.255041122436523,89398400
2013-04-09,4.558125019073486,4.606874942779541,4.528749942779541,4.2819719314575195,85553600
2013-04-10,4.598750114440918,4.696249961853027,4.596250057220459,4.390261650085449,98352000
2013-04-11,4.686874866485596,4.746250152587891,4.677499771118164,4.417775630950928,90396800
2013-04-12,4.686874866485596,4.707499980926514,4.639999866485596,4.394946575164795,100384000
2013-04-15,4.646249771118164,4.653124809265137,4.474999904632568,4.192993640899658,143379200
2013-04-16,4.542500019073486,4.611249923706055,4.519999980926514,4.312408447265625,102691200
2013-04-17,4.540625095367432,4.543125152587891,4.424375057220459,4.185969352722168,214248000
2013-04-18,4.487500190734863,4.489375114440918,4.381875038146973,4.132699966430664,149235200
2013-04-19,4.436874866485596,4.496250152587891,4.416250228881836,4.200603008270264,101788800
2013-04-22,4.509375095367432,4.554999828338623,4.450624942779541,4.2456769943237305,95937600
2013-04-23,4.57687520980835,4.633749961853027,4.531875133514404,4.332311630249023,130393600
2013-04-24,4.630624771118164,4.65500020980835,4.611249923706055,4.343434810638428,74585600
2013-04-25,4.65500020980835,4.711874961853027,4.644999980926514,4.373870849609375,81379200
2013-04-26,4.656875133514404,4.672500133514404,4.622499942779541,4.357481956481934,86652800
2013-04-29,4.678124904632568,4.735000133514404,4.663125038146973,4.4125075340271,79931200
2013-04-30,4.713125228881836,4.739375114440918,4.67312479019165,4.437093734741211,71868800
2013-05-01,4.716249942779541,4.720624923706055,4.641250133514404,4.356897354125977,186643200
2013-05-02,4.675000190734863,4.746874809265137,4.667500019073486,4.435337066650391,78048000
2013-05-03,4.821875095367432,4.864999771118164,4.815625190734863,4.521970748901367,69572800
2013-05-06,4.841875076293945,4.87375020980835,4.837500095367432,4.5529961585998535,47446400
2013-05-07,4.878749847412109,4.911250114440918,4.853125095367432,4.596898555755615,60851200
2013-05-08,4.899374961853027,4.955625057220459,4.89187479019165,4.639044761657715,43089600
2013-05-09,4.949999809265137,4.974999904632568,4.900000095367432,4.616215229034424,66862400
2013-05-10,4.932499885559082,4.961874961853027,4.903124809265137,4.6448974609375,58836800
2013-05-13,4.943124771118164,4.980000019073486,4.921249866485596,4.65075159072876,51361600
2013-05-14,4.970624923706055,5.074375152587891,4.970624923706055,4.748509407043457,55177600
2013-05-15,5.054375171661377,5.142499923706055,5.047500133514404,4.798264026641846,74158400
2013-05-16,5.101874828338623,5.136250019073486,5.058750152587891,4.753190517425537,70878400
2013-05-17,5.108749866485596,5.177499771118164,5.098124980926514,4.846263885498047,75795200
2013-05-20,5.163125038146973,5.211874961853027,5.151249885559082,4.843337059020996,58105600
2013-05-21,5.178750038146973,5.224374771118164,5.144374847412109,4.860315322875977,66414400
2013-05-22,5.196875095367432,5.303124904632568,5.06125020980835,4.777191162109375,179649600
2013-05-23,4.99875020980835,5.106874942779541,4.98562479019165,4.760213851928711,132459200
2013-05-24,5.014999866485596,5.069375038146973,4.987500190734863,4.747338771820068,95048000
2013-05-28,5.178124904632568,5.220624923706055,5.099999904632568,4.800021171569824,107700800
2013-05-29,5.073750019073486,5.097499847412109,5.008124828338623,4.743824005126953,90451200
2013-05-30,5.071875095367432,5.145625114440918,5.063125133514404,4.776605129241943,61025600
2013-05-31,5.072500228881836,5.129374980926514,4.940625190734863,4.639044761657715,116550400
2013-06-03,4.976874828338623,5.013124942779541,4.903749942779541,4.68821382522583,189761600
2013-06-04,5.01437520980835,5.052499771118164,4.908124923706055,4.647824764251709,126908800
2013-06-05,4.930624961853027,4.950624942779541,4.811874866485596,4.51377534866333,161976000
2013-06-06,4.816249847412109,4.90625,4.759375095367432,4.593385219573975,193665600
2013-06-07,4.973124980926514,5.038125038146973,4.931250095367432,4.707531452178955,133553600
2013-06-10,5.0625,5.067500114440918,5.004374980926514,4.707531452178955,113854400
2013-06-11,4.938125133514404,5.014999866485596,4.90500020980835,4.615044593811035,121771200
2013-06-12,4.996250152587891,5.003749847412109,4.835625171661377,4.540704250335693,142680000
2013-06-13,4.840000152587891,5.008749961853027,4.818124771118164,4.675337791442871,87422400
2013-06-14,4.982500076293945,5.019374847412109,4.912499904632568,4.616215229034424,110142400
2013-06-17,4.996874809265137,5.051875114440918,4.951250076293945,4.6870436668396,88176000
2013-06-18,5.012499809265137,5.098750114440918,5.010624885559082,4.757288455963135,64353600
2013-06-19,5.074375152587891,5.09250020980835,4.93874979019165,4.629677772521973,166684800
2013-06-20,4.846250057220459,4.86062479019165,4.67312479019165,4.4008002281188965,250678400
2013-06-21,4.758749961853027,4.768125057220459,4.631875038146973,4.424798488616943,186238400
2013-06-24,4.62624979019165,4.688125133514404,4.528124809265137,4.315335273742676,257411200
2013-06-25,4.690625190734863,4.730000019073486,4.628749847412109,4.398458480834961,119651200
2013-06-26,4.768125057220459,4.804999828338623,4.731249809265137,4.48181676864624,85872000
2013-06-27,4.84250020980835,4.883749961853027,4.831250190734863,4.533951282501221,85755200
2013-06-28,4.8125,4.859375,4.767499923706055,4.494703769683838,118539200
2013-07-01,4.849999904632568,4.921249866485596,4.743750095367432,4.545080661773682,438195200
2013-07-02,4.838125228881836,4.909375190734863,4.801875114440918,4.533951282501221,105419200
2013-07-03,4.801875114440918,4.878749847412109,4.784999847412109,4.54449462890625,44641600
2013-07-05,4.92062520980835,4.958125114440918,4.849999904632568,4.644077777862549,81644800
2013-07-08,5.005624771118164,5.038125038146973,4.988124847412109,4.695038795471191,80596800
2013-07-09,5.072500228881836,5.096250057220459,5.03125,4.764162540435791,65441600
2013-07-10,5.074375152587891,5.121250152587891,5.053124904632568,4.766505241394043,75728000
2013-07-11,5.20437479019165,5.235000133514404,5.169374942779541,4.897136211395264,77443200
2013-07-12,5.222499847412109,5.250625133514404,5.206250190734863,4.895963668823242,67595200
2013-07-15,5.258124828338623,5.283750057220459,5.239375114440918,4.942240238189697,47182400
2013-07-16,5.275000095367432,5.28125,5.20187520980835,4.9006500244140625,98532800
2013-07-17,5.270625114440918,5.288125038146973,5.243124961853027,4.927009105682373,62974400
2013-07-18,5.277500152587891,5.338125228881836,5.273125171661377,4.979730606079102,77099200
2013-07-19,5.290625095367432,5.335625171661377,5.278124809265137,5.000819683074951,62171200
2013-07-22,5.349374771118164,5.368750095367432,5.323124885559082,5.018390655517578,54260800
2013-07-23,5.374374866485596,5.375,5.324999809265137,4.997303009033203,54980800
2013-07-24,5.372499942779541,5.375,5.269374847412109,4.959814071655273,102939200
2013-07-25,5.267499923706055,5.324999809265137,5.253749847412109,4.979144096374512,102416000
2013-07-26,5.270625114440918,5.329999923706055,5.227499961853027,4.989687919616699,86350400
2013-07-29,5.300624847412109,5.324375152587891,5.26437520980835,4.9609856605529785,73128000
2013-07-30,5.326250076293945,5.336874961853027,5.268750190734863,4.962156295776367,99505600
2013-07-31,5.315625190734863,5.371874809265137,5.286874771118164,4.962740898132324,103448000
2013-08-01,5.381249904632568,5.432499885559082,5.376874923706055,5.082240581512451,68681600
2013-08-02,5.400625228881836,5.441874980926514,5.384375095367432,5.100399971008301,59488000
2013-08-05,5.418125152587891,5.441874980926514,5.403749942779541,5.0863423347473145,45811200
2013-08-06,5.402500152587891,5.413750171661377,5.340000152587891,5.03186559677124,81329600
2013-08-07,5.328750133514404,5.343124866485596,5.288125038146973,4.997303009033203,82521600
2013-08-08,5.378749847412109,5.389999866485596,5.311874866485596,5.024834156036377,65409600
2013-08-09,5.353125095367432,5.384375095367432,5.298749923706055,4.998476028442383,79814400
2013-08-12,5.281875133514404,5.335000038146973,5.276875019073486,4.9879302978515625,60017600
2013-08-13,5.341249942779541,5.371250152587891,5.279375076293945,5.0195631980896,59449600
2013-08-14,5.346250057220459,5.364999771118164,5.296249866485596,4.970357894897461,93964800
2013-08-15,5.214375019073486,5.214375019073486,5.131249904632568,4.822740077972412,126372800
2013-08-16,5.130624771118164,5.165625095367432,5.09499979019165,4.7969651222229,94451200
2013-08-19,5.105000019073486,5.138750076293945,5.050624847412109,4.734872817993164,75531200
2013-08-20,5.066874980926514,5.136875152587891,5.056250095367432,4.778219223022461,72678400
2013-08-21,5.071875095367432,5.126874923706055,5.01437520980835,4.719642162322998,122480000
2013-08-22,5.058125019073486,5.141250133514404,5.057499885559082,4.8039960861206055,63465600
2013-08-23,5.156875133514404,5.173749923706055,5.109375,4.835629463195801,57672000
2013-08-26,5.172500133514404,5.20437479019165,5.117499828338623,4.802823066711426,73814400
2013-08-27,5.021249771118164,5.060625076293945,4.950624942779541,4.645247936248779,189302400
2013-08-28,4.95437479019165,5.026875019073486,4.941249847412109,4.676881790161133,97363200
2013-08-29,4.969375133514404,5.060625076293945,4.961249828338623,4.692697525024414,90654400
2013-08-30,5.028749942779541,5.028749942779541,4.946875095367432,4.661064624786377,98404800
2013-09-03,5.070624828338623,5.09250020980835,4.978750228881836,4.702654838562012,111404800
2013-09-04,5.023125171661377,5.119999885559082,5.005000114440918,4.782905101776123,71044800
2013-09-05,5.107500076293945,5.142499923706055,5.101874828338623,4.788764476776123,60142400
2013-09-06,5.148125171661377,5.178124904632568,5.025000095367432,4.795794486999512,133894400
2013-09-09,5.145625114440918,5.224999904632568,5.145625114440918,4.893033981323242,78675200
2013-09-10,5.28125,5.29812479019165,5.258749961853027,4.963329315185547,87723200
2013-09-11,5.281875133514404,5.32937479019165,5.263124942779541,4.992617130279541,96936000
2013-09-12,5.326250076293945,5.339375019073486,5.286250114440918,4.971528053283691,76246400
2013-09-13,5.31374979019165,5.332499980926514,5.288125038146973,4.9879302978515625,60792000
2013-09-16,5.4375,5.443749904632568,5.368750095367432,5.049438953399658,81614400
2013-09-17,5.396249771118164,5.435625076293945,5.395625114440918,5.09337043762207,43523200
2013-09-18,5.429375171661377,5.590000152587891,5.403124809265137,5.210527420043945,108835200
2013-09-19,5.591875076293945,5.596250057220459,5.530624866485596,5.1947126388549805,84105600
2013-09-20,5.566249847412109,5.566874980926514,5.455625057220459,5.11621618270874,90456000
2013-09-23,5.449999809265137,5.458125114440918,5.378749847412109,5.075212001800537,114185600
2013-09-24,5.409999847412109,5.450624942779541,5.366875171661377,5.0482659339904785,93176000
2013-09-25,5.388750076293945,5.40625,5.341875076293945,5.023991107940674,122228800
2013-09-26,5.368124961853027,5.421875,5.351250171661377,5.055654048919678,64043200
2013-09-27,5.337500095367432,5.355625152587891,5.314374923706055,5.013435363769531,110316800
2013-09-30,5.250625133514404,5.317500114440918,5.229374885559082,4.963008403778076,132993600
2013-10-01,5.291874885559082,5.376874923706055,5.284375190734863,5.036890983581543,90547200
2013-10-02,5.302499771118164,5.358749866485596,5.271874904632568,5.020473480224609,112582400
2013-10-03,5.333749771118164,5.341249942779541,5.209374904632568,4.937208652496338,161136000
2013-10-04,5.265625,5.348124980926514,5.251874923706055,5.005227565765381,96539200
2013-10-07,5.243750095367432,5.309374809265137,5.233749866485596,4.922549247741699,91710400
2013-10-08,5.243750095367432,5.256249904632568,5.116250038146973,4.807621002197266,189288000
2013-10-09,5.14187479019165,5.166874885559082,5.063125133514404,4.808209419250488,169656000
2013-10-10,5.233749866485596,5.354374885559082,5.231249809265137,5.015781879425049,137838400
2013-10-11,5.332499980926514,5.42312479019165,5.325624942779541,5.08321475982666,98747200
2013-10-14,5.353125095367432,5.471250057220459,5.34375,5.126019477844238,138804800
2013-10-15,5.432499885559082,5.475625038146973,5.368750095367432,5.052138328552246,122198400
2013-10-16,5.446249961853027,5.538125038146973,5.441874980926514,5.1905198097229,83500800
2013-10-17,5.488124847412109,5.612500190734863,5.48562479019165,5.260295391082764,76678400
2013-10-18,5.647500038146973,5.690000057220459,5.625625133514404,5.330074310302734,75899200
2013-10-21,5.68625020980835,5.705625057220459,5.656875133514404,5.330660343170166,64340800
2013-10-22,5.715624809265137,5.78249979019165,5.699999809265137,5.390469551086426,111318400
2013-10-23,5.707499980926514,5.714375019073486,5.653124809265137,5.34297513961792,97467200
2013-10-24,5.714375019073486,5.744999885559082,5.68874979019165,5.380501747131348,78867200
2013-10-25,5.753125190734863,5.783750057220459,5.732500076293945,5.422720432281494,72648000
2013-10-28,5.776875019073486,5.816249847412109,5.765625,5.443829536437988,80011200
2013-10-29,5.824999809265137,5.866250038146973,5.810625076293945,5.5030517578125,77862400
2013-10-30,5.876874923706055,5.885000228881836,5.761250019073486,5.446173667907715,127148800
2013-10-31,5.79562520980835,5.84250020980835,5.753749847412109,5.413339614868164,111043200
2013-11-01,5.786250114440918,5.823124885559082,5.733749866485596,5.4344482421875,359265600
2013-11-04,5.830625057220459,5.843124866485596,5.793749809265137,5.47666597366333,52174400
2013-11-05,5.793125152587891,5.832499980926514,5.755000114440918,5.445588111877441,78956800
2013-11-06,5.852499961853027,5.881249904632568,5.818124771118164,5.497190475463867,66904000
2013-11-07,5.881875038146973,5.890625,5.699999809265137,5.357046604156494,126510400
2013-11-08,5.706874847412109,5.863124847412109,5.706250190734863,5.499533653259277,112308800
2013-11-11,5.855625152587891,5.879374980926514,5.839375019073486,5.5030517578125,51204800
2013-11-12,5.84250020980835,5.868124961853027,5.803124904632568,5.480183124542236,94361600
2013-11-13,5.786250114440918,5.9375,5.785624980926514,5.569312572479248,81976000
2013-11-14,5.947500228881836,6.005624771118164,5.926875114440918,5.627361297607422,93361600
2013-11-15,6.016250133514404,6.050624847412109,6.0,5.674270153045654,76409600
2013-11-18,6.069375038146973,6.077499866485596,5.978750228881836,5.636157512664795,84513600
2013-11-19,5.99875020980835,6.034375190734863,5.958125114440918,5.608012676239014,106124800
2013-11-20,6.00124979019165,6.037499904632568,5.90749979019165,5.576934337615967,117940800
2013-11-21,5.973750114440918,6.045000076293945,5.965624809265137,5.664888858795166,73680000
2013-11-22,6.039999961853027,6.097499847412109,6.026875019073486,5.717077255249023,64520000
2013-11-25,6.116875171661377,6.119375228881836,6.066874980926514,5.71531867980957,77753600
2013-11-26,6.090000152587891,6.121874809265137,6.068124771118164,5.711798191070557,64691200
2013-11-27,6.099374771118164,6.12375020980835,6.082499980926514,5.734667778015137,79300800
2013-11-29,6.129374980926514,6.158124923706055,6.094375133514404,5.725871562957764,50659200
2013-12-02,6.114375114440918,6.135624885559082,6.057499885559082,5.7041754722595215,80600000
2013-12-03,6.036874771118164,6.067500114440918,5.983749866485596,5.658440113067627,101361600
2013-12-04,5.977499961853027,6.070000171661377,5.927499771118164,5.646712303161621,142264000
2013-12-05,6.000625133514404,6.020625114440918,5.956874847412109,5.60038948059082,107665600
2013-12-06,6.083125114440918,6.111875057220459,6.04812479019165,5.726457595825195,90582400
2013-12-09,6.135000228881836,6.148749828338623,6.115624904632568,5.75108528137207,60702400
2013-12-10,6.103125095367432,6.127500057220459,6.07937479019165,5.710041046142578,85419200
2013-12-11,6.091249942779541,6.093124866485596,5.93625020980835,5.5816240310668945,121531200
2013-12-12,5.943124771118164,5.959374904632568,5.886250019073486,5.5482025146484375,110864000
2013-12-13,5.93625020980835,5.945624828338623,5.886875152587891,5.543510913848877,109681600
2013-12-16,5.964375019073486,6.020625114440918,5.961874961853027,5.613290309906006,102832000
2013-12-17,5.991875171661377,5.994375228881836,5.918125152587891,5.571072578430176,95435200
2013-12-18,5.962500095367432,6.148125171661377,5.846875190734863,5.759881496429443,155595200
2013-12-19,6.113124847412109,6.146874904632568,6.080625057220459,5.758122444152832,109872000
2013-12-20,6.144374847412109,6.231874942779541,6.143125057220459,5.816171646118164,93891200
2013-12-23,6.262499809265137,6.276249885559082,6.238124847412109,5.881258010864258,63603200
2013-12-24,6.263750076293945,6.29562520980835,6.263124942779541,5.908492088317871,34657600
2013-12-26,6.318124771118164,6.361249923706055,6.316874980926514,5.968357086181641,57494400
2013-12-27,6.371874809265137,6.37624979019165,6.339375019073486,5.967770576477051,67920000
2013-12-30,6.354374885559082,6.363749980926514,6.333749771118164,5.961901664733887,52430400
2013-12-31,6.368750095367432,6.409999847412109,6.35812520980835,6.019418239593506,53532800
2014-01-02,6.360000133514404,6.366875171661377,6.257500171661377,5.903796195983887,114081600
2014-01-03,6.307499885559082,6.333749771118164,6.267499923706055,5.896165370941162,89019200
2014-01-06,6.323750019073486,6.329999923706055,6.227499961853027,5.869167804718018,115792000
2014-01-07,6.297500133514404,6.343124866485596,6.287499904632568,5.93666410446167,77683200
2014-01-08,6.320624828338623,6.346250057220459,6.281875133514404,5.939010143280029,104400000
2014-01-09,6.364999771118164,6.367499828338623,6.275625228881836,5.948400974273682,94233600
2014-01-10,6.356874942779541,6.372499942779541,6.289374828338623,5.9742255210876465,71889600
2014-01-13,6.334374904632568,6.369375228881836,6.173749923706055,5.820452690124512,134673600
2014-01-14,6.238124847412109,6.338749885559082,6.215000152587891,5.943706512451172,89772800
2014-01-15,6.36062479019165,6.419374942779541,6.355000019073486,6.012376308441162,85704000
2014-01-16,6.37375020980835,6.388124942779541,6.343124866485596,5.9924211502075195,59227200
2014-01-17,6.362500190734863,6.385000228881836,6.306875228881836,5.941945552825928,67280000
2014-01-21,6.400625228881836,6.40625,6.287499904632568,5.974813938140869,79364800
2014-01-22,6.388750076293945,6.393750190734863,6.346250057220459,5.986550331115723,63108800
2014-01-23,6.310625076293945,6.311874866485596,6.203125,5.88970947265625,107662400
2014-01-24,6.188125133514404,6.191874980926514,6.00124979019165,5.636162757873535,210553600
2014-01-27,6.012499809265137,6.042500019073486,5.882500171661377,5.576297760009766,193964800
2014-01-28,5.951250076293945,6.027500152587891,5.948124885559082,5.643794536590576,106886400
2014-01-29,5.911874771118164,5.977499961853027,5.864999771118164,5.535799980163574,160955200
2014-01-30,5.994375228881836,6.058750152587891,5.956874847412109,5.654356002807617,112651200
2014-01-31,5.871874809265137,6.024374961853027,5.866250038146973,5.583925247192383,117388800
2014-02-03,5.933125019073486,5.961874961853027,5.655624866485596,5.328030586242676,725332800
2014-02-04,5.731874942779541,5.787499904632568,5.691249847412109,5.40609073638916,149636800
2014-02-05,5.718124866485596,5.768750190734863,5.647500038146973,5.393764495849609,154494400
2014-02-06,5.769999980926514,5.893750190734863,5.769374847412109,5.531105041503906,117587200
2014-02-07,5.949375152587891,6.052499771118164,5.912499904632568,5.674310684204102,119019200
2014-02-10,6.041250228881836,6.066874980926514,6.009375095367432,5.6913323402404785,74171200
2014-02-11,6.076250076293945,6.226250171661377,6.066249847412109,5.816346645355225,152017600
2014-02-12,6.213749885559082,6.253125190734863,6.176875114440918,5.825149059295654,95803200
2014-02-13,6.117499828338623,6.278124809265137,6.117499828338623,5.883255481719971,88897600
2014-02-14,6.255624771118164,6.357500076293945,6.241875171661377,5.947227478027344,68228800
2014-02-18,6.344375133514404,6.367499828338623,6.309374809265137,5.9642486572265625,64737600
2014-02-19,6.316874980926514,6.399374961853027,6.255000114440918,5.8856024742126465,113816000
2014-02-20,6.283124923706055,6.367499828338623,6.238124847412109,5.94781494140625,105548800
2014-02-21,6.364999771118164,6.392499923706055,6.317500114440918,5.937838554382324,90721600
2014-02-24,6.348124980926514,6.478750228881836,6.344375133514404,5.9971160888671875,70350400
2014-02-25,6.401249885559082,6.440000057220459,6.346875190734863,5.998290061950684,104078400
2014-02-26,6.40749979019165,6.441249847412109,6.353750228881836,5.996528625488281,100873600
2014-02-27,6.370625019073486,6.456874847412109,6.356249809265137,6.061677932739258,84822400
2014-02-28,6.45187520980835,6.547500133514404,6.401875019073486,6.089849472045898,127668800
2014-03-03,6.375,6.429375171661377,6.310625076293945,6.005919933319092,141980800
2014-03-04,6.518750190734863,6.607500076293945,6.518750190734863,6.180234432220459,400547200
2014-03-05,6.587500095367432,6.61062479019165,6.568749904632568,6.179059028625488,64326400
2014-03-06,6.620625019073486,6.649374961853027,6.599374771118164,6.21486234664917,81899200
2014-03-07,6.669374942779541,6.67312479019165,6.565000057220459,6.2166218757629395,91788800
2014-03-10,6.600625038146973,6.621250152587891,6.541250228881836,6.21544885635376,54252800
2014-03-11,6.636250019073486,6.65500020980835,6.520625114440918,6.15147590637207,81569600
2014-03-12,6.486875057220459,6.557499885559082,6.456874847412109,6.154407978057861,62078400
2014-03-13,6.59375,6.602499961853027,6.369375228881836,6.015898704528809,114904000
2014-03-14,6.378125190734863,6.447500228881836,6.354374885559082,5.980681896209717,141224000
2014-03-17,6.433750152587891,6.51437520980835,6.428124904632568,6.085154056549072,87892800
2014-03-18,6.510624885559082,6.594375133514404,6.496874809265137,6.174951076507568,83798400
2014-03-19,6.578750133514404,6.596250057220459,6.423749923706055,6.115086078643799,110198400
2014-03-20,6.478125095367432,6.590624809265137,6.454999923706055,6.176712989807129,90094400
2014-03-21,6.636250019073486,6.668749809265137,6.519374847412109,6.1309332847595215,99180800
2014-03-24,6.574999809265137,6.591249942779541,6.420000076293945,6.081631660461426,119512000
2014-03-25,6.541250228881836,6.581250190734863,6.465624809265137,6.139736175537109,74288000
2014-03-26,6.588749885559082,6.606874942779541,6.43874979019165,6.048737525939941,71985600
2014-03-27,6.426875114440918,6.466875076293945,6.366875171661377,6.028777599334717,75104000
2014-03-28,6.451250076293945,6.541874885559082,6.443124771118164,6.079267501831055,66352000
2014-03-31,6.554375171661377,6.601250171661377,6.54562520980835,6.182591915130615,47713600
2014-04-01,6.624374866485596,6.676875114440918,6.612500190734863,6.261850833892822,44204800
2014-04-02,6.684999942779541,6.731249809265137,6.661250114440918,6.304708003997803,46499200
2014-04-03,6.73562479019165,6.736875057220459,6.65500020980835,6.2906174659729,49192000
2014-04-04,6.769374847412109,6.771874904632568,6.51687479019165,6.142085552215576,108936000
2014-04-07,6.503749847412109,6.526875019073486,6.367499828338623,6.005295276641846,107732800
2014-04-08,6.383749961853027,6.465000152587891,6.341875076293945,6.051673412322998,66664000
2014-04-09,6.477499961853027,6.586249828338623,6.443749904632568,6.18317985534668,38878400
2014-04-10,6.581874847412109,6.588125228881836,6.290625095367432,5.9207539558410645,88881600
2014-04-11,6.237500190734863,6.322500228881836,6.177499771118164,5.815666198730469,88652800
2014-04-14,6.287499904632568,6.316874980926514,6.1875,5.906076908111572,76972800
2014-04-15,6.3125,6.383124828338623,6.190000057220459,5.990617275238037,99105600
2014-04-16,6.461874961853027,6.508749961853027,6.405624866485596,6.108622074127197,53382400
2014-04-17,6.490624904632568,6.561874866485596,6.469375133514404,6.126821041107178,77920000
2014-04-21,6.53000020980835,6.574375152587891,6.513124942779541,6.173789024353027,58137600
2014-04-22,6.584374904632568,6.666250228881836,6.578125,6.224276542663574,57924800
2014-04-23,6.62375020980835,6.631249904632568,6.589375019073486,6.201968193054199,49174400
2014-04-24,6.664999961853027,6.666250228881836,6.5625,6.22192907333374,92292800
2014-04-25,6.581874847412109,6.590000152587891,6.487500190734863,6.1232991218566895,76329600
2014-04-28,6.569375038146973,6.613749980926514,6.423749923706055,6.160284042358398,133672000
2014-04-29,6.599999904632568,6.637499809265137,6.570624828338623,6.213709354400635,58214400
2014-04-30,6.596875190734863,6.67062520980835,6.578125,6.258911609649658,61560000
2014-05-01,6.652500152587891,6.693749904632568,6.616250038146973,6.252458095550537,77787200
2014-05-02,6.65625,6.714375019073486,6.619999885559082,6.236019134521484,82444800
2014-05-05,6.573750019073486,6.671875,6.537499904632568,6.260677337646484,52752000
2014-05-06,6.634375095367432,6.643125057220459,6.54562520980835,6.153238296508789,66174400
2014-05-07,6.593124866485596,6.629374980926514,6.493750095367432,6.222515106201172,94696000
2014-05-08,6.612500190734863,6.704999923706055,6.568749904632568,6.207836627960205,66867200
2014-05-09,6.61062479019165,6.635000228881836,6.550000190734863,6.230147838592529,63907200
2014-05-12,6.68625020980835,6.763750076293945,6.684374809265137,6.348151206970215,49374400
2014-05-13,6.773749828338623,6.803750038146973,6.756875038146973,6.357544422149658,51905600
2014-05-14,6.759375095367432,6.764999866485596,6.68625020980835,6.30001163482666,51526400
2014-05-15,6.676875114440918,6.680624961853027,6.522500038146973,6.187876224517822,103478400
2014-05-16,6.596250057220459,6.638124942779541,6.541874885559082,6.233671188354492,73768000
2014-05-19,6.60812520980835,6.691874980926514,6.595624923706055,6.277702331542969,42344000
2014-05-20,6.675624847412109,6.676249980926514,6.559999942779541,6.190813064575195,252667200
2014-05-21,6.631875038146973,6.711874961853027,6.630624771118164,6.29766321182251,60000000
2014-05-22,6.709374904632568,6.767499923706055,6.686874866485596,6.330540180206299,48312000
2014-05-23,6.75,6.802499771118164,6.746250152587891,6.382202625274658,38803200
2014-05-27,6.84375,6.881249904632568,6.836874961853027,6.460873126983643,39326400
2014-05-28,6.87624979019165,6.898125171661377,6.844375133514404,6.449131488800049,53190400
2014-05-29,6.898749828338623,6.93874979019165,6.863124847412109,6.517232894897461,47678400
2014-05-30,6.925624847412109,6.968124866485596,6.913125038146973,6.534844398498535,51745600
2014-06-02,6.979374885559082,6.981874942779541,6.908750057220459,6.55069637298584,49388800
2014-06-03,6.940625190734863,6.975625038146973,6.929375171661377,6.546000003814697,39942400
2014-06-04,6.941874980926514,7.003749847412109,6.928750038146973,6.573005199432373,35568000
2014-06-05,7.010624885559082,7.101874828338623,6.961874961853027,6.655198097229004,66700800
2014-06-06,7.117499828338623,7.158124923706055,7.111875057220459,6.719776630401611,43236800
2014-06-09,7.150000095367432,7.204999923706055,7.140625,6.734453201293945,46632000
2014-06-10,7.151249885559082,7.17312479019165,7.121250152587891,6.736800670623779,30648000
2014-06-11,7.120625019073486,7.135624885559082,7.088125228881836,6.6898369789123535,48814400
2014-06-12,7.101250171661377,7.111875057220459,6.988124847412109,6.594727516174316,71508800
2014-06-13,7.046875,7.074375152587891,7.000625133514404,6.633475303649902,41929600
2014-06-16,7.044374942779541,7.102499961853027,7.026249885559082,6.642282009124756,37699200
2014-06-17,7.050624847412109,7.121250152587891,7.037499904632568,6.6775078773498535,34094400
2014-06-18,7.112500190734863,7.223750114440918,7.081250190734863,6.776134967803955,52147200
2014-06-19,7.226250171661377,7.240624904632568,7.181875228881836,6.794924259185791,48616000
2014-06-20,7.266250133514404,7.269999980926514,7.244375228881836,6.819581508636475,42492800
2014-06-23,7.261875152587891,7.268125057220459,7.230000019073486,6.817821025848389,28809600
2014-06-24,7.228750228881836,7.301249980926514,7.151875019073486,6.733280181884766,63763200
2014-06-25,7.130000114440918,7.240624904632568,7.130000114440918,6.79209566116333,47628800
2014-06-26,7.231249809265137,7.231249809265137,7.119999885559082,6.78151798248291,57760000
2014-06-27,7.183750152587891,7.248125076293945,7.175624847412109,6.80854606628418,36131200
2014-06-30,7.236249923706055,7.268750190734863,7.223124980926514,6.802669525146484,33299200
2014-07-01,7.271874904632568,7.37624979019165,7.267499923706055,6.89256477355957,147625600
2014-07-02,7.330625057220459,7.363124847412109,7.32687520980835,6.905492305755615,32699200
2014-07-03,7.387499809265137,7.424375057220459,7.377500057220459,6.978935718536377,24043200
2014-07-07,7.389999866485596,7.401249885559082,7.345624923706055,6.9266438484191895,43584000
2014-07-08,7.339375019073486,7.34375,7.235000133514404,6.834986686706543,61644800
2014-07-09,7.306250095367432,7.348124980926514,7.276875019073486,6.897852897644043,37774400
2014-07-10,7.193124771118164,7.316249847412109,7.181875228881836,6.8432111740112305,49065600
2014-07-11,7.269374847412109,7.307499885559082,7.237500190734863,6.860250949859619,30817600
2014-07-14,7.369375228881836,7.389999866485596,7.358749866485596,6.929581642150879,31307200
2014-07-15,7.380000114440918,7.408750057220459,7.278749942779541,6.905492305755615,55196800
2014-07-16,7.40749979019165,7.419374942779541,7.355625152587891,6.956606864929199,129798400
2014-07-17,7.353750228881836,7.406875133514404,7.208125114440918,6.796794414520264,86273600
2014-07-18,7.277500152587891,7.389999866485596,7.266250133514404,6.934280872344971,50091200
2014-07-21,7.328125,7.359375,7.280624866485596,6.905492305755615,47227200
2014-07-22,7.400000095367432,7.436874866485596,7.385624885559082,6.966009140014648,31793600
2014-07-23,7.431250095367432,7.458749771118164,7.404375076293945,6.998912811279297,27328000
2014-07-24,7.460000038146973,7.473750114440918,7.430624961853027,6.9971489906311035,31371200
2014-07-25,7.403124809265137,7.414374828338623,7.34499979019165,6.932520389556885,48569600
2014-07-28,7.378749847412109,7.400625228881836,7.292500019073486,6.936044692993164,43710400
2014-07-29,7.408124923706055,7.426249980926514,7.314374923706055,6.876703262329102,48376000
2014-07-30,7.367499828338623,7.386250019073486,7.258124828338623,6.881402492523193,50652800
2014-07-31,7.213749885559082,7.228750228881836,7.021874904632568,6.607014179229736,109910400
2014-08-01,6.989375114440918,7.075624942779541,6.916874885559082,6.567650318145752,213870400
2014-08-04,7.010624885559082,7.113124847412109,6.950624942779541,6.659307479858398,63078400
2014-08-05,7.026875019073486,7.061874866485596,6.896249771118164,6.530045986175537,89340800
2014-08-06,6.881249904632568,7.008124828338623,6.878125190734863,6.531809329986572,55907200
2014-08-07,7.01437520980835,7.025625228881836,6.840624809265137,6.460713863372803,86427200
2014-08-08,6.90625,7.041250228881836,6.869375228881836,6.611129283905029,54190400
2014-08-11,7.083125114440918,7.135624885559082,7.067500114440918,6.647556304931641,43243200
2014-08-12,7.057499885559082,7.099374771118164,7.010624885559082,6.62993049621582,64332800
2014-08-13,7.106874942779541,7.166250228881836,7.085625171661377,6.72335147857666,52184000
2014-08-14,7.171875,7.216249942779541,7.159375190734863,6.783868312835693,40118400
2014-08-15,7.268750190734863,7.28249979019165,7.11062479019165,6.782106399536133,96513600
2014-08-18,7.293749809265137,7.340624809265137,7.284375190734863,6.89491605758667,112153600
2014-08-19,7.366250038146973,7.42062520980835,7.355000019073486,6.964834213256836,35187200
2014-08-20,7.391250133514404,7.466249942779541,7.387499809265137,7.003612995147705,56585600
2014-08-21,7.463749885559082,7.511875152587891,7.451250076293945,7.041802406311035,44592000
2014-08-22,7.481249809265137,7.508124828338623,7.43625020980835,7.020064353942871,75612800
2014-08-25,7.539999961853027,7.569375038146973,7.520625114440918,7.092919826507568,52752000
2014-08-26,7.554375171661377,7.59250020980835,7.550000190734863,7.104083061218262,36553600
2014-08-27,7.56125020980835,7.571875095367432,7.526249885559082,7.098208427429199,33219200
2014-08-28,7.496250152587891,7.54812479019165,7.483749866485596,7.087044715881348,47193600
2014-08-29,7.564374923706055,7.583125114440918,7.515625,7.126999378204346,47801600
2014-09-02,7.603750228881836,7.603750228881836,7.518125057220459,7.119359493255615,124558400
2014-09-03,7.631249904632568,7.633749961853027,7.545000076293945,7.114659786224365,64411200
2014-09-04,7.589375019073486,7.645625114440918,7.502500057220459,7.089395046234131,81740800
2014-09-05,7.538125038146973,7.616250038146973,7.48312520980835,7.155786514282227,62190400
2014-09-08,7.596875190734863,7.616875171661377,7.527500152587891,7.118185997009277,65336000
2014-09-09,7.555624961853027,7.567500114440918,7.444375038146973,7.030052661895752,77672000
2014-09-10,7.485000133514404,7.539374828338623,7.432499885559082,7.081169128417969,67494400
2014-09-11,7.46875,7.548749923706055,7.458125114440918,7.092919826507568,61969600
2014-09-12,7.533124923706055,7.533124923706055,7.416250228881836,7.012425899505615,82784000
2014-09-15,7.458125114440918,7.471250057220459,7.401249885559082,6.999499797821045,54129600
2014-09-16,7.420000076293945,7.585000038146973,7.409999847412109,7.107608318328857,111704000
2014-09-17,7.583749771118164,7.649374961853027,7.505624771118164,7.123473167419434,96726400
2014-09-18,7.62624979019165,7.663750171661377,7.607500076293945,7.199268341064453,59952000
2014-09-19,7.709374904632568,7.724374771118164,7.616250038146973,7.185754776000977,67806400
2014-09-22,7.620625019073486,7.621874809265137,7.498125076293945,7.077055931091309,85569600
2014-09-23,7.472499847412109,7.536874771118164,7.438125133514404,6.9971489906311035,83228800
2014-09-24,7.443124771118164,7.56374979019165,7.402500152587891,7.1065993309021,66377600
2014-09-25,7.515625,7.515625,7.306250095367432,6.872065544128418,129140800
2014-09-26,7.336874961853027,7.461249828338623,7.317500114440918,6.98551082611084,48654400
2014-09-29,7.296249866485596,7.423749923706055,7.285624980926514,6.957885265350342,55110400
2014-09-30,7.411874771118164,7.45437479019165,7.329999923706055,6.917913436889648,61156800
2014-10-01,7.333749771118164,7.339375019073486,7.128125190734863,6.735691547393799,115227200
2014-10-02,7.144374847412109,7.210625171661377,7.012499809265137,6.735104560852051,97993600
2014-10-03,7.256249904632568,7.349374771118164,7.213749885559082,6.882643699645996,61705600
2014-10-06,7.379374980926514,7.400000095367432,7.25,6.8650102615356445,96732800
2014-10-07,7.224999904632568,7.256875038146973,7.072500228881836,6.656927585601807,126577600
2014-10-08,7.081250190734863,7.34250020980835,7.008749961853027,6.886171340942383,132198400
2014-10-09,7.297500133514404,7.318124771118164,7.019999980926514,6.610489368438721,166012800
2014-10-10,7.027500152587891,7.097499847412109,6.867499828338623,6.462950229644775,159539200
2014-10-13,6.865624904632568,6.912499904632568,6.635624885559082,6.247812747955322,144409600
2014-10-14,6.715624809265137,6.811874866485596,6.616875171661377,6.275440216064453,174734400
2014-10-15,6.482500076293945,6.603750228881836,6.252500057220459,6.177275657653809,255444800
2014-10-16,6.336249828338623,6.653124809265137,6.324999809265137,6.167281627655029,218760000
2014-10-17,6.712500095367432,6.806250095367432,6.65500020980835,6.317761421203613,136827200
2014-10-20,6.693124771118164,6.856249809265137,6.6875,6.440613269805908,88984000
2014-10-21,6.946249961853027,7.127500057220459,6.931875228881836,6.695134162902832,110457600
2014-10-22,7.144374847412109,7.179999828338623,7.011250019073486,6.602259635925293,106432000
2014-10-23,7.158124923706055,7.268125057220459,7.130624771118164,6.751563549041748,80323200
2014-10-24,7.200624942779541,7.292500019073486,7.148125171661377,6.849727630615234,86742400
2014-10-27,7.237500190734863,7.290625095367432,7.184999942779541,6.789184093475342,77094400
2014-10-28,7.319375038146973,7.435625076293945,7.31125020980835,6.99080228805542,59595200
2014-10-29,7.446249961853027,7.488124847412109,7.314374923706055,6.9737548828125,105049600
2014-10-30,7.368750095367432,7.549375057220459,7.358749866485596,7.062514305114746,77840000
2014-10-31,7.688125133514404,7.691249847412109,7.613124847412109,7.220634937286377,87841600
2014-11-03,7.698124885559082,7.736249923706055,7.652500152587891,7.22827672958374,58563200
2014-11-04,7.646249771118164,7.67312479019165,7.557499885559082,7.181838512420654,102016000
2014-11-05,7.744375228881836,7.748125076293945,7.661874771118164,7.272362232208252,70992000
2014-11-06,7.738124847412109,7.800000190734863,7.676249980926514,7.331142425537109,62824000
2014-11-07,7.793749809265137,7.824999809265137,7.75,7.342310428619385,59604800
2014-11-10,7.811874866485596,7.858749866485596,7.789374828338623,7.386396884918213,25374400
2014-11-11,7.861875057220459,7.879374980926514,7.828750133514404,7.4005045890808105,29198400
2014-11-12,7.806875228881836,7.873125076293945,7.802499771118164,7.387572765350342,40046400
2014-11-13,7.868750095367432,7.918749809265137,7.794374942779541,7.398738861083984,51702400
2014-11-14,7.861875057220459,7.89187479019165,7.833125114440918,7.405205726623535,26555200
2014-11-17,7.841249942779541,7.898125171661377,7.827499866485596,7.414611339569092,40148800
2014-11-18,7.886875152587891,8.0024995803833,7.886875152587891,7.499255180358887,56382400
2014-11-19,7.95437479019165,7.973750114440918,7.876874923706055,7.472803592681885,48142400
2014-11-20,7.872499942779541,7.98562479019165,7.867499828338623,7.501606464385986,41385600
2014-11-21,8.133749961853027,8.142499923706055,8.006875038146973,7.576844215393066,48851200
2014-11-24,8.098750114440918,8.117500305175781,8.079999923706055,7.6256327629089355,41107200
2014-11-25,8.125624656677246,8.148124694824219,8.070625305175781,7.617992877960205,42697600
2014-11-26,8.106249809265137,8.143750190734863,8.088749885559082,7.652084827423096,25088000
2014-11-28,8.1225004196167,8.151874542236328,8.077500343322754,7.620344161987305,21585600
2014-12-01,8.034375190734863,8.047499656677246,7.958125114440918,7.513362884521484,68652800
2014-12-02,7.988749980926514,8.107500076293945,7.988749980926514,7.60447359085083,50764800
2014-12-03,8.103750228881836,8.171250343322754,8.088749885559082,7.667369365692139,41296000
2014-12-04,8.121874809265137,8.180624961853027,8.05875015258789,7.646209716796875,48572800
2014-12-05,8.148750305175781,8.195625305175781,8.123749732971191,7.6761860847473145,41924800
2014-12-08,8.123749732971191,8.167499542236328,7.996874809265137,7.572142601013184,59281600
2014-12-09,7.875,8.048749923706055,7.838749885559082,7.558624267578125,93104000
2014-12-10,7.996250152587891,7.999374866485596,7.762499809265137,7.318797588348389,115340800
2014-12-11,7.833125114440918,8.010624885559082,7.820624828338623,7.385221481323242,74848000
2014-12-12,7.740624904632568,7.828750133514404,7.601874828338623,7.153035640716553,110892800
2014-12-15,7.68625020980835,7.727499961853027,7.444375038146973,7.046642303466797,114411200
2014-12-16,7.428750038146973,7.714375019073486,7.371250152587891,6.935547351837158,139726400
2014-12-17,7.417500019073486,7.707499980926514,7.40500020980835,7.215932369232178,123755200
2014-12-18,7.889999866485596,8.0493745803833,7.82937479019165,7.57037878036499,83571200
2014-12-19,8.103750228881836,8.179374694824219,8.045624732971191,7.632100582122803,61928000
2014-12-22,8.119999885559082,8.175000190734863,8.0962495803833,7.699471473693848,26008000
2014-12-23,8.2318754196167,8.236249923706055,8.180000305175781,7.724793434143066,28875200
2014-12-24,8.219374656677246,8.241874694824219,8.197500228881836,7.724207878112793,11120000
2014-12-26,8.241874694824219,8.282500267028809,8.2368745803833,7.776621341705322,11014400
2014-12-29,8.228750228881836,8.289999961853027,8.228124618530273,7.79075288772583,14828800
2014-12-30,8.226875305175781,8.241874694824219,8.173749923706055,7.711251735687256,19592000
2014-12-31,8.209375381469727,8.226249694824219,8.006250381469727,7.556366443634033,34265600
2015-01-02,8.079999923706055,8.121874809265137,7.910624980926514,7.546354293823242,42342400
2015-01-05,7.909999847412109,7.924375057220459,7.690625190734863,7.271331787109375,90105600
2015-01-06,7.748125076293945,7.795000076293945,7.499374866485596,7.140591144561768,117161600
2015-01-07,7.696875095367432,7.792500019073486,7.654375076293945,7.318443775177002,61499200
2015-01-08,7.890625,8.055624961853027,7.890625,7.575798511505127,58868800
2015-01-09,8.07437515258789,8.074999809265137,7.849999904632568,7.4450602531433105,70956800
2015-01-12,7.917500019073486,7.933750152587891,7.728125095367432,7.330222129821777,49008000
2015-01-13,7.894374847412109,7.99875020980835,7.619375228881836,7.292531967163086,101068800
2015-01-14,7.550000190734863,7.663750171661377,7.46999979019165,7.20183801651001,95172800
2015-01-15,7.699999809265137,7.731249809265137,7.494999885559082,7.071099758148193,75382400
2015-01-16,7.488749980926514,7.714375019073486,7.468124866485596,7.251896381378174,66670400
2015-01-20,7.755624771118164,7.78249979019165,7.589375019073486,7.285464286804199,67980800
2015-01-21,7.6875,7.853750228881836,7.647500038146973,7.35731315612793,69441600
2015-01-22,7.881249904632568,8.054374694824219,7.753749847412109,7.576387882232666,72606400
2015-01-23,8.012499809265137,8.042499542236328,7.941874980926514,7.490995407104492,47694400
2015-01-26,7.935625076293945,7.999374866485596,7.868124961853027,7.527510166168213,37331200
2015-01-27,7.798749923706055,7.886250019073486,7.702499866485596,7.3296332359313965,74860800
2015-01-28,7.887499809265137,7.896249771118164,7.5625,7.1388258934021,69633600
2015-01-29,7.596250057220459,7.741250038146973,7.466875076293945,7.275454044342041,56987200
2015-01-30,7.605625152587891,7.731249809265137,7.50124979019165,7.091712474822998,74571200
2015-02-02,7.569375038146973,7.716875076293945,7.403124809265137,7.260140419006348,69979200
2015-02-03,7.786874771118164,7.932499885559082,7.758124828338623,7.471561431884766,64270400
2015-02-04,7.856249809265137,7.973124980926514,7.829999923706055,7.415025234222412,53268800
2015-02-05,7.936874866485596,8.04312515258789,7.926875114440918,7.571677207946777,48936000
2015-02-06,8.064374923706055,8.116250038146973,7.936874866485596,7.523974418640137,48700800
2015-02-09,7.920000076293945,7.989375114440918,7.87375020980835,7.455660343170166,44804800
2015-02-10,8.008749961853027,8.103124618530273,7.927499771118164,7.611133575439453,37910400
2015-02-11,8.0625,8.129375457763672,8.00374984741211,7.623501300811768,39852800
2015-02-12,8.166874885559082,8.249375343322754,8.150625228881836,7.768374443054199,36441600
2015-02-13,8.255624771118164,8.31624984741211,8.233750343322754,7.831977844238281,36716800
2015-02-17,8.286250114440918,8.354999542236328,8.259374618530273,7.862010955810547,32032000
2015-02-18,8.301875114440918,8.346875190734863,8.27750015258789,7.8602471351623535,30555200
2015-02-19,8.284375190734863,8.362500190734863,8.26937484741211,7.851412773132324,29740800
2015-02-20,8.288125038146973,8.434374809265137,8.229374885559082,7.941516399383545,52547200
2015-02-23,8.404999732971191,8.42562484741211,8.366874694824219,7.939157009124756,28110400
2015-02-24,8.417499542236328,8.491250038146973,8.391249656677246,7.985686302185059,30403200
2015-02-25,8.461250305175781,8.506250381469727,8.423749923706055,7.9668378829956055,33952000
2015-02-26,8.448124885559082,8.462499618530273,8.379375457763672,7.949760913848877,33574400
2015-02-27,8.428750038146973,8.454375267028809,8.37874984741211,7.900292873382568,28592000
2015-03-02,8.389374732971191,8.489999771118164,8.384374618530273,7.995697975158691,35614400
2015-03-03,8.443124771118164,8.453125,8.332500457763672,7.927969932556152,45961600
2015-03-04,8.35562515258789,8.364375114440918,8.25,7.86436653137207,68803200
2015-03-05,8.374375343322754,8.388750076293945,8.314374923706055,7.878498554229736,34152000
2015-03-06,8.275625228881836,8.320625305175781,8.094374656677246,7.658246040344238,80409600
2015-03-09,8.1431245803833,8.225000381469727,8.133749961853027,7.721263408660889,36833600
2015-03-10,8.057499885559082,8.068124771118164,7.924375057220459,7.468616008758545,74320000
2015-03-11,7.946875095367432,7.966249942779541,7.880624771118164,7.436226844787598,65040000
2015-03-12,7.948750019073486,8.095000267028809,7.942500114440918,7.622324466705322,54987200
2015-03-13,8.064374923706055,8.076250076293945,7.89187479019165,7.532807350158691,95446400
2015-03-16,8.05875015258789,8.210624694824219,8.055000305175781,7.7318644523620605,54422400
2015-03-17,8.130000114440918,8.1875,8.076874732971191,7.681804180145264,67376000
2015-03-18,8.107500076293945,8.411874771118164,8.047499656677246,7.864956855773926,94996800
2015-03-19,8.3100004196167,8.335624694824219,8.2368745803833,7.79193115234375,64356800
2015-03-20,8.363750457763672,8.465624809265137,8.356249809265137,7.929736614227295,55256000
2015-03-23,8.41812515258789,8.47249984741211,8.38687515258789,7.904413223266602,45304000
2015-03-24,8.3725004196167,8.416250228881836,8.283124923706055,7.808419704437256,55776000
2015-03-25,8.293749809265137,8.315625190734863,8.029375076293945,7.585162162780762,84784000
2015-03-26,7.970624923706055,8.078125,7.90500020980835,7.550350666046143,89476800
2015-03-27,7.984375,8.046875,7.966249942779541,7.580441474914551,57217600
2015-03-30,8.1274995803833,8.2524995803833,8.125,7.766884803771973,48142400
2015-03-31,8.146249771118164,8.213125228881836,8.076250076293945,7.6288228034973145,68755200
2015-04-01,8.076874732971191,8.076874732971191,7.930624961853027,7.578671455383301,82193600
2015-04-02,8.017499923706055,8.1225004196167,7.999374866485596,7.623511791229248,53435200
2015-04-06,7.996250152587891,8.236249923706055,7.98312520980835,7.729711055755615,58547200
2015-04-07,8.189374923706055,8.260624885559082,8.141875267028809,7.693132400512695,44406400
2015-04-08,8.164999961853027,8.239375114440918,8.129375457763672,7.739743232727051,62830400
2015-04-09,8.182499885559082,8.292499542236328,8.1381254196167,7.80995512008667,50176000
2015-04-10,8.2943754196167,8.364375114440918,8.276249885559082,7.890787601470947,34164800
2015-04-13,8.346875190734863,8.407500267028809,8.279999732971191,7.822933673858643,43908800
2015-04-14,8.265625,8.333125114440918,8.207500457763672,7.85066556930542,45225600
2015-04-15,8.3618745803833,8.438124656677246,8.351249694824219,7.920286178588867,47715200
2015-04-16,8.359999656677246,8.43375015258789,8.34000015258789,7.914975166320801,42201600
2015-04-17,8.270625114440918,8.295000076293945,8.118749618530273,7.733253479003906,89832000
2015-04-20,8.279999732971191,8.371874809265137,8.271875381469727,7.874857425689697,46315200
2015-04-21,8.407500267028809,8.420000076293945,8.293749809265137,7.8553853034973145,39377600
2015-04-22,8.353750228881836,8.420000076293945,8.266875267028809,7.931495666503906,41913600
2015-04-23,8.364375114440918,8.506250381469727,8.353124618530273,7.971027851104736,54478400
2015-04-24,8.486249923706055,8.509374618530273,8.440625190734863,8.007019996643066,39729600
2015-04-27,8.538749694824219,8.548749923706055,8.39437484741211,7.939755916595459,50787200
2015-04-28,8.411250114440918,8.470624923706055,8.298125267028809,7.991089344024658,55100800
2015-04-29,8.376874923706055,8.454375267028809,8.319375038146973,7.923234939575195,79048000
2015-04-30,8.341875076293945,8.378125190734863,8.15999984741211,7.769245624542236,90468800
2015-05-01,8.302499771118164,8.407500267028809,8.292499542236328,7.932677745819092,57230400
2015-05-04,8.445625305175781,8.507499694824219,8.434374809265137,7.983417987823486,46368000
2015-05-05,8.429374694824219,8.462499618530273,8.24625015258789,7.797563552856445,67000000
2015-05-06,8.309374809265137,8.339374542236328,8.09000015258789,7.730894565582275,93884800
2015-05-07,8.181249618530273,8.295000076293945,8.150625228881836,7.7916646003723145,54843200
2015-05-08,8.412500381469727,8.491874694824219,8.406874656677246,7.999347686767578,60043200
2015-05-11,8.464374542236328,8.493749618530273,8.384374618530273,7.919106483459473,42384000
2015-05-12,8.3100004196167,8.392499923706055,8.233750343322754,7.871908187866211,55436800
2015-05-13,8.379375457763672,8.439374923706055,8.321874618530273,7.87662410736084,45873600
2015-05-14,8.441875457763672,8.524999618530273,8.413125038146973,8.03887939453125,45633600
2015-05-15,8.53499984741211,8.548749923706055,8.489375114440918,8.056580543518066,30716800
2015-05-18,8.5181245803833,8.61312484741211,8.5131254196167,8.104371070861816,31390400
2015-05-19,8.599374771118164,8.625,8.554374694824219,8.097878456115723,26710400
2015-05-20,8.588749885559082,8.641249656677246,8.538749694824219,8.086670875549316,22308000
2015-05-21,8.556249618530273,8.640000343322754,8.538749694824219,8.136231422424316,20428000
2015-05-22,8.579999923706055,8.623749732971191,8.571249961853027,8.09847354888916,14265600
2015-05-26,8.53125,8.536250114440918,8.352499961853027,7.926186561584473,34778400
2015-05-27,8.438750267028809,8.572500228881836,8.404999732971191,8.066609382629395,20912800
2015-05-28,8.520000457763672,8.542499542236328,8.46500015258789,8.052448272705078,28336800
2015-05-29,8.522500038146973,8.52750015258789,8.399999618530273,7.948606014251709,25803200
2015-06-01,8.487500190734863,8.520000457763672,8.382499694824219,7.981646537780762,37086400
2015-06-02,8.414999961853027,8.507499694824219,8.353750228881836,7.969847202301025,26419200
2015-06-03,8.491250038146973,8.546250343322754,8.4399995803833,8.014687538146973,29102400
2015-06-04,8.418749809265137,8.473750114440918,8.3125,7.886064529418945,42716800
2015-06-05,8.326250076293945,8.37874984741211,8.251250267028809,7.85066556930542,39340000
2015-06-08,8.305000305175781,8.31624984741211,8.203749656677246,7.749184608459473,29508800
2015-06-09,8.211250305175781,8.258749961853027,8.147500038146973,7.749184608459473,27781600
2015-06-10,8.28125,8.4399995803833,8.274999618530273,7.9297261238098145,35219200
2015-06-11,8.449999809265137,8.493749618530273,8.423749923706055,7.979289531707764,31018400
2015-06-12,8.373749732971191,8.392499923706055,8.301250457763672,7.863645553588867,37148000
2015-06-15,8.21875,8.28125,8.151249885559082,7.789305210113525,52836800
2015-06-16,8.241250038146973,8.352499961853027,8.225000381469727,7.8754472732543945,37437600
2015-06-17,8.3725004196167,8.428750038146973,8.270000457763672,7.901406288146973,44884000
2015-06-18,8.427499771118164,8.59000015258789,8.416250228881836,8.059529304504395,48420000
2015-06-19,8.522500038146973,8.52750015258789,8.43375015258789,7.9674882888793945,23019200
2015-06-22,8.5600004196167,8.611249923706055,8.53499984741211,8.07958984375,28890400
2015-06-23,8.573749542236328,8.600000381469727,8.529999732971191,8.086670875549316,23512800
2015-06-24,8.5287504196167,8.568750381469727,8.431249618530273,7.968296527862549,27688000
2015-06-25,8.483750343322754,8.492500305175781,8.3774995803833,7.917498588562012,19932800
2015-06-26,8.416250228881836,8.438750267028809,8.327500343322754,7.918681621551514,27628000
2015-06-29,8.237500190734863,8.297499656677246,8.020000457763672,7.596168041229248,59671200
2015-06-30,8.168749809265137,8.173749923706055,8.016249656677246,7.62333869934082,47496000
2015-07-01,8.212499618530273,8.229999542236328,8.114999771118164,7.736748695373535,35364800
2015-07-02,8.231249809265137,8.248749732971191,8.133749961853027,7.724936008453369,23533600
2015-07-06,8.046250343322754,8.197500228881836,8.03125,7.678861618041992,31766400
2015-07-07,8.142499923706055,8.237500190734863,7.922500133514404,7.7674641609191895,49491200
2015-07-08,8.098750114440918,8.1274995803833,7.928750038146973,7.514652729034424,45748800
2015-07-09,8.145000457763672,8.168749809265137,7.971250057220459,7.537098407745361,36599200
2015-07-10,8.166250228881836,8.220000267028809,8.103750228881836,7.729660987854004,29277600
2015-07-13,8.298749923706055,8.37125015258789,8.295000076293945,7.899775981903076,27017600
2015-07-14,8.353750228881836,8.461250305175781,8.353750228881836,7.971841812133789,21504000
2015-07-15,8.444999694824219,8.479999542236328,8.383749961853027,7.964756965637207,24407200
2015-07-16,8.524999618530273,8.561249732971191,8.505000114440918,8.085251808166504,24529600
2015-07-17,8.55875015258789,8.579999923706055,8.522500038146973,8.101792335510254,15824800
2015-07-20,8.598750114440918,8.62874984741211,8.552499771118164,8.111241340637207,15590400
2015-07-21,8.569999694824219,8.59375,8.484999656677246,8.043901443481445,21688000
2015-07-22,8.443750381469727,8.515000343322754,8.443750381469727,8.009642601013184,13934400
2015-07-23,8.498749732971191,8.5024995803833,8.353750228881836,7.928133487701416,17001600
2015-07-24,8.396249771118164,8.399999618530273,8.182499885559082,7.759196758270264,22997600
2015-07-27,8.126250267028809,8.177499771118164,8.077500343322754,7.669412612915039,36130400
2015-07-28,8.193750381469727,8.331250190734863,8.118749618530273,7.853705406188965,35527200
2015-07-29,8.326250076293945,8.451250076293945,8.313750267028809,7.9635725021362305,28096000
2015-07-30,8.37874984741211,8.449999809265137,8.322500228881836,7.968296527862549,26016800
2015-07-31,8.482500076293945,8.482500076293945,8.381250381469727,7.944669723510742,21937600
2015-08-03,8.4037504196167,8.4087495803833,8.260000228881836,7.887965202331543,35012000
2015-08-04,8.34375,8.386249542236328,8.271249771118164,7.85488748550415,18974400
2015-08-05,8.401249885559082,8.470000267028809,8.345000267028809,7.913954734802246,20272800
2015-08-06,8.387499809265137,8.398750305175781,8.178750038146973,7.793453216552734,27496800
2015-08-07,8.2212495803833,8.233750343322754,8.118749618530273,7.7544708251953125,27556800
2015-08-10,8.306249618530273,8.416250228881836,8.306249618530273,7.9458513259887695,30011200
2015-08-11,8.279999732971191,8.318750381469727,8.18375015258789,7.798182010650635,33119200
2015-08-12,8.131250381469727,8.292499542236328,7.994999885559082,7.815902233123779,55163200
2015-08-13,8.265000343322754,8.324999809265137,8.203749656677246,7.800544261932373,29604000
2015-08-14,8.241250038146973,8.319999694824219,8.22249984741211,7.85488748550415,19082400
2015-08-17,8.260000228881836,8.40625,8.213749885559082,7.944669723510742,23092800
2015-08-18,8.382499694824219,8.412500381469727,8.335000038146973,7.896234512329102,17944800
2015-08-19,8.286250114440918,8.359999656677246,8.148750305175781,7.77100944519043,50494400
2015-08-20,8.082500457763672,8.132499694824219,7.875,7.448497295379639,68294400
2015-08-21,7.710000038146973,7.798749923706055,7.382500171661377,6.984221935272217,100240800
2015-08-24,6.616250038146973,7.253749847412109,6.25,6.406534671783447,86661600
2015-08-25,7.21750020980835,7.21750020980835,6.605000019073486,6.252956390380859,69799200
2015-08-26,6.953750133514404,7.146249771118164,6.696249961853027,6.737315654754639,57304000
2015-08-27,7.324999809265137,7.489999771118164,7.182499885559082,7.0645527839660645,66073600
2015-08-28,7.416250228881836,7.519999980926514,7.377500057220459,7.063372611999512,41505600
2015-08-31,7.391250133514404,7.466249942779541,7.307499885559082,6.953507423400879,37468000
2015-09-01,7.011250019073486,7.138750076293945,6.840000152587891,6.531759262084961,81476000
2015-09-02,7.127500057220459,7.181250095367432,6.963749885559082,6.784570693969727,53676800
2015-09-03,7.238749980926514,7.37375020980835,7.146249771118164,6.795202255249023,46442400
2015-09-04,6.991250038146973,7.065000057220459,6.898749828338623,6.589645862579346,50857600
2015-09-08,7.216249942779541,7.333749771118164,7.158750057220459,6.926334857940674,36719200
2015-09-09,7.463749885559082,7.472499847412109,7.09250020980835,6.733772277832031,40766400
2015-09-10,7.108749866485596,7.303750038146973,7.086249828338623,6.805835723876953,42141600
2015-09-11,7.166250228881836,7.268750190734863,7.106249809265137,6.866085529327393,24742400
2015-09-14,7.284999847412109,7.284999847412109,7.172500133514404,6.816467761993408,26164000
2015-09-15,7.256249904632568,7.432499885559082,7.21999979019165,6.986584663391113,26920800
2015-09-16,7.418749809265137,7.538750171661377,7.391250133514404,7.111809253692627,30150400
2015-09-17,7.507500171661377,7.721250057220459,7.456250190734863,7.076367378234863,60553600
2015-09-18,7.262499809265137,7.403749942779541,7.207499980926514,6.847182273864746,67630400
2015-09-21,7.317500114440918,7.40749979019165,7.224999904632568,6.9121599197387695,39931200
2015-09-22,7.128749847412109,7.168749809265137,7.027500152587891,6.738498210906982,49998400
2015-09-23,7.139999866485596,7.183750152587891,7.054999828338623,6.708963394165039,31843200
2015-09-24,6.997499942779541,7.09375,6.882500171661377,6.671159267425537,60435200
2015-09-25,7.178750038146973,7.206250190734863,6.972499847412109,6.661709308624268,80169600
2015-09-28,6.96999979019165,6.977499961853027,6.670000076293945,6.325021266937256,75724000
2015-09-29,6.712500095367432,6.817500114440918,6.618750095367432,6.333291053771973,66328800
2015-09-30,6.862500190734863,6.963749885559082,6.795000076293945,6.568381309509277,63759200
2015-10-01,6.986249923706055,7.012499809265137,6.821249961853027,6.606184005737305,53401600
2015-10-02,6.815000057220459,7.197500228881836,6.771249771118164,6.802292823791504,74792000
2015-10-05,7.301249980926514,7.471250057220459,7.295000076293945,7.04210901260376,37464800
2015-10-06,7.445000171661377,7.488749980926514,7.341249942779541,6.993671894073486,35321600
2015-10-07,7.481249809265137,7.552499771118164,7.377500057220459,7.108264923095703,39704800
2015-10-08,7.486249923706055,7.682499885559082,7.461249828338623,7.237032890319824,45593600
2015-10-09,7.672500133514404,7.708749771118164,7.610000133514404,7.2441205978393555,23751200
2015-10-12,7.676249980926514,7.698750019073486,7.635000228881836,7.257115364074707,13438400
2015-10-13,7.614999771118164,7.728750228881836,7.568749904632568,7.168515682220459,21977600
2015-10-14,7.583749771118164,7.631249904632568,7.483749866485596,7.092907905578613,28014400
2015-10-15,7.572500228881836,7.739999771118164,7.537499904632568,7.315001964569092,28884800
2015-10-16,7.773749828338623,7.809999942779541,7.707499980926514,7.374070167541504,26463200
2015-10-19,7.753749847412109,7.817500114440918,7.723750114440918,7.382341384887695,19736800
2015-10-20,7.777500152587891,7.853750228881836,7.755000114440918,7.365800857543945,17704000
2015-10-21,7.837500095367432,7.847499847412109,7.684999942779541,7.280742645263672,32178400
2015-10-22,7.789999961853027,7.977499961853027,7.775000095367432,7.517016887664795,40262400
2015-10-23,8.113750457763672,8.170000076293945,8.042499542236328,7.690675735473633,38832000
2015-10-26,8.118749618530273,8.125,8.0625,7.652872085571289,19144000
2015-10-27,8.038749694824219,8.0962495803833,8.001250267028809,7.618613243103027,20084000
2015-10-28,8.095000267028809,8.2475004196167,8.032500267028809,7.79227352142334,32535200
2015-10-29,8.201250076293945,8.271249771118164,8.188750267028809,7.786365032196045,20513600
2015-10-30,8.257499694824219,8.2837495803833,8.148750305175781,7.714305877685547,22090400
2015-11-02,8.192500114440918,8.3774995803833,8.1850004196167,7.8938727378845215,21087200
2015-11-03,8.328749656677246,8.460000038146973,8.306249618530273,7.941126346588135,17909600
2015-11-04,8.436249732971191,8.443750381469727,8.307499885559082,7.896234512329102,22628800
2015-11-05,8.363750457763672,8.40625,8.255000114440918,7.878512859344482,21389600
2015-11-06,8.305000305175781,8.353750228881836,8.204999923706055,7.8726067543029785,26251200
2015-11-09,8.272500038146973,8.2837495803833,8.083749771118164,7.726118564605713,30615200
2015-11-10,8.131250381469727,8.213749885559082,8.103750228881836,7.752107620239258,18394400
2015-11-11,8.237500190734863,8.239999771118164,8.141249656677246,7.697765827178955,20208000
2015-11-12,8.050000190734863,8.092499732971191,7.917500019073486,7.4839372634887695,34828000
2015-11-13,7.878749847412109,7.903749942779541,7.731249809265137,7.313821315765381,43609600
2015-11-16,7.722499847412109,7.977499961853027,7.711249828338623,7.534736156463623,33580800
2015-11-17,8.005000114440918,8.083749771118164,7.917500019073486,7.518197059631348,44875200
2015-11-18,8.006250381469727,8.227499961853027,8.0024995803833,7.763919353485107,32996000
2015-11-19,8.201250076293945,8.239999771118164,8.175000190734863,7.749744415283203,16680800
2015-11-20,8.272500038146973,8.323749542236328,8.225000381469727,7.806447982788086,19141600
2015-11-23,8.262499809265137,8.313750267028809,8.197500228881836,7.789914131164551,17185600
2015-11-24,8.148750305175781,8.301250457763672,8.111249923706055,7.807629585266113,25356000
2015-11-25,8.27750015258789,8.293749809265137,8.237500190734863,7.808815002441406,12291200
2015-11-27,8.268750190734863,8.295000076293945,8.223750114440918,7.821810245513916,7873600
2015-11-30,8.291250228881836,8.305000305175781,8.199999809265137,7.760377407073975,27885600
2015-12-01,8.267499923706055,8.37874984741211,8.242500305175781,7.906864643096924,26833600
2015-12-02,8.361249923706055,8.390000343322754,8.171250343322754,7.743837356567383,25401600
2015-12-03,8.220000267028809,8.242500305175781,7.896249771118164,7.522922515869141,38038400
2015-12-04,8.0024995803833,8.302499771118164,7.988749980926514,7.817080497741699,38281600
2015-12-07,8.243749618530273,8.243749618530273,8.082500457763672,7.72139310836792,22770400
2015-12-08,8.022500038146973,8.148750305175781,7.971250057220459,7.619795799255371,28233600
2015-12-09,8.00374984741211,8.197500228881836,7.846250057220459,7.499295234680176,46811200
2015-12-10,7.946249961853027,8.09749984741211,7.920000076293945,7.538281440734863,28891200
2015-12-11,7.783750057220459,7.841249942779541,7.637499809265137,7.238213539123535,54960800
2015-12-14,7.683750152587891,7.75,7.519999980926514,7.319728851318359,58331200
2015-12-15,7.881249904632568,7.988749980926514,7.868750095367432,7.475667953491211,34160800
2015-12-16,8.007499694824219,8.166250228881836,7.888750076293945,7.688314914703369,43472000
2015-12-17,8.167499542236328,8.172499656677246,7.888750076293945,7.463854789733887,32440000
2015-12-18,7.822500228881836,7.831250190734863,7.598750114440918,7.181509971618652,45567200
2015-12-21,7.71750020980835,7.747499942779541,7.613749980926514,7.303189754486084,34292000
2015-12-22,7.787499904632568,7.87375020980835,7.697500228881836,7.4363932609558105,30472000
2015-12-23,7.940000057220459,8.043749809265137,7.929999828338623,7.617710590362549,26417600
2015-12-24,8.011249542236328,8.063750267028809,7.993750095367432,7.586896896362305,8244000
2015-12-28,7.945000171661377,7.978750228881836,7.878749847412109,7.563196182250977,17292000
2015-12-29,8.078749656677246,8.173749923706055,8.073749542236328,7.719628810882568,20361600
2015-12-30,8.117500305175781,8.12874984741211,8.016249656677246,7.616525173187256,13340000
2015-12-31,7.966249942779541,8.024999618530273,7.869999885559082,7.466019630432129,37656000
2016-01-04,7.601250171661377,7.648749828338623,7.461249828338623,7.251519203186035,58936000
2016-01-05,7.681250095367432,7.75,7.573750019073486,7.283516883850098,39704000
2016-01-06,7.445000171661377,7.573750019073486,7.388750076293945,7.087978363037109,47102400
2016-01-07,7.210000038146973,7.37375020980835,7.087500095367432,6.750229835510254,72752000
2016-01-08,7.21750020980835,7.25,6.93874979019165,6.605650901794434,63688800
2016-01-11,7.046249866485596,7.071249961853027,6.81125020980835,6.609206676483154,67857600
2016-01-12,7.108749866485596,7.153749942779541,6.90749979019165,6.712306499481201,58816000
2016-01-13,7.153749942779541,7.176249980926514,6.702499866485596,6.38285493850708,76050400
2016-01-14,6.792500019073486,7.052499771118164,6.652500152587891,6.591429233551025,65778400
2016-01-15,6.574999809265137,6.726250171661377,6.492499828338623,6.305823802947998,94068800
2016-01-19,6.800000190734863,6.818749904632568,6.542500019073486,6.321229934692383,75782400
2016-01-20,6.453750133514404,6.633749961853027,6.173749923706055,6.171910285949707,122976000
2016-01-21,6.538750171661377,6.726250171661377,6.433750152587891,6.235904216766357,82689600
2016-01-22,6.792500019073486,6.860000133514404,6.727499961853027,6.4883270263671875,53171200
2016-01-25,6.800000190734863,6.817500114440918,6.619999885559082,6.297527313232422,50050400
2016-01-26,6.683750152587891,6.840000152587891,6.663750171661377,6.459883213043213,39936800
2016-01-27,6.768750190734863,6.913750171661377,6.59250020980835,6.3236002922058105,58720000
2016-01-28,6.797500133514404,6.8125,6.597499847412109,6.391149997711182,52557600
2016-01-29,6.800000190734863,7.068749904632568,6.793749809265137,6.692160606384277,50482400
2016-02-01,6.976250171661377,7.128749847412109,6.929999828338623,6.698087215423584,35754400
2016-02-02,6.931250095367432,6.934999942779541,6.760000228881836,6.446850299835205,60852800
2016-02-03,6.892499923706055,6.921249866485596,6.586249828338623,6.527435302734375,73552800
2016-02-04,6.847499847412109,6.988749980926514,6.792500019073486,6.546395778656006,41268800
2016-02-05,6.866250038146973,6.866250038146973,6.591249942779541,6.30345344543457,64092800
2016-02-08,6.492499828338623,6.513750076293945,6.28000020980835,6.1280622482299805,66372000
2016-02-09,6.317500114440918,6.567500114440918,6.309999942779541,6.122137069702148,60628000
2016-02-10,6.53000020980835,6.663750171661377,6.442500114440918,6.115026473999023,49424800
2016-02-11,6.24875020980835,6.369999885559082,6.163750171661377,5.965706825256348,78288800
2016-02-12,6.425000190734863,6.546249866485596,6.361249923706055,6.202722072601318,44756000
2016-02-16,6.704999923706055,6.764999866485596,6.616250038146973,6.407740116119385,44642400
2016-02-17,6.862500190734863,7.016250133514404,6.853750228881836,6.619870185852051,44727200
2016-02-18,7.005000114440918,7.013750076293945,6.900000095367432,6.566542148590088,25282400
2016-02-19,6.857500076293945,6.933750152587891,6.809999942779541,6.559432506561279,33218400
2016-02-22,7.052499771118164,7.133749961853027,7.050000190734863,6.747859954833984,28823200
2016-02-23,7.057499885559082,7.086249828338623,6.932499885559082,6.587874889373779,26749600
2016-02-24,6.820000171661377,7.026249885559082,6.723750114440918,6.643571853637695,58596800
2016-02-25,7.045000076293945,7.175000190734863,6.977499961853027,6.802373886108398,43501600
2016-02-26,7.253749847412109,7.256249904632568,7.127500057220459,6.770377159118652,50137600
2016-02-29,7.142499923706055,7.222499847412109,7.014999866485596,6.6506829261779785,36776800
2016-03-01,7.136250019073486,7.363749980926514,7.09375,6.978950500488281,40967200
2016-03-02,7.333749771118164,7.428750038146973,7.296249866485596,7.041759967803955,43056800
2016-03-03,7.409999847412109,7.483749866485596,7.358749866485596,7.090348720550537,27195200
2016-03-04,7.5,7.598750114440918,7.428750038146973,7.1330108642578125,37190400
2016-03-07,7.446249961853027,7.578750133514404,7.445000171661377,7.154343605041504,25727200
2016-03-08,7.447500228881836,7.492499828338623,7.362500190734863,6.990801811218262,33855200
2016-03-09,7.447500228881836,7.481249809265137,7.380000114440918,7.061907768249512,29785600
2016-03-10,7.507500171661377,7.574999809265137,7.301249980926514,7.069015979766846,49216800
2016-03-11,7.587500095367432,7.706250190734863,7.582499980926514,7.3036627769470215,28993600
2016-03-14,7.65625,7.724999904632568,7.627500057220459,7.278775215148926,18380000
2016-03-15,7.587500095367432,7.661250114440918,7.572500228881836,7.263370513916016,20338400
2016-03-16,7.611249923706055,7.78125,7.611249923706055,7.34632682800293,30448000
2016-03-17,7.741250038146973,7.888750076293945,7.704999923706055,7.435208797454834,26676000
2016-03-18,7.886250019073486,7.93625020980835,7.862500190734863,7.4956464767456055,25070400
2016-03-21,7.880000114440918,7.947500228881836,7.861249923706055,7.514608383178711,18249600
2016-03-22,7.855000019073486,7.971250057220459,7.84250020980835,7.505126953125,21001600
2016-03-23,7.864999771118164,7.881249904632568,7.78000020980835,7.394914627075195,24322400
2016-03-24,7.701250076293945,7.792500019073486,7.683750152587891,7.385434150695801,20699200
2016-03-28,7.828750133514404,7.84499979019165,7.757500171661377,7.391359329223633,20502400
2016-03-29,7.762499809265137,7.949999809265137,7.733749866485596,7.537125587463379,27072000
2016-03-30,8.0337495803833,8.076250076293945,7.977499961853027,7.597563743591309,26584000
2016-03-31,8.0024995803833,8.039999961853027,7.957499980926514,7.563196182250977,19315200
2016-04-01,7.881249904632568,8.095000267028809,7.852499961853027,7.660373687744141,22890400
2016-04-04,8.074999809265137,8.0912504196167,7.99875020980835,7.611784934997559,24824000
2016-04-05,7.901249885559082,7.948750019073486,7.84250020980835,7.46127986907959,28215200
2016-04-06,7.87375020980835,8.042499542236328,7.849999904632568,7.617710590362549,29738400
2016-04-07,7.9375,7.96875,7.778749942779541,7.435208797454834,34036800
2016-04-08,7.952499866485596,7.989999771118164,7.838749885559082,7.4814252853393555,30104000
2016-04-11,7.947500228881836,8.005000114440918,7.841249942779541,7.44113302230835,31383200
2016-04-12,7.863749980926514,8.020000457763672,7.824999809265137,7.58452844619751,32199200
2016-04-13,8.074999809265137,8.162500381469727,8.06624984741211,7.731479167938232,33372800
2016-04-14,8.162500381469727,8.201250076293945,8.125,7.732662677764893,21731200
2016-04-15,8.151249885559082,8.166250228881836,8.109999656677246,7.711331367492676,22405600
2016-04-18,8.078749656677246,8.25374984741211,8.077500343322754,7.821544170379639,20152000
2016-04-19,8.291250228881836,8.327500343322754,8.228750228881836,7.867764472961426,27555200
2016-04-20,8.311249732971191,8.383749961853027,8.263750076293945,7.8855414390563965,24347200
2016-04-21,8.3149995803833,8.329999923706055,8.204999923706055,7.799027919769287,32085600
2016-04-22,8.198749542236328,8.25374984741211,8.146249771118164,7.806136608123779,21172800
2016-04-25,8.171250343322754,8.198749542236328,8.116250038146973,7.7705864906311035,19062400
2016-04-26,8.232500076293945,8.270000457763672,8.181249618530273,7.799027919769287,16622400
2016-04-27,8.192500114440918,8.295000076293945,8.15625,7.832209587097168,26438400
2016-04-28,8.1899995803833,8.289999961853027,8.069999694824219,7.693556308746338,34266400
2016-04-29,8.052499771118164,8.082500457763672,7.918749809265137,7.6082282066345215,46917600
2016-05-02,8.06624984741211,8.163749694824219,8.0287504196167,7.721999168395996,26954400
2016-05-03,8.0287504196167,8.053750038146973,7.9375,7.5880842208862305,39915200
2016-05-04,7.913750171661377,7.981249809265137,7.868750095367432,7.499200820922852,38432000
2016-05-05,7.958749771118164,7.989999771118164,7.872499942779541,7.505126953125,20032000
2016-05-06,7.84250020980835,7.973750114440918,7.827499866485596,7.553715705871582,19950400
2016-05-09,7.953750133514404,8.020000457763672,7.941249847412109,7.5714921951293945,13354400
2016-05-10,8.047499656677246,8.180000305175781,8.038749694824219,7.751626014709473,12608000
2016-05-11,8.135000228881836,8.170000076293945,8.02750015258789,7.610599994659424,17030400
2016-05-12,8.087499618530273,8.100000381469727,7.9375,7.615339279174805,21756000
2016-05-13,8.0,8.052499771118164,7.861249923706055,7.4814252853393555,20914400
2016-05-16,7.90749979019165,8.088749885559082,7.900000095367432,7.626006603240967,14613600
2016-05-17,8.017499923706055,8.043749809265137,7.847499847412109,7.489720344543457,20065600
2016-05-18,7.861249923706055,8.005000114440918,7.800000190734863,7.492091178894043,30198400
2016-05-19,7.829999923706055,7.868750095367432,7.732500076293945,7.439947128295898,27193600
2016-05-20,7.900000095367432,7.989999771118164,7.894999980926514,7.525272369384766,17992000
2016-05-23,7.943749904632568,7.96875,7.902500152587891,7.506311893463135,7615200
2016-05-24,7.997499942779541,8.1537504196167,7.993750095367432,7.699481010437012,12191200
2016-05-25,8.186249732971191,8.272500038146973,8.1850004196167,7.80021333694458,24442400
2016-05-26,8.251250267028809,8.268750190734863,8.210000038146973,7.808508396148682,8723200
2016-05-27,8.255000114440918,8.307499885559082,8.251250267028809,7.872504711151123,15307200
2016-05-31,8.333749771118164,8.3462495803833,8.225000381469727,7.849987030029297,18007200
2016-06-01,8.21875,8.327500343322754,8.202500343322754,7.881984710693359,10792800
2016-06-02,8.274999618530273,8.362500190734863,8.229999542236328,7.9282050132751465,16033600
2016-06-03,8.3100004196167,8.34375,8.197500228881836,7.878426551818848,24094400
2016-06-06,8.34749984741211,8.427499771118164,8.329999923706055,7.962569713592529,15306400
2016-06-07,8.40999984741211,8.473750114440918,8.40625,7.982714653015137,9928000
2016-06-08,8.4350004196167,8.487500190734863,8.425000190734863,8.033674240112305,10556000
2016-06-09,8.40625,8.463749885559082,8.381250381469727,8.012347221374512,16053600
2016-06-10,8.324999809265137,8.353750228881836,8.239999771118164,7.864206790924072,29064800
2016-06-13,8.237500190734863,8.3149995803833,8.154999732971191,7.740959167480469,18420000
2016-06-14,8.1274995803833,8.18375015258789,8.039999961853027,7.711331367492676,33176800
2016-06-15,8.166250228881836,8.22249984741211,8.088749885559082,7.686443328857422,23292000
2016-06-16,8.024999618530273,8.170000076293945,7.93625020980835,7.73503303527832,32186400
2016-06-17,8.147500038146973,8.148750305175781,8.03499984741211,7.673409461975098,25310400
2016-06-20,8.274999618530273,8.335000038146973,8.1899995803833,7.7705864906311035,36440800
2016-06-21,8.233750343322754,8.28125,8.193750381469727,7.815618515014648,30184800
2016-06-22,8.251250267028809,8.31624984741211,8.192500114440918,7.789156436920166,17014400
2016-06-23,8.335000038146973,8.420000076293945,8.297499656677246,7.988512992858887,19823200
2016-06-24,7.840000152587891,8.107500076293945,7.776249885559082,7.408242225646973,88425600
2016-06-27,7.691249847412109,7.691249847412109,7.462500095367432,7.14717960357666,75303200
2016-06-28,7.677499771118164,7.803750038146973,7.647500038146973,7.403497219085693,45063200
2016-06-29,7.927499771118164,8.088749885559082,7.922500133514404,7.662184715270996,40388000
2016-06-30,8.112500190734863,8.293749809265137,8.061249732971191,7.862730026245117,31797600
2016-07-01,8.279999732971191,8.368749618530273,8.27750015258789,7.899515628814697,22857600
2016-07-05,8.25,8.255000114440918,8.148750305175781,7.787971019744873,30904000
2016-07-06,8.15625,8.3125,8.09749984741211,7.88053035736084,34842400
2016-07-07,8.319999694824219,8.37874984741211,8.22249984741211,7.867475509643555,38462400
2016-07-08,8.40999984741211,8.55875015258789,8.390000343322754,8.103618621826172,32104800
2016-07-11,8.585000038146973,8.649999618530273,8.5625,8.164138793945312,24408000
2016-07-12,8.6875,8.75,8.666250228881836,8.28042984008789,19234400
2016-07-13,8.761249542236328,8.762499809265137,8.672499656677246,8.27568244934082,18102400
2016-07-14,8.84000015258789,8.861249923706055,8.7787504196167,8.36705493927002,36532800
2016-07-15,8.869999885559082,8.87125015258789,8.75,8.349257469177246,22346400
2016-07-18,8.805000305175781,8.856249809265137,8.779999732971191,8.393162727355957,13854400
2016-07-19,8.800000190734863,8.823749542236328,8.77750015258789,8.372983932495117,13005600
2016-07-20,8.866250038146973,8.916250228881836,8.824999809265137,8.445374488830566,14978400
2016-07-21,8.883749961853027,8.9037504196167,8.78499984741211,8.376545906066895,14103200
2016-07-22,8.837499618530273,8.911250114440918,8.813750267028809,8.458422660827637,15501600
2016-07-25,8.885000228881836,8.891249656677246,8.802499771118164,8.413331985473633,12309600
2016-07-26,8.850000381469727,8.898750305175781,8.78499984741211,8.414520263671875,16763200
2016-07-27,8.9037504196167,8.907500267028809,8.772500038146973,8.396720886230469,21241600
2016-07-28,8.827500343322754,8.893750190734863,8.7837495803833,8.414520263671875,10680000
2016-07-29,8.8412504196167,8.927499771118164,8.8149995803833,8.444184303283691,14130400
2016-08-01,8.898750305175781,8.9350004196167,8.835000038146973,8.427571296691895,11783200
2016-08-02,8.853750228881836,8.868749618530273,8.68375015258789,8.32314682006836,18551200
2016-08-03,8.75374984741211,8.819999694824219,8.729999542236328,8.372983932495117,11428800
2016-08-04,8.823749542236328,8.862500190734863,8.787500381469727,8.38366985321045,7913600
2016-08-05,8.901249885559082,8.979999542236328,8.888750076293945,8.5177583694458,10889600
2016-08-08,8.9975004196167,9.005000114440918,8.94124984741211,8.51419734954834,7153600
2016-08-09,8.973750114440918,9.023750305175781,8.944999694824219,8.518943786621094,9366400
2016-08-10,8.988750457763672,8.993749618530273,8.897500038146973,8.482161521911621,21488800
2016-08-11,8.981249809265137,9.037500381469727,8.957500457763672,8.555731773376465,9877600
2016-08-12,8.981249809265137,9.018750190734863,8.960000038146973,8.54149341583252,12643200
2016-08-15,9.032500267028809,9.082500457763672,9.03125,8.5901460647583,7833600
2016-08-16,9.006250381469727,9.015000343322754,8.956250190734863,8.504704475402832,15710400
2016-08-17,8.958749771118164,9.001250267028809,8.8774995803833,8.530810356140137,18324000
2016-08-18,8.984999656677246,9.03125,8.976249694824219,8.571154594421387,9495200
2016-08-19,8.981249809265137,9.020000457763672,8.9375,8.548609733581543,11139200
2016-08-22,8.977499961853027,9.022500038146973,8.942500114440918,8.545050621032715,13209600
2016-08-23,9.057499885559082,9.088749885559082,9.03125,8.573530197143555,10506400
2016-08-24,9.021249771118164,9.029999732971191,8.9037504196167,8.495211601257324,19748000
2016-08-25,8.90625,8.970000267028809,8.891249656677246,8.479785919189453,13648000
2016-08-26,8.948749542236328,9.046250343322754,8.8125,8.445374488830566,37726400
2016-08-29,8.90999984741211,9.007499694824219,8.9037504196167,8.526062965393066,8838400
2016-08-30,8.975000381469727,9.0,8.899999618530273,8.496399879455566,8312800
2016-08-31,8.923749923706055,8.931249618530273,8.826250076293945,8.452495574951172,20139200
2016-09-01,8.90250015258789,8.930000305175781,8.792499542236328,8.450119018554688,41115200
2016-09-02,8.981249809265137,9.023750305175781,8.927499771118164,8.52487850189209,19932000
2016-09-06,9.011249542236328,9.039999961853027,8.9399995803833,8.578278541564941,11318400
2016-09-07,9.016249656677246,9.051250457763672,8.976249694824219,8.57946491241455,13220000
2016-09-08,9.001250267028809,9.026249885559082,8.962499618530273,8.539118766784668,15239200
2016-09-09,8.867500305175781,8.867500305175781,8.557499885559082,8.123787879943848,58343200
2016-09-12,8.488750457763672,8.842499732971191,8.479999542236328,8.35993480682373,42487200
2016-09-13,8.681249618530273,8.706250190734863,8.493749618530273,8.119047164916992,76755200
2016-09-14,8.557499885559082,8.667499542236328,8.491250038146973,8.105990409851074,35073600
2016-09-15,8.52750015258789,8.748749732971191,8.512499809265137,8.27568244934082,32788000
2016-09-16,8.648750305175781,8.672499656677246,8.581250190734863,8.208044052124023,24916000
2016-09-19,8.708749771118164,8.767499923706055,8.618749618530273,8.21041488647461,24170400
2016-09-20,8.727499961853027,8.742500305175781,8.646249771118164,8.212786674499512,22347200
2016-09-21,8.704999923706055,8.852499961853027,8.642499923706055,8.389875411987305,27960800
2016-09-22,8.930000305175781,8.973750114440918,8.9087495803833,8.500328063964844,23041600
2016-09-23,8.907500267028809,8.918749809265137,8.84000015258789,8.405316352844238,20584000
2016-09-26,8.771249771118164,8.786250114440918,8.686249732971191,8.271105766296387,18380000
2016-09-27,8.6899995803833,8.819999694824219,8.6537504196167,8.372060775756836,18377600
2016-09-28,8.833749771118164,8.912500381469727,8.741250038146973,8.455199241638184,15708000
2016-09-29,8.87874984741211,8.914999961853027,8.686249732971191,8.304360389709473,35818400
2016-09-30,8.811249732971191,8.93375015258789,8.793749809265137,8.429068565368652,20559200
2016-10-03,8.826250076293945,8.84375,8.765000343322754,8.380373001098633,16015200
2016-10-04,8.836250305175781,8.856249809265137,8.677499771118164,8.306737899780273,28216000
2016-10-05,8.793749809265137,8.850000381469727,8.787500381469727,8.373249053955078,10866400
2016-10-06,8.7837495803833,8.842499732971191,8.737500190734863,8.387503623962402,17480000
2016-10-07,8.8462495803833,8.862500190734863,8.69124984741211,8.325737953186035,43132000
2016-10-10,8.850000381469727,8.895000457763672,8.837499618530273,8.408880233764648,10836800
2016-10-11,8.80875015258789,8.81624984741211,8.55875015258789,8.204594612121582,47496000
2016-10-12,8.641249656677246,8.698749542236328,8.59375,8.222411155700684,18868800
2016-10-13,8.526249885559082,8.640000343322754,8.447500228881836,8.16540241241455,33629600
2016-10-14,8.6850004196167,8.728750228881836,8.5962495803833,8.173715591430664,27291200
2016-10-17,8.5962495803833,8.62125015258789,8.523750305175781,8.120268821716309,18282400
2016-10-18,8.68375015258789,8.693750381469727,8.611249923706055,8.211719512939453,17147200
2016-10-19,8.668749809265137,8.7212495803833,8.637499809265137,8.252103805541992,13704800
2016-10-20,8.657500267028809,8.712499618530273,8.59749984741211,8.228344917297363,22104000
2016-10-21,8.586250305175781,8.675000190734863,8.568750381469727,8.230724334716797,14867200
2016-10-24,8.74625015258789,8.773750305175781,8.706250190734863,8.298420906066895,10231200
2016-10-25,8.723750114440918,8.74625015258789,8.666250228881836,8.248538970947266,17746400
2016-10-26,8.602499961853027,8.701250076293945,8.581250190734863,8.212909698486328,16666400
2016-10-27,8.71500015258789,8.71500015258789,8.592499732971191,8.172526359558105,24264800
2016-10-28,8.59749984741211,8.65999984741211,8.482500076293945,8.121455192565918,41013600
2016-10-31,8.579999923706055,8.598750114440918,8.532500267028809,8.1190824508667,18393600
2016-11-01,8.578749656677246,8.581250190734863,8.311249732971191,8.007437705993652,43204800
2016-11-02,8.393750190734863,8.430000305175781,8.282500267028809,7.9064836502075195,30325600
2016-11-03,8.338749885559082,8.359999656677246,8.220000267028809,7.834033966064453,20912000
2016-11-04,8.2524995803833,8.332500457763672,8.21500015258789,7.812655925750732,22587200
2016-11-07,8.452500343322754,8.5912504196167,8.442500114440918,8.152336120605469,34184800
2016-11-08,8.550000190734863,8.717499732971191,8.524999618530273,8.225974082946777,28989600
2016-11-09,8.657500267028809,8.904999732971191,8.501250267028809,8.410067558288574,66555200
2016-11-10,8.925000190734863,9.006250381469727,8.7524995803833,8.446884155273438,63530400
2016-11-11,8.822500228881836,8.8725004196167,8.761249542236328,8.408880233764648,39172800
2016-11-14,8.901249885559082,8.918749809265137,8.792499542236328,8.42313003540039,28949600
2016-11-15,8.901249885559082,9.0,8.882499694824219,8.551401138305664,19215200
2016-11-16,8.942500114440918,8.988750457763672,8.931249618530273,8.521712303161621,12002400
2016-11-17,8.981249809265137,9.063750267028809,8.973750114440918,8.609599113464355,21517600
2016-11-18,9.067500114440918,9.081250190734863,9.0,8.571592330932617,12876000
2016-11-21,9.072500228881836,9.154999732971191,9.05875015258789,8.692736625671387,17889600
2016-11-22,9.1875,9.206250190734863,9.117500305175781,8.730742454528809,15255200
2016-11-23,9.138750076293945,9.203749656677246,9.118749618530273,8.740245819091797,20726400
2016-11-25,9.233750343322754,9.267499923706055,9.223750114440918,8.804378509521484,6759200
2016-11-28,9.234999656677246,9.263750076293945,9.168749809265137,8.728365898132324,26615200
2016-11-29,9.182499885559082,9.257499694824219,9.151249885559082,8.756874084472656,18360800
2016-11-30,9.274999618530273,9.289999961853027,9.162500381469727,8.705801963806152,25120800
2016-12-01,9.196249961853027,9.196249961853027,9.06624984741211,8.640481948852539,39560800
2016-12-02,9.107500076293945,9.154999732971191,9.073749542236328,8.654731750488281,17010400
2016-12-05,9.1875,9.251250267028809,9.171250343322754,8.756874084472656,18279200
2016-12-06,9.237500190734863,9.2787504196167,9.1899995803833,8.813882827758789,21093600
2016-12-07,9.257499694824219,9.524999618530273,9.248749732971191,9.038357734680176,32771200
2016-12-08,9.516249656677246,9.612500190734863,9.489999771118164,9.090615272521973,30206400
2016-12-09,9.585000038146973,9.680000305175781,9.583749771118164,9.193946838378906,18606400
2016-12-12,9.668749809265137,9.717499732971191,9.616250038146973,9.17375659942627,19416000
2016-12-13,9.7162504196167,9.833749771118164,9.7162504196167,9.297272682189941,25861600
2016-12-14,9.75374984741211,9.824999809265137,9.579999923706055,9.146438598632812,63384800
2016-12-15,9.646249771118164,9.786250114440918,9.633749961853027,9.2129487991333,24421600
2016-12-16,9.7475004196167,9.7524995803833,9.632499694824219,9.185626983642578,19365600
2016-12-19,9.68375015258789,9.7475004196167,9.666250228881836,9.215323448181152,17498400
2016-12-20,9.763750076293945,9.795000076293945,9.736249923706055,9.285393714904785,18470400
2016-12-21,9.756250381469727,9.771249771118164,9.713749885559082,9.244253158569336,18748000
2016-12-22,9.697500228881836,9.708749771118164,9.640000343322754,9.210957527160645,22940000
2016-12-23,9.681249618530273,9.706250190734863,9.663749694824219,9.233551979064941,8256800
2016-12-27,9.731249809265137,9.791250228881836,9.727499961853027,9.277544975280762,23036000
2016-12-28,9.774999618530273,9.774999618530273,9.581250190734863,9.130101203918457,25183200
2016-12-29,9.598750114440918,9.631250381469727,9.542499542236328,9.120584487915039,12317600
2016-12-30,9.619999885559082,9.623749732971191,9.447500228881836,9.05399227142334,19888000
2017-01-03,9.641249656677246,9.707500457763672,9.543749809265137,9.187175750732422,24531200
2017-01-04,9.69124984741211,9.786250114440918,9.688750267028809,9.295384407043457,19205600
2017-01-05,9.74625015258789,9.772500038146973,9.678750038146973,9.278736114501953,19476800
2017-01-06,9.767499923706055,9.869999885559082,9.713749885559082,9.346517562866211,22015200
2017-01-09,9.797499656677246,9.813750267028809,9.756250381469727,9.284684181213379,20226400
2017-01-10,9.761249542236328,9.84375,9.720000267028809,9.28349494934082,17085600
2017-01-11,9.7475004196167,9.8125,9.6850004196167,9.334628105163574,25768000
2017-01-12,9.761249542236328,9.78125,9.6274995803833,9.291817665100098,37748000
2017-01-13,9.779999732971191,9.837499618530273,9.776249885559082,9.331059455871582,17244800
2017-01-17,9.742500305175781,9.7837495803833,9.698749542236328,9.264471054077148,22771200
2017-01-18,9.763750076293945,9.7837495803833,9.707500457763672,9.303709030151367,28008800
2017-01-19,9.787500381469727,9.803750038146973,9.664999961853027,9.239495277404785,13522400
2017-01-20,9.773750305175781,9.827500343322754,9.71875,9.294196128845215,45551200
2017-01-23,9.739999771118164,9.779999732971191,9.65250015258789,9.253764152526855,23843200
2017-01-24,9.74625015258789,9.891249656677246,9.736249923706055,9.363163948059082,21312800
2017-01-25,9.944999694824219,10.020000457763672,9.928750038146973,9.52251148223877,16119200
2017-01-26,10.005000114440918,10.03125,9.97249984741211,9.51180648803711,18152000
2017-01-27,10.005000114440918,10.020000457763672,9.947500228881836,9.486834526062012,25557600
2017-01-30,9.897500038146973,9.901249885559082,9.744999885559082,9.37267780303955,49948800
2017-01-31,9.791250228881836,9.84749984741211,9.736249923706055,9.36792278289795,32398400
2017-02-01,9.899999618530273,9.931249618530273,9.789999961853027,9.370301246643066,36632800
2017-02-02,9.8100004196167,9.887499809265137,9.7787504196167,9.375055313110352,20557600
2017-02-03,9.944999694824219,10.012499809265137,9.918749809265137,9.507047653198242,20160000
2017-02-06,9.952500343322754,9.992500305175781,9.925000190734863,9.4737548828125,31026400
2017-02-07,9.99625015258789,10.020000457763672,9.9399995803833,9.47732162475586,18602400
2017-02-08,9.928750038146973,9.994999885559082,9.9037504196167,9.502293586730957,17306400
2017-02-09,10.008749961853027,10.131250381469727,10.008749961853027,9.603371620178223,18193600
2017-02-10,10.138750076293945,10.202500343322754,10.1274995803833,9.678282737731934,14407200
2017-02-13,10.229999542236328,10.317500114440918,10.228750228881836,9.786493301391602,14909600
2017-02-14,10.270000457763672,10.375,10.237500190734863,9.869734764099121,21208000
2017-02-15,10.351249694824219,10.498749732971191,10.3462495803833,9.967240333557129,15846400
2017-02-16,10.482500076293945,10.5,10.386249542236328,9.95534896850586,23444000
2017-02-17,10.393750190734863,10.491250038146973,10.390000343322754,9.975564956665039,22647200
2017-02-21,10.53125,10.635000228881836,10.53125,10.09566879272461,15912000
2017-02-22,10.572500228881836,10.62125015258789,10.55875015258789,10.082587242126465,12481600
2017-02-23,10.65250015258789,10.6537504196167,10.5337495803833,10.100422859191895,18579200
2017-02-24,10.520000457763672,10.641249656677246,10.518750190734863,10.118260383605957,24274400
2017-02-27,10.631250381469727,10.688750267028809,10.602499961853027,10.155120849609375,21016800
2017-02-28,10.633749961853027,10.65625,10.573749542236328,10.10161018371582,28338400
2017-03-01,10.618749618530273,10.954999923706055,10.618749618530273,10.369165420532227,20655200
2017-03-02,10.888750076293945,10.888750076293945,10.766249656677246,10.253817558288574,19643200
2017-03-03,10.762499809265137,10.801250457763672,10.72249984741211,10.259763717651367,12942400
2017-03-06,10.698749542236328,10.75374984741211,10.654999732971191,10.19674301147461,22536000
2017-03-07,10.686249732971191,10.723750114440918,10.632499694824219,10.140851974487305,31226400
2017-03-08,10.6850004196167,10.710000038146973,10.598750114440918,10.09566879272461,17860800
2017-03-09,10.6225004196167,10.672499656677246,10.538749694824219,10.121828079223633,16643200
2017-03-10,10.738750457763672,10.743749618530273,10.614999771118164,10.184852600097656,17269600
2017-03-13,10.706250190734863,10.726249694824219,10.672499656677246,10.20030689239502,10044800
2017-03-14,10.662500381469727,10.670000076293945,10.574999809265137,10.126585006713867,22681600
2017-03-15,10.699999809265137,10.867500305175781,10.675000190734863,10.293061256408691,20925600
2017-03-16,10.84000015258789,10.8462495803833,10.74625015258789,10.258574485778809,24390400
2017-03-17,10.8100004196167,10.824999809265137,10.742500305175781,10.21933650970459,8480000
2017-03-20,10.738750457763672,10.768750190734863,10.677499771118164,10.194364547729492,11483200
2017-03-21,10.779999732971191,10.792499542236328,10.428750038146973,9.932754516601562,43176000
2017-03-22,10.43375015258789,10.506250381469727,10.368749618530273,9.98025131225586,20970400
2017-03-23,10.457500457763672,10.571249961853027,10.416250228881836,9.956443786621094,18217600
2017-03-24,10.491250038146973,10.545000076293945,10.361249923706055,9.944540977478027,23172800
2017-03-27,10.265000343322754,10.443750381469727,10.239999771118164,9.918351173400879,20249600
2017-03-28,10.395000457763672,10.611249923706055,10.376250267028809,10.060009002685547,16336800
2017-03-29,10.53499984741211,10.609999656677246,10.513750076293945,10.08500862121582,9493600
2017-03-30,10.583749771118164,10.675000190734863,10.5625,10.139764785766602,13066400
2017-03-31,10.613750457763672,10.672499656677246,10.59749984741211,10.099289894104004,11507200
2017-04-03,10.609999656677246,10.62874984741211,10.438750267028809,10.062389373779297,19964000
2017-04-04,10.5337495803833,10.586250305175781,10.49625015258789,10.079056739807129,17192800
2017-04-05,10.645000457763672,10.748749732971191,10.494999885559082,10.014775276184082,33134400
2017-04-06,10.532500267028809,10.626250267028809,10.482500076293945,10.061198234558105,22043200
2017-04-07,10.545000076293945,10.62125015258789,10.5,10.04334545135498,15628000
2017-04-10,10.563750267028809,10.642499923706055,10.508749961853027,10.055251121520996,17591200
2017-04-11,10.521249771118164,10.545000076293945,10.382499694824219,10.032628059387207,24760800
2017-04-12,10.506250381469727,10.523750305175781,10.418749809265137,9.949302673339844,23537600
2017-04-13,10.40625,10.482500076293945,10.3100004196167,9.821929931640625,18564000
2017-04-17,10.358750343322754,10.488750457763672,10.337499618530273,9.988588333129883,19884800
2017-04-18,10.40999984741211,10.478750228881836,10.354999542236328,9.923115730285645,17679200
2017-04-19,10.481249809265137,10.518750190734863,10.362500190734863,9.889782905578613,16156800
2017-04-20,10.446249961853027,10.59749984741211,10.414999961853027,10.04334545135498,18147200
2017-04-21,10.543749809265137,10.547499656677246,10.443750381469727,9.987397193908691,17968000
2017-04-24,10.7162504196167,10.734999656677246,10.664999961853027,10.199284553527832,22608000
2017-04-25,10.779999732971191,10.875,10.771249771118164,10.315943717956543,19124000
2017-04-26,10.836250305175781,10.926250457763672,10.819999694824219,10.309993743896484,18158400
2017-04-27,10.858750343322754,10.8725004196167,10.78499984741211,10.32308578491211,12623200
2017-04-28,10.868749618530273,10.8725004196167,10.779999732971191,10.286187171936035,8603200
2017-05-01,10.84749984741211,10.891249656677246,10.805000305175781,10.329035758972168,14709600
2017-05-02,10.863750457763672,10.873749732971191,10.813750267028809,10.336180686950684,15128800
2017-05-03,10.8125,10.850000381469727,10.758749961853027,10.311182975769043,16698400
2017-05-04,10.856249809265137,10.867500305175781,10.763750076293945,10.331421852111816,16139200
2017-05-05,10.887499809265137,10.942500114440918,10.8462495803833,10.420698165893555,15602400
2017-05-08,10.942500114440918,10.956250190734863,10.890000343322754,10.413554191589355,8240800
2017-05-09,10.956250190734863,10.978750228881836,10.876250267028809,10.39212703704834,8151200
2017-05-10,10.90625,10.949999809265137,10.885000228881836,10.424270629882812,8929600
2017-05-11,10.898750305175781,10.920000076293945,10.788749694824219,10.384984970092773,13099200
2017-05-12,10.8774995803833,10.888750076293945,10.84000015258789,10.356415748596191,12172000
2017-05-15,10.9087495803833,10.9975004196167,10.9087495803833,10.454031944274902,9889600
2017-05-16,11.016249656677246,11.020000457763672,10.925000190734863,10.44212532043457,9390400
2017-05-17,10.7837495803833,10.831250190734863,10.567500114440918,10.075484275817871,30048000
2017-05-18,10.5649995803833,10.74625015258789,10.539999961853027,10.146909713745117,20983200
2017-05-19,10.710000038146973,10.864999771118164,10.704999923706055,10.28142261505127,17479200
2017-05-22,10.84375,10.921250343322754,10.84000015258789,10.382606506347656,9185600
2017-05-23,10.94124984741211,10.96875,10.904999732971191,10.427839279174805,10344000
2017-05-24,10.976249694824219,11.012499809265137,10.94124984741211,10.474266052246094,10317600
2017-05-25,11.053750038146973,11.135000228881836,11.037500381469727,10.568304061889648,12141600
2017-05-26,11.088749885559082,11.118749618530273,11.078749656677246,10.573068618774414,4684000
2017-05-30,11.063750267028809,11.107500076293945,11.050000190734863,10.55283260345459,5975200
2017-05-31,11.113750457763672,11.116250038146973,11.0,10.548069953918457,14460800
2017-06-01,11.12125015258789,11.2475004196167,11.09375,10.70639419555664,12827200
2017-06-02,11.256250381469727,11.34000015258789,11.223750114440918,10.776625633239746,10377600
2017-06-05,11.30875015258789,11.335000038146973,11.286250114440918,10.768294334411621,8260000
2017-06-06,11.244999885559082,11.302499771118164,11.225000381469727,10.705201148986816,9068000
2017-06-07,11.271249771118164,11.296250343322754,11.197500228881836,10.734963417053223,12890400
2017-06-08,11.282500267028809,11.335000038146973,11.229999542236328,10.748056411743164,12226400
2017-06-09,11.3125,11.396249771118164,11.113750457763672,10.71353530883789,20101600
2017-06-12,11.220000267028809,11.25,11.151249885559082,10.70639419555664,13027200
2017-06-13,11.300000190734863,11.359999656677246,11.263750076293945,10.807574272155762,9403200
2017-06-14,11.381250381469727,11.385000228881836,11.236249923706055,10.788529396057129,17894400
2017-06-15,11.180000305175781,11.291250228881836,11.148750305175781,10.742103576660156,11216800
2017-06-16,11.298749923706055,11.298749923706055,11.188750267028809,10.743293762207031,10661600
2017-06-19,11.369999885559082,11.475000381469727,11.359999656677246,10.917092323303223,12536800
2017-06-20,11.427499771118164,11.431249618530273,11.3125,10.776625633239746,15948000
2017-06-21,11.336250305175781,11.356249809265137,11.2475004196167,10.766142845153809,12691200
2017-06-22,11.298749923706055,11.348750114440918,11.268750190734863,10.75541877746582,6785600
2017-06-23,11.296250343322754,11.34749984741211,11.2524995803833,10.785204887390137,8492800
2017-06-26,11.380000114440918,11.427499771118164,11.303750038146973,10.789970397949219,14647200
2017-06-27,11.301250457763672,11.333749771118164,11.142499923706055,10.624354362487793,21716800
2017-06-28,11.243749618530273,11.361249923706055,11.223750114440918,10.801886558532715,10946400
2017-06-29,11.354999542236328,11.361249923706055,11.012499809265137,10.624354362487793,27496000
2017-06-30,11.21875,11.265000343322754,11.162500381469727,10.65771770477295,14837600
2017-07-03,11.27750015258789,11.324999809265137,11.2212495803833,10.695842742919922,13294400
2017-07-05,11.25374984741211,11.287500381469727,11.170000076293945,10.735162734985352,11185600
2017-07-06,11.1850004196167,11.197500228881836,11.042499542236328,10.546911239624023,20985600
2017-07-07,11.117500305175781,11.21875,11.103750228881836,10.67916488647461,13846400
2017-07-10,11.188750267028809,11.265000343322754,11.173749923706055,10.701801300048828,6484800
2017-07-11,11.204999923706055,11.241250038146973,11.083749771118164,10.67916488647461,18106400
2017-07-12,11.3149995803833,11.393750190734863,11.3149995803833,10.842392921447754,9680000
2017-07-13,11.37874984741211,11.425000190734863,11.353750228881836,10.874566078186035,9188000
2017-07-14,11.413749694824219,11.557499885559082,11.40250015258789,10.972265243530273,8672800
2017-07-17,11.512499809265137,11.551250457763672,11.4975004196167,10.975841522216797,7088800
2017-07-18,11.475000381469727,11.53125,11.432499885559082,10.987752914428711,8509600
2017-07-19,11.5625,11.649999618530273,11.5600004196167,11.102136611938477,7612800
2017-07-20,11.680000305175781,11.688750267028809,11.602499961853027,11.10809326171875,13090400
2017-07-21,11.5962495803833,11.641249656677246,11.573749542236328,11.094986915588379,10214400
2017-07-24,11.630000114440918,11.645000457763672,11.579999923706055,11.084263801574707,7684800
2017-07-25,11.7162504196167,11.72249984741211,11.663749694824219,11.131925582885742,11392000
2017-07-26,11.713749885559082,11.720000267028809,11.6587495803833,11.142646789550781,5920000
2017-07-27,11.736249923706055,11.738750457763672,11.523750305175781,11.120007514953613,15969600
2017-07-28,11.609999656677246,11.647500038146973,11.5625,11.089027404785156,9634400
2017-07-31,11.677499771118164,11.6875,11.598750114440918,11.078307151794434,8838400
2017-08-01,11.68375015258789,11.688750267028809,11.625,11.120007514953613,7972800
2017-08-02,11.686249732971191,11.697500228881836,11.581250190734863,11.130730628967285,12100800
2017-08-03,11.667499542236328,11.668749809265137,11.607500076293945,11.096179008483887,6900800
2017-08-04,11.688750267028809,11.712499618530273,11.637499809265137,11.130730628967285,7317600
2017-08-07,11.682499885559082,11.720000267028809,11.672499656677246,11.167667388916016,6020800
2017-08-08,11.682499885559082,11.817500114440918,11.619999885559082,11.120007514953613,10094400
2017-08-09,11.581250190734863,11.663749694824219,11.546250343322754,11.106901168823242,10037600
2017-08-10,11.568750381469727,11.578749656677246,11.323749542236328,10.803075790405273,20883200
2017-08-11,11.350000381469727,11.422499656677246,11.326250076293945,10.824522018432617,14302400
2017-08-14,11.4975004196167,11.607500076293945,11.494999885559082,11.042563438415527,13010400
2017-08-15,11.625,11.625,11.547499656677246,11.040179252624512,9591200
2017-08-16,11.633749961853027,11.678750038146973,11.576250076293945,11.074729919433594,12680000
2017-08-17,11.555000305175781,11.587499618530273,11.258749961853027,10.731586456298828,21722400
2017-08-18,11.237500190734863,11.351249694824219,11.172499656677246,10.69465160369873,17008800
2017-08-21,11.208749771118164,11.263750076293945,11.138750076293945,10.712523460388184,10120800
2017-08-22,11.297499656677246,11.488750457763672,11.296250343322754,10.925797462463379,11576800
2017-08-23,11.367500305175781,11.431249618530273,11.350000381469727,10.85550308227539,7924800
2017-08-24,11.428750038146973,11.443750381469727,11.311249732971191,10.806650161743164,9068800
2017-08-25,11.420000076293945,11.482500076293945,11.37125015258789,10.853118896484375,10180800
2017-08-28,11.438750267028809,11.443750381469727,11.3412504196167,10.857882499694824,7667200
2017-08-29,11.24625015258789,11.4375,11.232500076293945,10.873373031616211,10064000
2017-08-30,11.40999984741211,11.546250343322754,11.388750076293945,10.978222846984863,9444800
2017-08-31,11.582500457763672,11.681249618530273,11.573749542236328,11.112860679626465,11116800
2017-09-01,11.696249961853027,11.733750343322754,11.672499656677246,11.147412300109863,10704000
2017-09-05,11.6274995803833,11.654999732971191,11.412500381469727,10.982989311218262,24272000
2017-09-06,11.59375,11.631250381469727,11.5337495803833,11.054478645324707,8597600
2017-09-07,11.6274995803833,11.6274995803833,11.546250343322754,11.052093505859375,9540800
2017-09-08,11.557499885559082,11.611249923706055,11.537500381469727,11.021114349365234,8852800
2017-09-11,11.696249961853027,11.817500114440918,11.696249961853027,11.248687744140625,8216000
2017-09-12,11.848750114440918,11.888750076293945,11.826250076293945,11.329705238342285,20649600
2017-09-13,11.852499961853027,11.901249885559082,11.84375,11.342814445495605,6689600
2017-09-14,11.861249923706055,11.90999984741211,11.84375,11.33447265625,5440000
2017-09-15,11.8725004196167,11.927499771118164,11.859999656677246,11.367835998535156,7332000
2017-09-18,11.960000038146973,12.007499694824219,11.928750038146973,11.411916732788086,7762400
2017-09-19,11.993749618530273,12.0024995803833,11.958749771118164,11.428597450256348,3612000
2017-09-20,12.0,12.012499809265137,11.892499923706055,11.438131332397461,10591200
2017-09-21,11.981249809265137,11.988750457763672,11.916250228881836,11.374983787536621,5051200
2017-09-22,11.899999618530273,11.956250190734863,11.898750305175781,11.37975025177002,4880800
2017-09-25,11.9087495803833,11.948749542236328,11.806249618530273,11.332090377807617,8308000
2017-09-26,11.932499885559082,11.958749771118164,11.876250267028809,11.344003677368164,8243200
2017-09-27,11.96875,12.023750305175781,11.87125015258789,11.432257652282715,11399200
2017-09-28,11.949999809265137,12.016249656677246,11.942500114440918,11.458494186401367,5428800
2017-09-29,12.005000114440918,12.100000381469727,11.987500190734863,11.53720474243164,8116800
2017-10-02,12.116250038146973,12.193750381469727,12.108750343322754,11.630227088928223,10728800
2017-10-03,12.210000038146973,12.25,12.1875,11.686279296875,5241600
2017-10-04,12.231249809265137,12.303750038146973,12.217499732971191,11.714906692504883,7459200
2017-10-05,12.3100004196167,12.421250343322754,12.300000190734863,11.846088409423828,7521600
2017-10-06,12.369999885559082,12.396249771118164,12.34000015258789,11.823430061340332,8575200
2017-10-09,12.413749694824219,12.421250343322754,12.319999694824219,11.784072875976562,4770400
2017-10-10,12.411250114440918,12.453749656677246,12.353750228881836,11.842510223388672,8184800
2017-10-11,12.401249885559082,12.451250076293945,12.383749961853027,11.875904083251953,5380800
2017-10-12,12.414999961853027,12.452500343322754,12.386249542236328,11.837742805480957,6861600
2017-10-13,12.461250305175781,12.473750114440918,12.423749923706055,11.868748664855957,4282400
2017-10-16,12.4662504196167,12.494999885559082,12.427499771118164,11.902141571044922,5058400
2017-10-17,12.46500015258789,12.493749618530273,12.443750381469727,11.918838500976562,4187200
2017-10-18,12.532500267028809,12.537500381469727,12.492500305175781,11.934343338012695,3808000
2017-10-19,12.418749809265137,12.520000457763672,12.3774995803833,11.94030475616455,7004800
2017-10-20,12.609999656677246,12.648750305175781,12.579999923706055,12.064335823059082,6864000
2017-10-23,12.680000305175781,12.682499885559082,12.538749694824219,11.971315383911133,6760000
2017-10-24,12.595000267028809,12.614999771118164,12.551250457763672,12.008280754089355,5832000
2017-10-25,12.552499771118164,12.563750267028809,12.337499618530273,11.891407012939453,12392000
2017-10-26,12.529999732971191,12.561249732971191,12.489999771118164,11.918838500976562,6454400
2017-10-27,12.577500343322754,12.713749885559082,12.547499656677246,12.109652519226074,10646400
2017-10-30,12.577500343322754,12.6850004196167,12.569999694824219,12.023783683776855,8707200
2017-10-31,12.645000457763672,12.670000076293945,12.607500076293945,12.059563636779785,6496000
2017-11-01,12.728750228881836,12.765000343322754,12.632499694824219,12.091763496398926,7982400
2017-11-02,12.663749694824219,12.697500228881836,12.548749923706055,12.098917007446289,8862400
2017-11-03,12.697500228881836,12.770000457763672,12.654999732971191,12.175248146057129,5732000
2017-11-06,12.744999885559082,12.81624984741211,12.742500305175781,12.20744514465332,5340800
2017-11-07,12.8125,12.852499961853027,12.727499961853027,12.203868865966797,8201600
2017-11-08,12.761249542236328,12.837499618530273,12.733750343322754,12.24322509765625,6416000
2017-11-09,12.6875,12.75374984741211,12.552499771118164,12.150200843811035,16762400
2017-11-10,12.6875,12.732500076293945,12.651249885559082,12.1394681930542,9957600
2017-11-13,12.646249771118164,12.771249771118164,12.641249656677246,12.15974235534668,6424000
2017-11-14,12.649999618530273,12.697500228881836,12.56624984741211,12.103691101074219,10588800
2017-11-15,12.579999923706055,12.633749961853027,12.479999542236328,11.980851173400879,11112000
2017-11-16,12.6587495803833,12.8100004196167,12.657500267028809,12.176438331604004,12188000
2017-11-17,12.726249694824219,12.75,12.68375015258789,12.109652519226074,7955200
2017-11-20,12.720000267028809,12.75374984741211,12.692500114440918,12.145430564880371,6656000
2017-11-21,12.819999694824219,12.918749809265137,12.8125,12.302851676940918,9820000
2017-11-22,12.897500038146973,12.911250114440918,12.856249809265137,12.284963607788086,5951200
2017-11-24,12.925000190734863,12.943750381469727,12.911250114440918,12.338631629943848,5050400
2017-11-27,12.9350004196167,12.970000267028809,12.895000457763672,12.32909107208252,6527200
2017-11-28,12.973750114440918,13.182499885559082,12.961250305175781,12.568804740905762,13350400
2017-11-29,13.196249961853027,13.256250381469727,13.112500190734863,12.560454368591309,11983200
2017-11-30,13.267499923706055,13.493749618530273,13.258749961853027,12.767967224121094,15046400
2017-12-01,13.369999885559082,13.421250343322754,12.961250305175781,12.717879295349121,22000000
2017-12-04,13.521249771118164,13.568750381469727,13.296250343322754,12.686871528625488,14411200
2017-12-05,13.329999923706055,13.399999618530273,13.188750267028809,12.599811553955078,15933600
2017-12-06,13.168749809265137,13.258749961853027,13.15625,12.601003646850586,8176800
2017-12-07,13.1899995803833,13.324999809265137,13.178750038146973,12.678522109985352,8138400
2017-12-08,13.383749961853027,13.4350004196167,13.354999542236328,12.813285827636719,6057600
2017-12-11,13.4375,13.520000457763672,13.431249618530273,12.894383430480957,8781600
2017-12-12,13.545000076293945,13.614999771118164,13.516249656677246,12.940895080566406,7275200
2017-12-13,13.587499618530273,13.640000343322754,13.550000190734863,12.931355476379395,11194400
2017-12-14,13.59375,13.601249694824219,13.436249732971191,12.826404571533203,10213600
2017-12-15,13.561249732971191,13.7162504196167,13.552499771118164,13.03987979888916,10019200
2017-12-18,13.823749542236328,13.876250267028809,13.8149995803833,13.198493957519531,9434400
2017-12-19,13.866250038146973,13.866250038146973,13.7212495803833,13.10785961151123,18046400
2017-12-20,13.8412504196167,13.848750114440918,13.682499885559082,13.0875825881958,18012000
2017-12-21,13.7787504196167,13.848750114440918,13.739999771118164,13.132899284362793,11016000
2017-12-22,13.766249656677246,13.770000457763672,13.697500228881836,13.126940727233887,10542400
2017-12-26,13.688750267028809,13.723750114440918,13.673749923706055,13.09361743927002,4550400
2017-12-27,13.717499732971191,13.758749961853027,13.686249732971191,13.109143257141113,4708800
2017-12-28,13.765000343322754,13.773750305175781,13.727499961853027,13.158113479614258,7778400
2017-12-29,13.831250190734863,13.832500457763672,13.641249656677246,13.069732666015625,11952000
2018-01-02,13.770000457763672,13.863750457763672,13.72249984741211,13.24649429321289,15379200
2018-01-03,13.883749961853027,14.050000190734863,13.87874984741211,13.405343055725098,8994400
2018-01-04,14.107500076293945,14.207500457763672,14.0962495803833,13.524775505065918,11100000
2018-01-05,14.244999885559082,14.350000381469727,14.18375015258789,13.694374084472656,10957600
2018-01-08,14.321249961853027,14.404999732971191,14.287500381469727,13.74573040008545,7715200
2018-01-09,14.436249732971191,14.524999618530273,14.404999732971191,13.80783462524414,10405600
2018-01-10,14.358750343322754,14.436249732971191,14.2787504196167,13.76364517211914,11608000
2018-01-11,14.46875,14.608750343322754,14.449999809265137,13.955934524536133,13354400
2018-01-12,14.645000457763672,14.821249961853027,14.62874984741211,14.141057968139648,12074400
2018-01-16,14.951250076293945,15.03125,14.613750457763672,14.043122291564941,19564000
2018-01-17,14.807499885559082,15.022500038146973,14.725000381469727,14.314238548278809,13421600
2018-01-18,14.958749771118164,15.012499809265137,14.866250038146973,14.264077186584473,11466400
2018-01-19,14.991250038146973,15.05875015258789,14.925000190734863,14.388288497924805,12498400
2018-01-22,15.023750305175781,15.302499771118164,15.023750305175781,14.618800163269043,12737600
2018-01-23,15.306249618530273,15.40250015258789,15.270000457763672,14.680903434753418,10464800
2018-01-24,15.446249961853027,15.517499923706055,15.208749771118164,14.67254638671875,14710400
2018-01-25,15.456250190734863,15.4662504196167,15.265000343322754,14.67851448059082,12304800
2018-01-26,15.463749885559082,15.71500015258789,15.432499885559082,15.014126777648926,10795200
2018-01-29,15.642499923706055,15.697500228881836,15.489999771118164,14.813474655151367,14835200
2018-01-30,15.271249771118164,15.353750228881836,15.1274995803833,14.500555038452148,19798400
2018-01-31,15.289999961853027,15.352499961853027,15.071249961853027,14.52922248840332,12788800
2018-02-01,15.100000381469727,15.324999809265137,15.068750381469727,14.491002082824707,11066400
2018-02-02,14.998749732971191,15.015000343322754,14.498749732971191,13.861580848693848,29116800
2018-02-05,14.276249885559082,14.539999961853027,13.21500015258789,12.735310554504395,59005600
2018-02-06,12.882499694824219,13.858750343322754,12.756250381469727,13.196332931518555,65334400
2018-02-07,13.732500076293945,14.140000343322754,13.651249885559082,13.043456077575684,34136000
2018-02-08,13.6875,13.701250076293945,12.633749961853027,12.079618453979492,54952800
2018-02-09,12.956250190734863,13.211250305175781,12.168749809265137,12.446281433105469,72404800
2018-02-12,13.236249923706055,13.552499771118164,13.047499656677246,12.784282684326172,32959200
2018-02-13,13.248749732971191,13.516249656677246,13.1850004196167,12.857136726379395,18068000
2018-02-14,13.300000190734863,13.858750343322754,13.289999961853027,13.205885887145996,24564800
2018-02-15,14.012499809265137,14.167499542236328,13.731249809265137,13.533137321472168,20341600
2018-02-16,14.09375,14.404999732971191,14.09000015258789,13.541497230529785,23835200
2018-02-20,14.057499885559082,14.232500076293945,13.901249885559082,13.379066467285156,18263200
2018-02-21,14.041250228881836,14.331250190734863,13.8462495803833,13.230966567993164,20400000
2018-02-22,13.97249984741211,14.1587495803833,13.8125,13.260824203491211,19359200
2018-02-23,14.03499984741211,14.328749656677246,13.981249809265137,13.688400268554688,15329600
2018-02-26,14.453749656677246,14.673749923706055,14.390000343322754,14.008487701416016,16670400
2018-02-27,14.68375015258789,14.770000457763672,14.288749694824219,13.654959678649902,22444800
2018-02-28,14.426250457763672,14.476249694824219,13.967499732971191,13.356376647949219,20877600
2018-03-01,13.984999656677246,14.15625,13.381250381469727,12.994488716125488,42380000
2018-03-02,13.393750190734863,13.796250343322754,13.297499656677246,13.127059936523438,44201600
2018-03-05,13.592499732971191,14.118749618530273,13.582500457763672,13.425646781921387,26714400
2018-03-06,14.15625,14.171250343322754,13.942500114440918,13.492528915405273,20048800
2018-03-07,13.864999771118164,14.147500038146973,13.842499732971191,13.47700309753418,21141600
2018-03-08,14.1850004196167,14.25374984741211,14.068750381469727,13.603602409362793,20075200
2018-03-09,14.40625,14.732500076293945,14.368749618530273,14.070591926574707,19589600
2018-03-12,14.773750305175781,14.845000267028809,14.654999732971191,14.044317245483398,14744800
2018-03-13,14.8412504196167,14.895000457763672,14.4375,13.865164756774902,34554400
2018-03-14,14.6225004196167,14.641249656677246,14.292499542236328,13.718263626098633,34484800
2018-03-15,14.417499542236328,14.489999771118164,14.265000343322754,13.689595222473145,22004800
2018-03-16,14.376250267028809,14.473750114440918,14.34749984741211,13.714676856994629,18197600
2018-03-19,14.262499809265137,14.266249656677246,13.770000457763672,13.346818923950195,35084800
2018-03-20,14.008749961853027,14.082500457763672,13.932499885559082,13.388622283935547,19548000
2018-03-21,13.986249923706055,14.22249984741211,13.90625,13.32882022857666,25728000
2018-03-22,13.671250343322754,13.765000343322754,13.204999923706055,12.667402267456055,35500000
2018-03-23,13.287500381469727,13.321249961853027,12.649999618530273,12.122002601623535,42747200
2018-03-26,13.077500343322754,13.390000343322754,12.803750038146973,12.791789054870605,39804000
2018-03-27,13.46500015258789,13.524999618530273,12.725000381469727,12.338485717773438,45618400
2018-03-28,12.911250114440918,13.09375,12.698749542236328,12.27629280090332,44767200
2018-03-29,12.949999809265137,13.352499961853027,12.866250038146973,12.615971565246582,21190400
2018-04-02,13.088749885559082,13.146249771118164,12.302499771118164,12.046649932861328,27272800
2018-04-03,12.7162504196167,12.952500343322754,12.518750190734863,12.345661163330078,23377600
2018-04-04,12.5,13.255000114440918,12.486249923706055,12.623147964477539,32685600
2018-04-05,13.375,13.478750228881836,13.24625015258789,12.804947853088379,18411200
2018-04-06,13.162500381469727,13.326250076293945,12.609999656677246,12.239215850830078,30396800
2018-04-09,12.956250190734863,13.28499984741211,12.862500190734863,12.339683532714844,21163200
2018-04-10,13.231249809265137,13.404999732971191,13.098750114440918,12.737969398498535,21487200
2018-04-11,13.143750190734863,13.363750457763672,13.142499923706055,12.611187934875488,18068000
2018-04-12,13.323749542236328,13.4975004196167,13.303750038146973,12.806145668029785,17275200
2018-04-13,13.545000076293945,13.551250457763672,13.192500114440918,12.737969398498535,19539200
2018-04-16,13.487500190734863,13.613750457763672,13.399999618530273,12.94249153137207,14555200
2018-04-17,13.732500076293945,13.882499694824219,13.672499656677246,13.215194702148438,15932800
2018-04-18,13.87125015258789,13.925000190734863,13.7837495803833,13.236721992492676,12022400
2018-04-19,13.74625015258789,13.776249885559082,13.557499885559082,13.082429885864258,20021600
2018-04-20,13.671250343322754,13.692500114440918,13.3412504196167,12.867144584655762,13934400
2018-04-23,13.512499809265137,13.571249961853027,13.31624984741211,12.858768463134766,13796800
2018-04-24,13.555000305175781,13.576250076293945,12.9037504196167,12.516698837280273,31982400
2018-04-25,13.061249732971191,13.1875,12.861249923706055,12.571715354919434,23195200
2018-04-26,13.25374984741211,13.493749618530273,13.201250076293945,12.820494651794434,17175200
2018-04-27,13.467499732971191,13.505000114440918,13.319999694824219,12.849201202392578,14940800
2018-04-30,13.49625015258789,13.556249618530273,13.210000038146973,12.641090393066406,20148000
2018-05-01,13.162500381469727,13.274999618530273,12.982500076293945,12.696106910705566,18676000
2018-05-02,13.227499961853027,13.332500457763672,13.038749694824219,12.519092559814453,15929600
2018-05-03,12.986249923706055,13.095000267028809,12.668749809265137,12.461678504943848,30462400
2018-05-04,12.913749694824219,13.436249732971191,12.881250381469727,12.783417701721191,17428000
2018-05-07,13.444999694824219,13.557499885559082,13.368749618530273,12.858768463134766,16083200
2018-05-08,13.399999618530273,13.486249923706055,13.270000457763672,12.862359046936035,18550400
2018-05-09,13.522500038146973,13.741250038146973,13.46500015258789,13.115921974182129,15869600
2018-05-10,13.792499542236328,13.994999885559082,13.77750015258789,13.355132102966309,11142400
2018-05-11,13.973750114440918,14.074999809265137,13.918749809265137,13.410150527954102,8717600
2018-05-14,14.09375,14.164999961853027,13.994999885559082,13.44124698638916,9128000
2018-05-15,13.911250114440918,13.913749694824219,13.75374984741211,13.257054328918457,23487200
2018-05-16,13.858750343322754,14.0287504196167,13.858750343322754,13.373072624206543,12227200
2018-05-17,13.9375,14.073749542236328,13.859999656677246,13.349153518676758,9861600
2018-05-18,13.9087495803833,13.949999809265137,13.837499618530273,13.284563064575195,15313600
2018-05-21,14.046250343322754,14.148750305175781,14.008749961853027,13.474738121032715,12397600
2018-05-22,14.145000457763672,14.176250457763672,13.970000267028809,13.398189544677734,14471200
2018-05-23,13.857500076293945,14.085000038146973,13.84000015258789,13.475934982299805,14796800
2018-05-24,14.029999732971191,14.0625,13.813750267028809,13.420914649963379,12769600
2018-05-25,13.958749771118164,14.023750305175781,13.893750190734863,13.351541519165039,15753600
2018-05-29,13.755000114440918,13.8462495803833,13.498749732971191,13.054923057556152,35442400
2018-05-30,13.78499984741211,14.042499542236328,13.771249771118164,13.385034561157227,10105600
2018-05-31,13.94124984741211,13.97249984741211,13.74625015258789,13.198447227478027,27311200
2018-06-01,13.9662504196167,14.125,13.960000038146973,13.475934982299805,13561600
2018-06-04,14.180000305175781,14.2475004196167,14.151249885559082,13.606305122375488,13183200
2018-06-05,14.228750228881836,14.28125,14.142499923706055,13.639790534973145,12352800
2018-06-06,14.305000305175781,14.487500190734863,14.234999656677246,13.859868049621582,10137600
2018-06-07,14.52750015258789,14.563750267028809,14.363750457763672,13.843123435974121,14388000
2018-06-08,14.411250114440918,14.5600004196167,14.395000457763672,13.92684555053711,6480000
2018-06-11,14.571249961853027,14.677499771118164,14.563750267028809,13.960332870483398,7740800
2018-06-12,14.642499923706055,14.668749809265137,14.550000190734863,14.004590034484863,8945600
2018-06-13,14.6537504196167,14.68375015258789,14.508749961853027,13.894551277160645,13329600
2018-06-14,14.62874984741211,14.666250228881836,14.53125,13.974688529968262,12973600
2018-06-15,14.511249542236328,14.600000381469727,14.376250267028809,13.936412811279297,10596800
2018-06-18,14.387499809265137,14.517499923706055,14.329999923706055,13.877808570861816,13019200
2018-06-19,14.233750343322754,14.414999961853027,14.180000305175781,13.770162582397461,15316000
2018-06-20,14.448749542236328,14.489999771118164,14.373749732971191,13.816763877868652,9612800
2018-06-21,14.404999732971191,14.40625,14.168749809265137,13.638260841369629,18368000
2018-06-22,14.3774995803833,14.386249542236328,14.2524995803833,13.681386947631836,10988000
2018-06-25,14.138750076293945,14.157500267028809,13.69124984741211,13.310003280639648,42752000
2018-06-26,13.948749542236328,14.045000076293945,13.866250038146973,13.363917350769043,12317600
2018-06-27,14.012499809265137,14.180000305175781,13.701250076293945,13.138686180114746,21559200
2018-06-28,13.701250076293945,13.956250190734863,13.62125015258789,13.294429779052734,32663200
2018-06-29,13.993749618530273,14.149999618530273,13.897500038146973,13.332763671875,15677600
2018-07-02,13.725000381469727,13.986249923706055,13.696249961853027,13.395061492919922,19010400
2018-07-03,14.067500114440918,14.076250076293945,13.81624984741211,13.281249046325684,11128800
2018-07-05,13.988750457763672,14.09375,13.867500305175781,13.501686096191406,18143200
2018-07-06,14.09000015258789,14.366250038146973,14.045000076293945,13.716133117675781,12553600
2018-07-09,14.44124984741211,14.582500457763672,14.4375,13.970112800598145,8697600
2018-07-10,14.635000228881836,14.694999694824219,14.59749984741211,14.061161994934082,9173600
2018-07-11,14.5,14.588749885559082,14.432499885559082,13.867081642150879,18662400
2018-07-12,14.612500190734863,14.731249809265137,14.542499542236328,14.107884407043457,10757600
2018-07-13,14.710000038146973,14.78499984741211,14.651249885559082,14.129449844360352,6771200
2018-07-16,14.7524995803833,14.767499923706055,14.668749809265137,14.103089332580566,8293600
2018-07-17,14.62874984741211,14.888750076293945,14.6225004196167,14.22768497467041,8863200
2018-07-18,14.845000267028809,14.911250114440918,14.797499656677246,14.280399322509766,6092000
2018-07-19,14.819999694824219,14.857500076293945,14.726249694824219,14.173774719238281,7015200
2018-07-20,14.761249542236328,14.829999923706055,14.728750228881836,14.139033317565918,8986400
2018-07-23,14.71875,14.824999809265137,14.681249618530273,14.189349174499512,4024000
2018-07-24,14.962499618530273,15.048749923706055,14.8462495803833,14.32113265991211,11740800
2018-07-25,14.920000076293945,15.239999771118164,14.912500381469727,14.58230209350586,14030400
2018-07-26,15.107500076293945,15.210000038146973,15.101249694824219,14.493646621704102,5773600
2018-07-27,15.167499542236328,15.173749923706055,14.80875015258789,14.300765991210938,18111200
2018-07-30,14.928750038146973,14.944999694824219,14.697500228881836,14.140230178833008,19594400
2018-07-31,14.859999656677246,14.978750228881836,14.807499885559082,14.278002738952637,9374400
2018-08-01,14.920000076293945,14.988750457763672,14.7787504196167,14.243261337280273,9717600
2018-08-02,14.706250190734863,15.0337495803833,14.673749923706055,14.377437591552734,7692000
2018-08-03,15.0287504196167,15.146249771118164,15.010000228881836,14.51640796661377,7999200
2018-08-06,15.141249656677246,15.287500381469727,15.09749984741211,14.620635986328125,9107200
2018-08-07,15.329999923706055,15.397500038146973,15.313750267028809,14.705696105957031,10809600
2018-08-08,15.327500343322754,15.382499694824219,15.279999732971191,14.692517280578613,8177600
2018-08-09,15.337499618530273,15.387499809265137,15.272500038146973,14.652983665466309,5538400
2018-08-10,15.104999542236328,15.176250457763672,14.99625015258789,14.449320793151855,15300800
2018-08-13,15.113750457763672,15.1875,14.932499885559082,14.33670425415039,11723200
2018-08-14,15.056249618530273,15.182499885559082,15.005000114440918,14.524794578552246,7207200
2018-08-15,14.991250038146973,15.005000114440918,14.75374984741211,14.305559158325195,16075200
2018-08-16,15.09749984741211,15.272500038146973,15.09749984741211,14.53917407989502,11795200
2018-08-17,15.132499694824219,15.324999809265137,15.092499732971191,14.627828598022461,10018400
2018-08-20,15.335000038146973,15.369999885559082,15.270000457763672,14.698509216308594,8046400
2018-08-21,15.399999618530273,15.510000228881836,15.383749961853027,14.757210731506348,6628000
2018-08-22,15.354999542236328,15.449999809265137,15.323749542236328,14.746428489685059,5658400
2018-08-23,15.361249923706055,15.4662504196167,15.303750038146973,14.700905799865723,6684000
2018-08-24,15.407500267028809,15.541250228881836,15.404999732971191,14.877013206481934,10738400
2018-08-27,15.662500381469727,15.779999732971191,15.648750305175781,15.1058349609375,12343200
2018-08-28,15.824999809265137,15.835000038146973,15.726249694824219,15.12380599975586,4047200
2018-08-29,15.80875015258789,15.978750228881836,15.7787504196167,15.289133071899414,6338400
2018-08-30,15.883749961853027,15.932499885559082,15.743749618530273,15.154955863952637,9800000
2018-08-31,15.762499809265137,15.869999885559082,15.706250190734863,15.156152725219727,6286400
2018-09-04,15.765000343322754,15.801250457763672,15.635000228881836,15.111824989318848,8345600
2018-09-05,15.712499618530273,15.737500190734863,15.548749923706055,15.015983581542969,15202400
2018-09-06,15.682499885559082,15.717499732971191,15.447500228881836,14.930925369262695,12907200
2018-09-07,15.443750381469727,15.630000114440918,15.420000076293945,14.865032196044922,10264800
2018-09-10,15.632499694824219,15.663749694824219,15.539999961853027,14.915350914001465,5683200
2018-09-11,15.487500190734863,15.71875,15.442500114440918,15.023171424865723,10818400
2018-09-12,15.668749809265137,15.741250038146973,15.574999809265137,15.027963638305664,10714400
2018-09-13,15.795000076293945,15.876250267028809,15.766249656677246,15.19209098815918,8346400
2018-09-14,15.87874984741211,15.898750305175781,15.761249542236328,15.200480461120605,9532800
2018-09-17,15.854999542236328,15.854999542236328,15.65250015258789,15.03515338897705,6483200
2018-09-18,15.707500457763672,15.928750038146973,15.707500457763672,15.196884155273438,11951200
2018-09-19,15.856249809265137,15.9399995803833,15.8462495803833,15.228034019470215,7698400
2018-09-20,16.0362491607666,16.181249618530273,16.024999618530273,15.465239524841309,13409600
2018-09-21,16.237499237060547,16.247499465942383,16.092500686645508,15.446073532104492,6392800
2018-09-24,16.040000915527344,16.05500030517578,15.930000305175781,15.34424114227295,8314400
2018-09-25,16.05875015258789,16.068750381469727,15.943750381469727,15.307103157043457,6454400
2018-09-26,15.973750114440918,16.11750030517578,15.806249618530273,15.211169242858887,8153600
2018-09-27,15.916250228881836,16.075000762939453,15.880000114440918,15.296310424804688,4924000
2018-09-28,15.868749618530273,16.0049991607666,15.862500190734863,15.29151439666748,6521600
2018-10-01,16.09749984741211,16.186250686645508,15.973750114440918,15.39824104309082,11517600
2018-10-02,16.028749465942383,16.123750686645508,15.989999771118164,15.381451606750488,6467200
2018-10-03,16.158750534057617,16.217500686645508,16.010000228881836,15.404234886169434,11238400
2018-10-04,15.983750343322754,15.993749618530273,15.600000381469727,15.160807609558105,23792800
2018-10-05,15.817500114440918,15.883749961853027,15.436249732971191,14.992927551269531,23050400
2018-10-08,15.52750015258789,15.65625,15.362500190734863,14.972542762756348,15156000
2018-10-09,15.55875015258789,15.725000381469727,15.5,14.937764167785645,14552000
2018-10-10,15.5024995803833,15.506250381469727,14.536250114440918,13.978449821472168,26454400
2018-10-11,14.451250076293945,14.636249542236328,13.743749618530273,13.365683555603027,52879200
2018-10-12,14.423749923706055,14.43375015258789,13.951250076293945,13.742217063903809,31114400
2018-10-15,14.270000457763672,14.422499656677246,14.141249656677246,13.591126441955566,22721600
2018-10-16,14.3774995803833,14.819999694824219,14.329999923706055,14.172710418701172,15355200
2018-10-17,14.772500038146973,14.848750114440918,14.47249984741211,14.172710418701172,28916000
2018-10-18,14.663749694824219,14.733750343322754,14.193750381469727,13.76979923248291,25052800
2018-10-19,14.426250457763672,14.643750190734863,14.231249809265137,13.743414878845215,16844000
2018-10-22,14.4037504196167,14.442500114440918,14.135000228881836,13.619902610778809,22492800
2018-10-23,13.767499923706055,14.177499771118164,13.536250114440918,13.476005554199219,36132800
2018-10-24,14.02750015258789,14.06624984741211,13.135000228881836,12.6641845703125,27758400
2018-10-25,13.395000457763672,13.84000015258789,13.286250114440918,13.112666130065918,23336000
2018-10-26,13.242500305175781,13.53499984741211,12.881250381469727,12.647397994995117,44816800
2018-10-29,13.532500267028809,13.668749809265137,12.641249656677246,12.507095336914062,34712800
2018-10-30,13.018750190734863,13.454999923706055,12.970000267028809,12.872835159301758,19484000
2018-10-31,13.711250305175781,13.963749885559082,13.6587495803833,13.148637771606445,20225600
2018-11-01,13.805000305175781,14.015000343322754,13.678750038146973,13.412449836730957,12924000
2018-11-02,14.125,14.163749694824219,13.5912504196167,13.266152381896973,26580000
2018-11-05,13.8774995803833,14.037500381469727,13.772500038146973,13.406455993652344,10698400
2018-11-06,13.96875,14.167499542236328,13.96500015258789,13.573137283325195,9796800
2018-11-07,14.396249771118164,14.766249656677246,14.353750228881836,14.146329879760742,17100000
2018-11-08,14.664999961853027,14.772500038146973,14.56624984741211,14.094765663146973,14064000
2018-11-09,14.543749809265137,14.55875015258789,14.244999885559082,13.83694839477539,14184800
2018-11-12,14.345000267028809,14.375,13.811249732971191,13.294938087463379,19968800
2018-11-13,13.917499542236328,14.145000457763672,13.731249809265137,13.252963066101074,13830400
2018-11-14,14.023750305175781,14.067500114440918,13.446249961853027,13.059904098510742,23010400
2018-11-15,13.477499961853027,13.956250190734863,13.300000190734863,13.33450698852539,23942400
2018-11-16,13.7787504196167,14.074999809265137,13.723750114440918,13.404057502746582,16845600
2018-11-19,13.907500267028809,13.932499885559082,13.399999618530273,12.95077896118164,14618400
2018-11-20,13.1225004196167,13.28499984741211,12.893750190734863,12.472320556640625,32700000
2018-11-21,13.162500381469727,13.288749694824219,13.082500457763672,12.550265312194824,11981600
2018-11-23,12.897500038146973,13.057499885559082,12.887499809265137,12.394375801086426,6330400
2018-11-26,13.154999732971191,13.323749542236328,13.109999656677246,12.775704383850098,15980000
2018-11-27,13.206250190734863,13.404999732971191,13.145000457763672,12.859644889831543,13045600
2018-11-28,13.52750015258789,14.024999618530273,13.423749923706055,13.438835144042969,21144800
2018-11-29,13.936249732971191,14.125,13.80875015258789,13.394464492797852,24102400
2018-11-30,13.942500114440918,14.198749542236328,13.914999961853027,13.562347412109375,14088800
2018-12-03,14.613750457763672,14.619999885559082,14.321249961853027,13.907699584960938,22461600
2018-12-04,14.407500267028809,14.453749656677246,13.523750305175781,13.023929595947266,34371200
2018-12-06,13.12125015258789,13.53499984741211,12.770000457763672,12.984357833862305,45036800
2018-12-07,13.470000267028809,13.649999618530273,12.791250228881836,12.364398002624512,31880800
2018-12-10,12.861249923706055,13.032500267028809,12.398750305175781,12.39677619934082,31996000
2018-12-11,13.279999732971191,13.297499656677246,12.774999618530273,12.407567024230957,26009600
2018-12-12,13.266249656677246,13.40625,13.061249732971191,12.534675598144531,24937600
2018-12-13,13.162500381469727,13.258749961853027,12.93375015258789,12.525083541870117,24120000
2018-12-14,12.807499885559082,12.914999961853027,12.50374984741211,12.052620887756348,24893600
2018-12-17,12.460000038146973,12.579999923706055,11.897500038146973,11.566965103149414,30257600
2018-12-18,12.241250038146973,12.311249732971191,11.8774995803833,11.552574157714844,20262400
2018-12-19,12.051250457763672,12.4350004196167,11.493749618530273,11.201224327087402,37709600
2018-12-20,11.545000076293945,11.703749656677246,11.057499885559082,10.842679977416992,43688800
2018-12-21,11.3725004196167,11.651249885559082,10.763750076293945,10.383405685424805,43680000
2018-12-24,10.673749923706055,10.779999732971191,10.226249694824219,9.810216903686523,27532800
2018-12-26,10.367500305175781,11.242500305175781,10.173749923706055,10.80203628540039,31381600
2018-12-27,10.928750038146973,11.449999809265137,10.592499732971191,11.014877319335938,29025600
2018-12-28,11.5625,11.725000381469727,11.274999618530273,10.960766792297363,30678400
2018-12-31,11.553750038146973,11.607500076293945,11.3725004196167,11.161582946777344,24488800
2019-01-02,11.236249923706055,11.708749771118164,11.2212495803833,11.174809455871582,28129600
2019-01-03,11.432499885559082,11.453749656677246,11.00374984741211,10.6228609085083,37719200
2019-01-04,11.361249923706055,11.856249809265137,11.321249961853027,11.355184555053711,28156800
2019-01-07,11.821249961853027,12.126250267028809,11.726249694824219,11.519925117492676,20404800
2019-01-08,12.207500457763672,12.25374984741211,11.947500228881836,11.731565475463867,24505600
2019-01-09,12.274999618530273,12.40625,12.148750305175781,11.839791297912598,17686400
2019-01-10,12.15250015258789,12.422499656677246,12.077500343322754,11.931181907653809,21517600
2019-01-11,12.28499984741211,12.404999732971191,12.2212495803833,11.926373481750488,12399200
2019-01-14,12.201250076293945,12.336250305175781,12.161250114440918,11.792893409729004,10645600
2019-01-15,12.296250343322754,12.56624984741211,12.296250343322754,12.062251091003418,20006400
2019-01-16,12.578749656677246,12.6875,12.556249618530273,12.109148979187012,10234400
2019-01-17,12.49625015258789,12.8725004196167,12.491250038146973,12.28711986541748,11667200
2019-01-18,12.976249694824219,13.166250228881836,12.891249656677246,12.611796379089355,17273600
2019-01-22,12.952500343322754,12.975000381469727,12.587499618530273,12.284716606140137,22629600
2019-01-23,12.873749732971191,12.946249961853027,12.550000190734863,12.317182540893555,14889600
2019-01-24,12.792499542236328,12.885000228881836,12.680000305175781,12.337625503540039,11960800
2019-01-25,13.020000457763672,13.126250267028809,12.976249694824219,12.540847778320312,11018400
2019-01-28,12.806249618530273,12.848750114440918,12.647500038146973,12.360472679138184,10587200
2019-01-29,12.854999542236328,12.912500381469727,12.712499618530273,12.315979957580566,7749600
2019-01-30,12.96875,13.297499656677246,12.886249542236328,12.704386711120605,15488000
2019-01-31,13.201250076293945,13.482500076293945,13.177499771118164,12.917228698730469,15589600
2019-02-01,13.456250190734863,13.5649995803833,13.366250038146973,12.943682670593262,12276000
2019-02-04,13.451250076293945,13.643750190734863,13.37874984741211,13.125261306762695,7891200
2019-02-05,13.6875,13.78125,13.626250267028809,13.231081008911133,9606400
2019-02-06,13.71500015258789,13.765000343322754,13.62874984741211,13.186586380004883,6291200
2019-02-07,13.526249885559082,13.583749771118164,13.260000228881836,12.937671661376953,18327200
2019-02-08,13.302499771118164,13.484999656677246,13.2162504196167,12.964126586914062,13964000
2019-02-11,13.550000190734863,13.576250076293945,13.431249618530273,12.978556632995605,9456800
2019-02-12,13.667499542236328,13.87874984741211,13.657500267028809,13.316457748413086,9073600
2019-02-13,13.93375015258789,14.017499923706055,13.883749961853027,13.393418312072754,14171200
2019-02-14,13.795000076293945,13.983750343322754,13.703749656677246,13.328481674194336,15445600
2019-02-15,14.05875015258789,14.162500381469727,14.0337495803833,13.619486808776855,12152800
2019-02-19,14.0649995803833,14.28125,14.0625,13.669994354248047,8236800
2019-02-20,14.204999923706055,14.311249732971191,14.142499923706055,13.719294548034668,10860800
2019-02-21,14.188750267028809,14.223750114440918,14.046250343322754,13.619486808776855,11104000
2019-02-22,14.228750228881836,14.351249694824219,14.194999694824219,13.785432815551758,10725600
2019-02-25,14.491250038146973,14.551250457763672,14.358750343322754,13.833532333374023,15235200
2019-02-26,14.321249961853027,14.444999694824219,14.306249618530273,13.79865837097168,8008800
2019-02-27,14.261249542236328,14.364999771118164,14.1537504196167,13.789037704467773,9504000
2019-02-28,14.297499656677246,14.351249694824219,14.237500190734863,13.719294548034668,6207200
2019-03-01,14.454999923706055,14.4975004196167,14.287500381469727,13.91409969329834,11697600
2019-03-04,14.571249961853027,14.59375,14.079999923706055,13.7998628616333,22920800
2019-03-05,14.354999542236328,14.376250267028809,14.237500190734863,13.76018238067627,6935200
2019-03-06,14.3100004196167,14.3100004196167,14.0912504196167,13.584616661071777,14912800
2019-03-07,14.071249961853027,14.082500457763672,13.792499542236328,13.360949516296387,21213600
2019-03-08,13.675000190734863,13.84375,13.619999885559082,13.30563735961914,16125600
2019-03-11,13.907500267028809,14.24625015258789,13.907500267028809,13.697651863098145,7689600
2019-03-12,14.288749694824219,14.391249656677246,14.272500038146973,13.78422737121582,8247200
2019-03-13,14.438750267028809,14.62874984741211,14.417499542236328,13.973023414611816,10539200
2019-03-14,14.522500038146973,14.569999694824219,14.449999809265137,13.953782081604004,8000800
2019-03-15,14.557499885559082,14.731249809265137,14.542499542236328,14.088461875915527,11382400
2019-03-18,14.663749694824219,14.78125,14.638750076293945,14.194283485412598,10544000
2019-03-19,14.868749618530273,14.956250190734863,14.649999618530273,14.197888374328613,10365600
2019-03-20,14.696249961853027,14.836250305175781,14.507499694824219,14.091873168945312,15984000
2019-03-21,14.537500381469727,15.0024995803833,14.5337495803833,14.414743423461914,10440000
2019-03-22,14.796250343322754,14.858750343322754,14.375,13.858150482177734,24634400
2019-03-25,14.34375,14.475000381469727,14.220000267028809,13.842491149902344,17669600
2019-03-26,14.557499885559082,14.678750038146973,14.411250114440918,14.037656784057617,17268800
2019-03-27,14.572500228881836,14.632499694824219,14.239999771118164,13.89670181274414,11254400
2019-03-28,14.488750457763672,14.573749542236328,14.354999542236328,14.009952545166016,10474400
2019-03-29,14.698749542236328,14.741250038146973,14.569999694824219,14.19186782836914,10920800
2019-04-01,14.9350004196167,15.082500457763672,14.9037504196167,14.509918212890625,10202400
2019-04-02,15.072500228881836,15.09000015258789,14.975000381469727,14.520759582519531,5352000
2019-04-03,15.204999923706055,15.251250267028809,15.039999961853027,14.57376766204834,11982400
2019-04-04,15.146249771118164,15.212499618530273,15.0625,14.641234397888184,6494400
2019-04-05,15.266249656677246,15.333749771118164,15.229999542236328,14.766529083251953,8048000
2019-04-08,15.27750015258789,15.364999771118164,15.201250076293945,14.800262451171875,9227200
2019-04-09,15.234999656677246,15.272500038146973,15.12874984741211,14.642439842224121,14523200
2019-04-10,15.241250038146973,15.305000305175781,15.193750381469727,14.737613677978516,5372000
2019-04-11,15.348750114440918,15.348750114440918,15.21875,14.730385780334473,6541600
2019-04-12,15.475000381469727,15.522500038146973,15.391249656677246,14.92796516418457,7901600
2019-04-15,15.498749732971191,15.505000114440918,15.37125015258789,14.908685684204102,6855200
2019-04-16,15.567500114440918,15.574999809265137,15.413749694824219,14.923144340515137,8297600
2019-04-17,15.611249923706055,15.613750457763672,15.354999542236328,14.85206413269043,8873600
2019-04-18,15.47249984741211,15.491250038146973,15.31624984741211,14.90266227722168,9608800
2019-04-22,15.368749618530273,15.505000114440918,15.358750343322754,14.924345970153809,4647200
2019-04-23,15.5287504196167,15.789999961853027,15.5024995803833,15.196619987487793,8218400
2019-04-24,15.75,15.788749694824219,15.673749923706055,15.127947807312012,6232000
2019-04-25,15.678750038146973,15.744999885559082,15.523750305175781,15.101445198059082,8588800
2019-04-26,15.672499656677246,15.819999694824219,15.577500343322754,15.2448091506958,8664800
2019-04-29,15.823749542236328,15.920000076293945,15.811249732971191,15.283363342285156,4897600
2019-04-30,15.8125,15.9037504196167,15.648750305175781,15.28697395324707,9565600
2019-05-01,15.947500228881836,15.970000267028809,15.62874984741211,15.07614517211914,12355200
2019-05-02,15.609999656677246,15.723750114440918,15.388750076293945,15.003861427307129,14682400
2019-05-03,15.733750343322754,15.893750190734863,15.708749771118164,15.285771369934082,8413600
2019-05-06,15.342499732971191,15.78125,15.305000305175781,15.15927505493164,12381600
2019-05-07,15.443750381469727,15.513750076293945,14.976249694824219,14.654485702514648,18081600
2019-05-08,15.162500381469727,15.362500190734863,15.088749885559082,14.613527297973633,11017600
2019-05-09,14.911250114440918,15.133749961853027,14.706250190734863,14.517145156860352,17158400
2019-05-10,14.953749656677246,15.296250343322754,14.601249694824219,14.647257804870605,20601600
2019-05-13,14.609999656677246,14.723750114440918,14.348750114440918,13.925614356994629,21946400
2019-05-14,14.5600004196167,14.87874984741211,14.550000190734863,14.17499828338623,9532800
2019-05-15,14.516249656677246,14.947500228881836,14.492500305175781,14.329206466674805,18363200
2019-05-16,14.949999809265137,15.305000305175781,14.944999694824219,14.596658706665039,12007200
2019-05-17,14.873749732971191,15.236249923706055,14.873749732971191,14.413538932800293,14469600
2019-05-20,14.763750076293945,14.901249885559082,14.663749694824219,14.224393844604492,10997600
2019-05-21,14.942500114440918,15.057499885559082,14.916250228881836,14.468954086303711,7444000
2019-05-22,14.897500038146973,15.024999618530273,14.867500305175781,14.38582992553711,9784000
2019-05-23,14.6587495803833,14.662500381469727,14.391249656677246,14.031635284423828,16682400
2019-05-24,14.717499732971191,14.760000228881836,14.541250228881836,14.081028938293457,7073600
2019-05-28,14.642499923706055,14.75374984741211,14.336250305175781,13.819600105285645,12160000
2019-05-29,14.208749771118164,14.255000114440918,13.983750343322754,13.641300201416016,18328000
2019-05-30,14.22249984741211,14.321249961853027,14.095000267028809,13.700328826904297,10667200
2019-05-31,13.928750038146973,14.023750305175781,13.829999923706055,13.334088325500488,17451200
2019-06-03,13.832500457763672,13.960000038146973,13.609999656677246,13.259395599365234,26744000
2019-06-04,14.016249656677246,14.373749732971191,13.9662504196167,13.83285140991211,15865600
2019-06-05,14.543749809265137,14.607500076293945,14.333749771118164,14.071391105651855,13927200
2019-06-06,14.633749961853027,14.87125015258789,14.5625,14.256921768188477,15095200
2019-06-07,14.911250114440918,15.212499618530273,14.890000343322754,14.53521728515625,15596800
2019-06-10,15.267499923706055,15.420000076293945,15.21500015258789,14.677376747131348,14725600
2019-06-11,15.438750267028809,15.481249809265137,15.143750190734863,14.666533470153809,11797600
2019-06-12,15.188750267028809,15.2524995803833,15.101249694824219,14.614728927612305,7770400
2019-06-13,15.266249656677246,15.323749542236328,15.182499885559082,14.742433547973633,8564000
2019-06-14,15.244999885559082,15.31624984741211,15.15999984741211,14.690629005432129,5502400
2019-06-17,15.272500038146973,15.3462495803833,15.236249923706055,14.713519096374512,6456000
2019-06-18,15.46500015258789,15.699999809265137,15.427499771118164,14.99663257598877,11450400
2019-06-19,15.59000015258789,15.703749656677246,15.473750114440918,15.083373069763184,8264000
2019-06-20,15.958749771118164,15.984999656677246,15.699999809265137,15.358057022094727,8596000
2019-06-21,15.90250015258789,16.05500030517578,15.864999771118164,15.319503784179688,9380800
2019-06-24,15.90999984741211,15.947500228881836,15.832500457763672,15.280951499938965,6564000
2019-06-25,15.822500228881836,15.822500228881836,15.493749618530273,14.975031852722168,9684800
2019-06-26,15.608750343322754,15.668749809265137,15.458749771118164,14.937602043151855,7421600
2019-06-27,15.55875015258789,15.636249542236328,15.516249656677246,15.05229377746582,6930400
2019-06-28,15.69124984741211,15.795000076293945,15.633749961853027,15.212862014770508,8176800
2019-07-01,16.126249313354492,16.1512508392334,15.876250267028809,15.46518325805664,14213600
2019-07-02,16.008750915527344,16.103750228881836,15.9087495803833,15.548482894897461,8196000
2019-07-03,16.18000030517578,16.35124969482422,16.157499313354492,15.78873062133789,7509600
2019-07-05,16.202499389648438,16.331249237060547,16.045000076293945,15.750097274780273,10513600
2019-07-08,16.1512508392334,16.190000534057617,16.06624984741211,15.575044631958008,9624800
2019-07-09,15.988750457763672,16.204999923706055,15.984999656677246,15.625749588012695,6425600
2019-07-10,16.299999237060547,16.4325008392334,16.233749389648438,15.758546829223633,9528000
2019-07-11,16.39875030517578,16.423749923706055,16.27375030517578,15.828572273254395,8438400
2019-07-12,16.451250076293945,16.547500610351562,16.416250228881836,15.975857734680176,6107200
2019-07-15,16.59000015258789,16.591249465942383,16.489999771118164,15.9843111038208,5984000
2019-07-16,16.537500381469727,16.5575008392334,16.4012508392334,15.875653266906738,7233600
2019-07-17,16.4325008392334,16.448749542236328,16.21125030517578,15.65713882446289,7994400
2019-07-18,16.14875030517578,16.372499465942383,16.094999313354492,15.771829605102539,10921600
2019-07-19,16.459999084472656,16.47624969482422,16.122499465942383,15.59194564819336,11212000
2019-07-22,16.19124984741211,16.2862491607666,16.1299991607666,15.666799545288086,6487200
2019-07-23,16.353750228881836,16.452499389648438,16.25749969482422,15.887733459472656,6449600
2019-07-24,16.362499237060547,16.600000381469727,16.3487491607666,16.03260040283203,7730400
2019-07-25,16.551250457763672,16.551250457763672,16.34375,15.879280090332031,8701600
2019-07-26,16.5262508392334,16.6825008392334,16.512500762939453,16.09054946899414,8018400
2019-07-29,16.642499923706055,16.64875030517578,16.530000686645508,16.037433624267578,6095200
2019-07-30,16.424999237060547,16.563749313354492,16.383750915527344,15.957747459411621,7137600
2019-07-31,16.541250228881836,16.565000534057617,15.912500381469727,15.59556770324707,21890400
2019-08-01,16.16374969482422,16.518749237060547,15.770000457763672,15.31789493560791,24650400
2019-08-02,15.757499694824219,15.78125,15.438750267028809,15.119901657104492,19723200
2019-08-05,15.142499923706055,15.15250015258789,14.458749771118164,14.212032318115234,28081600
2019-08-06,14.898750305175781,15.118749618530273,14.728750228881836,14.581459999084473,19573600
2019-08-07,14.733750343322754,15.194999694824219,14.491250038146973,14.589908599853516,27776000
2019-08-08,15.28125,15.6899995803833,15.217499732971191,15.147669792175293,13480000
2019-08-09,15.587499618530273,15.65625,15.273750305175781,14.9520902633667,20086400
2019-08-12,15.297499656677246,15.367500305175781,14.989999771118164,14.592323303222656,10941600
2019-08-13,15.063750267028809,15.741250038146973,15.0287504196167,15.030564308166504,22540800
2019-08-14,15.095000267028809,15.164999961853027,14.635000228881836,14.150460243225098,23925600
2019-08-15,14.7475004196167,14.824999809265137,14.491250038146973,14.226518630981445,22384000
2019-08-16,14.911250114440918,15.206250190734863,14.90625,14.64302921295166,15766400
2019-08-19,15.510000228881836,15.598750114440918,15.430000305175781,14.996761322021484,10437600
2019-08-20,15.462499618530273,15.521249771118164,15.265000343322754,14.758927345275879,9954400
2019-08-21,15.532500267028809,15.571249961853027,15.448749542236328,14.991933822631836,7360800
2019-08-22,15.606249809265137,15.681249618530273,15.30875015258789,14.978649139404297,10997600
2019-08-23,15.362500190734863,15.553750038146973,14.569999694824219,14.2059965133667,25715200
2019-08-26,14.96500015258789,15.032500267028809,14.789999961853027,14.517473220825195,13218400
2019-08-27,15.201250076293945,15.242500305175781,14.835000038146973,14.402780532836914,11397600
2019-08-28,14.836250305175781,15.146249771118164,14.75,14.604395866394043,12473600
2019-08-29,15.423749923706055,15.569999694824219,15.305000305175781,14.9798583984375,14029600
2019-08-30,15.682499885559082,15.6850004196167,15.386249542236328,14.965370178222656,11126400
2019-09-03,15.296250343322754,15.398750305175781,15.15250015258789,14.790314674377441,12726400
2019-09-04,15.568750381469727,15.65999984741211,15.47249984741211,15.117486000061035,8378400
2019-09-05,15.949999809265137,16.16374969482422,15.9350004196167,15.513471603393555,9084000
2019-09-06,16.103750228881836,16.157499313354492,16.021249771118164,15.533995628356934,10239200
2019-09-09,16.202499389648438,16.208749771118164,15.986249923706055,15.544862747192383,5370400
2019-09-10,16.0,16.09749984741211,15.853750228881836,15.54727840423584,5675200
2019-09-11,16.123750686645508,16.322500228881836,16.053749084472656,15.759756088256836,10235200
2019-09-12,16.418750762939453,16.551250457763672,16.331249237060547,15.869620323181152,10445600
2019-09-13,16.477500915527344,16.516250610351562,16.356250762939453,15.841856956481934,4653600
2019-09-16,16.25749969482422,16.344999313354492,16.217500686645508,15.7428560256958,6168800
2019-09-17,16.263750076293945,16.387500762939453,16.25374984741211,15.817704200744629,4585600
2019-09-18,16.329999923706055,16.407499313354492,16.082500457763672,15.840642929077148,11322400
2019-09-19,16.4375,16.563749313354492,16.35124969482422,15.830984115600586,10442400
2019-09-20,16.4637508392334,16.49250030517578,16.141250610351562,15.668001174926758,11045600
2019-09-23,16.149999618530273,16.3075008392334,16.125,15.671627044677734,7199200
2019-09-24,16.356250762939453,16.39875030517578,15.853750228881836,15.42171859741211,17552000
2019-09-25,15.9712495803833,16.208749771118164,15.798749923706055,15.59556770324707,11957600
2019-09-26,16.158750534057617,16.178749084472656,15.916250228881836,15.538825988769531,15797600
2019-09-27,16.176250457763672,16.1875,15.725000381469727,15.367393493652344,14188000
2019-09-30,15.9662504196167,16.138750076293945,15.963749885559082,15.507436752319336,7940800
2019-10-01,16.158750534057617,16.235000610351562,15.645000457763672,15.139216423034668,13739200
2019-10-02,15.484999656677246,15.484999656677246,14.9662504196167,14.606809616088867,24392000
2019-10-03,15.086250305175781,15.356249809265137,14.77750015258789,14.830155372619629,25265600
2019-10-04,15.4399995803833,15.801250457763672,15.4375,15.229763984680176,17114400
2019-10-07,15.677499771118164,15.869999885559082,15.604999542236328,15.105415344238281,12913600
2019-10-08,15.414999961853027,15.50374984741211,15.149999618530273,14.633371353149414,20396000
2019-10-09,15.382499694824219,15.543749809265137,15.30875015258789,14.898971557617188,14031200
2019-10-10,15.417499542236328,15.743749618530273,15.40250015258789,15.101792335510254,14121600
2019-10-11,15.962499618530273,16.225000381469727,15.947500228881836,15.420512199401855,17359200
2019-10-14,15.925000190734863,16.001249313354492,15.888750076293945,15.39274787902832,7004000
2019-10-15,16.046249389648438,16.329999923706055,16.03874969482422,15.689739227294922,10967200
2019-10-16,16.181249618530273,16.266250610351562,16.135000228881836,15.636615753173828,6991200
2019-10-17,16.325000762939453,16.385000228881836,16.198749542236328,15.71750259399414,8613600
2019-10-18,16.21875,16.292499542236328,16.02750015258789,15.58349609375,9864800
2019-10-21,16.295000076293945,16.375,16.239999771118164,15.80443000793457,6664000
2019-10-22,16.421249389648438,16.446250915527344,16.229999542236328,15.687321662902832,8942400
2019-10-23,16.2137508392334,16.344999313354492,16.188749313354492,15.780282020568848,5436800
2019-10-24,16.448749542236328,16.459999084472656,16.291250228881836,15.834609031677246,6166400
2019-10-25,16.323749542236328,16.5887508392334,16.3174991607666,15.963787078857422,8921600
2019-10-28,16.662500381469727,16.766250610351562,16.662500381469727,16.1436710357666,7435200
2019-10-29,16.671249389648438,16.80500030517578,16.65625,16.125558853149414,9321600
2019-10-30,16.721250534057617,16.842500686645508,16.55500030517578,16.226974487304688,11763200
2019-10-31,16.7862491607666,16.7862491607666,16.524999618530273,16.12797737121582,11747200
2019-11-01,16.8700008392334,17.020000457763672,16.84749984741211,16.43824577331543,10062400
2019-11-04,17.198749542236328,17.21500015258789,17.10124969482422,16.554141998291016,12171200
2019-11-05,17.16374969482422,17.204999923706055,17.071250915527344,16.519134521484375,6136000
2019-11-06,17.106250762939453,17.141250610351562,16.9950008392334,16.529996871948242,8744800
2019-11-07,17.266250610351562,17.368749618530273,17.170000076293945,16.642274856567383,9263200
2019-11-08,17.186250686645508,17.315000534057617,17.09749984741211,16.723161697387695,6059200
2019-11-11,17.146249771118164,17.264999389648438,17.125,16.657970428466797,4145600
2019-11-12,17.28499984741211,17.427499771118164,17.21875,16.717126846313477,12240000
2019-11-13,17.1924991607666,17.37125015258789,17.1612491607666,16.73040771484375,9032000
2019-11-14,17.282499313354492,17.3799991607666,17.209999084472656,16.77507209777832,7597600
2019-11-15,17.528749465942383,17.623750686645508,17.457500457763672,17.020151138305664,7340800
2019-11-18,17.59000015258789,17.674999237060547,17.5362491607666,17.038259506225586,6375200
2019-11-19,17.721250534057617,17.721250534057617,17.553749084472656,17.022567749023438,5566400
2019-11-20,17.559999465942383,17.6200008392334,17.306249618530273,16.904251098632812,10697600
2019-11-21,17.5049991607666,17.521249771118164,17.34375,16.848722457885742,5360000
2019-11-22,17.532499313354492,17.546249389648438,17.392499923706055,16.91753387451172,6132800
2019-11-25,17.6299991607666,17.787500381469727,17.6299991607666,17.175886154174805,9232800
2019-11-26,17.795000076293945,17.887500762939453,17.75,17.255571365356445,4515200
2019-11-27,17.93000030517578,18.020000457763672,17.895000457763672,17.404067993164062,4798400
2019-11-29,17.948749542236328,17.981250762939453,17.857500076293945,17.267642974853516,4607200
2019-12-02,17.915000915527344,17.915000915527344,17.52750015258789,16.980310440063477,13140000
2019-12-03,17.237499237060547,17.35124969482422,17.0674991607666,16.743682861328125,17376800
2019-12-04,17.466249465942383,17.627500534057617,17.428749084472656,16.95737648010254,7591200
2019-12-05,17.636249542236328,17.637500762939453,17.453750610351562,17.01531982421875,12666400
2019-12-06,17.852500915527344,17.987499237060547,17.852500915527344,17.318349838256836,7368800
2019-12-09,17.883750915527344,17.967500686645508,17.813749313354492,17.215730667114258,6154400
2019-12-10,17.811250686645508,17.896249771118164,17.700000762939453,17.16864585876465,9097600
2019-12-11,17.833749771118164,17.90999984741211,17.7862491607666,17.266437530517578,10552800
2019-12-12,17.873750686645508,18.282499313354492,17.8487491607666,17.559804916381836,22165600
2019-12-13,18.155000686645508,18.360000610351562,18.051250457763672,17.58153533935547,16690400
2019-12-16,18.421249389648438,18.528749465942383,18.417499542236328,17.8217830657959,6932000
2019-12-17,18.508750915527344,18.53874969482422,18.452499389648438,17.827821731567383,5035200
2019-12-18,18.50749969482422,18.53874969482422,18.458749771118164,17.831438064575195,5082400
2019-12-19,18.477500915527344,18.6200008392334,18.47624969482422,17.972688674926758,6998400
2019-12-20,18.739999771118164,18.853750228881836,18.733749389648438,18.154993057250977,10580800
2019-12-23,18.87125015258789,18.873750686645508,18.80875015258789,18.1839656829834,6698400
2019-12-24,18.81999969482422,18.826250076293945,18.7549991607666,18.186260223388672,4448000
2019-12-26,18.83625030517578,18.985000610351562,18.83625030517578,18.365259170532227,5531200
2019-12-27,19.083749771118164,19.084999084472656,18.9112491607666,18.357994079589844,8368800
2019-12-30,18.981250762939453,18.993749618530273,18.703750610351562,18.162071228027344,14896800
2019-12-31,18.693750381469727,18.88249969482422,18.6512508392334,18.24310302734375,13115200
2020-01-02,19.049999237060547,19.198749542236328,18.928749084472656,18.570863723754883,10762400
2020-01-03,18.75749969482422,19.05500030517578,18.752500534057617,18.29511260986328,13150400
2020-01-06,18.681249618530273,19.061250686645508,18.671249389648438,18.4329891204834,12921600
2020-01-07,18.978750228881836,19.040000915527344,18.883750915527344,18.325345993041992,7532000
2020-01-08,18.97249984741211,19.298749923706055,18.9325008392334,18.511594772338867,15204800
2020-01-09,19.344999313354492,19.408750534057617,19.268749237060547,18.765579223632812,6920000
2020-01-10,19.485000610351562,19.4950008392334,19.22624969482422,18.65552520751953,8572000
2020-01-13,19.368749618530273,19.548749923706055,19.309999465942383,18.90950584411621,7689600
2020-01-14,19.49250030517578,19.625,19.421249389648438,18.855079650878906,13446400
2020-01-15,19.477500915527344,19.674999237060547,19.4637508392334,18.932479858398438,11309600
2020-01-16,19.748750686645508,19.892499923706055,19.72249984741211,19.2445125579834,8612800
2020-01-17,19.988750457763672,20.042499542236328,19.9112491607666,19.377553939819336,9099200
2020-01-21,19.883750915527344,20.040000915527344,19.881250381469727,19.288055419921875,9461600
2020-01-22,20.049999237060547,20.133750915527344,19.922500610351562,19.300146102905273,8363200
2020-01-23,19.85124969482422,20.006250381469727,19.702499389648438,19.334012985229492,13135200
2020-01-24,20.075000762939453,20.076250076293945,19.458749771118164,18.97965431213379,26492800
2020-01-27,18.9375,19.18375015258789,18.891250610351562,18.37613868713379,20271200
2020-01-28,19.170000076293945,19.501249313354492,19.11750030517578,18.759538650512695,14028000
2020-01-29,19.565000534057617,19.59375,19.331249237060547,18.730510711669922,15958400
2020-01-30,19.078750610351562,19.5049991607666,18.988750457763672,18.836938858032227,25759200
2020-01-31,19.395000457763672,19.40999984741211,18.65250015258789,18.16328239440918,36671200
2020-02-03,18.957500457763672,19.2862491607666,18.950000762939453,18.4341983795166,18044800
2020-02-04,19.511249542236328,19.737499237060547,19.46875,18.99053192138672,10380800
2020-02-05,20.008750915527344,20.103750228881836,19.818750381469727,19.427143096923828,14085600
2020-02-06,20.200000762939453,20.237499237060547,20.0674991607666,19.558971405029297,6754400
2020-02-07,20.072500228881836,20.165000915527344,19.923749923706055,19.344898223876953,9452000
2020-02-10,19.8700008392334,20.295000076293945,19.8700008392334,19.63637351989746,7579200
2020-02-11,20.471250534057617,20.571250915527344,20.295000076293945,19.69684410095215,14159200
2020-02-12,20.549999237060547,20.64875030517578,20.501249313354492,19.948408126831055,9036000
2020-02-13,20.421249389648438,20.701250076293945,20.389999389648438,19.90486717224121,13749600
2020-02-14,20.6200008392334,20.64875030517578,20.469999313354492,19.962921142578125,15224800
2020-02-18,20.5,20.576250076293945,20.341249465942383,19.858909606933594,15158400
2020-02-19,20.653749465942383,20.8125,20.618749618530273,20.04273796081543,5505600
2020-02-20,20.641250610351562,20.751249313354492,20.1512508392334,19.88188934326172,20771200
2020-02-21,20.362499237060547,20.403749465942383,20.011249542236328,19.46100425720215,15805600
2020-02-24,18.857500076293945,19.190000534057617,18.604999542236328,18.14151382446289,31227200
2020-02-25,18.959999084472656,19.033750534057617,17.52750015258789,17.073583602905273,43575200
2020-02-26,17.798749923706055,18.25374984741211,17.416250228881836,16.944175720214844,45477600
2020-02-27,16.811250686645508,17.295000076293945,15.928750038146973,15.416657447814941,56812800
2020-02-28,14.97249984741211,15.869999885559082,14.642499923706055,15.354975700378418,55681600
2020-03-02,15.953749656677246,17.16374969482422,15.600000381469727,16.597064971923828,39533600
2020-03-03,17.21125030517578,17.68375015258789,15.876250267028809,15.663381576538086,50661600
2020-03-04,16.802499771118164,17.553749084472656,16.512500762939453,16.961101531982422,27922400
2020-03-05,16.647499084472656,17.03125,16.061250686645508,15.827862739562988,32146400
2020-03-06,15.34749984741211,15.956250190734863,15.032500267028809,15.312644958496094,47868800
2020-03-09,13.522500038146973,14.398750305175781,13.260000228881836,12.928851127624512,34568000
2020-03-10,14.363750457763672,14.736249923706055,13.272500038146973,14.254390716552734,45027200
2020-03-11,13.931249618530273,14.111249923706055,12.9375,12.839353561401367,32555200
2020-03-12,11.489999771118164,12.542499542236328,10.71875,10.387829780578613,60542400
2020-03-13,12.081250190734863,12.726249694824219,10.867500305175781,12.30236530303955,54628800
2020-03-16,9.952500343322754,11.397500038146973,9.541250228881836,9.428749084472656,47088000
2020-03-17,10.207500457763672,11.103750228881836,9.5625,10.600690841674805,45632800
2020-03-18,9.477499961853027,10.255000114440918,8.713749885559082,9.513410568237305,53110400
2020-03-19,9.637499809265137,10.326250076293945,9.09749984741211,9.507362365722656,46201600
2020-03-20,10.046250343322754,10.210000038146973,8.90250015258789,8.645035743713379,42610400
2020-03-23,8.881250381469727,8.9712495803833,8.103750228881836,8.149166107177734,44834400
2020-03-24,9.367500305175781,10.0625,9.289999961853027,9.688776969909668,40387200
2020-03-25,10.111249923706055,11.045000076293945,9.688750267028809,9.961333274841309,47287200
2020-03-26,10.47249984741211,11.59375,10.461250305175781,11.134963989257812,36812000
2020-03-27,10.762499809265137,11.423749923706055,10.563750267028809,10.446303367614746,40746400
2020-03-30,10.975000381469727,11.532500267028809,10.787500381469727,11.126476287841797,28704800
2020-03-31,11.375,11.619999885559082,10.992500305175781,10.77972412109375,26149600
2020-04-01,10.2837495803833,10.583749771118164,9.93375015258789,9.809776306152344,29367200
2020-04-02,10.047499656677246,10.664999961853027,10.0,10.270502090454102,30104000
2020-04-03,10.505000114440918,10.713749885559082,10.043749809265137,9.977093696594238,33636800
2020-04-06,11.09000015258789,11.84000015258789,10.99625015258789,11.325316429138184,28328800
2020-04-07,12.489999771118164,12.56624984741211,11.663749694824219,11.336227416992188,51339200
2020-04-08,11.93375015258789,12.588749885559082,11.72249984741211,12.098845481872559,35538400
2020-04-09,12.787500381469727,13.12125015258789,12.602499961853027,12.458939552307129,38817600
2020-04-13,12.7475004196167,12.768750190734863,12.21875,12.228577613830566,35795200
2020-04-14,13.101249694824219,13.432499885559082,12.9975004196167,12.959673881530762,30342400
2020-04-15,12.768750190734863,12.956250190734863,12.569999694824219,12.403166770935059,25416000
2020-04-16,12.913749694824219,12.991250038146973,12.602499961853027,12.530471801757812,34400800
2020-04-17,13.487500190734863,13.667499542236328,13.213749885559082,13.200947761535645,34440000
2020-04-20,13.22249984741211,13.571249961853027,13.104999542236328,12.734163284301758,34745600
2020-04-21,12.671250343322754,12.795000076293945,12.234999656677246,11.94729232788086,43440000
2020-04-22,12.800000190734863,13.045000076293945,12.676250457763672,12.489251136779785,27426400
2020-04-23,13.0024995803833,13.31624984741211,12.84375,12.481974601745605,42484000
2020-04-24,13.022500038146973,13.293749809265137,12.817500114440918,12.839642524719238,34975200
2020-04-27,13.426250457763672,13.72249984741211,13.385000228881836,13.208222389221191,20616000
2020-04-28,13.991250038146973,14.022500038146973,13.453749656677246,13.079704284667969,44737600
2020-04-29,14.037500381469727,14.34749984741211,13.928750038146973,13.76230239868164,32170400
2020-04-30,14.042499542236328,14.09375,13.739999771118164,13.494356155395508,50856800
2020-05-01,13.420000076293945,13.494999885559082,13.0649995803833,12.780234336853027,40196000
2020-05-04,12.988750457763672,13.28499984741211,12.84375,12.862677574157715,25247200
2020-05-05,13.542499542236328,13.7837495803833,13.457500457763672,13.095467567443848,31132000
2020-05-06,13.676250457763672,13.712499618530273,13.3125,12.91602611541748,37440000
2020-05-07,13.638750076293945,13.832500457763672,13.587499618530273,13.225196838378906,26938400
2020-05-08,13.961250305175781,14.126250267028809,13.84375,13.662885665893555,15480800
2020-05-11,13.885000228881836,14.237500190734863,13.84000015258789,13.673794746398926,16305600
2020-05-12,14.212499618530273,14.257499694824219,13.513750076293945,13.11122989654541,20503200
2020-05-13,13.4712495803833,13.572500228881836,12.800000190734863,12.655354499816895,58800000
2020-05-14,12.797499656677246,13.368749618530273,12.5625,12.96209716796875,40606400
2020-05-15,13.12125015258789,13.484999656677246,13.018750190734863,13.078492164611816,25212800
2020-05-18,14.12125015258789,14.463749885559082,14.088749885559082,13.877483367919922,24758400
2020-05-19,14.243749618530273,14.418749809265137,14.008749961853027,13.593775749206543,24476000
2020-05-20,14.380000114440918,14.576250076293945,14.358750343322754,14.049649238586426,22688000
2020-05-21,14.4712495803833,14.555000305175781,14.166250228881836,13.841110229492188,26906400
2020-05-22,14.255000114440918,14.354999542236328,14.1225004196167,13.899308204650879,24694400
2020-05-26,14.970000267028809,14.987500190734863,14.6537504196167,14.25697135925293,23455200
2020-05-27,14.991250038146973,15.12874984741211,14.475000381469727,14.666776657104492,32077600
2020-05-28,15.243749618530273,15.454999923706055,14.998749732971191,14.618280410766602,30883200
2020-05-29,15.022500038146973,15.266249656677246,14.731249809265137,14.729822158813477,44300000
2020-06-01,15.130000114440918,15.390000343322754,15.076250076293945,14.86561393737793,20056000
2020-06-02,15.426250457763672,15.581250190734863,15.28125,15.111739158630371,17674400
2020-06-03,15.798749923706055,16.100000381469727,15.768750190734863,15.516690254211426,18524000
2020-06-04,15.876250267028809,16.078750610351562,15.676250457763672,15.420907974243164,18604800
2020-06-05,16.521249771118164,16.924999237060547,16.50749969482422,16.218687057495117,23484000
2020-06-08,16.831249237060547,17.147499084472656,16.756250381469727,16.623638153076172,16521600
2020-06-09,16.81624984741211,17.040000915527344,16.7237491607666,16.3702392578125,19054400
2020-06-10,16.94124984741211,17.041250228881836,16.607500076293945,16.179887771606445,43129600
2020-06-11,15.883749961853027,15.957500457763672,14.693750381469727,14.307896614074707,40648800
2020-06-12,15.5,15.585000038146973,14.555000305175781,14.661927223205566,57118400
2020-06-15,14.483750343322754,15.505000114440918,14.358750343322754,14.922597885131836,36074400
2020-06-16,16.237499237060547,16.25,15.453749656677246,15.498502731323242,30352000
2020-06-17,16.09375,16.127500534057617,15.774999618530273,15.368772506713867,17270400
2020-06-18,15.677499771118164,15.912500381469727,15.632499694824219,15.377263069152832,12575200
2020-06-19,16.2450008392334,16.260000228881836,15.53125,15.196606636047363,22573600
2020-06-22,15.611249923706055,15.920000076293945,15.488750457763672,15.40999698638916,14757600
2020-06-23,16.171249389648438,16.274999618530273,15.981249809265137,15.537302017211914,13054400
2020-06-24,15.796250343322754,15.864999771118164,15.0024995803833,14.75285816192627,28120000
2020-06-25,15.142499923706055,15.55875015258789,14.926250457763672,15.053542137145996,18270400
2020-06-26,15.411250114440918,15.430000305175781,14.734999656677246,14.351544380187988,23632000
2020-06-29,14.927499771118164,15.228750228881836,14.680000305175781,14.767407417297363,12917600
2020-06-30,15.173749923706055,15.797499656677246,15.173749923706055,15.165083885192871,15432000
2020-07-01,15.736249923706055,15.9662504196167,15.6850004196167,15.357861518859863,17850400
2020-07-02,16.2137508392334,16.361249923706055,15.932499885559082,15.51911449432373,14616000
2020-07-06,16.434999465942383,16.537500381469727,16.34749984741211,15.999241828918457,17749600
2020-07-07,16.325000762939453,16.543750762939453,16.11750030517578,15.664603233337402,13033600
2020-07-08,16.24250030517578,16.420000076293945,16.045000076293945,15.907092094421387,12993600
2020-07-09,16.47249984741211,16.49625015258789,15.832500457763672,15.727653503417969,18845600
2020-07-10,16.204999923706055,16.573749542236328,16.052499771118164,16.05016326904297,14467200
2020-07-13,16.811250686645508,17.078750610351562,16.181249618530273,15.778573989868164,22992800
2020-07-14,16.100000381469727,16.717500686645508,15.96500015258789,16.17504119873047,18840000
2020-07-15,17.049999237060547,17.110000610351562,16.71500015258789,16.484210968017578,19252800
2020-07-16,16.771249771118164,16.922500610351562,16.69499969482422,16.3714542388916,11724800
2020-07-17,16.988750457763672,17.059999465942383,16.768749237060547,16.453903198242188,8366400
2020-07-20,16.938749313354492,17.318750381469727,16.860000610351562,16.731542587280273,9564800
2020-07-21,17.46875,17.518749237060547,17.207500457763672,16.788532257080078,13047200
2020-07-22,17.2762508392334,17.540000915527344,17.262500762939453,16.978883743286133,8512800
2020-07-23,17.471250534057617,17.549999237060547,16.936250686645508,16.58363151550293,16815200
2020-07-24,16.88249969482422,16.988750457763672,16.701250076293945,16.366601943969727,11617600
2020-07-27,16.954999923706055,17.137500762939453,16.866249084472656,16.596969604492188,7725600
2020-07-28,17.03499984741211,17.157499313354492,16.8700008392334,16.394493103027344,6981600
2020-07-29,17.002500534057617,17.3799991607666,16.997499465942383,16.788532257080078,6130400
2020-07-30,16.971250534057617,17.236249923706055,16.729999542236328,16.672136306762695,13034400
2020-07-31,17.399999618530273,17.47249984741211,16.915000915527344,16.937658309936523,15390400
2020-08-03,17.657499313354492,17.792499542236328,17.594999313354492,17.171659469604492,13606400
2020-08-04,17.606250762939453,17.837499618530273,17.606250762939453,17.298959732055664,6630400
2020-08-05,17.9950008392334,18.09375,17.966249465942383,17.51720428466797,7491200
2020-08-06,17.99625015258789,18.318750381469727,17.953750610351562,17.75119972229004,7912800
2020-08-07,18.1875,18.34375,18.079999923706055,17.771814346313477,9497600
2020-08-10,18.37874984741211,18.457500457763672,18.153749465942383,17.877294540405273,7003200
2020-08-11,18.582500457763672,18.6512508392334,18.047500610351562,17.58631134033203,11744800
2020-08-12,18.415000915527344,18.727500915527344,18.415000915527344,18.070070266723633,10907200
2020-08-13,18.537500381469727,18.72624969482422,18.457500457763672,18.010663986206055,6229600
2020-08-14,18.518749237060547,18.636249542236328,18.450000762939453,18.00944709777832,6955200
2020-08-17,18.686250686645508,18.737499237060547,18.639999389648438,18.123416900634766,6004800
2020-08-18,18.729999542236328,18.8174991607666,18.549999237060547,18.193740844726562,5552000
2020-08-19,18.8125,18.872499465942383,18.542499542236328,18.05552101135254,6708000
2020-08-20,18.405000686645508,18.774999618530273,18.389999389648438,18.162216186523438,4591200
2020-08-21,18.6875,18.8799991607666,18.645000457763672,18.28345489501953,5632800
2020-08-24,19.15250015258789,19.247499465942383,19.032499313354492,18.661731719970703,6171200
2020-08-25,19.3125,19.38249969482422,19.167499542236328,18.792678833007812,9372800
2020-08-26,19.447500228881836,19.790000915527344,19.3799991607666,19.166109085083008,4713600
2020-08-27,19.864999771118164,20.022499084472656,19.645000457763672,19.250972747802734,6936400
2020-08-28,19.97249984741211,20.1200008392334,19.827499389648438,19.491037368774414,4264400
2020-08-31,20.072500228881836,20.184999465942383,19.9325008392334,19.3576717376709,5570400
2020-09-01,20.05500030517578,20.342500686645508,19.952499389648438,19.716548919677734,7978000
2020-09-02,20.575000762939453,21.040000915527344,20.43000030517578,20.286392211914062,9121600
2020-09-03,20.700000762939453,20.762500762939453,19.149999618530273,18.8945255279541,23483200
2020-09-04,19.5575008392334,19.747499465942383,18.28499984741211,18.57686996459961,22482000
2020-09-08,18.4950008392334,18.637500762939453,18.0674991607666,17.563278198242188,27679600
2020-09-09,18.582500457763672,19.112499237060547,18.477500915527344,18.25678825378418,14875600
2020-09-10,19.040000915527344,19.122499465942383,18.049999237060547,17.61419677734375,14140800
2020-09-11,18.3700008392334,18.4950008392334,17.844999313354492,17.63116455078125,10326000
2020-09-14,18.5575008392334,18.860000610351562,18.497499465942383,18.08946990966797,6671600
2020-09-15,18.947500228881836,19.052499771118164,18.725000381469727,18.281034469604492,7864400
2020-09-16,19.00749969482422,19.170000076293945,18.667499542236328,18.133115768432617,7595200
2020-09-17,18.110000610351562,18.572500228881836,18.052499771118164,17.82515525817871,11381200
2020-09-18,18.467500686645508,18.475000381469727,17.65250015258789,17.40566062927246,11346800
2020-09-21,17.412500381469727,17.55500030517578,16.975000381469727,17.01767921447754,15273200
2020-09-22,17.717500686645508,17.96500015258789,17.424999237060547,17.362009048461914,8152000
2020-09-23,17.96500015258789,17.9950008392334,17.010000228881836,16.55453109741211,10515600
2020-09-24,16.917499542236328,17.50749969482422,16.767499923706055,16.641828536987305,9802800
2020-09-25,17.0625,17.797500610351562,16.959999084472656,17.177719116210938,6419600
2020-09-28,18.197500228881836,18.38249969482422,18.082500457763672,17.754837036132812,8079200
2020-09-29,18.27750015258789,18.362499237060547,18.017499923706055,17.563278198242188,7067600
2020-09-30,18.184999465942383,18.7450008392334,18.162500381469727,17.815460205078125,22132800
2020-10-01,18.674999237060547,18.782499313354492,18.389999389648438,18.05309295654297,8808800
2020-10-02,18.022499084472656,18.479999542236328,17.959999084472656,17.70149040222168,10392400
2020-10-05,18.4950008392334,18.917499542236328,18.4950008392334,18.32952880859375,6625600
2020-10-06,18.920000076293945,19.165000915527344,18.302499771118164,17.80575942993164,15110000
2020-10-07,18.707500457763672,19.092500686645508,18.707500457763672,18.426523208618164,7213200
2020-10-08,19.227500915527344,19.34000015258789,19.122499465942383,18.74903106689453,6133600
2020-10-09,19.53499984741211,19.735000610351562,19.462499618530273,19.09093475341797,8966400
2020-10-12,19.9950008392334,20.49250030517578,19.934999465942383,19.701997756958008,7579600
2020-10-13,20.290000915527344,20.299999237060547,19.927499771118164,19.440113067626953,7532400
2020-10-14,20.11750030517578,20.25,19.702499389648438,19.207326889038086,7504400
2020-10-15,19.3125,19.799999237060547,19.25,19.146711349487305,9441200
2020-10-16,19.90999984741211,20.112499237060547,19.702499389648438,19.127307891845703,8711200
2020-10-19,19.872499465942383,19.9424991607666,19.012500762939453,18.54049301147461,11616400
2020-10-20,19.27750015258789,19.662500381469727,19.190000534057617,18.68355941772461,11279200
2020-10-21,19.264999389648438,19.524999618530273,19.157499313354492,18.61566162109375,9851200
2020-10-22,19.225000381469727,19.479999542236328,18.96500015258789,18.824199676513672,9615200
2020-10-23,19.5625,19.5625,19.24250030517578,18.943023681640625,6026800
2020-10-26,19.127500534057617,19.219999313354492,18.392499923706055,18.251930236816406,17708800
2020-10-27,18.854999542236328,18.892499923706055,18.657499313354492,18.12099266052246,8005200
2020-10-28,18.0049991607666,18.084999084472656,17.350000381469727,16.88916015625,24238400
2020-10-29,17.434999465942383,18.112499237060547,17.239999771118164,17.226219177246094,16132000
2020-10-30,17.5674991607666,17.719999313354492,16.962499618530273,16.857635498046875,18484000
2020-11-02,17.774999618530273,18.0,17.457500457763672,17.238340377807617,10147200
2020-11-03,18.147499084472656,18.635000228881836,18.094999313354492,17.842130661010742,10893600
2020-11-04,18.924999237060547,19.704999923706055,18.792499542236328,18.639907836914062,20320800
2020-11-05,19.862499237060547,20.190000534057617,19.8174991607666,19.369792938232422,15354400
2020-11-06,19.934999465942383,20.112499237060547,19.674999237060547,19.367374420166016,10264000
2020-11-09,21.542499542236328,21.577499389648438,20.40250015258789,19.852344512939453,28417600
2020-11-10,20.329999923706055,20.52750015258789,20.002500534057617,19.78687286376953,10491200
2020-11-11,20.674999237060547,20.80500030517578,20.520000457763672,20.07785415649414,5188000
2020-11-12,20.577499389648438,20.670000076293945,20.072500228881836,19.694730758666992,8625600
2020-11-13,20.53499984741211,20.952499389648438,20.469999313354492,20.237895965576172,6149200
2020-11-16,21.200000762939453,21.38249969482422,21.03499984741211,20.732568740844727,7123200
2020-11-17,21.077499389648438,21.3075008392334,20.889999389648438,20.5216007232666,6808800
2020-11-18,21.18000030517578,21.252500534057617,20.635000228881836,20.014806747436523,6958000
2020-11-19,20.5575008392334,20.860000610351562,20.392499923706055,20.17727279663086,6738800
2020-11-20,20.77750015258789,20.799999237060547,20.514999389648438,19.905689239501953,3707200
2020-11-23,20.752500534057617,20.917499542236328,20.469999313354492,20.15060043334961,5054400
2020-11-24,21.084999084472656,21.502500534057617,20.987499237060547,20.790767669677734,6769200
2020-11-25,21.427499771118164,21.427499771118164,21.229999542236328,20.730138778686523,4118000
2020-11-27,21.510000228881836,21.542499542236328,21.362499237060547,20.844114303588867,2332000
2020-11-30,21.389999389648438,21.420000076293945,20.959999084472656,20.65254783630371,7734800
2020-12-01,21.707500457763672,21.952499389648438,21.635000228881836,21.10599136352539,7810800
2020-12-02,21.6200008392334,21.86750030517578,21.542499542236328,21.190866470336914,7015600
2020-12-03,21.834999084472656,22.017499923706055,21.700000762939453,21.181171417236328,4099200
2020-12-04,21.90999984741211,22.212499618530273,21.90999984741211,21.542469024658203,3390800
2020-12-07,22.11750030517578,22.18000030517578,21.962499618530273,21.462444305419922,4973600
2020-12-08,21.952499389648438,22.325000762939453,21.947500228881836,21.5764217376709,3333600
2020-12-09,22.337499618530273,22.354999542236328,21.737499237060547,21.19329071044922,10551200
2020-12-10,21.665000915527344,21.959999084472656,21.5625,21.181171417236328,7682000
2020-12-11,21.612499237060547,21.809999465942383,21.420000076293945,21.118118286132812,6881600
2020-12-14,22.0625,22.19499969482422,21.5575008392334,20.9338321685791,9446400
2020-12-15,21.915000915527344,22.170000076293945,21.735000610351562,21.496400833129883,6826000
2020-12-16,22.202499389648438,22.354999542236328,22.084999084472656,21.56671905517578,6468800
2020-12-17,22.447500228881836,22.510000228881836,22.344999313354492,21.814054489135742,4880400
2020-12-18,22.52750015258789,22.542499542236328,22.045000076293945,21.661287307739258,15771600
2020-12-21,21.790000915527344,22.260000228881836,21.4424991607666,21.48427391052246,13902000
2020-12-22,22.18000030517578,22.200000762939453,21.927499771118164,21.40667724609375,7285600
2020-12-23,22.165000915527344,22.329999923706055,22.0625,21.436777114868164,6956000
2020-12-24,22.139999389648438,22.2549991607666,22.072500228881836,21.601823806762695,1938800
2020-12-28,22.59000015258789,22.6875,22.497499465942383,21.97803497314453,4328000
2020-12-29,22.827499389648438,22.854999542236328,22.47249984741211,21.900365829467773,11392800
2020-12-30,22.649999618530273,22.737499237060547,22.565000534057617,21.951337814331055,3710800
2020-12-31,22.592500686645508,22.927499771118164,22.517499923706055,22.17220687866211,7084000
2021-01-04,23.00749969482422,23.024999618530273,21.727500915527344,21.567842483520508,17792000
2021-01-05,22.1200008392334,22.655000686645508,22.1200008392334,21.859106063842773,8517600
2021-01-06,22.315000534057617,23.202499389648438,22.2450008392334,22.12366485595703,14572800
2021-01-07,23.100000381469727,23.55500030517578,23.075000762939453,22.774150848388672,8939200
2021-01-08,23.642499923706055,23.75,23.209999084472656,23.0411319732666,7393600
2021-01-11,23.30500030517578,23.637500762939453,23.28499984741211,22.725603103637695,8733600
2021-01-12,23.434999465942383,23.547500610351562,23.1200008392334,22.728031158447266,6423600
2021-01-13,23.40999984741211,23.670000076293945,23.299999237060547,22.856672286987305,4741200
2021-01-14,23.639999389648438,23.702499389648438,23.329999923706055,22.686769485473633,4511600
2021-01-15,23.155000686645508,23.252500534057617,22.790000915527344,22.356672286987305,6078800
2021-01-19,23.350000381469727,23.459999084472656,23.15999984741211,22.711042404174805,5157600
2021-01-20,23.690000534057617,24.145000457763672,23.645000457763672,23.332393646240234,5597200
2021-01-21,24.112499237060547,24.167499542236328,23.957500457763672,23.378511428833008,5290400
2021-01-22,23.81999969482422,24.05500030517578,23.787500381469727,23.208614349365234,5680800
2021-01-25,24.0049991607666,24.137500762939453,23.357500076293945,23.38821792602539,7730400
2021-01-26,24.21500015258789,24.267499923706055,23.989999771118164,23.31783103942871,4032800
2021-01-27,23.565000534057617,23.575000762939453,22.540000915527344,22.17220687866211,14197200
2021-01-28,23.077499389648438,23.75,23.030000686645508,22.538711547851562,8597200
2021-01-29,22.985000610351562,23.107500076293945,22.077499389648438,21.662504196166992,13051200
2021-02-01,22.735000610351562,23.172500610351562,22.457500457763672,22.36395263671875,8448800
2021-02-02,23.457500457763672,23.897499084472656,23.450000762939453,22.9998722076416,6744400
2021-02-03,23.809999465942383,23.954999923706055,23.5575008392334,23.043563842773438,5496400
2021-02-04,23.872499465942383,24.270000457763672,23.84749984741211,23.562978744506836,4207600
2021-02-05,24.524999618530273,24.547500610351562,24.3075008392334,23.74258804321289,5580000
2021-02-08,24.657499313354492,24.8174991607666,24.540000915527344,24.08482551574707,4796800
2021-02-09,24.690000534057617,24.857500076293945,24.637500762939453,24.045984268188477,3990800
2021-02-10,25.0049991607666,25.032499313354492,24.4325008392334,24.038705825805664,6457200
2021-02-11,24.905000686645508,24.954999923706055,24.5,24.113943099975586,4356400
2021-02-12,24.712499618530273,25.107500076293945,24.712499618530273,24.35423469543457,4266000
2021-02-16,25.24250030517578,25.267499923706055,24.934999465942383,24.310546875,5452400
2021-02-17,24.782499313354492,25.072500228881836,24.649999618530273,24.325111389160156,5529600
2021-02-18,24.674999237060547,24.924999237060547,24.447500228881836,24.11151695251465,5792000
2021-02-19,24.989999771118164,25.030000686645508,24.674999237060547,24.004724502563477,6422400
2021-02-22,24.362499237060547,24.6825008392334,24.3174991607666,23.657636642456055,6933200
2021-02-23,24.042499542236328,24.594999313354492,23.49250030517578,23.70860481262207,15386800
2021-02-24,24.25749969482422,25.00749969482422,24.137500762939453,24.22559356689453,10410000
2021-02-25,24.774999618530273,24.957500457763672,23.542499542236328,23.0629825592041,15158800
2021-02-26,23.997499465942383,24.145000457763672,23.232500076293945,22.808128356933594,15949600
2021-03-01,24.142499923706055,24.802499771118164,24.142499923706055,23.917343139648438,8591200
2021-03-02,24.674999237060547,24.69499969482422,24.225000381469727,23.545988082885742,11107600
2021-03-03,24.157499313354492,24.287500381469727,23.59749984741211,22.924631118774414,11657200
2021-03-04,23.575000762939453,23.922500610351562,22.422500610351562,22.354246139526367,19076800
2021-03-05,23.479999542236328,24.0049991607666,22.524999618530273,23.17220687866211,13710800
2021-03-08,23.9950008392334,24.3700008392334,23.59000015258789,22.94405174255371,13467600
2021-03-09,24.135000228881836,24.639999389648438,24.075000762939453,23.592105865478516,10841200
2021-03-10,24.6200008392334,24.829999923706055,24.427499771118164,23.88578987121582,9801200
2021-03-11,24.940000534057617,25.3700008392334,24.877500534057617,24.376083374023438,9720000
2021-03-12,24.93000030517578,25.1875,24.799999237060547,24.446470260620117,6969600
2021-03-15,25.200000762939453,25.502500534057617,24.912500381469727,24.740156173706055,5912800
2021-03-16,25.5575008392334,25.639999389648438,25.297500610351562,24.679475784301758,6792800
2021-03-17,25.217500686645508,25.684999465942383,25.065000534057617,24.820255279541016,7748000
2021-03-18,25.217500686645508,25.502500534057617,24.737499237060547,24.099382400512695,8959200
2021-03-19,24.787500381469727,24.9950008392334,24.4375,24.004724502563477,7883600
2021-03-22,24.80500030517578,25.3125,24.797500610351562,24.39550018310547,6100000
2021-03-23,25.022499084472656,25.217500686645508,24.604999542236328,24.01416015625,7867600
2021-03-24,24.90250015258789,25.125,24.459999084472656,23.773706436157227,7664400
2021-03-25,24.2549991607666,24.84000015258789,24.002500534057617,24.031169891357422,11113600
2021-03-26,24.892499923706055,25.582500457763672,24.809999465942383,24.801118850708008,10181200
2021-03-29,25.322500228881836,25.627500534057617,25.125,24.776826858520508,10312000
2021-03-30,25.31999969482422,25.454999923706055,25.147499084472656,24.645666122436523,7113600
2021-03-31,25.434999465942383,25.78499984741211,25.434999465942383,24.84969711303711,7120000
2021-04-01,25.829999923706055,26.13249969482422,25.802499771118164,25.369470596313477,9206000
2021-04-05,26.497499465942383,26.94499969482422,26.482500076293945,26.098129272460938,8551600
2021-04-06,26.78499984741211,26.979999542236328,26.7450008392334,26.068984985351562,5787600
2021-04-07,26.8125,26.94499969482422,26.75,26.13213348388672,4468400
2021-04-08,27.06999969482422,27.157499313354492,26.9424991607666,26.375019073486328,4738000
2021-04-09,27.137500762939453,27.565000534057617,27.1200008392334,26.758779525756836,6024000
2021-04-12,27.454999923706055,27.602500915527344,27.3700008392334,26.783071517944336,5993200
2021-04-13,27.540000915527344,27.8125,27.489999771118164,26.931232452392578,4851600
2021-04-14,27.71500015258789,27.86750030517578,27.452499389648438,26.761211395263672,7879600
2021-04-15,27.834999084472656,28.15999984741211,27.834999084472656,27.324705123901367,5727200
2021-04-16,28.3125,28.397499084472656,28.107500076293945,27.51658821105957,5789600
2021-04-19,28.172500610351562,28.237499237060547,27.84000015258789,27.24941635131836,7867200
2021-04-20,27.844999313354492,27.952499389648438,27.412500381469727,26.841360092163086,8563600
2021-04-21,27.52750015258789,28.172500610351562,27.512500762939453,27.341705322265625,11540400
2021-04-22,28.112499237060547,28.229999542236328,27.469999313354492,26.848648071289062,9570000
2021-04-23,27.707500457763672,28.422500610351562,27.69499969482422,27.424291610717773,7693200
2021-04-26,28.3174991607666,28.420000076293945,28.25,27.540874481201172,4037600
2021-04-27,28.375,28.407499313354492,28.162500381469727,27.52387237548828,4674000
2021-04-28,28.364999771118164,28.517499923706055,28.239999771118164,27.4898681640625,5860800
2021-04-29,28.700000762939453,28.75,28.174999237060547,27.84691047668457,13111200
2021-04-30,28.325000762939453,28.457500457763672,28.15999984741211,27.48501205444336,7189600
2021-05-03,28.572500228881836,28.6299991607666,28.334999084472656,27.59674072265625,6923200
2021-05-04,28.112499237060547,28.1825008392334,27.520000457763672,27.256698608398438,14849200
2021-05-05,28.292499542236328,28.325000762939453,27.959999084472656,27.268840789794922,8499600
2021-05-06,28.075000762939453,28.540000915527344,27.790000915527344,27.713321685791016,12385200
2021-05-07,28.6299991607666,29.02750015258789,28.53499984741211,28.099510192871094,6983600
2021-05-10,28.977500915527344,29.012500762939453,28.342500686645508,27.56273651123047,9599600
2021-05-11,27.702499389648438,27.99250030517578,27.287500381469727,27.074535369873047,13697200
2021-05-12,27.44499969482422,27.63249969482422,26.582500457763672,25.913536071777344,16284800
2021-05-13,26.8799991607666,27.572500228881836,26.872499465942383,26.52804183959961,16456000
2021-05-14,27.684999465942383,28.260000228881836,27.684999465942383,27.336851119995117,13634400
2021-05-17,27.977500915527344,28.104999542236328,27.709999084472656,27.20812225341797,8976800
2021-05-18,28.017499923706055,28.0625,27.49250030517578,26.7320613861084,7960800
2021-05-19,26.834999084472656,27.387500762939453,26.627500534057617,26.598474502563477,12560000
2021-05-20,27.487499237060547,28.13249969482422,27.475000381469727,27.159542083740234,10020800
2021-05-21,28.172500610351562,28.34749984741211,27.842500686645508,27.125539779663086,8975200
2021-05-24,28.229999542236328,28.6299991607666,28.19499969482422,27.664743423461914,6609600
2021-05-25,28.63249969482422,28.6825008392334,28.267499923706055,27.550586700439453,8968800
2021-05-26,28.4325008392334,28.52750015258789,28.282499313354492,27.652606964111328,6134800
2021-05-27,28.600000381469727,28.68000030517578,28.46500015258789,27.669605255126953,3992000
2021-05-28,28.71500015258789,28.752500534057617,28.559999465942383,27.78375816345215,4609600
2021-06-01,28.93000030517578,28.947500228881836,28.47249984741211,27.727893829345703,5901200
2021-06-02,28.622499465942383,28.7450008392334,28.489999771118164,27.825048446655273,4670400
2021-06-03,28.274999618530273,28.575000762939453,28.072500228881836,27.61617088317871,7688000
2021-06-04,28.68000030517578,28.97249984741211,28.667499542236328,28.10923194885254,4660800
2021-06-07,28.924999237060547,28.952499389648438,28.735000610351562,28.065509796142578,3902800
2021-06-08,28.99250030517578,29.00749969482422,28.61750030517578,28.06793785095215,4282400
2021-06-09,29.0049991607666,29.012500762939453,28.764999389648438,27.97563934326172,3898800
2021-06-10,28.969999313354492,29.197500228881836,28.782499313354492,28.233097076416016,4528800
2021-06-11,29.145000457763672,29.172500610351562,28.957500457763672,28.33025550842285,2855200
2021-06-14,29.162500381469727,29.302499771118164,28.989999771118164,28.468698501586914,2412800
2021-06-15,29.30500030517578,29.309999465942383,29.045000076293945,28.356975555419922,11724800
2021-06-16,29.204999923706055,29.22249984741211,28.540000915527344,28.033933639526367,9213200
2021-06-17,28.774999618530273,28.96500015258789,28.46500015258789,28.00720977783203,7510400
2021-06-18,28.34000015258789,28.44499969482422,28.020000457763672,27.259126663208008,9383600
2021-06-21,28.302499771118164,28.8799991607666,28.184999465942383,28.02907371520996,9243600
2021-06-22,28.84000015258789,29.267499923706055,28.735000610351562,28.324054718017578,4722400
2021-06-23,29.155000686645508,29.272499084472656,29.065000534057617,28.258451461791992,4903200
2021-06-24,29.389999389648438,29.479999542236328,29.352500915527344,28.588897705078125,3556000
2021-06-25,29.530000686645508,29.690000534057617,29.485000610351562,28.788143157958984,3942400
2021-06-28,29.697500228881836,29.764999389648438,29.522499084472656,28.907203674316406,3628000
2021-06-29,29.797500610351562,29.889999389648438,29.697500228881836,28.938791275024414,3490400
2021-06-30,29.702499389648438,29.917499542236328,29.702499389648438,28.99710464477539,4571200
2021-07-01,29.9375,30.174999237060547,29.922500610351562,29.305686950683594,4119600
2021-07-02,30.315000534057617,30.65999984741211,30.274999618530273,29.757627487182617,7111200
2021-07-06,30.607500076293945,30.645000457763672,30.084999084472656,29.641000747680664,6861200
2021-07-07,30.602500915527344,30.75,30.297500610351562,29.84996223449707,5688000
2021-07-08,29.897499084472656,30.31999969482422,29.725000381469727,29.366432189941406,11792800
2021-07-09,30.4375,30.895000457763672,30.40250015258789,29.9714412689209,6864800
2021-07-12,30.834999084472656,31.107500076293945,30.774999618530273,30.207138061523438,4605600
2021-07-13,30.954999923706055,31.174999237060547,30.81999969482422,29.998180389404297,6186000
2021-07-14,31.110000610351562,31.1825008392334,30.760000228881836,30.073501586914062,6391200
2021-07-15,30.7450008392334,30.844999313354492,30.447500228881836,29.871826171875,9320400
2021-07-16,30.907499313354492,30.915000915527344,30.1924991607666,29.40045166015625,9612000
2021-07-19,29.520000457763672,29.600000381469727,28.934999465942383,28.523296356201172,22274400
2021-07-20,29.447500228881836,30.375,29.334999084472656,29.344560623168945,12377200
2021-07-21,30.375,30.700000762939453,30.34749984741211,29.82322883605957,9033200
2021-07-22,30.712499618530273,30.842500686645508,30.55500030517578,29.95686912536621,5915200
2021-07-23,31.100000381469727,31.487499237060547,31.0,30.54730796813965,6118400
2021-07-26,31.350000381469727,31.59000015258789,31.344999313354492,30.702816009521484,5708400
2021-07-27,31.4375,31.440000534057617,30.872499465942383,30.42095947265625,11188800
2021-07-28,31.395000457763672,31.482500076293945,31.0625,30.394235610961914,9858400
2021-07-29,31.422500610351562,31.6924991607666,31.422500610351562,30.644500732421875,4914800
2021-07-30,31.145000457763672,31.447500228881836,31.122499465942383,30.350500106811523,6282800
2021-08-02,31.475000381469727,31.56999969482422,31.052499771118164,30.22414779663086,7851200
2021-08-03,31.200000762939453,31.612499237060547,30.88249969482422,30.712533950805664,7096400
2021-08-04,31.405000686645508,31.489999771118164,31.252500534057617,30.408809661865234,4598400
2021-08-05,31.462499618530273,31.690000534057617,31.417499542236328,30.795148849487305,3396800
2021-08-06,31.735000610351562,31.84749984741211,31.6875,30.892337799072266,3820400
2021-08-09,31.782499313354492,31.822500228881836,31.612499237060547,30.846172332763672,3700000
2021-08-10,31.795000076293945,31.917499542236328,31.697500228881836,30.906919479370117,3946800
2021-08-11,31.975000381469727,31.982500076293945,31.799999237060547,31.064855575561523,5993600
2021-08-12,31.934999465942383,32.17250061035156,31.80500030517578,31.23979949951172,3240000
2021-08-13,32.227500915527344,32.275001525878906,32.150001525878906,31.36129379272461,6648400
2021-08-16,32.0625,32.4375,31.827499389648438,31.511932373046875,9453200
2021-08-17,32.025001525878906,32.122501373291016,31.530000686645508,31.10616111755371,9338000
2021-08-18,31.837499618530273,32.07500076293945,31.2549991607666,30.413671493530273,9959600
2021-08-19,30.877500534057617,31.565000534057617,30.852500915527344,30.488994598388672,13184800
2021-08-20,31.447500228881836,31.934999465942383,31.36750030517578,30.987102508544922,6744800
2021-08-23,32.13999938964844,32.58250045776367,32.13999938964844,31.53380012512207,5265200
2021-08-24,32.540000915527344,32.625,32.467498779296875,31.62613296508789,4304000
2021-08-25,32.58000183105469,32.7599983215332,32.52000045776367,31.76706886291504,2995600
2021-08-26,32.654998779296875,32.66999816894531,32.282501220703125,31.390451431274414,7281200
2021-08-27,32.42250061035156,32.92499923706055,32.40999984741211,31.942012786865234,7420800
2021-08-30,32.970001220703125,33.279998779296875,32.9375,32.22386169433594,5035600
2021-08-31,33.13750076293945,33.19499969482422,32.967498779296875,32.14854049682617,7054400
2021-09-01,33.20249938964844,33.28499984741211,33.057498931884766,32.16554260253906,5611600
2021-09-02,33.310001373291016,33.41749954223633,33.10749816894531,32.35750198364258,3719200
2021-09-03,33.125,33.35499954223633,33.0525016784668,32.3453483581543,5042000
2021-09-07,33.212501525878906,33.22999954223633,32.93000030517578,32.112091064453125,4952000
2021-09-08,32.95249938964844,33.064998626708984,32.654998779296875,32.03676986694336,6045600
2021-09-09,32.915000915527344,33.192501068115234,32.630001068115234,31.75005340576172,6470400
2021-09-10,32.97249984741211,33.029998779296875,32.13249969482422,31.261667251586914,9318000
2021-09-13,32.6150016784668,32.64250183105469,31.957500457763672,31.39531135559082,15240800
2021-09-14,32.529998779296875,32.5625,31.825000762939453,31.067285537719727,11233600
2021-09-15,32.01499938964844,32.56999969482422,31.854999542236328,31.572681427001953,9926800
2021-09-16,32.40999984741211,32.557498931884766,31.9325008392334,31.465768814086914,9875200
2021-09-17,32.255001068115234,32.33250045776367,31.697500228881836,30.868040084838867,15334400
2021-09-20,30.8125,31.049999237060547,29.950000762939453,29.83294677734375,24785200
2021-09-21,31.037500381469727,31.235000610351562,30.5575008392334,29.789215087890625,13826000
2021-09-22,30.962499618530273,31.530000686645508,30.829999923706055,30.347749710083008,14553600
2021-09-23,31.50749969482422,32.220001220703125,31.469999313354492,31.093929290771484,9560000
2021-09-24,31.729999542236328,32.189998626708984,31.6924991607666,31.193580627441406,7785200
2021-09-27,31.920000076293945,32.09749984741211,31.790000915527344,31.021013259887695,10027600
2021-09-28,31.462499618530273,31.520000457763672,30.5,29.757131576538086,23703200
2021-09-29,30.8174991607666,31.075000762939453,30.627500534057617,29.854354858398438,13817600
2021-09-30,30.9325008392334,31.03499984741211,29.93000030517578,29.122764587402344,22155600
2021-10-01,30.209999084472656,30.917499542236328,29.697500228881836,29.810604095458984,20682400
2021-10-04,30.4950008392334,30.627500534057617,29.55500030517578,29.054706573486328,23286000
2021-10-05,30.09749984741211,30.829999923706055,29.982500076293945,29.64775848388672,13209600
2021-10-06,29.957500457763672,30.780000686645508,29.712499618530273,29.895673751831055,18548000
2021-10-07,31.2450008392334,31.702499389648438,31.212499618530273,30.406082153320312,10979600
2021-10-08,31.392499923706055,31.450000762939453,31.065000534057617,30.289426803588867,9932400
2021-10-11,31.065000534057617,31.5,30.702499389648438,29.859216690063477,8168400
2021-10-12,30.850000381469727,30.905000686645508,30.440000534057617,29.708524703979492,10218400
2021-10-13,30.700000762939453,30.897499084472656,30.262500762939453,29.91754722595215,9806000
2021-10-14,31.327499389648438,31.832500457763672,31.2549991607666,30.916501998901367,8906800
2021-10-15,32.14250183105469,32.34749984741211,32.037498474121094,31.39288902282715,8079600
2021-10-18,32.01499938964844,32.532501220703125,31.915000915527344,31.592191696166992,7330000
2021-10-19,32.73249816894531,32.9900016784668,32.63750076293945,32.06128692626953,6001200
2021-10-20,33.04249954223633,33.28499984741211,33.03499984741211,32.309200286865234,9308400
2021-10-21,33.14500045776367,33.442501068115234,33.07749938964844,32.48905944824219,5668800
2021-10-22,33.334999084472656,33.564998626708984,33.040000915527344,32.416141510009766,7822800
2021-10-25,33.502498626708984,33.744998931884766,33.22999954223633,32.746700286865234,4198000
2021-10-26,33.92499923706055,34.125,33.6974983215332,32.822052001953125,5773600
2021-10-27,33.82500076293945,33.93000030517578,33.442501068115234,32.515785217285156,5713200
2021-10-28,33.67250061035156,34.10499954223633,33.67250061035156,33.147743225097656,5890000
2021-10-29,33.73249816894531,34.275001525878906,33.6875,33.28141403198242,7220400
2021-11-01,34.39250183105469,34.4474983215332,34.0724983215332,33.40052032470703,6745200
2021-11-02,34.377498626708984,34.67250061035156,34.35499954223633,33.66543960571289,6419600
2021-11-03,34.537498474121094,35.11000061035156,34.46500015258789,34.08592224121094,7802800
2021-11-04,35.14250183105469,35.38750076293945,35.09000015258789,34.3873176574707,10000000
2021-11-05,35.7400016784668,35.939998626708984,35.377498626708984,34.62793731689453,9061600
2021-11-08,35.79249954223633,35.869998931884766,35.56999969482422,34.69356155395508,5759200
2021-11-09,35.73249816894531,35.772499084472656,35.209999084472656,34.46751403808594,10216000
2021-11-10,35.157501220703125,35.4375,34.625,33.90363693237305,10791200
2021-11-11,35.099998474121094,35.1150016784668,34.88750076293945,33.927940368652344,4883200
2021-11-12,35.09000015258789,35.5,34.9375,34.43349838256836,6622000
2021-11-15,35.6150016784668,35.63999938964844,35.255001068115234,34.44322204589844,7012800
2021-11-16,35.39250183105469,35.89500045776367,35.380001068115234,34.70814514160156,5653600
2021-11-17,35.66999816894531,35.6974983215332,35.439998626708984,34.545310974121094,6251200
2021-11-18,35.70500183105469,35.8224983215332,35.26499938964844,34.776206970214844,7078400
2021-11-19,35.77000045776367,35.95750045776367,35.59000015258789,34.65224838256836,5173600
2021-11-22,35.92499923706055,36.349998474121094,35.412498474121094,34.455360412597656,11969200
2021-11-23,35.3849983215332,35.66999816894531,34.97249984741211,34.56717300415039,13133200
2021-11-24,35.220001220703125,35.7400016784668,35.07749938964844,34.7105827331543,11372400
2021-11-26,34.65250015258789,34.872501373291016,33.94499969482422,33.2085075378418,16210800
2021-11-29,34.880001068115234,35.25,34.53499984741211,33.995994567871094,12191600
2021-11-30,34.567501068115234,34.869998931884766,33.560001373291016,32.710243225097656,24633200
2021-12-01,34.49250030517578,34.939998626708984,32.8125,31.93975830078125,21236800
2021-12-02,32.86249923706055,34.087501525878906,32.814998626708984,32.892539978027344,26122400
2021-12-03,34.11000061035156,34.27750015258789,32.592498779296875,32.34809494018555,34248400
2021-12-06,33.657501220703125,34.337501525878906,33.275001525878906,33.1015625,16867600
2021-12-07,34.877498626708984,35.54249954223633,34.869998931884766,34.46751403808594,13842800
2021-12-08,35.529998779296875,35.70750045776367,35.2400016784668,34.64494705200195,9857600
2021-12-09,35.4275016784668,35.58250045776367,35.13249969482422,34.17586135864258,7860800
2021-12-10,35.59749984741211,35.84000015258789,35.18000030517578,34.815086364746094,7332400
2021-12-13,35.73500061035156,35.779998779296875,35.13999938964844,34.214752197265625,10077600
2021-12-14,34.64500045776367,35.0525016784668,34.212501525878906,33.726200103759766,14526000
2021-12-15,34.70249938964844,35.814998626708984,34.307498931884766,34.785926818847656,14868400
2021-12-16,36.0724983215332,36.11750030517578,34.88999938964844,34.1685676574707,21803200
2021-12-17,34.63249969482422,35.125,34.119998931884766,33.439395904541016,23133600
2021-12-20,33.58000183105469,33.72249984741211,33.084999084472656,32.717533111572266,21446000
2021-12-21,34.192501068115234,34.875,33.85499954223633,33.8890495300293,12248000
2021-12-22,34.810001373291016,35.5625,34.779998779296875,34.55987548828125,9386400
2021-12-23,35.689998626708984,36.20000076293945,35.665000915527344,34.988948822021484,8054800
2021-12-27,36.189998626708984,36.98249816894531,36.18000030517578,35.97890090942383,7790800
2021-12-28,37.057498931884766,37.209999084472656,36.787498474121094,35.92295455932617,7495600
2021-12-29,36.939998626708984,37.17250061035156,36.76250076293945,36.010520935058594,5320000
2021-12-30,37.0625,37.23500061035156,36.724998474121094,35.811073303222656,6634400
2021-12-31,36.70750045776367,36.904998779296875,36.56999969482422,35.601890563964844,7302400
2022-01-03,36.8224983215332,37.04750061035156,36.4375,36.02268600463867,12192400
2022-01-04,37.26750183105469,37.380001068115234,36.70000076293945,36.00322723388672,12522800
2022-01-05,36.9474983215332,37.0724983215332,35.56999969482422,34.63382339477539,19431600
2022-01-06,35.5,35.94499969482422,35.130001068115234,34.55113220214844,18511200
2022-01-07,35.5,35.70000076293945,35.0099983215332,34.29087448120117,14526000
2022-01-10,34.709999084472656,35.17499923706055,33.79249954223633,34.19601058959961,19777200
2022-01-11,35.09749984741211,35.79249954223633,34.6150016784668,34.799232482910156,14002400
2022-01-12,36.060001373291016,36.29999923706055,35.657501220703125,34.99867248535156,11756000
2022-01-13,36.14500045776367,36.244998931884766,34.814998626708984,34.028175354003906,7847800
2022-01-14,34.45000076293945,35.04999923706055,34.275001525878906,34.04763412475586,8342400
2022-01-18,34.22999954223633,34.275001525878906,33.584999084472656,32.86066436767578,8974600
2022-01-19,33.9900016784668,34.209999084472656,33.0099983215332,32.16015625,8198800
2022-01-20,33.34000015258789,34.07500076293945,32.25,31.454782485961914,12442400
2022-01-21,32.154998779296875,32.505001068115234,31.040000915527344,30.199703216552734,18819000
2022-01-24,30.190000534057617,31.389999389648438,28.604999542236328,30.457530975341797,32643400
2022-01-25,30.350000381469727,31.28499984741211,29.510000228881836,29.708375930786133,30677000
2022-01-26,31.424999237060547,31.885000228881836,29.7549991607666,29.58675765991211,23318800
2022-01-27,31.075000762939453,31.53499984741211,29.834999084472656,29.270557403564453,15421000
2022-01-28,30.280000686645508,31.579999923706055,29.610000610351562,30.72022247314453,13776000
2022-01-31,31.469999313354492,32.76499938964844,31.270000457763672,31.82935905456543,11480000
2022-02-01,32.834999084472656,33.255001068115234,32.279998779296875,32.267181396484375,8326400
2022-02-02,33.529998779296875,33.915000915527344,33.16999816894531,32.88985824584961,7257400
2022-02-03,32.85499954223633,33.14500045776367,32.08000183105469,31.342893600463867,11295200
2022-02-04,32.189998626708984,33.095001220703125,31.815000534057617,31.649364471435547,10662200
2022-02-07,32.625,32.834999084472656,32.095001220703125,31.430458068847656,8258800
2022-02-08,32.220001220703125,32.96500015258789,32.0,31.941251754760742,6697400
2022-02-09,33.459999084472656,33.81999969482422,33.41999816894531,32.85580062866211,6309400
2022-02-10,32.85499954223633,33.810001373291016,32.255001068115234,31.698013305664062,15692800
2022-02-11,32.584999084472656,32.900001525878906,31.065000534057617,30.428340911865234,14044600
2022-02-14,31.200000762939453,31.440000534057617,30.559999465942383,30.243488311767578,11685200
2022-02-15,31.7450008392334,32.099998474121094,31.665000915527344,31.206687927246094,6359800
2022-02-16,31.760000228881836,32.35499954223633,31.469999313354492,31.28452491760254,5888600
2022-02-17,31.649999618530273,31.735000610351562,30.68000030517578,29.951610565185547,6695000
2022-02-18,30.809999465942383,30.9950008392334,30.03499984741211,29.54784393310547,8798400
2022-02-22,30.03499984741211,30.540000915527344,29.190000534057617,28.9251708984375,11808200
2022-02-23,30.1299991607666,30.219999313354492,28.56999969482422,27.884136199951172,12881200
2022-02-24,27.155000686645508,29.575000762939453,27.114999771118164,28.711122512817383,23458200
2022-02-25,29.684999465942383,30.829999923706055,29.459999084472656,29.980796813964844,14790200
2022-02-28,30.020000457763672,30.875,29.825000762939453,29.82999038696289,17989600
2022-03-01,30.459999084472656,30.735000610351562,29.34000015258789,28.9251708984375,17063400
2022-03-02,30.065000534057617,31.045000076293945,29.94499969482422,29.966203689575195,17382000
2022-03-03,31.190000534057617,31.264999389648438,30.2450008392334,29.684053421020508,14459000
2022-03-04,29.950000762939453,30.18000030517578,29.405000686645508,29.197587966918945,14339000
2022-03-07,29.920000076293945,29.954999923706055,28.229999542236328,27.48037338256836,16817200
2022-03-08,28.2549991607666,29.274999618530273,27.645000457763672,27.057144165039062,23793800
2022-03-09,28.9950008392334,29.56999969482422,28.684999465942383,28.497081756591797,14237000
2022-03-10,28.6200008392334,29.155000686645508,28.334999084472656,28.24898338317871,10917200
2022-03-11,29.389999389648438,29.475000381469727,28.21500015258789,27.529016494750977,12249800
2022-03-14,28.389999389648438,28.885000228881836,27.709999084472656,27.120384216308594,12240200
2022-03-15,28.25,29.18000030517578,28.05500030517578,28.297632217407227,9657600
2022-03-16,29.604999542236328,30.395000457763672,28.90999984741211,29.56730079650879,15275000
2022-03-17,30.100000381469727,31.149999618530273,30.049999237060547,30.301862716674805,10391400
2022-03-18,30.90999984741211,31.875,30.80500030517578,30.9488582611084,9804000
2022-03-21,31.825000762939453,32.10499954223633,31.280000686645508,30.96345329284668,11370600
2022-03-22,32.02000045776367,32.685001373291016,32.02000045776367,31.663963317871094,7972200
2022-03-23,32.150001525878906,32.3650016784668,31.690000534057617,30.85106658935547,8081600
2022-03-24,32.0,32.64500045776367,31.829999923706055,31.775920867919922,7094400
2022-03-25,32.75,33.005001068115234,32.345001220703125,32.08258056640625,8127800
2022-03-28,32.86000061035156,33.42499923706055,32.57500076293945,32.5303955078125,6381200
2022-03-29,34.01499938964844,34.33000183105469,33.6150016784668,33.362762451171875,9472400
2022-03-30,34.07500076293945,34.20000076293945,33.494998931884766,32.953880310058594,6084400
2022-03-31,33.709999084472656,33.834999084472656,32.77000045776367,31.936552047729492,11865400
2022-04-01,33.029998779296875,33.04499816894531,32.41999816894531,32.08744430541992,7886800
2022-04-04,32.994998931884766,33.540000915527344,32.875,32.637481689453125,6279600
2022-04-05,33.29499816894531,33.68000030517578,32.5099983215332,31.829458236694336,8899200
2022-04-06,32.09000015258789,32.375,31.584999084472656,31.177200317382812,12619400
2022-04-07,31.895000457763672,32.625,31.594999313354492,31.48872947692871,10742200
2022-04-08,32.2400016784668,32.6150016784668,31.94499969482422,31.328092575073242,8004400
2022-04-11,31.670000076293945,31.799999237060547,31.0,30.252347946166992,10137400
2022-04-12,31.510000228881836,31.899999618530273,30.610000610351562,30.018699645996094,10638000
2022-04-13,30.790000915527344,31.649999618530273,30.764999389648438,30.71476936340332,7713400
2022-04-14,31.575000762939453,31.739999771118164,30.735000610351562,29.955421447753906,8162600
2022-04-18,30.614999771118164,31.024999618530273,30.450000762939453,29.96515655517578,7941000
2022-04-19,30.7549991607666,31.875,30.735000610351562,30.914342880249023,7065800
2022-04-20,32.029998779296875,32.125,31.545000076293945,30.87053871154785,8205400
2022-04-21,32.27000045776367,32.470001220703125,30.635000228881836,29.950551986694336,10303600
2022-04-22,30.600000381469727,30.645000457763672,28.9950008392334,28.305294036865234,15042000
2022-04-25,28.7450008392334,29.43000030517578,28.084999084472656,28.62169075012207,23352000
2022-04-26,29.040000915527344,29.06999969482422,27.700000762939453,26.971559524536133,24766000
2022-04-27,27.854999542236328,28.610000610351562,27.565000534057617,27.122459411621094,19542000
2022-04-28,28.530000686645508,29.5049991607666,27.905000686645508,28.495132446289062,14701800
2022-04-29,28.690000534057617,28.9950008392334,26.9950008392334,26.382577896118164,16386000
2022-05-02,27.100000381469727,27.610000610351562,26.184999465942383,26.698970794677734,22453600
2022-05-03,27.489999771118164,28.010000228881836,27.28499984741211,26.952091217041016,13651600
2022-05-04,27.770000457763672,29.440000534057617,27.31999969482422,28.582748413085938,20668800
2022-05-05,28.7450008392334,28.75,26.674999237060547,26.56755256652832,24262800
2022-05-06,26.90999984741211,27.395000457763672,26.204999923706055,26.231679916381836,18009200
2022-05-09,26.114999771118164,26.28499984741211,25.0,24.56208038330078,17386400
2022-05-10,26.010000228881836,26.204999923706055,24.795000076293945,24.659439086914062,18834200
2022-05-11,25.184999465942383,25.950000762939453,24.424999237060547,23.870880126953125,21524200
2022-05-12,24.094999313354492,24.895000457763672,23.56999969482422,23.827070236206055,22651800
2022-05-13,25.010000228881836,25.815000534057617,24.875,24.956357955932617,14613000
2022-05-16,25.40999984741211,25.920000076293945,25.110000610351562,24.771390914916992,15493200
2022-05-17,26.239999771118164,26.5,25.7450008392334,25.759519577026367,14415000
2022-05-18,25.844999313354492,25.8799991607666,24.15999984741211,23.69564437866211,18674800
2022-05-19,23.90999984741211,24.604999542236328,23.739999771118164,23.384113311767578,24339800
2022-05-20,24.4950008392334,24.565000534057617,22.924999237060547,23.40358543395996,23473800
2022-05-23,24.459999084472656,25.045000076293945,24.145000457763672,24.28949737548828,14423800
2022-05-24,24.395000457763672,24.725000381469727,23.69499969482422,23.924421310424805,16472800
2022-05-25,24.364999771118164,25.260000228881836,24.31999969482422,24.357641220092773,13877400
2022-05-26,25.15999984741211,26.209999084472656,25.135000228881836,25.30683135986328,10796800
2022-05-27,26.329999923706055,27.28499984741211,26.299999237060547,26.552949905395508,10631200
2022-05-31,27.049999237060547,27.420000076293945,26.575000762939453,26.246286392211914,13650800
2022-06-01,27.2450008392334,27.389999389648438,26.170000076293945,25.827667236328125,16242200
2022-06-02,26.5,27.53499984741211,26.190000534057617,26.791461944580078,9011200
2022-06-03,26.864999771118164,27.084999084472656,26.485000610351562,25.92502212524414,7796400
2022-06-06,27.18000030517578,27.405000686645508,26.6200008392334,26.071046829223633,7151200
2022-06-07,26.295000076293945,27.354999542236328,26.239999771118164,26.56267738342285,7434400
2022-06-08,27.059999465942383,27.299999237060547,26.59000015258789,25.993167877197266,6744800
2022-06-09,26.450000762939453,26.7549991607666,25.420000076293945,24.75191879272461,10098000
2022-06-10,24.584999084472656,24.690000534057617,23.93000030517578,23.306232452392578,14187000
2022-06-13,22.690000534057617,22.94499969482422,21.905000686645508,21.52954864501953,19121000
2022-06-14,22.334999084472656,22.44499969482422,21.59000015258789,21.393251419067383,11468600
2022-06-15,22.385000228881836,23.155000686645508,21.770000457763672,21.99683952331543,18717000
2022-06-16,21.559999465942383,21.604999542236328,20.790000915527344,20.580358505249023,19460800
2022-06-17,21.149999618530273,21.584999084472656,20.760000228881836,20.61442756652832,14405400
2022-06-21,21.875,22.420000076293945,21.875,21.660972595214844,8824200
2022-06-22,21.719999313354492,22.684999465942383,21.670000076293945,21.578224182128906,10338800
2022-06-23,22.43000030517578,22.690000534057617,21.989999771118164,22.011442184448242,10428000
2022-06-24,23.0,24.03499984741211,22.9950008392334,23.398717880249023,11837600
2022-06-27,24.15999984741211,24.18000030517578,23.709999084472656,23.233219146728516,7569200
2022-06-28,24.03499984741211,24.405000686645508,22.860000610351562,22.279163360595703,10103600
2022-06-29,22.93000030517578,23.059999465942383,22.600000381469727,22.22562026977539,8442000
2022-06-30,22.34000015258789,22.860000610351562,21.885000228881836,21.85567855834961,11711000
2022-07-01,22.3700008392334,22.979999542236328,22.045000076293945,22.3132381439209,10271000
2022-07-05,22.28499984741211,23.014999389648438,21.920000076293945,22.400854110717773,9357400
2022-07-06,23.03499984741211,23.479999542236328,22.725000381469727,22.561485290527344,9256000
2022-07-07,23.385000228881836,23.950000762939453,23.385000228881836,23.213747024536133,7275800
2022-07-08,23.635000228881836,24.049999237060547,23.44499969482422,23.179677963256836,7265600
2022-07-11,23.469999313354492,23.584999084472656,23.174999237060547,22.658838272094727,6317600
2022-07-12,23.184999465942383,23.489999771118164,22.6299991607666,22.249956130981445,8111000
2022-07-13,22.15999984741211,22.975000381469727,22.104999542236328,22.011442184448242,10986000
2022-07-14,21.989999771118164,22.565000534057617,21.670000076293945,21.88974952697754,8930000
2022-07-15,23.049999237060547,23.354999542236328,22.80500030517578,22.72698402404785,8004400
2022-07-18,23.729999542236328,23.815000534057617,22.80500030517578,22.352174758911133,7124400
2022-07-19,23.454999923706055,24.264999389648438,23.364999771118164,23.55935287475586,8896000
2022-07-20,24.219999313354492,24.690000534057617,24.045000076293945,23.866010665893555,9300200
2022-07-21,24.43000030517578,25.0049991607666,24.114999771118164,24.343036651611328,7985200
2022-07-22,25.0049991607666,25.170000076293945,24.239999771118164,23.89521598815918,8588800
2022-07-25,24.600000381469727,24.700000762939453,24.299999237060547,23.939027786254883,8169800
2022-07-26,24.3700008392334,24.399999618530273,23.885000228881836,23.36464500427246,5755200
2022-07-27,24.434999465942383,25.475000381469727,24.395000457763672,24.586421966552734,10685800
2022-07-28,25.350000381469727,25.969999313354492,24.885000228881836,25.194873809814453,12716800
2022-07-29,26.079999923706055,26.7549991607666,25.969999313354492,25.939624786376953,7272600
2022-08-01,26.260000228881836,26.809999465942383,26.170000076293945,25.77412223815918,7032400
2022-08-02,26.2549991607666,26.75,25.959999084472656,25.438257217407227,7327400
2022-08-03,26.405000686645508,27.09000015258789,26.3700008392334,26.221946716308594,6228600
2022-08-04,26.920000076293945,27.0049991607666,26.665000915527344,26.183008193969727,3744000
2022-08-05,26.299999237060547,26.8799991607666,26.295000076293945,26.071046829223633,8205400
2022-08-08,27.024999618530273,27.329999923706055,26.579999923706055,26.032108306884766,6873600
2022-08-09,26.635000228881836,26.69499969482422,26.3700008392334,25.813066482543945,3822600
2022-08-10,27.46500015258789,27.649999618530273,27.204999923706055,26.893680572509766,7769600
2022-08-11,28.014999389648438,28.270000457763672,27.524999618530273,26.898544311523438,6290400
2022-08-12,27.885000228881836,28.559999465942383,27.7549991607666,27.789323806762695,5257400
2022-08-15,28.229999542236328,28.854999542236328,28.229999542236328,28.027841567993164,5217000
2022-08-16,28.6299991607666,29.165000915527344,28.514999389648438,28.13005828857422,4700600
2022-08-17,28.3799991607666,28.860000610351562,28.19499969482422,27.735780715942383,7937600
2022-08-18,28.489999771118164,28.729999542236328,28.31999969482422,27.876941680908203,4973800
2022-08-19,28.260000228881836,28.280000686645508,27.739999771118164,27.127328872680664,7305400
2022-08-22,27.190000534057617,27.204999923706055,26.56999969482422,25.998035430908203,8060200
2022-08-23,26.625,26.959999084472656,26.485000610351562,25.85687255859375,7190400
2022-08-24,26.53499984741211,26.915000915527344,26.440000534057617,26.02237319946289,6200800
2022-08-25,26.915000915527344,27.485000610351562,26.78499984741211,26.752517700195312,7487400
2022-08-26,27.46500015258789,27.530000686645508,25.604999542236328,24.9368896484375,13691600
2022-08-29,25.209999084472656,25.670000076293945,25.09000015258789,24.59615707397461,9761000
2022-08-30,25.43000030517578,25.454999923706055,24.43000030517578,24.050981521606445,11550200
2022-08-31,24.915000915527344,25.084999084472656,24.315000534057617,23.685911178588867,8479800
2022-09-01,24.040000915527344,24.514999389648438,23.690000534057617,23.822202682495117,14305600
2022-09-02,24.950000762939453,25.110000610351562,23.719999313354492,23.320837020874023,13628800
2022-09-06,24.065000534057617,24.18000030517578,23.485000610351562,23.145599365234375,9524200
2022-09-07,23.735000610351562,24.719999313354492,23.71500015258789,23.977964401245117,9179600
2022-09-08,24.30500030517578,25.0,24.15999984741211,24.279760360717773,10035400
2022-09-09,25.219999313354492,25.825000762939453,25.200000762939453,25.034242630004883,8994000
2022-09-12,25.9950008392334,26.360000610351562,25.94499969482422,25.5648136138916,8305800
2022-09-13,25.09000015258789,25.25,23.815000534057617,23.350040435791016,14947000
2022-09-14,24.125,24.344999313354492,23.719999313354492,23.505807876586914,8350800
2022-09-15,23.934999465942383,24.30500030517578,23.434999465942383,22.975231170654297,10183600
2022-09-16,23.049999237060547,23.309999465942383,22.809999465942383,22.6296329498291,20368000
2022-09-19,22.815000534057617,23.59000015258789,22.815000534057617,22.965497970581055,12038400
2022-09-20,23.165000915527344,23.280000686645508,22.69499969482422,22.439790725708008,13921200
2022-09-21,23.290000915527344,23.665000915527344,22.235000610351562,21.65123176574707,20981600
2022-09-22,22.139999389648438,22.2549991607666,21.760000228881836,21.271564483642578,13905400
2022-09-23,21.424999237060547,21.43000030517578,20.575000762939453,20.55601692199707,16896600
2022-09-26,20.94499969482422,21.375,20.549999237060547,20.1617374420166,13150200
2022-09-27,21.125,21.389999389648438,20.30500030517578,20.044921875,17760200
2022-09-28,20.700000762939453,21.600000381469727,20.5,20.82860565185547,19222000
2022-09-29,20.96500015258789,20.9950008392334,20.139999389648438,19.967037200927734,17129200
2022-09-30,20.399999618530273,20.844999313354492,19.850000381469727,19.334243774414062,18307600
2022-10-03,20.30500030517578,21.125,20.084999084472656,20.36131477355957,14154800
2022-10-04,21.559999465942383,22.200000762939453,21.559999465942383,21.602561950683594,16947800
2022-10-05,21.65999984741211,22.375,21.3700008392334,21.514944076538086,12285600
2022-10-06,21.895000457763672,22.270000457763672,21.559999465942383,21.05251693725586,12796400
2022-10-07,21.135000228881836,21.170000076293945,20.19499969482422,19.879419326782227,19452800
2022-10-10,20.540000915527344,20.56999969482422,19.84000015258789,19.56789207458496,11022400
2022-10-11,19.905000686645508,20.434999465942383,19.6200008392334,19.309906005859375,11795000
2022-10-12,19.889999389648438,20.06999969482422,19.684999465942383,19.188215255737305,11263000
2022-10-13,18.895000457763672,20.90999984741211,18.764999389648438,20.19581413269043,24841800
2022-10-14,21.020000457763672,21.225000381469727,19.719999313354492,19.27583122253418,18909000
2022-10-17,20.5,20.934999465942383,20.4950008392334,20.254228591918945,8556600
2022-10-18,21.75,21.780000686645508,20.885000228881836,20.721511840820312,13360800
2022-10-19,21.049999237060547,21.364999771118164,20.649999618530273,20.444061279296875,8030200
2022-10-20,20.93000030517578,21.450000762939453,20.530000686645508,20.0838565826416,10439000
2022-10-21,20.584999084472656,21.684999465942383,20.40999984741211,21.05738639831543,16862600
2022-10-24,21.809999465942383,22.290000915527344,21.489999771118164,21.5684871673584,15791200
2022-10-25,22.135000228881836,22.899999618530273,22.135000228881836,22.249956130981445,11834200
2022-10-26,22.475000381469727,23.170000076293945,22.43000030517578,21.918960571289062,12346400
2022-10-27,22.6299991607666,22.854999542236328,22.184999465942383,21.66583824157715,11360200
2022-10-28,22.239999771118164,23.3799991607666,22.225000381469727,22.69778060913086,13055800
2022-10-31,23.0,23.239999771118164,22.864999771118164,22.376516342163086,16312400
2022-11-01,23.440000534057617,23.469999313354492,22.625,22.172077178955078,11170000
2022-11-02,22.700000762939453,23.260000228881836,21.614999771118164,21.047653198242188,23370400
2022-11-03,21.21500015258789,21.53499984741211,20.915000915527344,20.604698181152344,13899200
2022-11-04,21.850000381469727,22.065000534057617,21.05500030517578,21.198549270629883,17922800
2022-11-07,21.934999465942383,22.260000228881836,21.674999237060547,21.60742950439453,7564800
2022-11-08,22.329999923706055,22.790000915527344,21.924999237060547,21.83620834350586,9554800
2022-11-09,22.155000686645508,22.309999465942383,21.43000030517578,20.925960540771484,11361000
2022-11-10,23.084999084472656,23.895000457763672,22.809999465942383,23.218616485595703,14572200
2022-11-11,23.96500015258789,24.415000915527344,23.719999313354492,23.681039810180664,13169000
2022-11-14,24.09000015258789,24.514999389648438,23.864999771118164,23.277029037475586,17694200
2022-11-15,24.625,24.764999389648438,23.81999969482422,23.676172256469727,15723000
2022-11-16,24.104999542236328,24.204999923706055,23.850000381469727,23.306232452392578,6717000
2022-11-17,23.315000534057617,23.850000381469727,23.270000457763672,23.145599365234375,14591400
2022-11-18,24.184999465942383,24.190000534057617,23.6200008392334,23.34517478942871,8805800
2022-11-21,23.795000076293945,23.94499969482422,23.565000534057617,23.160202026367188,5447600
2022-11-22,24.024999618530273,24.454999923706055,23.864999771118164,23.77839469909668,8235400
2022-11-23,24.3799991607666,24.799999237060547,24.360000610351562,24.08018684387207,8466400
2022-11-25,24.665000915527344,24.790000915527344,24.6299991607666,24.060714721679688,2282800
2022-11-28,24.31999969482422,24.524999618530273,23.829999923706055,23.291629791259766,5759800
2022-11-29,23.93000030517578,24.084999084472656,23.610000610351562,23.213747024536133,8200200
2022-11-30,23.860000610351562,25.31999969482422,23.625,24.63996696472168,18836600
2022-12-01,25.479999542236328,25.6299991607666,24.969999313354492,24.63022804260254,9849000
2022-12-02,24.645000457763672,25.344999313354492,24.635000228881836,24.557214736938477,7580600
2022-12-05,24.854999542236328,24.979999542236328,24.149999618530273,23.67130470275879,9877000
2022-12-06,24.290000915527344,24.360000610351562,23.344999313354492,22.989835739135742,11626400
2022-12-07,23.5,23.81999969482422,23.385000228881836,22.897350311279297,11474200
2022-12-08,23.7450008392334,24.020000457763672,23.549999237060547,23.242952346801758,7632000
2022-12-09,23.71500015258789,24.049999237060547,23.510000228881836,22.902219772338867,7451200
2022-12-12,23.614999771118164,24.19499969482422,23.540000915527344,23.54961395263672,5601400
2022-12-13,25.579999923706055,25.59000015258789,24.21500015258789,23.919553756713867,17887400
2022-12-14,24.510000228881836,25.010000228881836,23.864999771118164,23.612895965576172,16961200
2022-12-15,23.604999542236328,23.729999542236328,22.834999084472656,22.439790725708008,15139400
2022-12-16,22.725000381469727,22.889999389648438,22.235000610351562,21.904354095458984,24762200
2022-12-19,22.514999389648438,22.559999465942383,21.90999984741211,21.514944076538086,10270400
2022-12-20,22.010000228881836,22.364999771118164,21.864999771118164,21.578224182128906,8246400
2022-12-21,22.479999542236328,22.969999313354492,22.420000076293945,22.230487823486328,8236200
2022-12-22,22.350000381469727,22.3799991607666,21.375,21.581003189086914,17033600
2022-12-23,21.954999923706055,22.34000015258789,21.764999389648438,21.820465087890625,10139200
2022-12-27,22.309999465942383,22.350000381469727,21.94499969482422,21.639646530151367,5032600
2022-12-28,22.135000228881836,22.364999771118164,21.565000534057617,21.102079391479492,9571800
2022-12-29,21.90999984741211,22.454999923706055,21.8700008392334,21.840017318725586,7533800
2022-12-30,22.024999618530273,22.239999771118164,21.770000457763672,21.722726821899414,13442000
2023-01-03,22.450000762939453,22.690000534057617,21.69499969482422,21.527246475219727,13152600
2023-01-04,22.315000534057617,22.6200008392334,21.94499969482422,21.869335174560547,10603400
2023-01-05,22.125,22.135000228881836,21.78499984741211,21.356203079223633,9562400
2023-01-06,22.219999313354492,22.985000610351562,21.860000610351562,22.328720092773438,12110600
2023-01-09,23.114999771118164,23.5049991607666,22.795000076293945,22.309167861938477,8303600
2023-01-10,22.7450008392334,23.145000457763672,22.6299991607666,22.621931076049805,8364000
2023-01-11,23.325000762939453,23.725000381469727,23.229999542236328,23.174161911010742,6890400
2023-01-12,23.834999084472656,24.05500030517578,23.325000762939453,23.33543586730957,12891400
2023-01-13,23.475000381469727,24.1299991607666,23.440000534057617,23.521142959594727,8587200
2023-01-17,24.06999969482422,24.260000228881836,23.8799991607666,23.42829132080078,5987000
2023-01-18,24.114999771118164,24.239999771118164,23.18000030517578,22.69523811340332,9986600
2023-01-19,22.934999465942383,23.139999389648438,22.690000534057617,22.34337615966797,12513600
2023-01-20,23.024999618530273,23.719999313354492,22.825000762939453,23.16927719116211,7264000
2023-01-23,23.799999237060547,24.510000228881836,23.684999465942383,23.706850051879883,9677600
2023-01-24,24.059999465942383,24.329999923706055,23.905000686645508,23.653095245361328,9505200
2023-01-25,23.690000534057617,24.264999389648438,23.40999984741211,23.687301635742188,13811200
2023-01-26,24.549999237060547,24.764999389648438,24.174999237060547,24.19066047668457,8924400
2023-01-27,24.614999771118164,25.155000686645508,24.584999084472656,24.29817771911621,10705800
2023-01-30,24.489999771118164,24.78499984741211,24.190000534057617,23.682415008544922,6964000
2023-01-31,24.280000686645508,24.940000534057617,24.25,24.376371383666992,10704800
2023-02-01,24.774999618530273,25.815000534057617,24.424999237060547,24.894390106201172,12228600
2023-02-02,25.950000762939453,26.375,25.709999084472656,25.603008270263672,13680000
2023-02-03,25.540000915527344,26.21500015258789,25.475000381469727,25.060548782348633,11331800
2023-02-06,25.315000534057617,25.489999771118164,25.100000381469727,24.742895126342773,7576200
2023-02-07,25.190000534057617,26.135000228881836,25.030000686645508,25.39775276184082,12453800
2023-02-08,25.709999084472656,25.885000228881836,25.309999465942383,24.83574867248535,6820000
2023-02-09,25.850000381469727,25.8700008392334,24.78499984741211,24.386144638061523,7370200
2023-02-10,24.780000686645508,25.104999542236328,24.690000534057617,24.48876953125,7170800
2023-02-13,25.145000457763672,25.655000686645508,25.084999084472656,25.065439224243164,4514000
2023-02-14,25.44499969482422,25.90999984741211,25.100000381469727,25.041000366210938,10009800
2023-02-15,25.329999923706055,25.78499984741211,25.219999313354492,25.202272415161133,5261800
2023-02-16,25.100000381469727,25.6200008392334,25.03499984741211,24.48876953125,9653800
2023-02-17,24.764999389648438,24.94499969482422,24.520000457763672,24.356821060180664,7974600
2023-02-21,24.395000457763672,24.530000686645508,23.875,23.374534606933594,8590400
2023-02-22,23.950000762939453,24.155000686645508,23.65999984741211,23.320775985717773,10366400
2023-02-23,24.184999465942383,24.260000228881836,23.55500030517578,23.54557991027832,11942600
2023-02-24,23.440000534057617,23.665000915527344,23.239999771118164,23.027555465698242,12376400
2023-02-27,23.969999313354492,24.145000457763672,23.600000381469727,23.174161911010742,9896200
2023-02-28,23.655000686645508,23.895000457763672,23.524999618530273,23.003122329711914,11001200
2023-03-01,23.434999465942383,23.584999084472656,23.190000534057617,22.836963653564453,12166800
2023-03-02,23.094999313354492,23.809999465942383,23.05500030517578,23.174161911010742,12225000
2023-03-03,23.93000030517578,24.5,23.850000381469727,23.91210174560547,9783000
2023-03-06,24.565000534057617,24.854999542236328,24.44499969482422,23.936540603637695,9199200
2023-03-07,24.479999542236328,24.510000228881836,23.65999984741211,23.203489303588867,11009200
2023-03-08,23.75,23.905000686645508,23.53499984741211,23.27191162109375,8080800
2023-03-09,23.895000457763672,24.104999542236328,22.795000076293945,22.40202522277832,12540000
2023-03-10,22.829999923706055,23.100000381469727,22.06999969482422,21.747159957885742,35520600
2023-03-13,21.760000228881836,22.764999389648438,21.645000457763672,21.66408348083496,22782200
2023-03-14,22.774999618530273,23.110000610351562,22.3700008392334,22.39713478088379,18630800
2023-03-15,22.21500015258789,22.645000457763672,21.975000381469727,22.123458862304688,25959800
2023-03-16,22.329999923706055,23.440000534057617,22.264999389648438,22.861398696899414,17199400
2023-03-17,23.235000610351562,23.375,22.684999465942383,22.3531494140625,17275200
2023-03-20,22.934999465942383,23.34000015258789,22.864999771118164,22.758771896362305,12134400
2023-03-21,23.704999923706055,23.985000610351562,23.5049991607666,23.35498809814453,29115400
2023-03-22,23.875,24.31999969482422,23.075000762939453,22.563291549682617,17102000
2023-03-23,23.420000076293945,23.90999984741211,22.864999771118164,22.66592025756836,12219200
2023-03-24,23.030000686645508,23.5,22.75,22.959138870239258,9641800
2023-03-27,23.780000686645508,23.860000610351562,23.469999313354492,23.051990509033203,7629000
2023-03-28,23.475000381469727,23.56999969482422,23.239999771118164,22.949363708496094,6542000
2023-03-29,23.969999313354492,24.18000030517578,23.834999084472656,23.60422134399414,6846600
2023-03-30,24.46500015258789,24.4950008392334,24.184999465942383,23.863237380981445,6346800
2023-03-31,24.53499984741211,25.135000228881836,24.520000457763672,24.53275489807129,8750200
2023-04-03,25.030000686645508,25.334999084472656,24.979999542236328,24.71356964111328,7276600
2023-04-04,25.364999771118164,25.399999618530273,24.829999923706055,24.449676513671875,9019200
2023-04-05,24.899999618530273,24.989999771118164,24.645000457763672,24.29817771911621,8551200
2023-04-06,24.75,25.079999923706055,24.6200008392334,24.47410774230957,6690800
2023-04-10,24.709999084472656,25.100000381469727,24.645000457763672,24.527868270874023,5272600
2023-04-11,25.15999984741211,25.274999618530273,25.0049991607666,24.537639617919922,3812200
2023-04-12,25.354999542236328,25.389999389648438,24.81999969482422,24.342159271240234,8509600
2023-04-13,25.030000686645508,25.584999084472656,24.959999084472656,24.962812423706055,6488600
2023-04-14,25.46500015258789,25.735000610351562,25.110000610351562,24.84552001953125,7891800
2023-04-17,25.399999618530273,25.604999542236328,25.239999771118164,25.021451950073242,7290200
2023-04-18,25.799999237060547,25.80500030517578,25.440000534057617,25.045886993408203,6449200
2023-04-19,25.3700008392334,25.719999313354492,25.364999771118164,25.036113739013672,4693400
2023-04-20,25.229999542236328,25.53499984741211,25.114999771118164,24.74778175354004,12528200
2023-04-21,25.350000381469727,25.405000686645508,25.094999313354492,24.7673282623291,6475400
2023-04-24,25.309999465942383,25.44499969482422,25.145000457763672,24.821086883544922,8035800
2023-04-25,25.135000228881836,25.204999923706055,24.579999923706055,24.02450180053711,21168600
2023-04-26,24.65999984741211,24.790000915527344,24.299999237060547,23.824140548706055,7839000
2023-04-27,24.68000030517578,25.354999542236328,24.649999618530273,24.757558822631836,17527600
2023-04-28,25.21500015258789,25.7549991607666,25.204999923706055,25.163177490234375,7038200
2023-05-01,25.684999465942383,25.959999084472656,25.665000915527344,25.11919403076172,14043400
2023-05-02,25.600000381469727,25.604999542236328,24.739999771118164,24.547414779663086,10801600
2023-05-03,25.184999465942383,25.485000610351562,24.739999771118164,24.205322265625,9211000
2023-05-04,24.610000610351562,24.655000686645508,24.235000610351562,23.85346221923828,10475800
2023-05-05,24.854999542236328,25.434999465942383,24.825000762939453,24.72823143005371,8319800
2023-05-08,25.334999084472656,25.3700008392334,25.1299991607666,24.742895126342773,4537000
2023-05-09,25.100000381469727,25.225000381469727,25.05500030517578,24.527868270874023,3214600
2023-05-10,25.450000762939453,25.520000457763672,24.825000762939453,24.74778175354004,8303800
2023-05-11,25.190000534057617,25.2450008392334,24.950000762939453,24.650039672851562,6571800
2023-05-12,25.375,25.389999389648438,24.834999084472656,24.571849822998047,6566200
2023-05-15,25.219999313354492,25.360000610351562,24.969999313354492,24.73311996459961,4953600
2023-05-16,25.165000915527344,25.280000686645508,24.96500015258789,24.41057777404785,5053200
2023-05-17,25.21500015258789,25.649999618530273,25.014999389648438,24.99213218688965,9786200
2023-05-18,25.520000457763672,26.104999542236328,25.489999771118164,25.46617317199707,11668600
2023-05-19,26.170000076293945,26.229999542236328,25.815000534057617,25.383089065551758,8804600
2023-05-22,25.979999542236328,26.190000534057617,25.809999465942383,25.387981414794922,7552400
2023-05-23,25.760000228881836,25.895000457763672,25.344999313354492,24.83085823059082,9012400
2023-05-24,25.184999465942383,25.235000610351562,24.875,24.454561233520508,14357800
2023-05-25,25.44499969482422,25.625,25.170000076293945,24.869958877563477,6616200
2023-05-26,25.5049991607666,26.190000534057617,25.5049991607666,25.505266189575195,10186800
2023-05-30,26.34000015258789,26.40999984741211,25.934999465942383,25.51015281677246,8434800
2023-05-31,25.854999542236328,25.979999542236328,25.614999771118164,25.236478805541992,7974400
2023-06-01,25.829999923706055,26.43000030517578,25.674999237060547,25.69586181640625,6691800
2023-06-02,26.625,27.149999618530273,26.55500030517578,26.453344345092773,9907400
2023-06-05,27.09000015258789,27.2549991607666,26.844999313354492,26.32628059387207,5571200
2023-06-06,26.875,27.125,26.799999237060547,26.448455810546875,6481800
2023-06-07,27.104999542236328,27.2549991607666,26.809999465942383,26.267637252807617,7815800
2023-06-08,26.860000610351562,27.235000610351562,26.7549991607666,26.570632934570312,9072800
2023-06-09,27.270000457763672,27.530000686645508,27.135000228881836,26.64882469177246,5341400
2023-06-12,27.399999618530273,27.764999389648438,27.299999237060547,27.137523651123047,4389800
2023-06-13,27.94499969482422,28.204999923706055,27.864999771118164,27.479616165161133,6269200
2023-06-14,28.165000915527344,28.420000076293945,27.725000381469727,27.548032760620117,6619000
2023-06-15,28.059999465942383,29.030000686645508,28.045000076293945,28.207780838012695,11772600
2023-06-16,29.1299991607666,29.145000457763672,28.600000381469727,28.002525329589844,7186200
2023-06-20,28.395000457763672,28.510000228881836,28.079999923706055,27.728853225708008,4726600
2023-06-21,28.21500015258789,28.325000762939453,27.989999771118164,27.420970916748047,5634000
2023-06-22,27.920000076293945,28.260000228881836,27.875,27.616451263427734,4571800
2023-06-23,27.780000686645508,28.05500030517578,27.719999313354492,27.181507110595703,4735200
2023-06-26,27.739999771118164,27.989999771118164,27.549999237060547,26.961593627929688,7110200
2023-06-27,27.700000762939453,28.264999389648438,27.635000228881836,27.552921295166016,6321000
2023-06-28,28.040000915527344,28.34000015258789,27.950000762939453,27.582239151000977,6097000
2023-06-29,28.139999389648438,28.434999465942383,28.09000015258789,27.772838592529297,6580400
2023-06-30,28.834999084472656,29.204999923706055,28.80500030517578,28.41792106628418,17573000
2023-07-03,29.020000457763672,29.174999237060547,28.985000610351562,28.491228103637695,3150000
2023-07-05,28.885000228881836,29.145000457763672,28.875,28.383712768554688,4527000
2023-07-06,28.53499984741211,28.6299991607666,28.229999542236328,27.929222106933594,8904600
2023-07-07,28.43000030517578,28.959999084472656,28.395000457763672,27.787498474121094,8394000
2023-07-10,28.3700008392334,28.59000015258789,28.295000076293945,27.919448852539062,5461800
2023-07-11,28.65999984741211,28.989999771118164,28.530000686645508,28.27619743347168,4547000
2023-07-12,29.44499969482422,29.56999969482422,29.239999771118164,28.725801467895508,10043800
2023-07-13,29.600000381469727,29.940000534057617,29.559999465942383,29.146081924438477,4676600
2023-07-14,29.954999923706055,30.06999969482422,29.684999465942383,29.111875534057617,5877800
2023-07-17,29.75,30.135000228881836,29.75,29.307353973388672,4825600
2023-07-18,29.940000534057617,30.514999389648438,29.885000228881836,29.732524871826172,5497800
2023-07-19,30.540000915527344,30.725000381469727,30.454999923706055,29.854700088500977,4493200
2023-07-20,30.399999618530273,30.530000686645508,30.045000076293945,29.453962326049805,11144200
2023-07-21,30.364999771118164,30.395000457763672,30.135000228881836,29.45885467529297,3942400
2023-07-24,30.280000686645508,30.5049991607666,30.209999084472656,29.708087921142578,4163000
2023-07-25,30.350000381469727,30.729999542236328,30.350000381469727,29.87424659729004,3685200
2023-07-26,30.434999465942383,30.7549991607666,30.280000686645508,29.87424659729004,5538800
2023-07-27,31.030000686645508,31.06999969482422,30.020000457763672,29.4637393951416,6142600
2023-07-28,30.594999313354492,30.834999084472656,30.479999542236328,30.020858764648438,4511400
2023-07-31,30.78499984741211,30.885000228881836,30.610000610351562,30.147918701171875,4756200
2023-08-01,30.6200008392334,30.7549991607666,30.524999618530273,29.952438354492188,3402000
2023-08-02,30.204999923706055,30.25,29.690000534057617,29.13631248474121,5658200
2023-08-03,29.5,29.864999771118164,29.415000915527344,28.93593978881836,5778200
2023-08-04,29.844999313354492,30.139999389648438,29.264999389648438,28.68181610107422,7570000
2023-08-07,29.575000762939453,29.860000610351562,29.485000610351562,29.165634155273438,4616400
2023-08-08,29.479999542236328,29.635000228881836,29.114999771118164,28.911510467529297,6364600
2023-08-09,29.610000610351562,29.625,29.06999969482422,28.515657424926758,3918000
2023-08-10,29.469999313354492,29.940000534057617,29.020000457763672,28.525434494018555,8348800
2023-08-11,28.924999237060547,29.274999618530273,28.84000015258789,28.4814510345459,7892000
2023-08-14,29.0049991607666,29.459999084472656,28.96500015258789,28.79421615600586,4356800
2023-08-15,29.19499969482422,29.2549991607666,28.690000534057617,28.124698638916016,10453000
2023-08-16,28.69499969482422,28.924999237060547,28.31999969482422,27.67998504638672,6144400
2023-08-17,28.5049991607666,28.545000076293945,27.815000534057617,27.245040893554688,10323400
2023-08-18,27.5049991607666,28.045000076293945,27.459999084472656,27.26458740234375,6841200
2023-08-21,28.040000915527344,28.360000610351562,27.75,27.63111114501953,4459200
2023-08-22,28.5,28.5,28.03499984741211,27.469839096069336,5518400
2023-08-23,28.235000610351562,28.80500030517578,28.225000381469727,28.070941925048828,7544600
2023-08-24,28.924999237060547,28.9950008392334,27.90999984741211,27.293909072875977,9399000
2023-08-25,28.1299991607666,28.469999313354492,27.670000076293945,27.660430908203125,13202400
2023-08-28,28.59000015258789,28.739999771118164,28.40999984741211,28.01230239868164,5464200
2023-08-29,28.635000228881836,29.514999389648438,28.614999771118164,28.81865882873535,5808000
2023-08-30,29.514999389648438,29.80500030517578,29.424999237060547,29.043458938598633,4901400
2023-08-31,29.790000915527344,29.934999465942383,29.59000015258789,28.93593978881836,6823000
2023-09-01,29.969999313354492,30.045000076293945,29.524999618530273,29.048341751098633,3207200
2023-09-05,29.65999984741211,29.690000534057617,29.44499969482422,28.789331436157227,2532000
2023-09-06,29.34000015258789,29.350000381469727,28.735000610351562,28.38860321044922,9121400
2023-09-07,28.635000228881836,28.94499969482422,28.584999084472656,28.207780838012695,4535000
2023-09-08,28.860000610351562,29.139999389648438,28.809999465942383,28.290855407714844,4373000
2023-09-11,29.280000686645508,29.354999542236328,29.065000534057617,28.652498245239258,3627000
2023-09-12,29.104999542236328,29.315000534057617,28.90999984741211,28.3299560546875,3241600
2023-09-13,29.0049991607666,29.200000762939453,28.864999771118164,28.398374557495117,3122800
2023-09-14,29.375,29.6299991607666,29.19499969482422,28.867523193359375,4267200
2023-09-15,29.315000534057617,29.354999542236328,28.760000228881836,28.16379737854004,6693400
2023-09-18,28.770000457763672,29.020000457763672,28.709999084472656,28.1980037689209,3887400
2023-09-19,28.719999313354492,28.795000076293945,28.364999771118164,28.080717086791992,4477400
2023-09-20,28.885000228881836,28.934999465942383,28.15999984741211,27.53337287902832,5232600
2023-09-21,27.795000076293945,27.825000762939453,27.219999313354492,26.639049530029297,7340600
2023-09-22,27.354999542236328,27.565000534057617,27.05500030517578,26.497329711914062,5436600
2023-09-25,26.940000534057617,27.34000015258789,26.895000457763672,26.712358474731445,10953400
2023-09-26,26.93000030517578,27.024999618530273,26.415000915527344,25.925546646118164,7357600
2023-09-27,26.665000915527344,26.7450008392334,26.075000762939453,25.945096969604492,10283200
2023-09-28,26.459999084472656,27.045000076293945,26.3799991607666,26.23343276977539,8849600
2023-09-29,27.225000381469727,27.2450008392334,26.5049991607666,26.086816787719727,9313800
2023-10-02,26.575000762939453,26.829999923706055,26.31999969482422,26.07215690612793,7896800
2023-10-03,26.3799991607666,26.579999923706055,25.774999618530273,25.378204345703125,8336600
2023-10-04,26.0,26.415000915527344,25.81999969482422,25.734954833984375,41179200
2023-10-05,26.270000457763672,26.389999389648438,25.875,25.69586181640625,6131000
2023-10-06,25.969999313354492,27.100000381469727,25.799999237060547,26.29207420349121,10589800
2023-10-09,26.65999984741211,27.325000762939453,26.59000015258789,26.6243896484375,14943000
2023-10-10,27.329999923706055,27.860000610351562,27.274999618530273,26.888290405273438,14622000
2023-10-11,27.670000076293945,27.780000686645508,27.344999313354492,27.117977142333984,5409200
2023-10-12,27.815000534057617,27.860000610351562,27.084999084472656,26.78566551208496,7390000
2023-10-13,27.59000015258789,27.739999771118164,26.90999984741211,26.511991500854492,6122600
2023-10-16,27.389999389648438,27.815000534057617,27.3700008392334,27.05933380126953,6716200
2023-10-17,27.260000228881836,27.940000534057617,27.219999313354492,27.049560546875,6864000
2023-10-18,27.43000030517578,27.559999465942383,26.790000915527344,26.33116912841797,8168400
2023-10-19,27.0,27.235000610351562,26.350000381469727,25.83269500732422,14957400
2023-10-20,26.360000610351562,26.44499969482422,25.770000457763672,25.202272415161133,11397800
2023-10-23,25.575000762939453,26.18000030517578,25.364999771118164,25.109420776367188,17433800
2023-10-24,25.950000762939453,26.21500015258789,25.71500015258789,25.480831146240234,7195800
2023-10-25,25.854999542236328,25.854999542236328,25.2549991607666,24.752670288085938,8221200
2023-10-26,25.18000030517578,25.270000457763672,24.575000762939453,24.14668083190918,10979400
2023-10-27,24.875,24.93000030517578,24.295000076293945,23.91210174560547,11951800
2023-10-30,24.795000076293945,25.18000030517578,24.645000457763672,24.48876953125,8019600
2023-10-31,25.110000610351562,25.395000457763672,24.8799991607666,24.7819881439209,5413200
2023-11-01,25.459999084472656,25.989999771118164,25.405000686645508,25.30000877380371,11358400
2023-11-02,26.3700008392334,26.889999389648438,26.364999771118164,26.27252960205078,13213600
2023-11-03,27.165000915527344,27.55500030517578,27.149999618530273,26.736793518066406,7868000
2023-11-06,27.450000762939453,27.53499984741211,27.225000381469727,26.854082107543945,5512600
2023-11-07,27.469999313354492,27.71500015258789,27.334999084472656,26.995807647705078,5258200
2023-11-08,27.700000762939453,27.774999618530273,27.364999771118164,27.034900665283203,3794400
2023-11-09,27.80500030517578,27.80500030517578,27.165000915527344,26.59995460510254,5715200
2023-11-10,27.475000381469727,28.100000381469727,27.290000915527344,27.435630798339844,9242600
2023-11-13,27.885000228881836,28.149999618530273,27.78499984741211,27.37698745727539,5122800
2023-11-14,28.790000915527344,29.2549991607666,28.7549991607666,28.422805786132812,6990800
2023-11-15,29.260000228881836,29.424999237060547,29.094999313354492,28.549869537353516,5426800
2023-11-16,29.139999389648438,29.295000076293945,28.985000610351562,28.598739624023438,4323000
2023-11-17,29.260000228881836,29.40999984741211,29.139999389648438,28.667156219482422,2609600
2023-11-20,29.295000076293945,29.885000228881836,29.290000915527344,29.102100372314453,3355200
2023-11-21,29.6200008392334,29.674999237060547,29.46500015258789,28.960376739501953,2867800
2023-11-22,29.84000015258789,30.024999618530273,29.69499969482422,29.17051887512207,3396600
2023-11-24,29.84000015258789,29.899999618530273,29.799999237060547,29.194957733154297,1709400
2023-11-27,29.78499984741211,29.889999389648438,29.709999084472656,29.092327117919922,3638400
2023-11-28,29.700000762939453,29.989999771118164,29.625,29.13631248474121,3186800
2023-11-29,30.100000381469727,30.25,29.719999313354492,29.10698699951172,21396400
2023-11-30,29.875,30.030000686645508,29.584999084472656,29.307353973388672,5214600
2023-12-01,29.899999618530273,30.405000686645508,29.81999969482422,29.64455795288086,11189800
2023-12-04,29.864999771118164,30.040000915527344,29.700000762939453,29.326902389526367,5375400
2023-12-05,29.809999465942383,30.114999771118164,29.764999389648438,29.317127227783203,4670000
2023-12-06,30.270000457763672,30.280000686645508,29.684999465942383,29.07278060913086,5286800
2023-12-07,30.0,30.264999389648438,29.934999465942383,29.497947692871094,3926600
2023-12-08,30.084999084472656,30.5049991607666,30.045000076293945,29.742300033569336,6300600
2023-12-11,30.364999771118164,30.69499969482422,30.31999969482422,29.97687339782715,5828400
2023-12-12,30.614999771118164,30.954999923706055,30.479999542236328,30.250545501708984,3551800
2023-12-13,30.9950008392334,31.825000762939453,30.934999465942383,31.061790466308594,5526400
2023-12-14,32.05500030517578,32.209999084472656,31.610000610351562,31.267040252685547,6905000
2023-12-15,31.885000228881836,32.040000915527344,31.75,31.144866943359375,5266400
2023-12-18,32.08000183105469,32.349998474121094,32.060001373291016,31.50161361694336,3927800
2023-12-19,32.290000915527344,32.6150016784668,32.290000915527344,31.87303352355957,3969000
2023-12-20,32.42499923706055,32.68000030517578,31.575000762939453,30.92715072631836,9008400
2023-12-21,32.025001525878906,32.25,31.69499969482422,31.534236907958984,6200600
2023-12-22,32.369998931884766,32.57500076293945,32.07500076293945,31.661529541015625,6087200
2023-12-26,32.39500045776367,32.724998474121094,32.380001068115234,31.90631866455078,3475600
2023-12-27,32.56999969482422,32.73500061035156,32.5,32.02382278442383,4238000
2023-12-28,32.7400016784668,32.83000183105469,32.665000915527344,32.02872085571289,3133600
2023-12-29,32.685001373291016,32.755001068115234,32.244998931884766,31.857364654541016,4730400
2024-01-02,32.084999084472656,32.28499984741211,31.854999542236328,31.480384826660156,6798800
2024-01-03,31.844999313354492,31.94499969482422,31.53499984741211,30.956523895263672,8747200
2024-01-04,31.53499984741211,31.885000228881836,31.364999771118164,30.74110984802246,5561600
2024-01-05,31.40999984741211,31.809999465942383,31.270000457763672,30.819442749023438,17652600
2024-01-08,31.530000686645508,32.38999938964844,31.524999618530273,31.6957950592041,6585200
2024-01-09,31.9950008392334,32.404998779296875,31.920000076293945,31.583194732666016,13003400
2024-01-10,32.29999923706055,32.7400016784668,32.2599983215332,31.940595626831055,4516000
2024-01-11,32.744998931884766,32.810001373291016,32.01499938964844,31.896535873413086,6901800
2024-01-12,32.7599983215332,32.875,32.415000915527344,31.921010971069336,7079400
2024-01-16,32.404998779296875,32.59000015258789,32.10499954223633,31.681114196777344,15274400
2024-01-17,31.934999465942383,32.060001373291016,31.665000915527344,31.328611373901367,7157400
2024-01-18,32.20500183105469,32.619998931884766,32.0,31.867156982421875,6173000
2024-01-19,32.70500183105469,33.38999938964844,32.60499954223633,32.6505012512207,13635400
2024-01-22,33.55500030517578,33.72999954223633,33.39500045776367,32.78757858276367,6771600
2024-01-23,33.564998626708984,33.709999084472656,33.400001525878906,32.98830795288086,3602200
2024-01-24,34.06999969482422,34.209999084472656,33.69499969482422,33.032371520996094,12191600
2024-01-25,34.025001525878906,34.130001068115234,33.73500061035156,33.389766693115234,4718400
2024-01-26,34.03499984741211,34.23500061035156,33.880001068115234,33.3016357421875,4670400
2024-01-29,34.040000915527344,34.54499816894531,33.959999084472656,33.81081008911133,5524600
2024-01-30,34.42499923706055,34.56999969482422,34.36000061035156,33.74226760864258,9505200
2024-01-31,34.150001525878906,34.20500183105469,33.34000015258789,32.6505012512207,10327000
2024-02-01,33.55500030517578,34.19499969482422,33.44499969482422,33.4827880859375,7959800
2024-02-02,34.25,35.13999938964844,34.20500183105469,34.1731071472168,8411200
2024-02-05,34.80500030517578,34.8650016784668,34.31999969482422,33.92341232299805,16593600
2024-02-06,34.775001525878906,34.880001068115234,34.564998626708984,34.10456848144531,4287000
2024-02-07,35.15999984741211,35.470001220703125,35.029998779296875,34.66270065307617,5001400
2024-02-08,35.38999938964844,35.47999954223633,35.28499984741211,34.69206619262695,3607800
2024-02-09,35.505001068115234,35.88999938964844,35.44499969482422,35.0886344909668,4590000
2024-02-12,35.82500076293945,36.14500045776367,35.689998626708984,35.03477478027344,4206800
2024-02-13,34.8650016784668,35.04999923706055,34.314998626708984,34.07518768310547,13042800
2024-02-14,35.16999816894531,35.4900016784668,34.834999084472656,34.68226623535156,6200000
2024-02-15,35.5,35.904998779296875,35.43000030517578,35.13758850097656,5811400
2024-02-16,35.845001220703125,35.994998931884766,35.41999816894531,34.78019332885742,10679200
2024-02-20,35.26499938964844,35.35499954223633,34.79499816894531,34.3983154296875,6075400
2024-02-21,34.92499923706055,35.20000076293945,34.65999984741211,34.442378997802734,4900000
2024-02-22,36.119998931884766,36.75,35.98500061035156,35.85728454589844,6803400
2024-02-23,36.86000061035156,36.9900016784668,36.55500030517578,35.901344299316406,4832400
2024-02-26,36.71500015258789,36.779998779296875,36.3650016784668,35.63207244873047,11585600
2024-02-27,36.474998474121094,36.540000915527344,36.20000076293945,35.74468231201172,3226000
2024-02-28,36.275001525878906,36.494998931884766,36.220001220703125,35.63697052001953,2801200
2024-02-29,36.65999984741211,36.8849983215332,36.2599983215332,35.88175582885742,5872800
2024-03-01,36.76499938964844,37.38999938964844,36.71500015258789,36.552494049072266,4968400
2024-03-04,37.209999084472656,37.51499938964844,37.20500183105469,36.4545783996582,7078000
2024-03-05,36.935001373291016,37.0,36.15999984741211,35.7299919128418,5765600
2024-03-06,36.970001220703125,37.185001373291016,36.665000915527344,36.0873908996582,5005000
2024-03-07,37.31999969482422,37.724998474121094,37.189998626708984,36.79728698730469,4511000
2024-03-08,37.65999984741211,38.060001373291016,37.025001525878906,36.35176086425781,9179600
2024-03-11,36.915000915527344,37.119998931884766,36.6349983215332,36.268531799316406,5286400
2024-03-12,37.334999084472656,37.90999984741211,36.970001220703125,37.04207992553711,5351600
2024-03-13,37.86000061035156,37.88999938964844,37.494998931884766,36.929473876953125,3832400
2024-03-14,37.81999969482422,37.849998474121094,37.07500076293945,36.743438720703125,6653800
2024-03-15,37.060001373291016,37.279998779296875,36.79499816894531,36.2342643737793,6918000
2024-03-18,37.599998474121094,37.81999969482422,37.3849983215332,36.67489242553711,4954200
2024-03-19,37.32500076293945,37.88999938964844,37.189998626708984,37.08124542236328,4193800
2024-03-20,37.77000045776367,38.470001220703125,37.65999984741211,37.73294448852539,5864000
2024-03-21,38.869998931884766,38.970001220703125,38.64500045776367,37.95378112792969,4521600
2024-03-22,38.665000915527344,38.7400016784668,38.494998931884766,37.84090805053711,8444400
2024-03-25,38.314998626708984,38.48500061035156,38.290000915527344,37.615177154541016,2787200
2024-03-26,38.52000045776367,38.56999969482422,38.11000061035156,37.44341278076172,3704200
2024-03-27,38.564998626708984,38.790000915527344,38.23500061035156,38.071556091308594,5337600
2024-03-28,38.78499984741211,38.97999954223633,38.720001220703125,38.0421142578125,3953200
2024-04-01,38.8650016784668,38.94499969482422,38.439998626708984,37.90962219238281,5077000
2024-04-02,38.02000045776367,38.1349983215332,37.76499938964844,37.404151916503906,12428800
2024-04-03,37.939998626708984,38.415000915527344,37.935001373291016,37.487579345703125,4633000
2024-04-04,38.775001525878906,38.82500076293945,37.19499969482422,36.535545349121094,10313400
2024-04-05,37.435001373291016,38.29999923706055,37.369998931884766,37.306007385253906,7935000
2024-04-08,38.099998474121094,38.255001068115234,37.92499923706055,37.330543518066406,4520200
2024-04-09,38.310001373291016,38.334999084472656,37.400001525878906,37.4090576171875,7440600
2024-04-10,37.2599983215332,37.650001525878906,37.060001373291016,36.66313934326172,11411600
2024-04-11,37.55500030517578,38.11000061035156,37.03499984741211,37.19804763793945,13145400
2024-04-12,37.35499954223633,37.56999969482422,36.59000015258789,36.14786148071289,9455800
2024-04-15,37.459999084472656,37.474998474121094,35.790000915527344,35.239990234375,12670000
2024-04-16,35.959999084472656,36.19499969482422,35.584999084472656,35.11240005493164,20225800
2024-04-17,36.125,36.14500045776367,35.13999938964844,34.67564392089844,10216800
2024-04-18,35.51499938964844,35.82500076293945,35.040000915527344,34.51369857788086,8174200
2024-04-19,35.15999984741211,35.30500030517578,34.375,33.91499710083008,9296800
2024-04-22,34.91999816894531,35.564998626708984,34.59000015258789,34.51369857788086,7083600
2024-04-23,35.474998474121094,36.07500076293945,35.400001525878906,35.35286331176758,14201400
2024-04-24,36.1349983215332,36.25,35.654998779296875,35.308692932128906,6206000
2024-04-25,35.060001373291016,35.790000915527344,34.83000183105469,34.99953079223633,9008600
2024-04-26,36.08000183105469,36.58000183105469,35.994998931884766,35.6816520690918,12429400
2024-04-29,36.595001220703125,36.70000076293945,36.20500183105469,35.91722106933594,4769400
2024-04-30,36.380001068115234,36.525001525878906,35.435001373291016,34.778709411621094,6417200
2024-05-01,35.34000015258789,36.30500030517578,35.1349983215332,34.54314422607422,8753400
2024-05-02,35.720001220703125,35.95500183105469,35.064998626708984,35.1663818359375,8904800
2024-05-03,36.689998626708984,36.89500045776367,36.34000015258789,36.049713134765625,6367200
2024-05-06,37.08000183105469,37.474998474121094,37.0099983215332,36.78091049194336,4082200
2024-05-07,37.61000061035156,37.755001068115234,37.45500183105469,36.85452651977539,5665400
2024-05-08,37.27000045776367,37.625,37.255001068115234,36.859432220458984,3651800
2024-05-09,37.564998626708984,37.970001220703125,37.459999084472656,37.25202560424805,3503800
2024-05-10,38.20500183105469,38.314998626708984,37.875,37.3599853515625,4993200
2024-05-13,38.30500030517578,38.310001373291016,37.89500045776367,37.3599853515625,3402000
2024-05-14,38.07500076293945,38.470001220703125,38.0,37.67897033691406,3321400
2024-05-15,38.77000045776367,39.3849983215332,38.66999816894531,38.60646057128906,4573400
2024-05-16,39.34000015258789,39.58000183105469,39.13999938964844,38.424896240234375,4376400
2024-05-17,39.16999816894531,39.275001525878906,38.959999084472656,38.547576904296875,10337800
2024-05-20,39.275001525878906,39.56999969482422,39.224998474121094,38.62118911743164,3549200
2024-05-21,39.22999954223633,39.560001373291016,39.20000076293945,38.7978515625,3001400
2024-05-22,39.42499923706055,39.525001525878906,38.970001220703125,38.55739212036133,4341800
2024-05-23,39.7400016784668,39.75,38.51499938964844,37.98323059082031,7803200
2024-05-24,38.974998474121094,39.32500076293945,38.83000183105469,38.488685607910156,4472000
2024-05-28,39.31999969482422,39.349998474121094,38.849998474121094,38.52304458618164,17183000
2024-05-29,38.625,38.875,38.584999084472656,37.97340774536133,6088800
2024-05-30,38.45500183105469,38.54999923706055,37.98500061035156,37.45813751220703,4909800
2024-05-31,38.29999923706055,38.880001068115234,37.53499984741211,38.11572265625,7123800
2024-06-03,39.084999084472656,39.10499954223633,38.13999938964844,38.17461395263672,7263200
2024-06-04,38.70500183105469,39.095001220703125,38.474998474121094,38.24822998046875,4278600
2024-06-05,39.314998626708984,39.90999984741211,39.03499984741211,39.17081832885742,5337200
2024-06-06,39.95000076293945,40.0099983215332,39.595001220703125,39.151187896728516,2979800
2024-06-07,39.72999954223633,40.20500183105469,39.55500030517578,39.028499603271484,4381600
2024-06-10,39.63999938964844,40.064998626708984,39.55500030517578,39.26405715942383,2863000
2024-06-11,39.775001525878906,40.209999084472656,39.46500015258789,39.44071960449219,2989200
2024-06-12,40.900001525878906,41.2599983215332,40.70000076293945,40.09831619262695,6151000
2024-06-13,41.1150016784668,41.1349983215332,40.584999084472656,40.235713958740234,4458400
2024-06-14,40.755001068115234,41.040000915527344,40.599998474121094,40.265167236328125,3521400
2024-06-17,40.92499923706055,41.8849983215332,40.85499954223633,40.898216247558594,3729400
2024-06-18,41.67499923706055,41.900001525878906,41.619998931884766,41.09942626953125,3234200
2024-06-20,42.02000045776367,42.119998931884766,41.369998931884766,40.85896301269531,5518800
2024-06-21,41.5,41.689998626708984,41.290000915527344,40.68229293823242,3923200
2024-06-24,41.474998474121094,41.875,41.209999084472656,40.446739196777344,4758000
2024-06-25,41.415000915527344,41.599998474121094,41.19499969482422,40.78044128417969,3938000
2024-06-26,41.26499938964844,41.654998779296875,41.165000915527344,40.874385833740234,3074000
2024-06-27,41.51499938964844,41.755001068115234,41.404998779296875,40.982601165771484,3221200
2024-06-28,41.7599983215332,42.2400016784668,41.130001068115234,40.62845230102539,5871600
2024-07-01,41.525001525878906,41.560001373291016,41.05500030517578,40.8055305480957,5280400
2024-07-02,41.224998474121094,42.025001525878906,41.21500015258789,41.33674621582031,3340800
2024-07-03,41.970001220703125,42.44499969482422,41.959999084472656,41.68597412109375,2671400
2024-07-05,42.415000915527344,42.91999816894531,42.31999969482422,42.172916412353516,3016000
2024-07-08,42.970001220703125,43.099998474121094,42.779998779296875,42.246700286865234,3397000
2024-07-09,43.08000183105469,43.224998474121094,42.97999954223633,42.32048416137695,3037600
2024-07-10,43.209999084472656,43.91999816894531,43.165000915527344,43.1517448425293,3320200
2024-07-11,43.880001068115234,44.0099983215332,43.0,42.384429931640625,5847800
2024-07-12,43.2599983215332,44.19499969482422,43.20500183105469,42.9008903503418,4651600
2024-07-15,43.935001373291016,44.3650016784668,43.560001373291016,43.13207244873047,6924000
2024-07-16,44.060001373291016,44.40999984741211,43.935001373291016,43.648529052734375,4272200
2024-07-17,43.40999984741211,43.665000915527344,43.060001373291016,42.40409851074219,5298200
2024-07-18,43.349998474121094,43.5,42.099998474121094,41.744998931884766,6713000
2024-07-19,42.375,42.6349983215332,41.689998626708984,41.17443084716797,5996000
2024-07-22,42.459999084472656,42.80500030517578,42.15999984741211,42.02044677734375,5703400
2024-07-23,42.685001373291016,43.02000045776367,42.4900016784668,41.87288284301758,4657200
2024-07-24,41.79999923706055,41.845001220703125,40.48500061035156,39.95458984375,9923400
2024-07-25,40.6349983215332,41.560001373291016,40.05500030517578,39.52666473388672,9078800
2024-07-26,40.755001068115234,41.48500061035156,40.63999938964844,40.38251495361328,18313600
2024-07-29,41.30500030517578,41.45500183105469,40.810001373291016,40.456295013427734,3129600
2024-07-30,41.334999084472656,41.4900016784668,40.15999984741211,40.02345275878906,5617200
2024-07-31,41.720001220703125,42.40999984741211,41.51499938964844,41.2580451965332,6669000
2024-08-01,42.2599983215332,42.61000061035156,40.26499938964844,40.14150619506836,10633600
2024-08-02,39.70000076293945,39.880001068115234,38.619998931884766,38.63146209716797,12113400
2024-08-05,36.125,37.880001068115234,35.915000915527344,36.35902404785156,22889400
2024-08-06,37.220001220703125,38.724998474121094,37.040000915527344,37.03780746459961,9921600
2024-08-07,38.560001373291016,38.994998931884766,37.04499816894531,36.51641845703125,5993000
2024-08-08,37.8849983215332,38.935001373291016,37.595001220703125,38.19861602783203,4703000
2024-08-09,38.70000076293945,39.3849983215332,38.525001525878906,38.523250579833984,3958200
2024-08-12,39.334999084472656,39.55500030517578,38.86000061035156,38.5478401184082,3453400
2024-08-13,39.67499923706055,40.5099983215332,39.63999938964844,39.82670593261719,3965000
2024-08-14,40.599998474121094,40.90999984741211,40.189998626708984,40.07263946533203,3374200
2024-08-15,41.595001220703125,42.15999984741211,41.494998931884766,41.44003677368164,4559800
2024-08-16,41.845001220703125,42.3849983215332,41.81999969482422,41.58268356323242,4740800
2024-08-19,42.334999084472656,43.08000183105469,42.20500183105469,42.37459182739258,3348800
2024-08-20,43.0,43.27000045776367,42.724998474121094,42.23195266723633,3345200
2024-08-21,43.095001220703125,43.45500183105469,42.84000015258789,42.531986236572266,2714000
2024-08-22,43.52000045776367,43.6150016784668,42.345001220703125,41.84336853027344,4427400
2024-08-23,43.029998779296875,43.564998626708984,42.68000030517578,42.69921875,4017000
2024-08-26,43.56999969482422,43.685001373291016,42.94499969482422,42.48772048950195,4035000
2024-08-27,42.9900016784668,43.38999938964844,42.810001373291016,42.605770111083984,5737400
2024-08-28,43.25,43.31999969482422,42.29499816894531,42.108978271484375,3594200
2024-08-29,43.099998474121094,43.60499954223633,42.619998931884766,42.08930206298828,4767400
2024-08-30,43.13999938964844,43.665000915527344,42.584999084472656,42.86646270751953,4112600
2024-09-03,43.07500076293945,43.130001068115234,41.3849983215332,41.10556411743164,11234200
2024-09-04,41.47999954223633,42.119998931884766,41.380001068115234,40.908817291259766,6098400
2024-09-05,41.57500076293945,42.01499938964844,41.0099983215332,40.71207046508789,5145200
2024-09-06,41.41999816894531,41.66999816894531,39.834999084472656,39.33975601196289,8532400
2024-09-09,40.59000015258789,41.04999923706055,40.314998626708984,40.19068908691406,4658600
2024-09-10,41.150001525878906,41.26499938964844,40.40999984741211,40.539913177490234,3921800
2024-09-11,41.189998626708984,42.189998626708984,39.875,41.346580505371094,6438800
2024-09-12,42.1349983215332,42.79499816894531,41.790000915527344,42.05487823486328,4945000
2024-09-13,42.82500076293945,43.33000183105469,42.78499984741211,42.463134765625,4616000
2024-09-16,43.125,43.34000015258789,42.845001220703125,42.59592819213867,2466000
2024-09-17,43.63999938964844,43.86000061035156,42.97999954223633,42.62544631958008,4926000
2024-09-18,43.41999816894531,44.18000030517578,42.974998474121094,42.34507751464844,7338400
2024-09-19,44.529998779296875,44.810001373291016,44.084999084472656,43.791175842285156,5450200
2024-09-20,44.28499984741211,44.5099983215332,43.869998931884766,43.594425201416016,4138800
2024-09-23,44.5099983215332,44.665000915527344,44.314998626708984,43.8206787109375,4071000
2024-09-24,44.68000030517578,44.814998626708984,44.22999954223633,44.071537017822266,3563200
2024-09-25,44.689998626708984,44.80500030517578,44.345001220703125,43.87194061279297,2599000
2024-09-26,45.189998626708984,45.23500061035156,44.48500061035156,44.211997985839844,3992600
2024-09-27,45.01499938964844,45.130001068115234,44.54999923706055,44.059226989746094,3907200
2024-09-30,44.540000915527344,45.14500045776367,44.18000030517578,44.43870544433594,5564200
2024-10-01,44.9900016784668,45.0,43.83000183105469,43.610740661621094,8203600
2024-10-02,44.09000015258789,44.435001373291016,43.709999084472656,43.63045120239258,4015000
2024-10-03,44.040000915527344,44.40999984741211,43.744998931884766,43.46781921386719,4366600
2024-10-04,44.78499984741211,44.94499969482422,44.14500045776367,44.22677993774414,4628600
2024-10-07,44.6150016784668,44.70500183105469,43.880001068115234,43.443180084228516,5161800
2024-10-08,44.45500183105469,44.97999954223633,44.32500076293945,44.2415657043457,3536000
2024-10-09,44.8849983215332,45.59000015258789,44.790000915527344,44.83789825439453,3457600
2024-10-10,45.279998779296875,45.560001373291016,45.08000183105469,44.69004440307617,3696800
2024-10-11,45.29499816894531,45.96500015258789,45.279998779296875,45.177947998046875,4588000
2024-10-14,46.099998474121094,46.744998931884766,46.05500030517578,45.92212677001953,3564800
2024-10-15,46.6349983215332,46.68000030517578,45.68000030517578,45.20259475708008,4199600
2024-10-16,45.86000061035156,46.334999084472656,45.72999954223633,45.58207321166992,2584200
2024-10-17,46.83000183105469,46.849998474121094,46.22999954223633,45.577144622802734,4090800
2024-10-18,46.51499938964844,46.71500015258789,46.279998779296875,45.912269592285156,2812800
2024-10-21,46.46500015258789,46.619998931884766,45.939998626708984,45.769351959228516,3795800
2024-10-22,46.0099983215332,46.54999923706055,45.904998779296875,45.700355529785156,3114200
2024-10-23,46.025001525878906,46.095001220703125,44.94499969482422,44.847755432128906,5148200
2024-10-24,45.81999969482422,45.82500076293945,45.290000915527344,45.035030364990234,3457600
2024-10-25,46.04499816894531,46.505001068115234,45.4900016784668,45.00053024291992,4431000
2024-10-28,46.20000076293945,46.20500183105469,45.875,45.256805419921875,2587200
2024-10-29,45.7599983215332,46.2400016784668,45.53499984741211,45.39479446411133,2648000
2024-10-30,45.98500061035156,46.29999923706055,45.665000915527344,45.108951568603516,2683600
2024-10-31,45.064998626708984,45.08000183105469,43.939998626708984,43.32982635498047,6533400
2024-11-01,44.3650016784668,45.02000045776367,44.2599983215332,43.67973709106445,5421800
2024-11-04,44.33000183105469,44.540000915527344,43.81999969482422,43.492462158203125,4335200
2024-11-05,44.27000045776367,45.18000030517578,44.22999954223633,44.532344818115234,4392200
2024-11-06,47.14500045776367,47.560001373291016,46.540000915527344,46.7402229309082,8275600
2024-11-07,47.744998931884766,48.310001373291016,47.7400016784668,47.454837799072266,4230000
2024-11-08,48.209999084472656,48.76499938964844,48.209999084472656,47.84910202026367,2462200
2024-11-11,48.80500030517578,48.849998474121094,48.34000015258789,47.91809844970703,5364000
2024-11-12,48.599998474121094,48.70000076293945,47.904998779296875,47.6125373840332,4007400
2024-11-13,48.3849983215332,48.685001373291016,48.0,47.66183090209961,3186200
2024-11-14,48.3650016784668,48.439998626708984,47.61000061035156,47.031002044677734,4680000
2024-11-15,47.119998931884766,47.189998626708984,46.17499923706055,45.798919677734375,5830000
2024-11-18,46.54999923706055,47.064998626708984,46.404998779296875,46.183326721191406,3872600
2024-11-19,46.290000915527344,47.29999923706055,46.185001373291016,46.49381637573242,3959200
2024-11-20,47.189998626708984,47.25,46.26499938964844,46.52831268310547,4514800
2024-11-21,47.65999984741211,47.935001373291016,46.71500015258789,47.0063591003418,4790000
2024-11-22,47.67499923706055,48.06999969482422,47.60499954223633,47.27248764038086,3575000
2024-11-25,48.619998931884766,48.82500076293945,47.92499923706055,47.582969665527344,4073200
2024-11-26,48.4900016784668,48.89500045776367,48.3849983215332,48.10044479370117,2794800
2024-11-27,48.75,48.79999923706055,48.22999954223633,47.77024841308594,3924200
2024-11-29,48.58000183105469,49.18000030517578,48.54999923706055,48.33207702636719,1410600
2024-12-02,49.1150016784668,49.33000183105469,49.03499984741211,48.514427185058594,2993400
2024-12-03,49.17499923706055,49.29999923706055,49.005001068115234,48.539066314697266,2455400
2024-12-04,49.529998779296875,49.89500045776367,49.42499923706055,49.13539123535156,3304000
2024-12-05,49.849998474121094,49.9900016784668,49.63999938964844,48.97275924682617,2465000
2024-12-06,49.790000915527344,50.060001373291016,49.72999954223633,49.15018081665039,3296000
2024-12-09,49.82500076293945,49.85499954223633,49.23500061035156,48.62285232543945,4204800
2024-12-10,49.43000030517578,49.48500061035156,48.915000915527344,48.33207702636719,2352200
2024-12-11,49.5,49.92499923706055,49.45000076293945,49.056541442871094,2177600
2024-12-12,49.6150016784668,49.709999084472656,49.244998931884766,48.539066314697266,2461000
2024-12-13,49.55500030517578,49.68000030517578,48.97999954223633,48.50457000732422,2557200
2024-12-16,49.48500061035156,49.775001525878906,49.36000061035156,48.89883041381836,2967400
2024-12-17,49.18000030517578,49.34000015258789,48.970001220703125,48.47500228881836,3015200
2024-12-18,49.13999938964844,49.53499984741211,46.17499923706055,45.680641174316406,8320800
2024-12-19,47.04999923706055,47.30500030517578,46.17499923706055,45.55250549316406,7121800
2024-12-20,45.81999969482422,48.02000045776367,45.685001373291016,46.58745193481445,8556400
2024-12-23,47.119998931884766,47.83000183105469,46.6150016784668,47.17791748046875,3973600
2024-12-24,47.93000030517578,48.77000045776367,47.84000015258789,48.176025390625,2264200
2024-12-26,48.470001220703125,48.959999084472656,48.244998931884766,48.1859130859375,3175800
2024-12-27,48.11000061035156,48.15999984741211,47.03499984741211,47.15814971923828,5103600
2024-12-30,46.57500076293945,47.18000030517578,46.02000045776367,46.07110595703125,4737800
2024-12-31,46.875,46.97999954223633,46.0099983215332,45.71039962768555,4029000
2025-01-02,46.779998779296875,47.04999923706055,45.369998931884766,45.46828842163086,6692000
2025-01-03,46.46500015258789,47.255001068115234,46.29499816894531,46.58498001098633,4027800
2025-01-06,47.81999969482422,48.3849983215332,47.415000915527344,47.13838577270508,4083000
2025-01-07,48.02000045776367,48.05500030517578,46.310001373291016,46.07604217529297,4533000
2025-01-08,46.6150016784668,46.89500045776367,46.040000915527344,46.160037994384766,4622600
2025-01-10,46.130001068115234,46.14500045776367,44.970001220703125,44.74687576293945,9081800
2025-01-13,44.529998779296875,45.46500015258789,44.470001220703125,44.885231018066406,3920800
2025-01-14,45.869998931884766,45.959999084472656,44.935001373291016,44.99394226074219,5705400
2025-01-15,46.79999923706055,47.36000061035156,46.6150016784668,46.619564056396484,4624600
2025-01-16,47.38999938964844,47.41999816894531,46.875,46.44168472290039,2693800
2025-01-17,47.810001373291016,48.185001373291016,47.59000015258789,47.326148986816406,3728400
2025-01-21,48.38999938964844,48.76499938964844,48.06999969482422,48.1859130859375,7236400
2025-01-22,49.224998474121094,49.529998779296875,49.150001525878906,48.70966720581055,3153800
2025-01-23,49.185001373291016,49.834999084472656,49.150001525878906,49.24824905395508,2630400
2025-01-24,49.83000183105469,49.98500061035156,49.345001220703125,48.941898345947266,4584400
2025-01-27,47.369998931884766,48.154998779296875,47.349998474121094,47.553443908691406,7305600
2025-01-28,48.30500030517578,49.064998626708984,47.775001525878906,48.35390090942383,4713000
2025-01-29,48.79999923706055,48.86000061035156,48.06999969482422,47.91908645629883,4072800
2025-01-30,48.83000183105469,49.244998931884766,48.310001373291016,48.41320037841797,6317200
2025-01-31,49.375,49.77000045776367,48.32500076293945,47.87461471557617,4699200
2025-02-03,46.96500015258789,48.189998626708984,46.625,47.22238540649414,7280000
2025-02-04,47.79499816894531,48.5,47.71500015258789,47.85485076904297,3254400
2025-02-05,48.23500061035156,48.834999084472656,47.90999984741211,48.230377197265625,2604000
2025-02-06,49.084999084472656,49.15999984741211,48.54499816894531,48.56142807006836,3444600
2025-02-07,49.209999084472656,49.415000915527344,48.11000061035156,47.65226364135742,4510600
2025-02-10,48.73500061035156,48.970001220703125,48.525001525878906,48.28472900390625,2016800
2025-02-11,48.48500061035156,49.02000045776367,48.470001220703125,48.33908462524414,1837400
2025-02-12,47.935001373291016,48.80500030517578,47.834999084472656,48.0426139831543,4392600
2025-02-13,48.78499984741211,49.665000915527344,48.58000183105469,49.04566192626953,7450600
2025-02-14,49.6349983215332,49.79999923706055,49.4900016784668,49.01601791381836,3615600
2025-02-18,49.775001525878906,49.8650016784668,49.3650016784668,49.27295684814453,3293600
2025-02-19,49.63999938964844,50.14500045776367,49.55500030517578,49.515071868896484,8643800
2025-02-20,49.869998931884766,49.880001068115234,49.130001068115234,49.09507751464844,3851000
2025-02-21,49.619998931884766,49.625,47.869998931884766,47.395328521728516,5301800
2025-02-24,48.26499938964844,48.43000030517578,47.38999938964844,46.94568634033203,11625000
2025-02-25,47.48500061035156,47.599998474121094,46.28499984741211,46.471336364746094,5163000
2025-02-26,47.29499816894531,47.86000061035156,46.64500045776367,46.4911003112793,4521400
2025-02-27,47.42499923706055,47.60499954223633,45.4900016784668,45.01864242553711,5008000
2025-02-28,45.61000061035156,47.03499984741211,45.125,46.38239669799805,4871600
2025-03-03,47.2599983215332,47.435001373291016,44.685001373291016,44.791351318359375,10618400
2025-03-04,44.665000915527344,45.525001525878906,43.494998931884766,43.694419860839844,6871200
2025-03-05,44.17499923706055,45.43000030517578,43.625,44.63323211669922,19684600
2025-03-06,43.974998474121094,44.70500183105469,43.13999938964844,43.057010650634766,6614000
2025-03-07,43.255001068115234,44.224998474121094,42.45000076293945,43.47700881958008,7943200
2025-03-10,42.72999954223633,43.02000045776367,40.88999938964844,41.179378509521484,7437200
2025-03-11,41.459999084472656,41.97999954223633,40.369998931884766,40.49750900268555,8951600
2025-03-12,41.869998931884766,42.0099983215332,40.619998931884766,40.902679443359375,6622400
2025-03-13,41.31999969482422,41.39500045776367,40.0099983215332,39.81069564819336,5627400
2025-03-14,40.93000030517578,42.060001373291016,40.86000061035156,41.41655731201172,5987200
2025-03-17,41.88999938964844,42.939998626708984,41.845001220703125,42.039146423339844,12023800
2025-03-18,42.20000076293945,42.22999954223633,41.34000015258789,41.14973449707031,4037400
2025-03-19,41.88999938964844,43.09000015258789,41.720001220703125,42.01443862915039,4943000
2025-03-20,41.939998626708984,43.025001525878906,41.84000015258789,41.80691146850586,5075600
2025-03-21,41.56999969482422,42.404998779296875,41.38999938964844,41.79702377319336,5570200
2025-03-24,43.30500030517578,43.94499969482422,43.209999084472656,43.26948547363281,5829400
2025-03-25,43.96500015258789,44.1349983215332,43.724998474121094,43.457244873046875,3258400
2025-03-26,43.869998931884766,44.01499938964844,42.64500045776367,42.450321197509766,4626600
2025-03-27,42.6349983215332,43.189998626708984,42.29999923706055,42.18794631958008,5754400
2025-03-28,42.35499954223633,42.470001220703125,40.79499816894531,40.49488067626953,5756200
2025-03-31,40.005001068115234,41.61000061035156,39.57500076293945,40.98002624511719,10132600
2025-04-01,41.119998931884766,41.935001373291016,40.56999969482422,41.242401123046875,6908800
2025-04-02,40.755001068115234,42.595001220703125,40.72999954223633,41.75230407714844,9364000
2025-04-03,39.27000045776367,39.689998626708984,38.040000915527344,37.77212142944336,10010600
2025-04-04,36.1349983215332,36.439998626708984,33.505001068115234,33.25233459472656,16705800
2025-04-07,31.389999389648438,35.89500045776367,30.420000076293945,33.11867141723633,23717400
2025-04-08,35.724998474121094,36.125,31.389999389648438,32.079078674316406,16782800
2025-04-09,31.950000762939453,38.834999084472656,31.899999618530273,38.09389877319336,32769200
2025-04-10,36.834999084472656,37.02000045776367,33.650001525878906,35.425594329833984,16187400
2025-04-11,35.53499984741211,37.36000061035156,35.130001068115234,36.63846206665039,8526800
2025-04-14,38.41999816894531,38.45000076293945,37.005001068115234,37.3513298034668,6363200
2025-04-15,37.80500030517578,38.290000915527344,37.415000915527344,37.163211822509766,5567200
2025-04-16,36.685001373291016,37.150001525878906,35.099998474121094,35.49985122680664,6858200
2025-04-17,36.08000183105469,36.57500076293945,35.58000183105469,35.56916046142578,5706200
2025-04-21,35.189998626708984,35.2599983215332,33.470001220703125,33.881046295166016,7094800
2025-04-22,35.03499984741211,36.25,34.904998779296875,35.59391403198242,8033600
2025-04-23,37.76499938964844,38.44499969482422,36.880001068115234,36.71766662597656,7827400
2025-04-24,37.25,38.7400016784668,37.084999084472656,38.24241256713867,5204600
2025-04-25,38.6349983215332,39.2400016784668,38.209999084472656,38.777069091796875,5776800
2025-04-28,39.290000915527344,39.584999084472656,38.380001068115234,38.82657241821289,4271200
2025-04-29,38.935001373291016,39.849998474121094,38.8849983215332,39.282012939453125,3080800
2025-04-30,38.71500015258789,39.994998931884766,37.849998474121094,39.29191970825195,5554000
2025-05-01,40.54999923706055,41.084999084472656,40.189998626708984,39.871124267578125,6503000
2025-05-02,41.16999816894531,41.685001373291016,40.814998626708984,41.014678955078125,4206400
2025-05-05,40.834999084472656,41.43000030517578,40.709999084472656,40.56913375854492,3008200
2025-05-06,40.15999984741211,40.939998626708984,40.01499938964844,39.88597106933594,3120400
2025-05-07,40.470001220703125,41.0,39.88999938964844,40.227561950683594,9438200
2025-05-08,41.20500183105469,41.93000030517578,40.70000076293945,40.75230407714844,4994800
2025-05-09,41.3650016784668,41.51499938964844,40.82500076293945,40.63844299316406,3393000
2025-05-12,43.540000915527344,43.75,42.89500045776367,43.30180358886719,5250600
2025-05-13,43.82500076293945,44.665000915527344,43.72999954223633,43.89091110229492,4961600
2025-05-14,44.474998474121094,44.64500045776367,44.125,43.980010986328125,4606400
2025-05-15,44.1150016784668,44.935001373291016,44.04999923706055,44.40575408935547,3401400
2025-05-16,44.959999084472656,45.45000076293945,44.66999816894531,44.955257415771484,3484600
2025-05-19,44.474998474121094,45.60499954223633,44.470001220703125,45.064170837402344,4438200
2025-05-20,45.224998474121094,45.369998931884766,44.69499969482422,44.727535247802734,3760600
2025-05-21,44.5,45.130001068115234,43.494998931884766,43.23249816894531,7427400
2025-05-22,43.61000061035156,44.20500183105469,43.42499923706055,43.23744201660156,5442400
2025-05-23,42.584999084472656,43.45500183105469,42.529998779296875,42.638431549072266,6035600
2025-05-27,44.084999084472656,44.86000061035156,43.83000183105469,44.390907287597656,4917200
2025-05-28,44.900001525878906,45.08000183105469,44.209999084472656,43.87605285644531,4353800
2025-05-29,45.11000061035156,45.130001068115234,44.05500030517578,44.202789306640625,4123800
2025-05-30,44.46500015258789,44.78499984741211,43.599998474121094,44.0938720703125,5676200
2025-06-02,44.279998779296875,45.040000915527344,43.880001068115234,44.57406997680664,3426200
2025-06-03,44.970001220703125,45.685001373291016,44.88999938964844,45.093868255615234,4417400
2025-06-04,45.665000915527344,45.810001373291016,45.44499969482422,45.04931640625,2083600
2025-06-05,45.76499938964844,45.96500015258789,44.744998931884766,44.58396911621094,4536400
2025-06-06,45.880001068115234,46.220001220703125,45.625,45.49486541748047,3101400
2025-06-09,46.040000915527344,46.275001525878906,45.8650016784668,45.56416702270508,3535000
2025-06-10,46.1150016784668,46.60499954223633,45.95000076293945,46.08891677856445,3618600
2025-06-11,46.709999084472656,46.849998474121094,45.96500015258789,45.826541900634766,4546800
2025-06-12,46.060001373291016,46.630001068115234,45.9900016784668,46.163177490234375,3678000
2025-06-13,45.80500030517578,46.31999969482422,45.345001220703125,45.118621826171875,7470800
2025-06-16,46.099998474121094,46.70500183105469,46.07500076293945,45.98000717163086,4284800
2025-06-17,46.04999923706055,46.279998779296875,45.52000045776367,45.18792724609375,3511000
2025-06-18,45.755001068115234,46.185001373291016,45.46500015258789,45.15822982788086,4436200
2025-06-20,45.994998931884766,46.165000915527344,45.154998779296875,44.910701751708984,4256200
2025-06-23,45.47999954223633,46.310001373291016,44.98500061035156,45.79188919067383,5676000
2025-06-24,46.89500045776367,47.435001373291016,46.755001068115234,46.80178451538086,4383800
2025-06-25,47.334999084472656,47.41999816894531,46.97999954223633,46.8538818359375,3109200
2025-06-26,47.5,48.0099983215332,47.40999984741211,47.58814239501953,2845000
2025-06-27,48.084999084472656,48.630001068115234,47.76499938964844,47.994964599609375,3852400
2025-06-30,48.779998779296875,49.064998626708984,48.41999816894531,48.48116683959961,4607800
2025-07-01,48.61000061035156,49.0,48.474998474121094,48.41666793823242,4896200
2025-07-02,48.7400016784668,49.244998931884766,48.650001525878906,48.85325622558594,2923000
2025-07-03,49.540000915527344,50.130001068115234,49.540000915527344,49.582557678222656,3015400
2025-07-07,49.665000915527344,49.76499938964844,48.790000915527344,48.87310028076172,3941200
2025-07-08,49.345001220703125,49.45500183105469,49.04999923706055,48.788761138916016,2868400
2025-07-09,49.54999923706055,49.8650016784668,49.2599983215332,49.36426544189453,3723800
2025-07-10,49.775001525878906,50.20000076293945,49.584999084472656,49.64705276489258,2116200
2025-07-11,49.52000045776367,49.849998474121094,49.33000183105469,49.26008224487305,2447600
2025-07-14,49.564998626708984,49.88999938964844,49.35499954223633,49.433719635009766,3272600
2025-07-15,50.2599983215332,50.30500030517578,49.380001068115234,48.997135162353516,5094800
2025-07-16,49.654998779296875,49.80500030517578,48.7400016784668,49.32953643798828,4619800
2025-07-17,49.7400016784668,50.380001068115234,49.724998474121094,49.93976974487305,2258200
2025-07-18,50.5,50.5099983215332,50.04999923706055,49.84054183959961,2863200
2025-07-21,50.40999984741211,50.85499954223633,50.334999084472656,50.01914596557617,2505400
2025-07-22,50.45000076293945,50.540000915527344,49.98500061035156,50.02906799316406,5568200
2025-07-23,50.845001220703125,51.26499938964844,50.54999923706055,50.86751937866211,3374000
2025-07-24,51.31999969482422,51.564998626708984,51.220001220703125,50.91217041015625,2293400
2025-07-25,51.3849983215332,51.78499984741211,51.34000015258789,51.294185638427734,8142600
2025-07-28,51.7599983215332,51.845001220703125,51.45000076293945,51.2644157409668,3046600
2025-07-29,51.89500045776367,51.935001373291016,51.2400016784668,50.98162841796875,3526000
2025-07-30,51.494998931884766,51.76499938964844,50.779998779296875,50.86751937866211,8596000
2025-07-31,52.04499816894531,52.11000061035156,50.64500045776367,50.4458122253418,4233000
2025-08-01,49.900001525878906,49.904998779296875,48.78499984741211,48.77387619018555,8160000
2025-08-04,49.78499984741211,50.650001525878906,49.775001525878906,50.242401123046875,5055200
2025-08-05,50.75,50.875,49.98500061035156,49.75123977661133,3340600
2025-08-06,50.290000915527344,51.0,50.154998779296875,50.48054122924805,3231200
2025-08-07,51.435001373291016,51.54999923706055,50.29499816894531,50.41108322143555,10660800
2025-08-08,51.07500076293945,51.63999938964844,51.029998779296875,51.15030288696289,2667400
2025-08-11,51.61000061035156,51.84000015258789,51.14500045776367,50.941932678222656,2599400
2025-08-12,51.724998474121094,52.459999084472656,51.4900016784668,52.02348327636719,2954400
2025-08-13,52.79499816894531,52.994998931884766,52.435001373291016,52.38069534301758,3049800
2025-08-14,52.439998626708984,52.89500045776367,52.369998931884766,52.38069534301758,5431000
2025-08-15,52.94499969482422,52.95000076293945,52.3650016784668,52.12270736694336,2626000
2025-08-18,52.41999816894531,52.584999084472656,52.30500030517578,52.078060150146484,3574400
2025-08-19,52.45000076293945,52.60499954223633,51.70000076293945,51.49263000488281,4963800
2025-08-20,51.82500076293945,51.8650016784668,50.78499984741211,51.214805603027344,10906400
2025-08-21,51.30500030517578,51.59000015258789,50.91999816894531,50.80302047729492,3669200
2025-08-22,51.529998779296875,52.939998626708984,51.45000076293945,52.32611846923828,6818200
2025-08-25,52.525001525878906,52.73500061035156,52.26499938964844,51.86968994140625,3091200
2025-08-26,52.220001220703125,52.7599983215332,52.125,52.28643035888672,2851600
2025-08-27,52.595001220703125,53.05500030517578,52.58000183105469,52.524574279785156,2783000
2025-08-28,53.03499984741211,53.38999938964844,52.720001220703125,52.87681579589844,2971400
2025-08-29,53.040000915527344,53.084999084472656,52.33000183105469,52.23185729980469,3477000
2025-09-02,51.38999938964844,51.869998931884766,50.970001220703125,51.443023681640625,5790800
2025-09-03,52.224998474121094,52.474998474121094,51.869998931884766,51.96890640258789,3694200
2025-09-04,52.505001068115234,53.26499938964844,52.34000015258789,52.827205657958984,2940000
2025-09-05,53.625,53.75,52.29999923706055,52.51960754394531,4443200
2025-09-08,53.15999984741211,53.349998474121094,52.939998626708984,52.767669677734375,3581000
2025-09-09,53.20000076293945,53.505001068115234,52.90999984741211,53.010772705078125,3173600
2025-09-10,53.96500015258789,54.099998474121094,53.459999084472656,53.31340408325195,3313200
2025-09-11,54.04499816894531,54.70500183105469,53.95000076293945,54.176658630371094,2927400
2025-09-12,54.584999084472656,54.83000183105469,54.470001220703125,54.112159729003906,5111200
2025-09-15,54.90999984741211,55.14500045776367,54.86000061035156,54.68766784667969,2478600
2025-09-16,55.19499969482422,55.255001068115234,54.83000183105469,54.523948669433594,2096600
2025-09-17,54.95500183105469,55.244998931884766,53.9900016784668,54.38502883911133,4051200
2025-09-18,55.25,55.755001068115234,54.994998931884766,54.9010009765625,2653600
2025-09-19,55.6150016784668,55.98500061035156,55.29499816894531,55.39216613769531,2456800
2025-09-22,55.564998626708984,56.43000030517578,55.564998626708984,55.918052673339844,2185800
2025-09-23,56.32500076293945,56.439998626708984,55.540000915527344,55.32766342163086,3591600
2025-09-24,55.84000015258789,55.85499954223633,55.04499816894531,54.9340705871582,3244200
2025-09-25,54.744998931884766,54.9900016784668,54.15999984741211,54.422203063964844,5159400
2025-09-26,54.98500061035156,55.45500183105469,54.72999954223633,55.0185546875,3839200
2025-09-29,55.790000915527344,55.91999816894531,55.3650016784668,55.32170104980469,3190600
2025-09-30,55.529998779296875,56.154998779296875,55.314998626708984,55.7242431640625,3556600
2025-10-01,55.564998626708984,56.6150016784668,55.54999923706055,56.11684036254883,4304800
2025-10-02,56.779998779296875,56.79499816894531,56.165000915527344,56.21623229980469,2896400
2025-10-03,56.68000030517578,57.130001068115234,56.380001068115234,56.20132064819336,3601000
2025-10-06,56.939998626708984,57.084999084472656,56.584999084472656,56.58895492553711,2823600
2025-10-07,57.099998474121094,57.16999816894531,56.27000045776367,56.17150115966797,3913600
2025-10-08,56.689998626708984,57.189998626708984,56.564998626708984,56.82252502441406,2768400
2025-10-09,57.2400016784668,57.30500030517578,56.5099983215332,56.489559173583984,4103200
2025-10-10,56.97999954223633,57.275001525878906,53.70000076293945,53.418338775634766,9195200
2025-10-13,54.97999954223633,55.6349983215332,54.845001220703125,55.03843307495117,5010400
2025-10-14,54.38999938964844,55.83000183105469,53.72999954223633,54.89928436279297,5524600
2025-10-15,55.97999954223633,56.55500030517578,54.67499923706055,55.3614616394043,12724600
2025-10-16,55.98500061035156,56.29499816894531,54.3650016784668,54.62098693847656,8218800
2025-10-17,54.72999954223633,55.76499938964844,54.5099983215332,55.19746017456055,7309600
2025-10-20,56.029998779296875,56.845001220703125,56.025001525878906,56.35041046142578,9536200
2025-10-21,56.71500015258789,56.970001220703125,56.48500061035156,56.3255615234375,3892600
2025-10-22,56.79499816894531,56.79499816894531,55.334999084472656,55.754058837890625,6843400
2025-10-23,56.125,56.900001525878906,56.08000183105469,56.365318298339844,3618600
2025-10-24,57.51499938964844,57.849998474121094,57.3849983215332,57.2697868347168,4459600
2025-10-27,58.584999084472656,59.04499816894531,58.470001220703125,58.62649154663086,4691800
2025-10-28,59.29499816894531,59.619998931884766,58.91999816894531,58.92964172363281,4437800
2025-10-29,59.56999969482422,59.744998931884766,58.564998626708984,58.96442794799805,8832400
2025-10-30,58.7400016784668,59.09000015258789,58.040000915527344,57.697174072265625,6866200
2025-10-31,58.900001525878906,58.904998779296875,57.915000915527344,58.02517318725586,9027200
2025-11-03,59.005001068115234,59.02000045776367,58.029998779296875,58.25874328613281,4125200
2025-11-04,57.345001220703125,58.0,57.084999084472656,56.88216018676758,5679800
2025-11-05,57.150001525878906,58.14500045776367,57.005001068115234,57.21512222290039,4305400
2025-11-06,57.38999938964844,57.54499816894531,56.06999969482422,55.977691650390625,7609600
2025-11-07,55.91999816894531,56.44499969482422,54.790000915527344,56.072113037109375,10488000
2025-11-10,57.474998474121094,58.29499816894531,57.095001220703125,57.8065071105957,5290600
2025-11-11,57.90999984741211,58.53499984741211,57.720001220703125,58.06989669799805,3299400
2025-11-12,58.75,58.7599983215332,58.08000183105469,58.12953186035156,3320200
2025-11-13,57.9900016784668,58.04999923706055,56.28499984741211,56.20132064819336,6733200
2025-11-14,55.39500045776367,57.125,55.040000915527344,56.15162658691406,9934000
2025-11-17,56.1150016784668,56.790000915527344,54.849998474121094,55.09807205200195,14279000
2025-11-18,54.810001373291016,55.33000183105469,53.79999923706055,54.17372512817383,15860000
2025-11-19,54.599998474121094,55.689998626708984,54.26499938964844,54.56135177612305,7387800
2025-11-20,56.599998474121094,57.040000915527344,53.119998931884766,52.886592864990234,5442400
2025-11-21,53.58000183105469,55.15999984741211,52.91999816894531,53.93021011352539,6211600
2025-11-24,54.86000061035156,56.08000183105469,54.68000030517578,55.52048873901367,3680000
2025-11-25,55.83000183105469,57.099998474121094,55.130001068115234,56.554168701171875,6729500
2025-11-26,57.33000183105469,58.0,57.16999816894531,57.29961013793945,3081300
2025-11-28,57.849998474121094,58.310001373291016,57.790000915527344,57.9058952331543,1850700
2025-12-01,57.47999954223633,58.189998626708984,57.470001220703125,57.379119873046875,3077500
2025-12-02,57.9900016784668,58.31999969482422,57.560001373291016,57.577903747558594,2328000
2025-12-03,57.77000045776367,58.4900016784668,57.61000061035156,57.955596923828125,2359000
2025-12-04,58.54999923706055,58.58000183105469,57.88999938964844,58.054988861083984,2570100
2025-12-05,58.560001373291016,59.060001373291016,58.400001525878906,58.22395706176758,2342300
2025-12-08,58.7400016784668,58.75,57.880001068115234,57.87608337402344,2219700
2025-12-09,58.150001525878906,58.52000045776367,58.04999923706055,57.78662872314453,2390100
2025-12-10,58.029998779296875,59.119998931884766,57.83000183105469,58.51219177246094,2710400
2025-12-11,58.459999084472656,59.15999984741211,57.959999084472656,58.79049301147461,2818400
2025-12-12,58.97999954223633,59.08000183105469,57.40999984741211,57.48845291137695,3545300
2025-12-15,58.52000045776367,58.52000045776367,57.41999816894531,57.31948471069336,3109300
2025-12-16,57.40999984741211,57.720001220703125,56.689998626708984,56.99148941040039,3512700
2025-12-17,57.5,57.59000015258789,56.040000915527344,55.719268798828125,3976300
2025-12-18,57.08000183105469,57.61000061035156,56.63999938964844,56.554168701171875,3251300
2025-12-19,57.2599983215332,57.9900016784668,57.22999954223633,57.55802536010742,2546400
2025-12-22,58.47999954223633,58.72999954223633,58.27000045776367,58.273651123046875,5741200
2025-12-23,58.459999084472656,59.189998626708984,58.45000076293945,58.77061080932617,2262600
2025-12-24,59.02000045776367,59.5099983215332,59.0,59.17493438720703,1460800
2025-12-26,59.45000076293945,59.619998931884766,59.209999084472656,59.135101318359375,1758800
2025-12-29,58.900001525878906,59.20000076293945,58.650001525878906,58.716835021972656,3097700
2025-12-30,58.88999938964844,59.08000183105469,58.7400016784668,58.557491302490234,1709700
2025-12-31,58.83000183105469,58.849998474121094,57.880001068115234,57.68111801147461,2623000
2026-01-02,58.540000915527344,58.7400016784668,57.540000915527344,57.86037826538086,5051200
2026-01-05,58.66999816894531,59.16999816894531,58.650001525878906,58.63716506958008,3408800
2026-01-06,58.88999938964844,59.650001525878906,58.869998931884766,59.324317932128906,7080800
2026-01-07,59.619998931884766,59.93000030517578,59.119998931884766,58.93592834472656,2058800
2026-01-08,59.040000915527344,59.33000183105469,58.79999923706055,58.886131286621094,2593900
2026-01-09,59.310001373291016,60.119998931884766,59.08000183105469,59.652957916259766,7065700
2026-01-12,59.310001373291016,60.2400016784668,59.310001373291016,59.83221435546875,2469300
2026-01-13,60.15999984741211,60.22999954223633,59.41999816894531,59.57328796386719,2606800
2026-01-14,59.349998474121094,59.470001220703125,58.52000045776367,59.015594482421875,4292500
2026-01-15,59.959999084472656,60.099998474121094,59.380001068115234,59.2944450378418,3008100
2026-01-16,59.779998779296875,59.869998931884766,59.15999984741211,59.17493438720703,2437000
2026-01-20,57.66999816894531,58.220001220703125,56.81999969482422,56.75495910644531,7592200
2026-01-21,57.31999969482422,58.86000061035156,57.08000183105469,58.039634704589844,5194800
2026-01-22,59.040000915527344,59.2599983215332,58.560001373291016,58.63716506958008,3088800
2026-01-23,58.7400016784668,59.209999084472656,58.560001373291016,58.657081604003906,3182700
2026-01-26,59.119998931884766,59.7400016784668,59.040000915527344,59.264564514160156,2695600
2026-01-27,59.75,60.150001525878906,59.650001525878906,59.74258804321289,1899500
2026-01-28,60.2400016784668,60.369998931884766,59.70000076293945,59.70275115966797,2895500
2026-01-29,60.099998474121094,60.209999084472656,58.119998931884766,59.43386459350586,3578200
2026-01-30,59.290000915527344,59.709999084472656,58.4900016784668,59.045475006103516,9207800
2026-02-02,58.900001525878906,60.15999984741211,58.869998931884766,59.66291427612305,4491100
2026-02-03,60.04999923706055,60.16999816894531,57.939998626708984,58.62720489501953,4662200
2026-02-04,58.9900016784668,59.20000076293945,57.540000915527344,58.039634704589844,6937100
2026-02-05,57.380001068115234,57.84000015258789,56.529998779296875,56.57570266723633,6982300
2026-02-06,57.439998626708984,59.279998779296875,57.36000061035156,58.766624450683594,6016000
2026-02-09,58.779998779296875,59.880001068115234,58.59000015258789,59.284481048583984,7456300
2026-02-10,59.720001220703125,59.97999954223633,59.119998931884766,58.97576141357422,3159900
2026-02-11,59.95000076293945,60.06999969482422,58.709999084472656,58.94588088989258,3942500
2026-02-12,59.58000183105469,59.7599983215332,57.20000076293945,57.12343215942383,5226700
2026-02-13,57.38999938964844,58.15999984741211,56.689998626708984,57.13338851928711,5821200
2026-02-17,57.099998474121094,57.90999984741211,56.380001068115234,57.312644958496094,11188600
2026-02-18,57.77000045776367,58.630001068115234,57.56999969482422,57.890254974365234,2884700
2026-02-19,57.720001220703125,58.11000061035156,57.34000015258789,57.58153533935547,2769200
2026-02-20,57.41999816894531,58.72999954223633,57.349998474121094,58.39815139770508,4356100
2026-02-23,58.349998474121094,58.70000076293945,57.09000015258789,57.19314193725586,5528600
2026-02-24,57.33000183105469,58.40999984741211,57.02000045776367,58.02967834472656,2422800
2026-02-25,58.720001220703125,59.31999969482422,58.720001220703125,58.97576141357422,2257500
2026-02-26,59.27000045776367,59.27000045776367,57.72999954223633,58.318485260009766,3623000
2026-02-27,57.47999954223633,58.11000061035156,57.2400016784668,57.770748138427734,3764600
2026-03-02,56.720001220703125,58.40999984741211,56.619998931884766,57.79066848754883,4687600
2026-03-03,56.119998931884766,57.38999938964844,55.20000076293945,56.764915466308594,6507400
2026-03-04,57.220001220703125,58.130001068115234,56.880001068115234,57.57157897949219,4768300
2026-03-05,57.2599983215332,57.86000061035156,56.189998626708984,56.924259185791016,6349000
2026-03-06,55.79999923706055,56.25,55.18000030517578,55.39060592651367,5087200
2026-03-09,54.619998931884766,56.86000061035156,53.959999084472656,56.3665657043457,7107200
2026-03-10,56.4900016784668,57.43000030517578,56.0,56.137516021728516,5858900
2026-03-11,56.470001220703125,56.869998931884766,55.75,56.01801300048828,3132800
2026-03-12,55.36000061035156,55.459999084472656,54.5,54.28518295288086,4561100
2026-03-13,55.029998779296875,55.529998779296875,53.7400016784668,53.65778732299805,3980000
2026-03-16,54.849998474121094,55.459999084472656,54.66999816894531,54.72337341308594,3009600
2026-03-17,55.5099983215332,55.849998474121094,55.130001068115234,55.02213668823242,1877000
2026-03-18,54.849998474121094,55.060001373291016,53.68000030517578,53.50840377807617,4096800
2026-03-19,52.959999084472656,53.91999816894531,52.68000030517578,53.19968032836914,4910400
2026-03-20,53.16999816894531,53.189998626708984,51.2599983215332,51.646114349365234,5682000
2026-03-23,53.36000061035156,54.11000061035156,52.72999954223633,52.7415771484375,20106000
2026-03-24,52.310001373291016,53.209999084472656,52.060001373291016,52.373104095458984,4952300
2026-03-25,53.34000015258789,53.70000076293945,52.63999938964844,52.93600082397461,3281900
2026-03-26,52.2599983215332,52.720001220703125,51.11000061035156,51.05968475341797,4281200
2026-03-27,50.72999954223633,50.75,49.2400016784668,49.28317642211914,5417800
2026-03-30,50.29999923706055,50.349998474121094,48.630001068115234,48.963802337646484,6903900
2026-03-31,50.119998931884766,52.06999969482422,49.97999954223633,51.77827453613281,8139500
2026-04-01,52.45000076293945,53.189998626708984,52.310001373291016,52.5467643737793,5837500
2026-04-02,51.220001220703125,53.060001373291016,51.0099983215332,52.63658905029297,4570400
2026-04-06,52.720001220703125,53.34000015258789,52.66999816894531,53.11564636230469,3188100
2026-04-07,52.849998474121094,53.310001373291016,51.939998626708984,53.14558792114258,5841400
2026-04-08,56.02000045776367,56.13999938964844,55.22999954223633,55.8303108215332,4265200
2026-04-09,55.779998779296875,56.810001373291016,55.59000015258789,56.47903823852539,3048700
2026-04-10,56.79999923706055,56.93000030517578,56.34000015258789,56.3692512512207,2051400
2026-04-13,56.13999938964844,57.630001068115234,56.02000045776367,57.467098236083984,2733900
2026-04-14,57.869998931884766,59.02000045776367,57.849998474121094,58.874332427978516,15381500
2026-04-15,59.130001068115234,59.970001220703125,58.959999084472656,59.78254699707031,3194100
2026-04-16,60.09000015258789,60.38999938964844,59.66999816894531,60.0620002746582,4842700
2026-04-17,60.939998626708984,62.02000045776367,60.900001525878906,61.49917221069336,5341500
2026-04-20,61.380001068115234,61.58000183105469,60.93000030517578,61.249664306640625,4298000
2026-04-21,61.630001068115234,61.810001373291016,60.31999969482422,60.46121597290039,4388900
2026-04-22,61.45000076293945,61.83000183105469,61.279998779296875,61.65885925292969,2761900
2026-04-23,61.4900016784668,61.970001220703125,60.22999954223633,61.18978500366211,4884300
2026-04-24,61.66999816894531,62.310001373291016,61.369998931884766,62.088016510009766,3979900
2026-04-27,62.06999969482422,62.4900016784668,61.91999816894531,62.297603607177734,2426200
2026-04-28,61.83000183105469,62.0099983215332,61.380001068115234,61.6788215637207,2326700
2026-04-29,61.66999816894531,61.869998931884766,61.220001220703125,61.66884231567383,5380500
2026-04-30,62.310001373291016,63.20000076293945,61.56999969482422,62.8365478515625,5831500
2026-05-01,63.43000030517578,64.05999755859375,63.290000915527344,63.18586349487305,3178400
2026-05-04,63.209999084472656,63.560001373291016,62.31999969482422,62.73674392700195,4701000
2026-05-05,63.5,64.06999969482422,63.459999084472656,63.70484161376953,2732900
2026-05-06,64.5999984741211,65.73999786376953,64.55000305175781,65.48135375976562,4508200
2026-05-07,65.83000183105469,66.0,64.87999725341797,65.05219268798828,4662400
2026-05-08,65.7699966430664,66.33000183105469,65.72000122070312,66.09015655517578,2245100
2026-05-11,66.04000091552734,66.80000305175781,66.0199966430664,66.37958526611328,2521600
2026-05-12,66.11000061035156,66.44000244140625,65.18000030517578,66.19994354248047,4867200
2026-05-13,66.37000274658203,67.33999633789062,65.83999633789062,66.92850494384766,2142700
2026-05-14,67.30000305175781,68.3499984741211,67.29000091552734,67.96646881103516,2854700
2026-05-15,66.94000244140625,67.20999908447266,66.2300033569336,66.29974365234375,3008600
2026-05-18,66.55000305175781,66.83000183105469,65.4000015258789,66.17997741699219,4181600
2026-05-19,65.63999938964844,66.13999938964844,65.04000091552734,65.32166290283203,2844800
2026-05-20,65.7699966430664,66.87999725341797,65.47000122070312,66.6590347290039,3452500
2026-05-21,66.27999877929688,67.41000366210938,66.01000213623047,66.89856719970703,3046000
2026-05-22,67.62000274658203,68.12000274658203,67.31999969482422,67.37762451171875,3476100
2026-05-26,68.30999755859375,68.68000030517578,68.01000213623047,68.25589752197266,2294500
2026-05-27,68.44999694824219,68.54000091552734,67.95999908447266,68.24591827392578,2077500
2026-05-28,68.33000183105469,69.22000122070312,68.13999938964844,68.9844741821289,2336600
2026-05-29,69.31999969482422,69.72000122070312,69.11000061035156,69.30384063720703,2882800
2026-06-01,69.25,70.12000274658203,69.0999984741211,69.64317321777344,3188300
2026-06-02,69.51000213623047,70.12999725341797,69.45999908447266,69.83280181884766,4278600
2026-06-03,69.70999908447266,69.81999969482422,68.87000274658203,68.85472106933594,2628600
2026-06-04,68.56999969482422,69.72000122070312,68.47000122070312,69.33378601074219,2448200
2026-06-05,68.58999633789062,68.66999816894531,65.5,65.7308578491211,5947000
2026-06-08,66.88999938964844,67.26000213623047,66.0,66.04025268554688,3807400
2026-06-09,66.94000244140625,67.52999877929688,63.16999816894531,65.66099548339844,5918000
2026-06-10,65.08999633789062,65.98999786376953,63.66999816894531,63.5451545715332,3505100
2026-06-11,64.23999786376953,66.2300033569336,63.5,65.70092010498047,11030800
2026-06-12,66.31999969482422,66.98999786376953,65.31999969482422,66.37958526611328,5867600
2026-06-15,68.31999969482422,69.19000244140625,68.30999755859375,68.68505859375,3292600
2026-06-16,68.80000305175781,68.94999694824219,67.94999694824219,67.90658569335938,3397700
2026-06-17,68.19000244140625,68.3499984741211,66.01000213623047,66.21990203857422,3511500
2026-06-18,67.83999633789062,67.91999816894531,67.13999938964844,67.47743225097656,2254700
2026-06-22,67.81999969482422,68.26000213623047,66.98999786376953,67.06822967529297,2684500
2026-06-23,65.27999877929688,66.3499984741211,65.02999877929688,65.1520004272461,2902800
2026-06-24,65.4000015258789,66.26000213623047,64.6500015258789,65.05999755859375,3018700
2026-06-25,66.05000305175781,66.12999725341797,64.41999816894531,65.05000305175781,3154300
2026-06-26,64.26000213623047,65.61000061035156,63.900001525878906,64.41999816894531,2752600
2026-06-29,65.58000183105469,66.47000122070312,64.81999969482422,66.3499984741211,5573000
2026-06-30,66.43000030517578,67.62999725341797,66.37000274658203,67.37999725341797,2605300
2026-07-01,67.08999633789062,67.87999725341797,66.5999984741211,67.20999908447266,2885300
2026-07-02,67.44999694824219,68.16999816894531,66.13999938964844,67.0,3202600
2026-07-06,67.66999816894531,68.3499984741211,67.45999908447266,68.16000366210938,2622200
2026-07-07,67.94999694824219,68.08999633789062,67.05000305175781,67.48999786376953,2923700
2026-07-08,66.66999816894531,67.19000244140625,66.0,67.02999877929688,4333800
2026-07-09,67.38999938964844,68.2300033569336,67.0999984741211,68.16999816894531,1879000
2026-07-10,68.2300033569336,68.83000183105469,67.5199966430664,68.72000122070312,2343300
2026-07-13,68.30000305175781,68.55000305175781,67.47000122070312,67.66999816894531,3944700
2026-07-14,67.97000122070312,68.43000030517578,67.5999984741211,68.1500015258789,3751800
2026-07-15,68.56999969482422,68.80999755859375,67.86000061035156,68.66000366210938,2687900
2026-07-16,68.29000091552734,68.62999725341797,67.41999816894531,67.94999694824219,2517500
2026-07-17,66.30999755859375,67.27999877929688,66.11000061035156,66.5199966430664,2792500
2026-07-20,67.19000244140625,67.51000213623047,66.2300033569336,66.33000183105469,2588600
2026-07-21,67.05999755859375,67.55999755859375,66.69000244140625,67.44000244140625,1766000
2026-07-22,67.12999725341797,67.7300033569336,67.06999969482422,67.2699966430664,2121900
2026-07-23,65.79000091552734,66.37999725341797,65.05000305175781,65.61000061035156,2503300
2026-07-24,65.5999984741211,66.54000091552734,65.4000015258789,65.66999816894531,2466400
2026-07-27,66.75,66.8499984741211,65.1500015258789,65.69999694824219,2989400
2026-07-28,65.72000122070312,66.3499984741211,65.16000366210938,65.9800033569336,2406000
2026-07-29,65.83999633789062,66.33000183105469,63.90999984741211,64.01000213623047,3809100
2026-07-30,65.0999984741211,66.2300033569336,64.87000274658203,66.0999984741211,2829800
2026-07-31,66.62999725341797,67.36000061035156,65.36000061035156,66.98999786376953,3527500
2026-08-03,67.44000244140625,69.08999633789062,67.4000015258789,68.94000244140625,3592900
2026-08-04,69.45999908447266,71.79000091552734,69.44999694824219,71.38999938964844,4986200
2026-08-05,72.23999786376953,72.41999816894531,71.05999755859375,71.12000274658203,3441100
2026-08-06,71.16999816894531,71.4800033569336,70.68000030517578,70.87999725341797,2079000
2026-08-07,71.30999755859375,71.83000183105469,71.05000305175781,71.68000030517578,3802600
2026-08-10,71.56999969482422,72.02999877929688,71.44999694824219,71.66000366210938,2300600
2026-08-11,71.93000030517578,71.93000030517578,70.9800033569336,71.16000366210938,1579500
2026-08-12,71.94000244140625,71.97000122070312,71.30999755859375,71.54000091552734,2111700
2026-08-13,71.9800033569336,72.80000305175781,71.8499984741211,72.5199966430664,1858000
2026-08-14,72.61000061035156,72.66999816894531,72.04000091552734,72.19999694824219,2521500
2026-08-17,72.16999816894531,72.2699966430664,71.47000122070312,71.5,2167000
2026-08-18,70.76000213623047,70.91000366210938,70.44000244140625,70.52999877929688,3372000
2026-08-19,71.05000305175781,71.44000244140625,70.6500015258789,70.80999755859375,2750700
2026-08-20,70.23999786376953,70.62999725341797,69.5199966430664,69.61000061035156,2183300
2026-08-21,70.22000122070312,70.54000091552734,69.87000274658203,70.1500015258789,1968000
2026-08-24,69.97000122070312,70.04000091552734,69.4800033569336,69.7300033569336,2872500
