Date,Close,Open,High,Low,Volume
1999-03-11,18.11991163969089,18.11991163969089,18.11991163969089,18.11991163969089,0.0
1999-03-12,18.384662647187366,18.11991163969089,18.384662647187366,18.11991163969089,0.0
1999-03-15,17.039677153637534,18.384662647187366,18.384662647187366,17.039677153637534,0.0
1999-03-16,18.506196103501303,17.039677153637534,18.506196103501303,17.039677153637534,0.0
1999-03-17,18.97637248171392,18.506196103501303,18.97637248171392,18.506196103501303,0.0
1999-03-18,18.563870373856687,18.97637248171392,18.97637248171392,18.563870373856687,0.0
1999-03-19,19.642519903096087,18.563870373856687,19.642519903096087,18.563870373856687,0.0
1999-03-22,18.13452983154088,19.642519903096087,19.642519903096087,18.13452983154088,0.0
1999-03-23,17.46929384703685,18.13452983154088,18.13452983154088,17.46929384703685,0.0
1999-03-24,15.622792259758517,17.46929384703685,17.46929384703685,15.622792259758517,0.0
1999-03-25,17.211859141382746,15.622792259758517,17.211859141382746,15.622792259758517,0.0
1999-03-26,19.096931858308334,17.211859141382746,19.096931858308334,17.211859141382746,0.0
1999-03-29,18.47942230032523,19.096931858308334,19.096931858308334,18.47942230032523,0.0
1999-03-30,20.48660028727096,18.47942230032523,20.48660028727096,18.47942230032523,0.0
1999-03-31,20.055223040755426,20.48660028727096,20.48660028727096,20.055223040755426,0.0
1999-04-01,19.170957026676316,20.055223040755426,20.055223040755426,19.170957026676316,0.0
1999-04-05,20.368390419817025,19.170957026676316,20.368390419817025,19.170957026676316,0.0
1999-04-06,22.577174793928776,20.368390419817025,22.577174793928776,20.368390419817025,0.0
1999-04-07,22.708879797771807,22.577174793928776,22.708879797771807,22.577174793928776,0.0
1999-04-08,21.998893805222284,22.708879797771807,22.708879797771807,21.998893805222284,0.0
1999-04-09,22.521838880909936,21.998893805222284,22.521838880909936,21.998893805222284,0.0
1999-04-12,22.93880351917816,22.521838880909936,22.93880351917816,22.521838880909936,0.0
1999-04-13,22.47464164792448,22.93880351917816,22.93880351917816,22.47464164792448,0.0
1999-04-14,21.560778391312276,22.47464164792448,22.47464164792448,21.560778391312276,0.0
1999-04-15,19.341398419647003,21.560778391312276,21.560778391312276,19.341398419647003,0.0
1999-04-16,20.129615489911245,19.341398419647003,20.129615489911245,19.341398419647003,0.0
1999-04-19,18.365376418274376,20.129615489911245,20.129615489911245,18.365376418274376,0.0
1999-04-20,15.77975988010661,18.365376418274376,18.365376418274376,15.77975988010661,0.0
1999-04-21,16.853752048125497,15.77975988010661,16.853752048125497,15.77975988010661,0.0
1999-04-22,19.347776712600723,16.853752048125497,19.347776712600723,16.853752048125497,0.0
1999-04-23,20.915926049061856,19.347776712600723,20.915926049061856,19.347776712600723,0.0
1999-04-26,21.740424842340698,20.915926049061856,21.740424842340698,20.915926049061856,0.0
1999-04-27,23.240269154969265,21.740424842340698,23.240269154969265,21.740424842340698,0.0
1999-04-28,22.17000337183206,23.240269154969265,23.240269154969265,22.17000337183206,0.0
1999-04-29,19.892883908211264,22.17000337183206,22.17000337183206,19.892883908211264,0.0
1999-04-30,19.40612804160783,19.892883908211264,19.892883908211264,19.40612804160783,0.0
1999-05-03,19.779576382582526,19.40612804160783,19.779576382582526,19.40612804160783,0.0
1999-05-04,19.467355874632023,19.779576382582526,19.779576382582526,19.467355874632023,0.0
1999-05-05,18.543738123539757,19.467355874632023,19.467355874632023,18.543738123539757,0.0
1999-05-06,20.228072172418585,18.543738123539757,20.228072172418585,18.543738123539757,0.0
1999-05-07,18.021714671955525,20.228072172418585,20.228072172418585,18.021714671955525,0.0
1999-05-10,18.796849718514384,18.021714671955525,18.796849718514384,18.021714671955525,0.0
1999-05-11,19.36096541518027,18.796849718514384,19.36096541518027,18.796849718514384,0.0
1999-05-12,20.275506988497632,19.36096541518027,20.275506988497632,19.36096541518027,0.0
1999-05-13,21.533130026260924,20.275506988497632,21.533130026260924,20.275506988497632,0.0
1999-05-14,20.33045371114453,21.533130026260924,21.533130026260924,20.33045371114453,0.0
1999-05-17,19.1734839064077,20.33045371114453,20.33045371114453,19.1734839064077,0.0
1999-05-18,20.206958803157764,19.1734839064077,20.206958803157764,19.1734839064077,0.0
1999-05-19,19.935360775693358,20.206958803157764,20.206958803157764,19.935360775693358,0.0
1999-05-20,20.76253071544149,19.935360775693358,20.76253071544149,19.935360775693358,0.0
1999-05-21,19.049430666201587,20.76253071544149,20.76253071544149,19.049430666201587,0.0
1999-05-24,18.520907654913316,19.049430666201587,19.049430666201587,18.520907654913316,0.0
1999-05-25,17.107406663555157,18.520907654913316,18.520907654913316,17.107406663555157,0.0
1999-05-26,15.42545849892996,17.107406663555157,17.107406663555157,15.42545849892996,0.0
1999-05-27,16.715324560926796,15.42545849892996,16.715324560926796,15.42545849892996,0.0
1999-05-28,16.66818423985917,16.715324560926796,16.715324560926796,16.66818423985917,0.0
1999-06-01,17.491116684261172,16.66818423985917,17.491116684261172,16.66818423985917,0.0
1999-06-02,16.32369342640514,17.491116684261172,17.491116684261172,16.32369342640514,0.0
1999-06-03,17.149653987720196,16.32369342640514,17.149653987720196,16.32369342640514,0.0
1999-06-04,16.417987120907128,17.149653987720196,17.149653987720196,16.417987120907128,0.0
1999-06-07,17.9257348310821,16.417987120907128,17.9257348310821,16.417987120907128,0.0
1999-06-08,19.043377035596098,17.9257348310821,19.043377035596098,17.9257348310821,0.0
1999-06-09,17.611170529901873,19.043377035596098,19.043377035596098,17.611170529901873,0.0
1999-06-10,18.493502581783506,17.611170529901873,18.493502581783506,17.611170529901873,0.0
1999-06-11,17.85641537622815,18.493502581783506,18.493502581783506,17.85641537622815,0.0
1999-06-14,17.04316516474325,17.85641537622815,17.85641537622815,17.04316516474325,0.0
1999-06-15,16.077574006213283,17.04316516474325,17.04316516474325,16.077574006213283,0.0
1999-06-16,16.79575883820982,16.077574006213283,16.79575883820982,16.077574006213283,0.0
1999-06-17,19.382542210915908,16.79575883820982,19.382542210915908,16.79575883820982,0.0
1999-06-18,20.02627847037698,19.382542210915908,20.02627847037698,19.382542210915908,0.0
1999-06-21,20.298758872285784,20.02627847037698,20.298758872285784,20.02627847037698,0.0
1999-06-22,22.120268504885054,20.298758872285784,22.120268504885054,20.298758872285784,0.0
1999-06-23,20.1165037389253,22.120268504885054,22.120268504885054,20.1165037389253,0.0
1999-06-24,21.066492552560756,20.1165037389253,21.066492552560756,20.1165037389253,0.0
1999-06-25,19.809866303232557,21.066492552560756,21.066492552560756,19.809866303232557,0.0
1999-06-28,19.73203407048415,19.809866303232557,19.809866303232557,19.73203407048415,0.0
1999-06-29,21.13428064256876,19.73203407048415,21.13428064256876,19.73203407048415,0.0
1999-06-30,21.99971663255456,21.13428064256876,21.99971663255456,21.13428064256876,0.0
1999-07-01,23.01562632408321,21.99971663255456,23.01562632408321,21.99971663255456,0.0
1999-07-02,23.481908116764448,23.01562632408321,23.481908116764448,23.01562632408321,0.0
1999-07-06,24.371796012499455,23.481908116764448,24.371796012499455,23.481908116764448,0.0
1999-07-07,23.903212705130276,24.371796012499455,24.371796012499455,23.903212705130276,0.0
1999-07-08,24.01652510399812,23.903212705130276,24.01652510399812,23.903212705130276,0.0
1999-07-09,24.977422576991113,24.01652510399812,24.977422576991113,24.01652510399812,0.0
1999-07-12,25.726384654530236,24.977422576991113,25.726384654530236,24.977422576991113,0.0
1999-07-13,25.321373613666527,25.726384654530236,25.726384654530236,25.321373613666527,0.0
1999-07-14,24.96053334195896,25.321373613666527,25.321373613666527,24.96053334195896,0.0
1999-07-15,26.232245438859927,24.96053334195896,26.232245438859927,24.96053334195896,0.0
1999-07-16,26.95465642332799,26.232245438859927,26.95465642332799,26.232245438859927,0.0
1999-07-19,27.700562137852273,26.95465642332799,27.700562137852273,26.95465642332799,0.0
1999-07-20,26.852177578936256,27.700562137852273,27.700562137852273,26.852177578936256,0.0
1999-07-21,23.742185537132606,26.852177578936256,26.852177578936256,23.742185537132606,0.0
1999-07-22,24.083328972631058,23.742185537132606,24.083328972631058,23.742185537132606,0.0
1999-07-23,22.24444856119281,24.083328972631058,24.083328972631058,22.24444856119281,0.0
1999-07-26,22.343022941016045,22.24444856119281,22.343022941016045,22.24444856119281,0.0
1999-07-27,20.695699481989877,22.343022941016045,22.343022941016045,20.695699481989877,0.0
1999-07-28,21.944178023082227,20.695699481989877,21.944178023082227,20.695699481989877,0.0
1999-07-29,23.23279120452838,21.944178023082227,23.23279120452838,21.944178023082227,0.0
1999-07-30,21.741276744352557,23.23279120452838,23.23279120452838,21.741276744352557,0.0
1999-08-02,21.417042388932465,21.741276744352557,21.741276744352557,21.417042388932465,0.0
1999-08-03,21.23799037428389,21.417042388932465,21.417042388932465,21.23799037428389,0.0
1999-08-04,20.821836828040087,21.23799037428389,21.23799037428389,20.821836828040087,0.0
1999-08-05,19.688757653708304,20.821836828040087,20.821836828040087,19.688757653708304,0.0
1999-08-06,20.625999770234337,19.688757653708304,20.625999770234337,19.688757653708304,0.0
1999-08-09,19.958839003912505,20.625999770234337,20.625999770234337,19.958839003912505,0.0
1999-08-10,19.187923315762824,19.958839003912505,19.958839003912505,19.187923315762824,0.0
1999-08-11,18.667707902960863,19.187923315762824,19.187923315762824,18.667707902960863,0.0
1999-08-12,20.509315443173364,18.667707902960863,20.509315443173364,18.667707902960863,0.0
1999-08-13,19.78548971273355,20.509315443173364,20.509315443173364,19.78548971273355,0.0
1999-08-16,22.369035472545107,19.78548971273355,22.369035472545107,19.78548971273355,0.0
1999-08-17,22.903817372611286,22.369035472545107,22.903817372611286,22.369035472545107,0.0
1999-08-18,23.243793030094572,22.903817372611286,23.243793030094572,22.903817372611286,0.0
1999-08-19,22.45850219911287,23.243793030094572,23.243793030094572,22.45850219911287,0.0
1999-08-20,21.6546489435228,22.45850219911287,22.45850219911287,21.6546489435228,0.0
1999-08-23,22.68476298628633,21.6546489435228,22.68476298628633,21.6546489435228,0.0
1999-08-24,24.847520008648257,22.68476298628633,24.847520008648257,22.68476298628633,0.0
1999-08-25,25.35188748269438,24.847520008648257,25.35188748269438,24.847520008648257,0.0
1999-08-26,26.968151021267857,25.35188748269438,26.968151021267857,25.35188748269438,0.0
1999-08-27,25.619664245630315,26.968151021267857,26.968151021267857,25.619664245630315,0.0
1999-08-30,24.853215283423413,25.619664245630315,25.619664245630315,24.853215283423413,0.0
1999-08-31,23.800565763358737,24.853215283423413,24.853215283423413,23.800565763358737,0.0
1999-09-01,24.592489789215353,23.800565763358737,24.592489789215353,23.800565763358737,0.0
1999-09-02,25.121744297683065,24.592489789215353,25.121744297683065,24.592489789215353,0.0
1999-09-03,24.85535163991174,25.121744297683065,25.121744297683065,24.85535163991174,0.0
1999-09-07,28.27636871205006,24.85535163991174,28.27636871205006,24.85535163991174,0.0
1999-09-08,27.893381970500045,28.27636871205006,28.27636871205006,27.893381970500045,0.0
1999-09-09,26.759291868869752,27.893381970500045,27.893381970500045,26.759291868869752,0.0
1999-09-10,27.898804664778446,26.759291868869752,27.898804664778446,26.759291868869752,0.0
1999-09-13,28.86063147531984,27.898804664778446,28.86063147531984,27.898804664778446,0.0
1999-09-14,27.818946772464848,28.86063147531984,28.86063147531984,27.818946772464848,0.0
1999-09-15,28.276823529958513,27.818946772464848,28.276823529958513,27.818946772464848,0.0
1999-09-16,26.636586565789532,28.276823529958513,28.276823529958513,26.636586565789532,0.0
1999-09-17,26.59388478387744,26.636586565789532,26.636586565789532,26.59388478387744,0.0
1999-09-20,28.984888103149686,26.59388478387744,28.984888103149686,26.59388478387744,0.0
1999-09-21,29.18650221257637,28.984888103149686,29.18650221257637,28.984888103149686,0.0
1999-09-22,27.082277799255117,29.18650221257637,29.18650221257637,27.082277799255117,0.0
1999-09-23,27.941044252250943,27.082277799255117,27.941044252250943,27.082277799255117,0.0
1999-09-24,24.46544405061,27.941044252250943,27.941044252250943,24.46544405061,0.0
1999-09-27,24.55912917043096,24.46544405061,24.55912917043096,24.46544405061,0.0
1999-09-28,25.074550782496974,24.55912917043096,25.074550782496974,24.55912917043096,0.0
1999-09-29,25.42231973164981,25.074550782496974,25.42231973164981,25.074550782496974,0.0
1999-09-30,23.891102085197815,25.42231973164981,25.42231973164981,23.891102085197815,0.0
1999-10-01,24.64135425615627,23.891102085197815,24.64135425615627,23.891102085197815,0.0
1999-10-04,24.668255514678204,24.64135425615627,24.668255514678204,24.64135425615627,0.0
1999-10-05,26.327512421025343,24.668255514678204,26.327512421025343,24.668255514678204,0.0
1999-10-06,26.886759932727106,26.327512421025343,26.886759932727106,26.327512421025343,0.0
1999-10-07,28.5007371215947,26.886759932727106,28.5007371215947,26.886759932727106,0.0
1999-10-08,28.297844747475104,28.5007371215947,28.5007371215947,28.297844747475104,0.0
1999-10-11,29.18915493588408,28.297844747475104,29.18915493588408,28.297844747475104,0.0
1999-10-12,30.420867675515478,29.18915493588408,30.420867675515478,29.18915493588408,0.0
1999-10-13,28.345364812287023,30.420867675515478,30.420867675515478,28.345364812287023,0.0
1999-10-14,25.81983346166909,28.345364812287023,28.345364812287023,25.81983346166909,0.0
1999-10-15,26.301463188743405,25.81983346166909,26.301463188743405,25.81983346166909,0.0
1999-10-18,23.97139271960424,26.301463188743405,26.301463188743405,23.97139271960424,0.0
1999-10-19,23.059310201160585,23.97139271960424,23.97139271960424,23.059310201160585,0.0
1999-10-20,23.432385216998117,23.059310201160585,23.432385216998117,23.059310201160585,0.0
1999-10-21,25.574189029975628,23.432385216998117,25.574189029975628,23.432385216998117,0.0
1999-10-22,26.82484785704543,25.574189029975628,26.82484785704543,25.574189029975628,0.0
1999-10-25,26.45919289624363,26.82484785704543,26.82484785704543,26.45919289624363,0.0
1999-10-26,26.49715206249785,26.45919289624363,26.49715206249785,26.45919289624363,0.0
1999-10-27,25.854069782805915,26.49715206249785,26.49715206249785,25.854069782805915,0.0
1999-10-28,25.733803302218533,25.854069782805915,25.854069782805915,25.733803302218533,0.0
1999-10-29,28.40341921750808,25.733803302218533,28.40341921750808,25.733803302218533,0.0
1999-11-01,31.3770865700848,28.40341921750808,31.3770865700848,28.40341921750808,0.0
1999-11-02,30.882543907823916,31.3770865700848,31.3770865700848,30.882543907823916,0.0
1999-11-03,30.935488686644455,30.882543907823916,30.935488686644455,30.882543907823916,0.0
1999-11-04,32.78321758762975,30.935488686644455,32.78321758762975,30.935488686644455,0.0
1999-11-05,33.88573441830472,32.78321758762975,33.88573441830472,32.78321758762975,0.0
1999-11-08,34.918557019703385,33.88573441830472,34.918557019703385,33.88573441830472,0.0
1999-11-09,37.0281732511522,34.918557019703385,37.0281732511522,34.918557019703385,0.0
1999-11-10,36.2768537759607,37.0281732511522,37.0281732511522,36.2768537759607,0.0
1999-11-11,37.70145664601567,36.2768537759607,37.70145664601567,36.2768537759607,0.0
1999-11-12,39.71826943725206,37.70145664601567,39.71826943725206,37.70145664601567,0.0
1999-11-15,41.28299164323411,39.71826943725206,41.28299164323411,39.71826943725206,0.0
1999-11-16,41.038532127582265,41.28299164323411,41.28299164323411,41.038532127582265,0.0
1999-11-17,44.159306790042706,41.038532127582265,44.159306790042706,41.038532127582265,0.0
1999-11-18,42.362591971103924,44.159306790042706,44.159306790042706,42.362591971103924,0.0
1999-11-19,46.255858054195926,42.362591971103924,46.255858054195926,42.362591971103924,0.0
1999-11-22,47.49368167331196,46.255858054195926,47.49368167331196,46.255858054195926,0.0
1999-11-23,45.31601929269483,47.49368167331196,47.49368167331196,45.31601929269483,0.0
1999-11-24,45.93874292674574,45.31601929269483,45.93874292674574,45.31601929269483,0.0
1999-11-26,50.473509217125915,45.93874292674574,50.473509217125915,45.93874292674574,0.0
1999-11-29,50.9584959729707,50.473509217125915,50.9584959729707,50.473509217125915,0.0
1999-11-30,48.43314723435729,50.9584959729707,50.9584959729707,48.43314723435729,0.0
1999-12-01,42.90275985486635,48.43314723435729,48.43314723435729,42.90275985486635,0.0
1999-12-02,45.69025129564145,42.90275985486635,45.69025129564145,42.90275985486635,0.0
1999-12-03,50.0362108549679,45.69025129564145,50.0362108549679,45.69025129564145,0.0
1999-12-06,53.22611991647904,50.0362108549679,53.22611991647904,50.0362108549679,0.0
1999-12-07,54.67244015900268,53.22611991647904,54.67244015900268,53.22611991647904,0.0
1999-12-08,54.66820955351419,54.67244015900268,54.67244015900268,54.66820955351419,0.0
1999-12-09,52.67418120290796,54.66820955351419,54.66820955351419,52.67418120290796,0.0
1999-12-10,53.4213064726089,52.67418120290796,53.4213064726089,52.67418120290796,0.0
1999-12-13,54.74433281288448,53.4213064726089,54.74433281288448,53.4213064726089,0.0
1999-12-14,56.972078346879904,54.74433281288448,56.972078346879904,54.74433281288448,0.0
1999-12-15,53.88463481873559,56.972078346879904,56.972078346879904,53.88463481873559,0.0
1999-12-16,56.99287302427749,53.88463481873559,56.99287302427749,53.88463481873559,0.0
1999-12-17,61.206888217673004,56.99287302427749,61.206888217673004,56.99287302427749,0.0
1999-12-20,62.79106492370532,61.206888217673004,62.79106492370532,61.206888217673004,0.0
1999-12-21,65.24526058024645,62.79106492370532,65.24526058024645,62.79106492370532,0.0
1999-12-22,75.76217573716276,65.24526058024645,75.76217573716276,65.24526058024645,0.0
1999-12-23,75.0416422488754,75.76217573716276,75.76217573716276,75.0416422488754,0.0
1999-12-27,77.71878674797526,75.0416422488754,77.71878674797526,75.0416422488754,0.0
1999-12-28,76.33982532970118,77.71878674797526,77.71878674797526,76.33982532970118,0.0
1999-12-29,74.89753173760725,76.33982532970118,76.33982532970118,74.89753173760725,0.0
1999-12-30,83.40050304747348,74.89753173760725,83.40050304747348,74.89753173760725,0.0
1999-12-31,80.68906844167094,83.40050304747348,83.40050304747348,80.68906844167094,0.0
2000-01-03,80.3521253929799,80.68906844167094,80.68906844167094,80.3521253929799,0.0
2000-01-04,89.24945093278173,80.3521253929799,89.24945093278173,80.3521253929799,0.0
2000-01-05,70.87456015177214,89.24945093278173,89.24945093278173,70.87456015177214,0.0
2000-01-06,65.4481661165884,70.87456015177214,70.87456015177214,65.4481661165884,0.0
2000-01-07,51.958667399123364,65.4481661165884,65.4481661165884,51.958667399123364,0.0
2000-01-10,71.23382471025906,51.958667399123364,71.23382471025906,51.958667399123364,0.0
2000-01-11,77.16462348100931,71.23382471025906,77.16462348100931,71.23382471025906,0.0
2000-01-12,65.89666742810509,77.16462348100931,77.16462348100931,65.89666742810509,0.0
2000-01-13,61.538995343510386,65.89666742810509,65.89666742810509,61.538995343510386,0.0
2000-01-14,72.66220280952894,61.538995343510386,72.66220280952894,61.538995343510386,0.0
2000-01-18,77.73303607579668,72.66220280952894,77.73303607579668,72.66220280952894,0.0
2000-01-19,78.97565540310447,77.73303607579668,78.97565540310447,77.73303607579668,0.0
2000-01-20,84.33279713865288,78.97565540310447,84.33279713865288,78.97565540310447,0.0
2000-01-21,81.85553620079146,84.33279713865288,84.33279713865288,81.85553620079146,0.0
2000-01-24,84.91687328712537,81.85553620079146,84.91687328712537,81.85553620079146,0.0
2000-01-25,72.66897277603263,84.91687328712537,84.91687328712537,72.66897277603263,0.0
2000-01-26,75.93491763657505,72.66897277603263,75.93491763657505,72.66897277603263,0.0
2000-01-27,66.74334259049942,75.93491763657505,75.93491763657505,66.74334259049942,0.0
2000-01-28,69.68283543754015,66.74334259049942,69.68283543754015,66.74334259049942,0.0
2000-01-31,59.145676903122904,69.68283543754015,69.68283543754015,59.145676903122904,0.0
2000-02-01,66.74924286556825,59.145676903122904,66.74924286556825,59.145676903122904,0.0
2000-02-02,72.11656856083219,66.74924286556825,72.11656856083219,66.74924286556825,0.0
2000-02-03,73.94628710896636,72.11656856083219,73.94628710896636,72.11656856083219,0.0
2000-02-04,82.59916272131285,73.94628710896636,82.59916272131285,73.94628710896636,0.0
2000-02-07,84.27782681193045,82.59916272131285,84.27782681193045,82.59916272131285,0.0
2000-02-08,87.76825458676956,84.27782681193045,87.76825458676956,84.27782681193045,0.0
2000-02-09,98.78818036006945,87.76825458676956,98.78818036006945,87.76825458676956,0.0
2000-02-10,88.31209817522834,98.78818036006945,98.78818036006945,88.31209817522834,0.0
2000-02-11,97.00264289994315,88.31209817522834,97.00264289994315,88.31209817522834,0.0
2000-02-14,90.23580680943297,97.00264289994315,97.00264289994315,90.23580680943297,0.0
2000-02-15,89.8900590007272,90.23580680943297,90.23580680943297,89.8900590007272,0.0
2000-02-16,91.82621607482314,89.8900590007272,91.82621607482314,89.8900590007272,0.0
2000-02-17,90.53374227319821,91.82621607482314,91.82621607482314,90.53374227319821,0.0
2000-02-18,96.29827726481118,90.53374227319821,96.29827726481118,90.53374227319821,0.0
2000-02-22,85.85962398308658,96.29827726481118,96.29827726481118,85.85962398308658,0.0
2000-02-23,86.67063528145195,85.85962398308658,86.67063528145195,85.85962398308658,0.0
2000-02-24,101.1455733111376,86.67063528145195,101.1455733111376,86.67063528145195,0.0
2000-02-25,107.68670924249992,101.1455733111376,107.68670924249992,101.1455733111376,0.0
2000-02-28,100.28438792124679,107.68670924249992,107.68670924249992,100.28438792124679,0.0
2000-02-29,100.09603641315864,100.28438792124679,100.28438792124679,100.09603641315864,0.0
2000-03-01,108.02854440527966,100.09603641315864,108.02854440527966,100.09603641315864,0.0
2000-03-02,110.67675850495188,108.02854440527966,110.67675850495188,108.02854440527966,0.0
2000-03-03,102.97959990436895,110.67675850495188,110.67675850495188,102.97959990436895,0.0
2000-03-06,120.39626050553916,102.97959990436895,120.39626050553916,102.97959990436895,0.0
2000-03-07,123.23263516116205,120.39626050553916,123.23263516116205,120.39626050553916,0.0
2000-03-08,117.64968755713765,123.23263516116205,123.23263516116205,117.64968755713765,0.0
2000-03-09,120.84202652395136,117.64968755713765,120.84202652395136,117.64968755713765,0.0
2000-03-10,133.05256403423215,120.84202652395136,133.05256403423215,120.84202652395136,0.0
2000-03-13,131.3068294506016,133.05256403423215,133.05256403423215,131.3068294506016,0.0
2000-03-14,120.97556539714448,131.3068294506016,131.3068294506016,120.97556539714448,0.0
2000-03-15,107.53952018541324,120.97556539714448,120.97556539714448,107.53952018541324,0.0
2000-03-16,94.01044215331991,107.53952018541324,107.53952018541324,94.01044215331991,0.0
2000-03-17,110.10959463642274,94.01044215331991,110.10959463642274,94.01044215331991,0.0
2000-03-20,116.36580294431964,110.10959463642274,116.36580294431964,110.10959463642274,0.0
2000-03-21,106.51201180394347,116.36580294431964,116.36580294431964,106.51201180394347,0.0
2000-03-22,118.55822661303156,106.51201180394347,118.55822661303156,106.51201180394347,0.0
2000-03-23,125.71031161142189,118.55822661303156,125.71031161142189,118.55822661303156,0.0
2000-03-24,132.31698453133285,125.71031161142189,132.31698453133285,125.71031161142189,0.0
2000-03-27,137.65358535443173,132.31698453133285,137.65358535443173,132.31698453133285,0.0
2000-03-28,138.30151225589253,137.65358535443173,138.30151225589253,137.65358535443173,0.0
2000-03-29,127.72010833198341,138.30151225589253,138.30151225589253,127.72010833198341,0.0
2000-03-30,111.84955765366668,127.72010833198341,127.72010833198341,111.84955765366668,0.0
2000-03-31,103.45208085085956,111.84955765366668,111.84955765366668,103.45208085085956,0.0
2000-04-03,109.95501497249478,103.45208085085956,109.95501497249478,103.45208085085956,0.0
2000-04-04,90.17724797771578,109.95501497249478,109.95501497249478,90.17724797771578,0.0
2000-04-05,87.54222158108182,90.17724797771578,90.17724797771578,87.54222158108182,0.0
2000-04-06,82.86584080366389,87.54222158108182,87.54222158108182,82.86584080366389,0.0
2000-04-07,88.75615835536762,82.86584080366389,88.75615835536762,82.86584080366389,0.0
2000-04-10,99.46503902535325,88.75615835536762,99.46503902535325,88.75615835536762,0.0
2000-04-11,81.2668167196252,99.46503902535325,99.46503902535325,81.2668167196252,0.0
2000-04-12,75.4773644475861,81.2668167196252,81.2668167196252,75.4773644475861,0.0
2000-04-13,62.1520433191968,75.4773644475861,75.4773644475861,62.1520433191968,0.0
2000-04-14,54.04043610188108,62.1520433191968,62.1520433191968,54.04043610188108,0.0
2000-04-17,39.98887338259367,54.04043610188108,54.04043610188108,39.98887338259367,0.0
2000-04-18,53.7921658291661,39.98887338259367,53.7921658291661,39.98887338259367,0.0
2000-04-19,58.06435225331037,53.7921658291661,58.06435225331037,53.7921658291661,0.0
2000-04-20,52.734646825605125,58.06435225331037,58.06435225331037,52.734646825605125,0.0
2000-04-24,49.29382201889627,52.734646825605125,52.734646825605125,49.29382201889627,0.0
2000-04-25,45.052697241260674,49.29382201889627,49.29382201889627,45.052697241260674,0.0
2000-04-26,54.16938590304472,45.052697241260674,54.16938590304472,45.052697241260674,0.0
2000-04-27,48.60790338130913,54.16938590304472,54.16938590304472,48.60790338130913,0.0
2000-04-28,55.07126153853047,48.60790338130913,55.07126153853047,48.60790338130913,0.0
2000-05-01,61.403975641548556,55.07126153853047,61.403975641548556,55.07126153853047,0.0
2000-05-02,63.10044029860765,61.403975641548556,63.10044029860765,61.403975641548556,0.0
2000-05-03,52.20757356201457,63.10044029860765,63.10044029860765,52.20757356201457,0.0
2000-05-04,50.465755441614206,52.20757356201457,52.20757356201457,50.465755441614206,0.0
2000-05-05,50.7803024876747,50.465755441614206,50.7803024876747,50.465755441614206,0.0
2000-05-08,54.40106982020335,50.7803024876747,54.40106982020335,50.7803024876747,0.0
2000-05-09,48.038285845814364,54.40106982020335,54.40106982020335,48.038285845814364,0.0
2000-05-10,44.959572418766726,48.038285845814364,48.038285845814364,44.959572418766726,0.0
2000-05-11,35.1538730578959,44.959572418766726,44.959572418766726,35.1538730578959,0.0
2000-05-12,41.597796871643794,35.1538730578959,41.597796871643794,35.1538730578959,0.0
2000-05-15,41.59457799450492,41.597796871643794,41.597796871643794,41.59457799450492,0.0
2000-05-16,47.02885299820489,41.59457799450492,47.02885299820489,41.59457799450492,0.0
2000-05-17,51.01910234823025,47.02885299820489,51.01910234823025,47.02885299820489,0.0
2000-05-18,47.854959204449294,51.01910234823025,51.01910234823025,47.854959204449294,0.0
2000-05-19,42.70598341072632,47.854959204449294,47.854959204449294,42.70598341072632,0.0
2000-05-22,36.63292951093489,42.70598341072632,42.70598341072632,36.63292951093489,0.0
2000-05-23,36.54605715732309,36.63292951093489,36.63292951093489,36.54605715732309,0.0
2000-05-24,27.392654120775124,36.54605715732309,36.54605715732309,27.392654120775124,0.0
2000-05-25,32.53956558026508,27.392654120775124,32.53956558026508,27.392654120775124,0.0
2000-05-26,30.38818952208465,32.53956558026508,32.53956558026508,30.38818952208465,0.0
2000-05-30,30.385838055038302,30.38818952208465,30.38818952208465,30.385838055038302,0.0
2000-05-31,39.54318020576579,30.385838055038302,39.54318020576579,30.385838055038302,0.0
2000-06-01,36.160617363375984,39.54318020576579,39.54318020576579,36.160617363375984,0.0
2000-06-02,41.704285205293395,36.160617363375984,41.704285205293395,36.160617363375984,0.0
2000-06-05,50.65049242943991,41.704285205293395,50.65049242943991,41.704285205293395,0.0
2000-06-06,51.026933140828675,50.65049242943991,51.026933140828675,50.65049242943991,0.0
2000-06-07,46.76718134190997,51.026933140828675,51.026933140828675,46.76718134190997,0.0
2000-06-08,50.51136062482987,46.76718134190997,50.51136062482987,46.76718134190997,0.0
2000-06-09,49.7998221722148,50.51136062482987,50.51136062482987,49.7998221722148,0.0
2000-06-12,50.5970826306715,49.7998221722148,50.5970826306715,49.7998221722148,0.0
2000-06-13,45.73582833140229,50.5970826306715,50.5970826306715,45.73582833140229,0.0
2000-06-14,51.024029836300485,45.73582833140229,51.024029836300485,45.73582833140229,0.0
2000-06-15,47.56883187195702,51.024029836300485,51.024029836300485,47.56883187195702,0.0
2000-06-16,50.08241060062339,47.56883187195702,50.08241060062339,47.56883187195702,0.0
2000-06-19,50.87982545959171,50.08241060062339,50.87982545959171,50.08241060062339,0.0
2000-06-20,56.949076423255335,50.87982545959171,56.949076423255335,50.87982545959171,0.0
2000-06-21,56.290904933448935,56.949076423255335,56.949076423255335,56.290904933448935,0.0
2000-06-22,58.44875950276192,56.290904933448935,58.44875950276192,56.290904933448935,0.0
2000-06-23,52.01566270627541,58.44875950276192,58.44875950276192,52.01566270627541,0.0
2000-06-26,45.86807042555995,52.01566270627541,52.01566270627541,45.86807042555995,0.0
2000-06-27,49.62418949030768,45.86807042555995,49.62418949030768,45.86807042555995,0.0
2000-06-28,47.83863864909333,49.62418949030768,49.62418949030768,47.83863864909333,0.0
2000-06-29,49.57334447226614,47.83863864909333,49.57334447226614,47.83863864909333,0.0
2000-06-30,45.83664979975482,49.57334447226614,49.57334447226614,45.83664979975482,0.0
2000-07-03,48.52941186434132,45.83664979975482,48.52941186434132,45.83664979975482,0.0
2000-07-05,51.349759878848914,48.52941186434132,51.349759878848914,48.52941186434132,0.0
2000-07-06,45.3819969607483,51.349759878848914,51.349759878848914,45.3819969607483,0.0
2000-07-07,49.00279680904715,45.3819969607483,49.00279680904715,45.3819969607483,0.0
2000-07-10,52.0290573319089,49.00279680904715,52.0290573319089,49.00279680904715,0.0
2000-07-11,49.660927175795734,52.0290573319089,52.0290573319089,49.660927175795734,0.0
2000-07-12,50.47002568017718,49.660927175795734,50.47002568017718,49.660927175795734,0.0
2000-07-13,54.05221880768263,50.47002568017718,54.05221880768263,50.47002568017718,0.0
2000-07-14,56.132291570839506,54.05221880768263,56.132291570839506,54.05221880768263,0.0
2000-07-17,59.76086823265247,56.132291570839506,59.76086823265247,56.132291570839506,0.0
2000-07-18,61.76063605244672,59.76086823265247,61.76063605244672,59.76086823265247,0.0
2000-07-19,57.65870049327638,61.76063605244672,61.76063605244672,57.65870049327638,0.0
2000-07-20,53.742768677483966,57.65870049327638,57.65870049327638,53.742768677483966,0.0
2000-07-21,58.91938740912,53.742768677483966,58.91938740912,53.742768677483966,0.0
2000-07-24,52.97157014387615,58.91938740912,58.91938740912,52.97157014387615,0.0
2000-07-25,49.69084523688602,52.97157014387615,52.97157014387615,49.69084523688602,0.0
2000-07-26,50.86395428122494,49.69084523688602,50.86395428122494,49.69084523688602,0.0
2000-07-27,50.660822898031164,50.86395428122494,50.86395428122494,50.660822898031164,0.0
2000-07-28,44.69682142281946,50.660822898031164,50.660822898031164,44.69682142281946,0.0
2000-07-31,37.39590264120537,44.69682142281946,44.69682142281946,37.39590264120537,0.0
2000-08-01,40.70210096875568,37.39590264120537,40.70210096875568,37.39590264120537,0.0
2000-08-02,39.077699118429486,40.70210096875568,40.70210096875568,39.077699118429486,0.0
2000-08-03,36.999014047600944,39.077699118429486,39.077699118429486,36.999014047600944,0.0
2000-08-04,41.79778924472364,36.999014047600944,41.79778924472364,36.999014047600944,0.0
2000-08-07,41.36123407570154,41.79778924472364,41.79778924472364,41.36123407570154,0.0
2000-08-08,44.28373128307538,41.36123407570154,44.28373128307538,41.36123407570154,0.0
2000-08-09,46.98055847938611,44.28373128307538,46.98055847938611,44.28373128307538,0.0
2000-08-10,43.2334344950469,46.98055847938611,46.98055847938611,43.2334344950469,0.0
2000-08-11,40.664446938367824,43.2334344950469,43.2334344950469,40.664446938367824,0.0
2000-08-14,42.35917249560622,40.664446938367824,42.35917249560622,40.664446938367824,0.0
2000-08-15,45.05962220512576,42.35917249560622,45.05962220512576,42.35917249560622,0.0
2000-08-16,45.056135448645605,45.05962220512576,45.05962220512576,45.056135448645605,0.0
2000-08-17,46.41524707522089,45.056135448645605,46.41524707522089,45.056135448645605,0.0
2000-08-18,49.09839153614857,46.41524707522089,49.09839153614857,46.41524707522089,0.0
2000-08-21,48.32541208839917,49.09839153614857,49.09839153614857,48.32541208839917,0.0
2000-08-22,48.70216745835849,48.32541208839917,48.70216745835849,48.32541208839917,0.0
2000-08-23,48.698398838257546,48.70216745835849,48.70216745835849,48.698398838257546,0.0
2000-08-24,51.084950255012714,48.698398838257546,51.084950255012714,48.698398838257546,0.0
2000-08-25,53.44943733061987,51.084950255012714,53.44943733061987,51.084950255012714,0.0
2000-08-28,52.58104740136988,53.44943733061987,53.44943733061987,52.58104740136988,0.0
2000-08-29,53.33118342873233,52.58104740136988,53.33118342873233,52.58104740136988,0.0
2000-08-30,54.139192876163996,53.33118342873233,54.139192876163996,53.33118342873233,0.0
2000-08-31,53.92989714911251,54.139192876163996,54.139192876163996,53.92989714911251,0.0
2000-09-01,58.425577817580276,53.92989714911251,58.425577817580276,53.92989714911251,0.0
2000-09-05,60.14583074784625,58.425577817580276,60.14583074784625,58.425577817580276,0.0
2000-09-06,54.646707525135525,60.14583074784625,60.14583074784625,54.646707525135525,0.0
2000-09-07,48.875762895626686,54.646707525135525,54.646707525135525,48.875762895626686,0.0
2000-09-08,52.1176997255039,48.875762895626686,52.1176997255039,48.875762895626686,0.0
2000-09-11,47.33339752725764,52.1176997255039,52.1176997255039,47.33339752725764,0.0
2000-09-12,43.87772158801381,47.33339752725764,47.33339752725764,43.87772158801381,0.0
2000-09-13,41.83553752483173,43.87772158801381,43.87772158801381,41.83553752483173,0.0
2000-09-14,44.75105260953853,41.83553752483173,44.75105260953853,41.83553752483173,0.0
2000-09-15,44.02963156971677,44.75105260953853,44.75105260953853,44.02963156971677,0.0
2000-09-18,41.6295064254727,44.02963156971677,44.02963156971677,41.6295064254727,0.0
2000-09-19,39.66023432974164,41.6295064254727,41.6295064254727,39.66023432974164,0.0
2000-09-20,44.042345646240555,39.66023432974164,44.042345646240555,39.66023432974164,0.0
2000-09-21,46.077102626911426,44.042345646240555,46.077102626911426,44.042345646240555,0.0
2000-09-22,36.03034110622708,46.077102626911426,46.077102626911426,36.03034110622708,0.0
2000-09-25,42.41751593012758,36.03034110622708,42.41751593012758,36.03034110622708,0.0
2000-09-26,39.03399362177387,42.41751593012758,42.41751593012758,39.03399362177387,0.0
2000-09-27,37.696088739046466,39.03399362177387,39.03399362177387,37.696088739046466,0.0
2000-09-28,37.85124119584054,37.696088739046466,37.85124119584054,37.696088739046466,0.0
2000-09-29,40.384115535373006,37.85124119584054,40.384115535373006,37.85124119584054,0.0
2000-10-02,36.659541109764255,40.384115535373006,40.384115535373006,36.659541109764255,0.0
2000-10-03,34.178276280398904,36.659541109764255,36.659541109764255,34.178276280398904,0.0
2000-10-04,30.925280446477057,34.178276280398904,34.178276280398904,30.925280446477057,0.0
2000-10-05,32.71763278663837,30.925280446477057,32.71763278663837,30.925280446477057,0.0
2000-10-06,33.00170523451794,32.71763278663837,33.00170523451794,32.71763278663837,0.0
2000-10-09,29.684578899355113,33.00170523451794,33.00170523451794,29.684578899355113,0.0
2000-10-10,29.27989378971762,29.684578899355113,29.684578899355113,29.27989378971762,0.0
2000-10-11,24.692961177611153,29.27989378971762,29.27989378971762,24.692961177611153,0.0
2000-10-12,23.508671508885698,24.692961177611153,24.692961177611153,23.508671508885698,0.0
2000-10-13,21.733666992184734,23.508671508885698,23.508671508885698,21.733666992184734,0.0
2000-10-16,27.047874172116504,21.733666992184734,27.047874172116504,21.733666992184734,0.0
2000-10-17,27.79478654873106,27.047874172116504,27.79478654873106,27.047874172116504,0.0
2000-10-18,23.979335389457713,27.79478654873106,27.79478654873106,23.979335389457713,0.0
2000-10-19,23.747649842819317,23.979335389457713,23.979335389457713,23.747649842819317,0.0
2000-10-20,30.19650448006006,23.747649842819317,30.19650448006006,23.747649842819317,0.0
2000-10-23,31.52535538515852,30.19650448006006,31.52535538515852,30.19650448006006,0.0
2000-10-24,31.385945739973163,31.52535538515852,31.52535538515852,31.385945739973163,0.0
2000-10-25,27.35499968875723,31.385945739973163,31.385945739973163,27.35499968875723,0.0
2000-10-26,22.752305060836168,27.35499968875723,27.35499968875723,22.752305060836168,0.0
2000-10-27,24.50354880872023,22.752305060836168,24.50354880872023,22.752305060836168,0.0
2000-10-30,24.357803979269693,24.50354880872023,24.50354880872023,24.357803979269693,0.0
2000-10-31,21.648993906747172,24.357803979269693,24.357803979269693,21.648993906747172,0.0
2000-11-01,25.824672463505642,21.648993906747172,25.824672463505642,21.648993906747172,0.0
2000-11-02,25.155938022985122,25.824672463505642,25.824672463505642,25.155938022985122,0.0
2000-11-03,26.085659930700793,25.155938022985122,26.085659930700793,25.155938022985122,0.0
2000-11-06,27.097644321518597,26.085659930700793,27.097644321518597,26.085659930700793,0.0
2000-11-07,26.483877222119524,27.097644321518597,27.097644321518597,26.483877222119524,0.0
2000-11-08,26.18063204145105,26.483877222119524,26.483877222119524,26.18063204145105,0.0
2000-11-09,20.036929673351544,26.18063204145105,26.18063204145105,20.036929673351544,0.0
2000-11-10,20.022941635817745,20.036929673351544,20.036929673351544,20.022941635817745,0.0
2000-11-13,16.896456205635943,20.022941635817745,20.022941635817745,16.896456205635943,0.0
2000-11-14,16.972431796831845,16.896456205635943,16.972431796831845,16.896456205635943,0.0
2000-11-15,19.794315498067554,16.972431796831845,19.794315498067554,16.972431796831845,0.0
2000-11-16,20.991646229213217,19.794315498067554,20.991646229213217,19.794315498067554,0.0
2000-11-17,17.327531872997962,20.991646229213217,20.991646229213217,17.327531872997962,0.0
2000-11-20,17.292761985569395,17.327531872997962,17.327531872997962,17.292761985569395,0.0
2000-11-21,15.176656787541653,17.292761985569395,17.292761985569395,15.176656787541653,0.0
2000-11-22,15.104207554608427,15.176656787541653,15.176656787541653,15.104207554608427,0.0
2000-11-24,13.072902319595737,15.104207554608427,15.104207554608427,13.072902319595737,0.0
2000-11-27,15.316108661910397,13.072902319595737,15.316108661910397,13.072902319595737,0.0
2000-11-28,14.744131619334,15.316108661910397,15.316108661910397,14.744131619334,0.0
2000-11-29,12.129994438380322,14.744131619334,14.744131619334,12.129994438380322,0.0
2000-11-30,10.73044038493149,12.129994438380322,12.129994438380322,10.73044038493149,0.0
2000-12-01,10.753598913781628,10.73044038493149,10.753598913781628,10.73044038493149,0.0
2000-12-04,11.272960961780708,10.753598913781628,11.272960961780708,10.753598913781628,0.0
2000-12-05,11.800514114266045,11.272960961780708,11.800514114266045,11.272960961780708,0.0
2000-12-06,14.897223760153121,11.800514114266045,14.897223760153121,11.800514114266045,0.0
2000-12-07,13.196925145935182,14.897223760153121,14.897223760153121,13.196925145935182,0.0
2000-12-08,12.322582251489715,13.196925145935182,13.196925145935182,12.322582251489715,0.0
2000-12-11,13.155483542662397,12.322582251489715,13.155483542662397,12.322582251489715,0.0
2000-12-12,16.85443528791686,13.155483542662397,16.85443528791686,13.155483542662397,0.0
2000-12-13,15.004824757561286,16.85443528791686,16.85443528791686,15.004824757561286,0.0
2000-12-14,13.168147043692523,15.004824757561286,15.004824757561286,13.168147043692523,0.0
2000-12-15,11.236354331344247,13.168147043692523,13.168147043692523,11.236354331344247,0.0
2000-12-18,10.462042383203547,11.236354331344247,11.236354331344247,10.462042383203547,0.0
2000-12-19,10.522652772455503,10.462042383203547,10.522652772455503,10.462042383203547,0.0
2000-12-20,8.117252868527292,10.522652772455503,10.522652772455503,8.117252868527292,0.0
2000-12-21,6.7201314958920975,8.117252868527292,8.117252868527292,6.7201314958920975,0.0
2000-12-22,6.838298320227961,6.7201314958920975,6.838298320227961,6.7201314958920975,0.0
2000-12-26,8.461570715549353,6.838298320227961,8.461570715549353,6.838298320227961,0.0
2000-12-27,8.618264204235086,8.461570715549353,8.618264204235086,8.461570715549353,0.0
2000-12-28,8.909599504539408,8.618264204235086,8.909599504539408,8.618264204235086,0.0
2000-12-29,8.854635391946747,8.909599504539408,8.909599504539408,8.854635391946747,0.0
2001-01-02,7.529804366104599,8.854635391946747,8.854635391946747,7.529804366104599,0.0
2001-01-03,5.618553596230344,7.529804366104599,7.529804366104599,5.618553596230344,0.0
2001-01-04,8.456970868173258,5.618553596230344,8.456970868173258,5.618553596230344,0.0
2001-01-05,7.999183280439013,8.456970868173258,8.456970868173258,7.999183280439013,0.0
2001-01-08,6.163885769183921,7.999183280439013,7.999183280439013,6.163885769183921,0.0
2001-01-09,6.367514944831101,6.163885769183921,6.367514944831101,6.163885769183921,0.0
2001-01-10,6.3670222204603695,6.367514944831101,6.367514944831101,6.3670222204603695,0.0
2001-01-11,7.346608316556325,6.3670222204603695,7.346608316556325,6.3670222204603695,0.0
2001-01-12,7.986854510881668,7.346608316556325,7.986854510881668,7.346608316556325,0.0
2001-01-16,8.29451677573976,7.986854510881668,8.29451677573976,7.986854510881668,0.0
2001-01-17,7.996391167815906,8.29451677573976,8.29451677573976,7.996391167815906,0.0
2001-01-18,8.727477076061163,7.996391167815906,8.727477076061163,7.996391167815906,0.0
2001-01-19,9.828415412934273,8.727477076061163,9.828415412934273,8.727477076061163,0.0
2001-01-22,9.716912060815202,9.828415412934273,9.828415412934273,9.716912060815202,0.0
2001-01-23,9.74362749661538,9.716912060815202,9.74362749661538,9.716912060815202,0.0
2001-01-24,10.355299662525756,9.74362749661538,10.355299662525756,9.74362749661538,0.0
2001-01-25,10.060813173871479,10.355299662525756,10.355299662525756,10.060813173871479,0.0
2001-01-26,8.879711507342439,10.060813173871479,10.060813173871479,8.879711507342439,0.0
2001-01-29,9.311399601317339,8.879711507342439,9.311399601317339,8.879711507342439,0.0
2001-01-30,9.929958573971739,9.311399601317339,9.929958573971739,9.311399601317339,0.0
2001-01-31,9.81802778037546,9.929958573971739,9.929958573971739,9.81802778037546,0.0
2001-02-01,8.736191314418857,9.81802778037546,9.81802778037546,8.736191314418857,0.0
2001-02-02,9.081962764482316,8.736191314418857,9.081962764482316,8.736191314418857,0.0
2001-02-05,7.575731551845406,9.081962764482316,9.081962764482316,7.575731551845406,0.0
2001-02-06,7.556692287751624,7.575731551845406,7.575731551845406,7.556692287751624,0.0
2001-02-07,7.592960812226085,7.556692287751624,7.592960812226085,7.556692287751624,0.0
2001-02-08,7.222592437969057,7.592960812226085,7.592960812226085,7.222592437969057,0.0
2001-02-09,6.574854388918991,7.222592437969057,7.222592437969057,6.574854388918991,0.0
2001-02-12,5.772481380856123,6.574854388918991,6.574854388918991,5.772481380856123,0.0
2001-02-13,5.980827440134198,5.772481380856123,5.980827440134198,5.772481380856123,0.0
2001-02-14,5.405123734009578,5.980827440134198,5.980827440134198,5.405123734009578,0.0
2001-02-15,6.050384300209209,5.405123734009578,6.050384300209209,5.405123734009578,0.0
2001-02-16,6.350059799325172,6.050384300209209,6.350059799325172,6.050384300209209,0.0
2001-02-20,5.282892893543555,6.350059799325172,6.350059799325172,5.282892893543555,0.0
2001-02-21,4.6672821766353865,5.282892893543555,5.282892893543555,4.6672821766353865,0.0
2001-02-22,4.273214322235512,4.6672821766353865,4.6672821766353865,4.273214322235512,0.0
2001-02-23,4.1484142329001426,4.273214322235512,4.273214322235512,4.1484142329001426,0.0
2001-02-26,4.192021473286626,4.1484142329001426,4.192021473286626,4.1484142329001426,0.0
2001-02-27,4.430048777057494,4.192021473286626,4.430048777057494,4.192021473286626,0.0
2001-02-28,3.6269444059671088,4.430048777057494,4.430048777057494,3.6269444059671088,0.0
2001-03-01,3.282476359485301,3.6269444059671088,3.6269444059671088,3.282476359485301,0.0
2001-03-02,3.562391636787047,3.282476359485301,3.562391636787047,3.282476359485301,0.0
2001-03-05,3.102212878184326,3.562391636787047,3.562391636787047,3.102212878184326,0.0
2001-03-06,3.271363841513188,3.102212878184326,3.271363841513188,3.102212878184326,0.0
2001-03-07,3.6529459288280535,3.271363841513188,3.6529459288280535,3.271363841513188,0.0
2001-03-08,3.657101206596104,3.6529459288280535,3.657101206596104,3.6529459288280535,0.0
2001-03-09,3.452573456334039,3.657101206596104,3.657101206596104,3.452573456334039,0.0
2001-03-12,2.726197885436106,3.452573456334039,3.452573456334039,2.726197885436106,0.0
2001-03-13,2.218225658254314,2.726197885436106,2.726197885436106,2.218225658254314,0.0
2001-03-14,2.556292518214842,2.218225658254314,2.556292518214842,2.218225658254314,0.0
2001-03-15,2.4353274630557897,2.556292518214842,2.556292518214842,2.4353274630557897,0.0
2001-03-16,2.1679471370825683,2.4353274630557897,2.4353274630557897,2.1679471370825683,0.0
2001-03-19,2.0211936812759133,2.1679471370825683,2.1679471370825683,2.0211936812759133,0.0
2001-03-20,2.32421966294233,2.0211936812759133,2.32421966294233,2.0211936812759133,0.0
2001-03-21,1.8550046978104047,2.32421966294233,2.32421966294233,1.8550046978104047,0.0
2001-03-22,1.854861155780217,1.8550046978104047,1.8550046978104047,1.854861155780217,0.0
2001-03-23,2.192587576822871,1.854861155780217,2.192587576822871,1.854861155780217,0.0
2001-03-26,2.1924179123079974,2.192587576822871,2.192587576822871,2.1924179123079974,0.0
2001-03-27,2.0401113822197994,2.1924179123079974,2.1924179123079974,2.0401113822197994,0.0
2001-03-28,2.250747764883896,2.0401113822197994,2.250747764883896,2.0401113822197994,0.0
2001-03-29,1.69634224653799,2.250747764883896,2.250747764883896,1.69634224653799,0.0
2001-03-30,1.600071122687561,1.69634224653799,1.69634224653799,1.600071122687561,0.0
2001-04-02,1.6245957539841593,1.600071122687561,1.6245957539841593,1.600071122687561,0.0
2001-04-03,1.4066121009857182,1.6245957539841593,1.6245957539841593,1.4066121009857182,0.0
2001-04-04,1.0973508978617066,1.4066121009857182,1.4066121009857182,1.0973508978617066,0.0
2001-04-05,1.0393252231073467,1.0973508978617066,1.0973508978617066,1.0393252231073467,0.0
2001-04-06,1.3377659854564166,1.0393252231073467,1.3377659854564166,1.0393252231073467,0.0
2001-04-09,1.191371475373548,1.3377659854564166,1.3377659854564166,1.191371475373548,0.0
2001-04-10,1.3006405200409954,1.191371475373548,1.3006405200409954,1.191371475373548,0.0
2001-04-11,1.5901568165617803,1.3006405200409954,1.5901568165617803,1.3006405200409954,0.0
2001-04-12,1.7338664623512674,1.5901568165617803,1.7338664623512674,1.5901568165617803,0.0
2001-04-16,1.9620945776611831,1.7338664623512674,1.9620945776611831,1.7338664623512674,0.0
2001-04-17,1.6112411338995358,1.9620945776611831,1.9620945776611831,1.6112411338995358,0.0
2001-04-18,1.7312085933248504,1.6112411338995358,1.7312085933248504,1.6112411338995358,0.0
2001-04-19,2.272472972484311,1.7312085933248504,2.272472972484311,1.7312085933248504,0.0
2001-04-20,2.6838891401238656,2.272472972484311,2.6838891401238656,2.272472972484311,0.0
2001-04-23,2.7003484209177206,2.6838891401238656,2.7003484209177206,2.6838891401238656,0.0
2001-04-24,2.1561629096016337,2.7003484209177206,2.7003484209177206,2.1561629096016337,0.0
2001-04-25,2.0342174363919656,2.1561629096016337,2.1561629096016337,2.0342174363919656,0.0
2001-04-26,2.1442682448207617,2.0342174363919656,2.1442682448207617,2.0342174363919656,0.0
2001-04-27,1.9800712923610257,2.1442682448207617,2.1442682448207617,1.9800712923610257,0.0
2001-04-30,2.1421094488305226,1.9800712923610257,2.1421094488305226,1.9800712923610257,0.0
2001-05-01,2.2842760966942897,2.1421094488305226,2.2842760966942897,2.1421094488305226,0.0
2001-05-02,2.5662368680432843,2.2842760966942897,2.5662368680432843,2.2842760966942897,0.0
2001-05-03,2.7150409265967586,2.5662368680432843,2.7150409265967586,2.5662368680432843,0.0
2001-05-04,2.3523079960772617,2.7150409265967586,2.7150409265967586,2.3523079960772617,0.0
2001-05-07,2.563232295099027,2.3523079960772617,2.563232295099027,2.3523079960772617,0.0
2001-05-08,2.4034943474031074,2.563232295099027,2.563232295099027,2.4034943474031074,0.0
2001-05-09,2.556075105035751,2.4034943474031074,2.556075105035751,2.4034943474031074,0.0
2001-05-10,2.2933739835997744,2.556075105035751,2.556075105035751,2.2933739835997744,0.0
2001-05-11,2.1779096755821916,2.2933739835997744,2.2933739835997744,2.1779096755821916,0.0
2001-05-14,2.146338542018715,2.1779096755821916,2.1779096755821916,2.146338542018715,0.0
2001-05-15,2.042977915963012,2.146338542018715,2.146338542018715,2.042977915963012,0.0
2001-05-16,2.0879450613886426,2.042977915963012,2.0879450613886426,2.042977915963012,0.0
2001-05-17,2.365255428765537,2.0879450613886426,2.365255428765537,2.0879450613886426,0.0
2001-05-18,2.4779391704712337,2.365255428765537,2.4779391704712337,2.365255428765537,0.0
2001-05-21,2.499475471164401,2.4779391704712337,2.499475471164401,2.4779391704712337,0.0
2001-05-22,2.9691042308279574,2.499475471164401,2.9691042308279574,2.499475471164401,0.0
2001-05-23,2.9427043418167615,2.9691042308279574,2.9691042308279574,2.9427043418167615,0.0
2001-05-24,2.552233184264046,2.9427043418167615,2.9427043418167615,2.552233184264046,0.0
2001-05-25,2.7487658134318855,2.552233184264046,2.7487658134318855,2.552233184264046,0.0
2001-05-29,2.598168612540078,2.7487658134318855,2.7487658134318855,2.598168612540078,0.0
2001-05-30,2.1413370686847064,2.598168612540078,2.598168612540078,2.1413370686847064,0.0
2001-05-31,1.9057766060313681,2.1413370686847064,2.1413370686847064,1.9057766060313681,0.0
2001-06-01,1.9442304293246635,1.9057766060313681,1.9442304293246635,1.9057766060313681,0.0
2001-06-04,2.116206178453906,1.9442304293246635,2.116206178453906,1.9442304293246635,0.0
2001-06-05,2.0857106734244395,2.116206178453906,2.116206178453906,2.0857106734244395,0.0
2001-06-06,2.361340581146596,2.0857106734244395,2.361340581146596,2.0857106734244395,0.0
2001-06-07,2.306379972099052,2.361340581146596,2.361340581146596,2.306379972099052,0.0
2001-06-08,2.4839877516905555,2.306379972099052,2.4839877516905555,2.306379972099052,0.0
2001-06-11,2.277219372922223,2.4839877516905555,2.4839877516905555,2.277219372922223,0.0
2001-06-12,2.0894824876367473,2.277219372922223,2.277219372922223,2.0894824876367473,0.0
2001-06-13,2.055291332413681,2.0894824876367473,2.0894824876367473,2.055291332413681,0.0
2001-06-14,1.8868464811015708,2.055291332413681,2.055291332413681,1.8868464811015708,0.0
2001-06-15,1.5944643841361228,1.8868464811015708,1.8868464811015708,1.5944643841361228,0.0
2001-06-18,1.6339656599202417,1.5944643841361228,1.6339656599202417,1.5944643841361228,0.0
2001-06-19,1.568249562017658,1.6339656599202417,1.6339656599202417,1.568249562017658,0.0
2001-06-20,1.5446213839448888,1.568249562017658,1.568249562017658,1.5446213839448888,0.0
2001-06-21,1.6497655373807898,1.5446213839448888,1.6497655373807898,1.5446213839448888,0.0
2001-06-22,1.7167573722006297,1.6497655373807898,1.7167573722006297,1.6497655373807898,0.0
2001-06-25,1.7047434098476615,1.7167573722006297,1.7167573722006297,1.7047434098476615,0.0
2001-06-26,1.7176171320711848,1.7047434098476615,1.7176171320711848,1.7047434098476615,0.0
2001-06-27,1.7353123325024358,1.7176171320711848,1.7353123325024358,1.7176171320711848,0.0
2001-06-28,1.7686767484249428,1.7353123325024358,1.7686767484249428,1.7353123325024358,0.0
2001-06-29,1.8363987062894958,1.7686767484249428,1.8363987062894958,1.7686767484249428,0.0
2001-07-02,2.0039571063503474,1.8363987062894958,2.0039571063503474,1.8363987062894958,0.0
2001-07-03,1.970908958813581,2.0039571063503474,2.0039571063503474,1.970908958813581,0.0
2001-07-05,1.9954762291129562,1.970908958813581,1.9954762291129562,1.970908958813581,0.0
2001-07-06,1.7080664389055984,1.9954762291129562,1.9954762291129562,1.7080664389055984,0.0
2001-07-09,1.4956565930396395,1.7080664389055984,1.7080664389055984,1.4956565930396395,0.0
2001-07-10,1.534322792930755,1.4956565930396395,1.534322792930755,1.4956565930396395,0.0
2001-07-11,1.3687570390598334,1.534322792930755,1.534322792930755,1.3687570390598334,0.0
2001-07-12,1.4193440378189817,1.3687570390598334,1.4193440378189817,1.3687570390598334,0.0
2001-07-13,1.6892574305120638,1.4193440378189817,1.6892574305120638,1.4193440378189817,0.0
2001-07-16,1.6368187282296145,1.6892574305120638,1.6892574305120638,1.6368187282296145,0.0
2001-07-17,1.5456530087043003,1.6368187282296145,1.6368187282296145,1.5456530087043003,0.0
2001-07-18,1.6495501435356106,1.5456530087043003,1.6495501435356106,1.5456530087043003,0.0
2001-07-19,1.4608502760777735,1.6495501435356106,1.6495501435356106,1.4608502760777735,0.0
2001-07-20,1.5649055135923002,1.4608502760777735,1.5649055135923002,1.4608502760777735,0.0
2001-07-23,1.4557870581555112,1.5649055135923002,1.5649055135923002,1.4557870581555112,0.0
2001-07-24,1.3466207209478156,1.4557870581555112,1.4557870581555112,1.3466207209478156,0.0
2001-07-25,1.3007560444047253,1.3466207209478156,1.3466207209478156,1.3007560444047253,0.0
2001-07-26,1.3346735016115614,1.3007560444047253,1.3346735016115614,1.3007560444047253,0.0
2001-07-27,1.3938885615592873,1.3346735016115614,1.3938885615592873,1.3346735016115614,0.0
2001-07-30,1.480261451870419,1.3938885615592873,1.480261451870419,1.3938885615592873,0.0
2001-07-31,1.4536830850229683,1.480261451870419,1.480261451870419,1.4536830850229683,0.0
2001-08-01,1.4598438291915572,1.4536830850229683,1.4598438291915572,1.4536830850229683,0.0
2001-08-02,1.6002637866421903,1.4598438291915572,1.6002637866421903,1.4598438291915572,0.0
2001-08-03,1.6903644888084246,1.6002637866421903,1.6903644888084246,1.6002637866421903,0.0
2001-08-06,1.60592458471644,1.6903644888084246,1.6903644888084246,1.60592458471644,0.0
2001-08-07,1.5299315542439909,1.60592458471644,1.60592458471644,1.5299315542439909,0.0
2001-08-08,1.5060528549187284,1.5299315542439909,1.5299315542439909,1.5060528549187284,0.0
2001-08-09,1.3157226000873554,1.5060528549187284,1.5060528549187284,1.3157226000873554,0.0
2001-08-10,1.3321879968939176,1.3157226000873554,1.3321879968939176,1.3157226000873554,0.0
2001-08-13,1.293759804785556,1.3321879968939176,1.3321879968939176,1.293759804785556,0.0
2001-08-14,1.3726740496191088,1.293759804785556,1.3726740496191088,1.293759804785556,0.0
2001-08-15,1.3224710941628517,1.3726740496191088,1.3726740496191088,1.3224710941628517,0.0
2001-08-16,1.1757893339446215,1.3224710941628517,1.3224710941628517,1.1757893339446215,0.0
2001-08-17,1.217196292822388,1.1757893339446215,1.217196292822388,1.1757893339446215,0.0
2001-08-20,1.050953471546559,1.217196292822388,1.217196292822388,1.050953471546559,0.0
2001-08-21,1.0942878488506045,1.050953471546559,1.0942878488506045,1.050953471546559,0.0
2001-08-22,0.9578466340575391,1.0942878488506045,1.0942878488506045,0.9578466340575391,0.0
2001-08-23,1.0360917114368071,0.9578466340575391,1.0360917114368071,0.9578466340575391,0.0
2001-08-24,1.0054998447645176,1.0360917114368071,1.0360917114368071,1.0054998447645176,0.0
2001-08-27,1.1654609493108752,1.0054998447645176,1.1654609493108752,1.0054998447645176,0.0
2001-08-28,1.1698168385268077,1.1654609493108752,1.1698168385268077,1.1654609493108752,0.0
2001-08-29,1.0600296056754308,1.1698168385268077,1.1698168385268077,1.0600296056754308,0.0
2001-08-30,1.0132309639432102,1.0600296056754308,1.0600296056754308,1.0132309639432102,0.0
2001-08-31,0.9006612654163942,1.0132309639432102,1.0132309639432102,0.9006612654163942,0.0
2001-09-04,0.9349539066761737,0.9006612654163942,0.9349539066761737,0.9006612654163942,0.0
2001-09-05,0.8460568809204644,0.9349539066761737,0.9349539066761737,0.8460568809204644,0.0
2001-09-06,0.8359738525252733,0.8460568809204644,0.8460568809204644,0.8359738525252733,0.0
2001-09-07,0.7343999494286064,0.8359738525252733,0.8359738525252733,0.7343999494286064,0.0
2001-09-10,0.7213454345458143,0.7343999494286064,0.7343999494286064,0.7213454345458143,0.0
2001-09-17,0.7469758813754158,0.7213454345458143,0.7469758813754158,0.7213454345458143,0.0
2001-09-18,0.5563399927656827,0.7469758813754158,0.7469758813754158,0.5563399927656827,0.0
2001-09-19,0.5188506722805148,0.5563399927656827,0.5563399927656827,0.5188506722805148,0.0
2001-09-20,0.49176249714858045,0.5188506722805148,0.5188506722805148,0.49176249714858045,0.0
2001-09-21,0.44249835423341966,0.49176249714858045,0.49176249714858045,0.44249835423341966,0.0
2001-09-24,0.40672313314654707,0.44249835423341966,0.44249835423341966,0.40672313314654707,0.0
2001-09-25,0.468154239873399,0.40672313314654707,0.468154239873399,0.40672313314654707,0.0
2001-09-26,0.47238684182141777,0.468154239873399,0.47238684182141777,0.468154239873399,0.0
2001-09-27,0.42320297091855646,0.47238684182141777,0.47238684182141777,0.42320297091855646,0.0
2001-09-28,0.4147560374462962,0.42320297091855646,0.42320297091855646,0.4147560374462962,0.0
2001-10-01,0.4365682712902619,0.4147560374462962,0.4365682712902619,0.4147560374462962,0.0
2001-10-02,0.425236222880955,0.4365682712902619,0.4365682712902619,0.425236222880955,0.0
2001-10-03,0.4291997713391187,0.425236222880955,0.4291997713391187,0.425236222880955,0.0
2001-10-04,0.5265632635194617,0.4291997713391187,0.5265632635194617,0.4291997713391187,0.0
2001-10-05,0.5418101800500416,0.5265632635194617,0.5418101800500416,0.5265632635194617,0.0
2001-10-08,0.565656202579462,0.5418101800500416,0.565656202579462,0.5418101800500416,0.0
2001-10-09,0.5709557312562313,0.565656202579462,0.5709557312562313,0.565656202579462,0.0
2001-10-10,0.5295144907027926,0.5709557312562313,0.5709557312562313,0.5295144907027926,0.0
2001-10-11,0.6015174883169506,0.5295144907027926,0.6015174883169506,0.5295144907027926,0.0
2001-10-12,0.7236245359972399,0.6015174883169506,0.7236245359972399,0.6015174883169506,0.0
2001-10-15,0.7141847162224896,0.7236245359972399,0.7236245359972399,0.7141847162224896,0.0
2001-10-16,0.7048271316381871,0.7141847162224896,0.7141847162224896,0.7048271316381871,0.0
2001-10-17,0.7391952597609259,0.7048271316381871,0.7391952597609259,0.7048271316381871,0.0
2001-10-18,0.5799230491184194,0.7391952597609259,0.7391952597609259,0.5799230491184194,0.0
2001-10-19,0.6270579372463123,0.5799230491184194,0.6270579372463123,0.5799230491184194,0.0
2001-10-22,0.639427510566872,0.6270579372463123,0.639427510566872,0.6270579372463123,0.0
2001-10-23,0.6908370137296075,0.639427510566872,0.6908370137296075,0.639427510566872,0.0
2001-10-24,0.7016124814583358,0.6908370137296075,0.7016124814583358,0.6908370137296075,0.0
2001-10-25,0.7471437955496809,0.7016124814583358,0.7471437955496809,0.7016124814583358,0.0
2001-10-26,0.837045936957433,0.7471437955496809,0.837045936957433,0.7471437955496809,0.0
2001-10-29,0.7830741807388532,0.837045936957433,0.837045936957433,0.7830741807388532,0.0
2001-10-30,0.654494961036417,0.7830741807388532,0.7830741807388532,0.654494961036417,0.0
2001-10-31,0.6163742826453388,0.654494961036417,0.654494961036417,0.6163742826453388,0.0
2001-11-01,0.6451323974534532,0.6163742826453388,0.6451323974534532,0.6163742826453388,0.0
2001-11-02,0.7272942751485274,0.6451323974534532,0.7272942751485274,0.6451323974534532,0.0
2001-11-05,0.7432899530308508,0.7272942751485274,0.7432899530308508,0.7272942751485274,0.0
2001-11-06,0.8158908656459846,0.7432899530308508,0.8158908656459846,0.7432899530308508,0.0
2001-11-07,0.9110453110265249,0.8158908656459846,0.9110453110265249,0.8158908656459846,0.0
2001-11-08,0.9073976360247717,0.9110453110265249,0.9110453110265249,0.9073976360247717,0.0
2001-11-09,0.87948935781913,0.9073976360247717,0.9073976360247717,0.87948935781913,0.0
2001-11-12,0.8780243346512857,0.87948935781913,0.87948935781913,0.8780243346512857,0.0
2001-11-13,0.896805863834567,0.8780243346512857,0.896805863834567,0.8780243346512857,0.0
2001-11-14,0.9930248649338161,0.896805863834567,0.9930248649338161,0.896805863834567,0.0
2001-11-15,1.014141081973945,0.9930248649338161,1.014141081973945,0.9930248649338161,0.0
2001-11-16,1.0017815843824347,1.014141081973945,1.014141081973945,1.0017815843824347,0.0
2001-11-19,0.9933312292465478,1.0017815843824347,1.0017815843824347,0.9933312292465478,0.0
2001-11-20,1.0780291455564628,0.9933312292465478,1.0780291455564628,0.9933312292465478,0.0
2001-11-21,0.9285827440191912,1.0780291455564628,1.0780291455564628,0.9285827440191912,0.0
2001-11-23,0.9140832447166041,0.9285827440191912,0.9285827440191912,0.9140832447166041,0.0
2001-11-26,0.9753958855511329,0.9140832447166041,0.9753958855511329,0.9140832447166041,0.0
2001-11-27,1.0475808323059737,0.9753958855511329,1.0475808323059737,0.9753958855511329,0.0
2001-11-28,1.043597715330778,1.0475808323059737,1.0475808323059737,1.043597715330778,0.0
2001-11-29,0.9305868634905646,1.043597715330778,1.043597715330778,0.9305868634905646,0.0
2001-11-30,1.0169710473347062,0.9305868634905646,1.0169710473347062,0.9305868634905646,0.0
2001-12-03,0.9939823874439572,1.0169710473347062,1.0169710473347062,0.9939823874439572,0.0
2001-12-04,0.9427660392963431,0.9939823874439572,0.9939823874439572,0.9427660392963431,0.0
2001-12-05,1.0776834224801402,0.9427660392963431,1.0776834224801402,0.9427660392963431,0.0
2001-12-06,1.2375503813283553,1.0776834224801402,1.2375503813283553,1.0776834224801402,0.0
2001-12-07,1.2426522147837142,1.2375503813283553,1.2426522147837142,1.2375503813283553,0.0
2001-12-10,1.1400414490007411,1.2426522147837142,1.2426522147837142,1.1400414490007411,0.0
2001-12-11,1.0801224808056538,1.1400414490007411,1.1400414490007411,1.0801224808056538,0.0
2001-12-12,1.098218326718106,1.0801224808056538,1.098218326718106,1.0801224808056538,0.0
2001-12-13,1.1244992820179225,1.098218326718106,1.1244992820179225,1.098218326718106,0.0
2001-12-14,0.9783037815021539,1.1244992820179225,1.1244992820179225,0.9783037815021539,0.0
2001-12-17,1.0040652174656683,0.9783037815021539,1.0040652174656683,0.9783037815021539,0.0
2001-12-18,1.055804619677991,1.0040652174656683,1.055804619677991,1.0040652174656683,0.0
2001-12-19,1.0914349548968059,1.055804619677991,1.0914349548968059,1.055804619677991,0.0
2001-12-20,1.031830603241214,1.0914349548968059,1.0914349548968059,1.031830603241214,0.0
2001-12-21,0.9003212507892042,1.031830603241214,1.031830603241214,0.9003212507892042,0.0
2001-12-24,0.9482961675750017,0.9003212507892042,0.9482961675750017,0.9003212507892042,0.0
2001-12-26,0.9366938945243085,0.9482961675750017,0.9482961675750017,0.9366938945243085,0.0
2001-12-27,0.9630658347207974,0.9366938945243085,0.9630658347207974,0.9366938945243085,0.0
2001-12-28,0.9862843047280775,0.9630658347207974,0.9862843047280775,0.9630658347207974,0.0
2001-12-31,1.0098731062420592,0.9862843047280775,1.0098731062420592,0.9862843047280775,0.0
2002-01-02,0.9031222601735055,1.0098731062420592,1.0098731062420592,0.9031222601735055,0.0
2002-01-03,0.9866109615066887,0.9031222601735055,0.9866109615066887,0.9031222601735055,0.0
2002-01-04,1.08910723891249,0.9866109615066887,1.08910723891249,0.9866109615066887,0.0
2002-01-07,1.1024073151114244,1.08910723891249,1.1024073151114244,1.08910723891249,0.0
2002-01-08,1.065811839742403,1.1024073151114244,1.1024073151114244,1.065811839742403,0.0
2002-01-09,1.0874561098396092,1.065811839742403,1.0874561098396092,1.065811839742403,0.0
2002-01-10,1.0574910088048355,1.0874561098396092,1.0874561098396092,1.0574910088048355,0.0
2002-01-11,1.0782459556588793,1.0574910088048355,1.0782459556588793,1.0574910088048355,0.0
2002-01-14,1.0367304178777617,1.0782459556588793,1.0782459556588793,1.0367304178777617,0.0
2002-01-15,0.9688889267758455,1.0367304178777617,1.0367304178777617,0.9688889267758455,0.0
2002-01-16,0.9964562944324276,0.9688889267758455,0.9964562944324276,0.9688889267758455,0.0
2002-01-17,0.8807748273446202,0.9964562944324276,0.9964562944324276,0.8807748273446202,0.0
2002-01-18,0.9399856030130918,0.8807748273446202,0.9399856030130918,0.8807748273446202,0.0
2002-01-22,0.8645254015585954,0.9399856030130918,0.9399856030130918,0.8645254015585954,0.0
2002-01-23,0.7844792436117104,0.8645254015585954,0.8645254015585954,0.7844792436117104,0.0
2002-01-24,0.8492343290124003,0.7844792436117104,0.8492343290124003,0.7844792436117104,0.0
2002-01-25,0.8829762215461353,0.8492343290124003,0.8829762215461353,0.8492343290124003,0.0
2002-01-28,0.8754256878194376,0.8829762215461353,0.8829762215461353,0.8754256878194376,0.0
2002-01-29,0.8902379556926268,0.8754256878194376,0.8902379556926268,0.8754256878194376,0.0
2002-01-30,0.8169898124315157,0.8902379556926268,0.8902379556926268,0.8169898124315157,0.0
2002-01-31,0.8356410313108225,0.8169898124315157,0.8356410313108225,0.8169898124315157,0.0
2002-02-01,0.85129785632967,0.8356410313108225,0.85129785632967,0.8356410313108225,0.0
2002-02-04,0.8266956275585284,0.85129785632967,0.85129785632967,0.8266956275585284,0.0
2002-02-05,0.7472987798158542,0.8266956275585284,0.8266956275585284,0.7472987798158542,0.0
2002-02-06,0.7101995826258618,0.7472987798158542,0.7472987798158542,0.7101995826258618,0.0
2002-02-07,0.695475633923581,0.7101995826258618,0.7101995826258618,0.695475633923581,0.0
2002-02-08,0.6450839461204247,0.695475633923581,0.695475633923581,0.6450839461204247,0.0
2002-02-11,0.6989281523885339,0.6450839461204247,0.6989281523885339,0.6450839461204247,0.0
2002-02-12,0.7255398135274634,0.6989281523885339,0.7255398135274634,0.6989281523885339,0.0
2002-02-13,0.707657812593214,0.7255398135274634,0.7255398135274634,0.707657812593214,0.0
2002-02-14,0.7438343532719693,0.707657812593214,0.7438343532719693,0.707657812593214,0.0
2002-02-15,0.7395482064978959,0.7438343532719693,0.7438343532719693,0.7395482064978959,0.0
2002-02-19,0.673316632843896,0.7395482064978959,0.7395482064978959,0.673316632843896,0.0
2002-02-20,0.6111636778567242,0.673316632843896,0.673316632843896,0.6111636778567242,0.0
2002-02-21,0.6359650747225178,0.6111636778567242,0.6359650747225178,0.6111636778567242,0.0
2002-02-22,0.5452710139570005,0.6359650747225178,0.6359650747225178,0.5452710139570005,0.0
2002-02-25,0.553535229465435,0.5452710139570005,0.553535229465435,0.5452710139570005,0.0
2002-02-26,0.6206069863950336,0.553535229465435,0.6206069863950336,0.553535229465435,0.0
2002-02-27,0.6136455858856407,0.6206069863950336,0.6206069863950336,0.6136455858856407,0.0
2002-02-28,0.5882636402227988,0.6136455858856407,0.6136455858856407,0.5882636402227988,0.0
2002-03-01,0.5564120830572006,0.5882636402227988,0.5882636402227988,0.5564120830572006,0.0
2002-03-04,0.6532212751669175,0.5564120830572006,0.6532212751669175,0.5564120830572006,0.0
2002-03-05,0.7304828839007793,0.6532212751669175,0.7304828839007793,0.6532212751669175,0.0
2002-03-06,0.7463525676094032,0.7304828839007793,0.7463525676094032,0.7304828839007793,0.0
2002-03-07,0.757066216387501,0.7463525676094032,0.757066216387501,0.7463525676094032,0.0
2002-03-08,0.7618400150706983,0.757066216387501,0.7618400150706983,0.757066216387501,0.0
2002-03-11,0.8218310100905036,0.7618400150706983,0.8218310100905036,0.7618400150706983,0.0
2002-03-12,0.812841069143221,0.8218310100905036,0.8218310100905036,0.812841069143221,0.0
2002-03-13,0.779234351403622,0.812841069143221,0.812841069143221,0.779234351403622,0.0
2002-03-14,0.7225782502691304,0.779234351403622,0.779234351403622,0.7225782502691304,0.0
2002-03-15,0.7096600385340085,0.7225782502691304,0.7225782502691304,0.7096600385340085,0.0
2002-03-18,0.7309760637586099,0.7096600385340085,0.7309760637586099,0.7096600385340085,0.0
2002-03-19,0.7432883524860845,0.7309760637586099,0.7432883524860845,0.7309760637586099,0.0
2002-03-20,0.7396589528407927,0.7432883524860845,0.7432883524860845,0.7396589528407927,0.0
2002-03-21,0.6612418458011785,0.7396589528407927,0.7396589528407927,0.6612418458011785,0.0
2002-03-22,0.7140021116918849,0.6612418458011785,0.7140021116918849,0.6612418458011785,0.0
2002-03-25,0.694273198255202,0.7140021116918849,0.7140021116918849,0.694273198255202,0.0
2002-03-26,0.6306229983434537,0.694273198255202,0.694273198255202,0.6306229983434537,0.0
2002-03-27,0.6481304845975564,0.6306229983434537,0.6481304845975564,0.6306229983434537,0.0
2002-03-28,0.6329118393533115,0.6481304845975564,0.6481304845975564,0.6329118393533115,0.0
2002-04-01,0.6568563130683538,0.6329118393533115,0.6568563130683538,0.6329118393533115,0.0
2002-04-02,0.69451167916696,0.6568563130683538,0.69451167916696,0.6568563130683538,0.0
2002-04-03,0.6003444583417008,0.69451167916696,0.69451167916696,0.6003444583417008,0.0
2002-04-04,0.5972184369778194,0.6003444583417008,0.6003444583417008,0.5972184369778194,0.0
2002-04-05,0.5833628964734219,0.5972184369778194,0.5972184369778194,0.5833628964734219,0.0
2002-04-08,0.5636812747889731,0.5833628964734219,0.5833628964734219,0.5636812747889731,0.0
2002-04-09,0.5847950673702307,0.5636812747889731,0.5847950673702307,0.5636812747889731,0.0
2002-04-10,0.5237495309143344,0.5847950673702307,0.5847950673702307,0.5237495309143344,0.0
2002-04-11,0.5354033347105016,0.5237495309143344,0.5354033347105016,0.5237495309143344,0.0
2002-04-12,0.4954914569297352,0.5354033347105016,0.5354033347105016,0.4954914569297352,0.0
2002-04-15,0.5188762038570418,0.4954914569297352,0.5188762038570418,0.4954914569297352,0.0
2002-04-16,0.5313747886958182,0.5188762038570418,0.5313747886958182,0.5188762038570418,0.0
2002-04-17,0.5978539379502542,0.5313747886958182,0.5978539379502542,0.5313747886958182,0.0
2002-04-18,0.5886357110456929,0.5978539379502542,0.5978539379502542,0.5886357110456929,0.0
2002-04-19,0.5548049508736305,0.5886357110456929,0.5886357110456929,0.5548049508736305,0.0
2002-04-22,0.5600917842135934,0.5548049508736305,0.5600917842135934,0.5548049508736305,0.0
2002-04-23,0.5176273809727886,0.5600917842135934,0.5600917842135934,0.5176273809727886,0.0
2002-04-24,0.4907737908127282,0.5176273809727886,0.5176273809727886,0.4907737908127282,0.0
2002-04-25,0.4679887098741317,0.4907737908127282,0.4907737908127282,0.4679887098741317,0.0
2002-04-26,0.46449615771323377,0.4679887098741317,0.4679887098741317,0.46449615771323377,0.0
2002-04-29,0.40514474660071703,0.46449615771323377,0.46449615771323377,0.40514474660071703,0.0
2002-04-30,0.4082463416788049,0.40514474660071703,0.4082463416788049,0.40514474660071703,0.0
2002-05-01,0.43222134668435147,0.4082463416788049,0.43222134668435147,0.4082463416788049,0.0
2002-05-02,0.42524040554081116,0.43222134668435147,0.43222134668435147,0.42524040554081116,0.0
2002-05-03,0.3827644500413717,0.42524040554081116,0.42524040554081116,0.3827644500413717,0.0
2002-05-06,0.35375474116447647,0.3827644500413717,0.3827644500413717,0.35375474116447647,0.0
2002-05-07,0.32624957593191695,0.35375474116447647,0.35375474116447647,0.32624957593191695,0.0
2002-05-08,0.3171029785228971,0.32624957593191695,0.32624957593191695,0.3171029785228971,0.0
2002-05-09,0.41883855155656696,0.3171029785228971,0.41883855155656696,0.3171029785228971,0.0
2002-05-10,0.38637478073807235,0.41883855155656696,0.41883855155656696,0.38637478073807235,0.0
2002-05-13,0.3342866898107085,0.38637478073807235,0.38637478073807235,0.3342866898107085,0.0
2002-05-14,0.37497279527412614,0.3342866898107085,0.37497279527412614,0.3342866898107085,0.0
2002-05-15,0.44113737135889214,0.37497279527412614,0.44113737135889214,0.37497279527412614,0.0
2002-05-16,0.45085511513923004,0.44113737135889214,0.45085511513923004,0.44113737135889214,0.0
2002-05-17,0.4528804866015526,0.45085511513923004,0.4528804866015526,0.45085511513923004,0.0
2002-05-20,0.45574054579907064,0.4528804866015526,0.45574054579907064,0.4528804866015526,0.0
2002-05-21,0.4258110312233002,0.45574054579907064,0.45574054579907064,0.4258110312233002,0.0
2002-05-22,0.39087818848141376,0.4258110312233002,0.4258110312233002,0.39087818848141376,0.0
2002-05-23,0.39346777951724365,0.39087818848141376,0.39346777951724365,0.39087818848141376,0.0
2002-05-24,0.4171202773735988,0.39346777951724365,0.4171202773735988,0.39346777951724365,0.0
2002-05-28,0.3862238655260901,0.4171202773735988,0.4171202773735988,0.3862238655260901,0.0
2002-05-29,0.38100169292698943,0.3862238655260901,0.3862238655260901,0.38100169292698943,0.0
2002-05-30,0.35083513429321916,0.38100169292698943,0.38100169292698943,0.35083513429321916,0.0
2002-05-31,0.3598452961605053,0.35083513429321916,0.3598452961605053,0.35083513429321916,0.0
2002-06-03,0.3421432977880414,0.3598452961605053,0.3598452961605053,0.3421432977880414,0.0
2002-06-04,0.3058976483992812,0.3421432977880414,0.3421432977880414,0.3058976483992812,0.0
2002-06-05,0.3179071000507139,0.3058976483992812,0.3179071000507139,0.3058976483992812,0.0
2002-06-06,0.32762827251006843,0.3179071000507139,0.32762827251006843,0.3179071000507139,0.0
2002-06-07,0.301754534078662,0.32762827251006843,0.32762827251006843,0.301754534078662,0.0
2002-06-10,0.28355099025487734,0.301754534078662,0.301754534078662,0.28355099025487734,0.0
2002-06-11,0.28202607222815435,0.28355099025487734,0.28355099025487734,0.28202607222815435,0.0
2002-06-12,0.25834407214739685,0.28202607222815435,0.28202607222815435,0.25834407214739685,0.0
2002-06-13,0.2696136727354723,0.25834407214739685,0.2696136727354723,0.25834407214739685,0.0
2002-06-14,0.26436679309717476,0.2696136727354723,0.2696136727354723,0.26436679309717476,0.0
2002-06-17,0.26262738267852187,0.26436679309717476,0.26436679309717476,0.26262738267852187,0.0
2002-06-18,0.28942113689083954,0.26262738267852187,0.28942113689083954,0.26262738267852187,0.0
2002-06-19,0.3033834884485021,0.28942113689083954,0.3033834884485021,0.28942113689083954,0.0
2002-06-20,0.2506701941166774,0.3033834884485021,0.3033834884485021,0.2506701941166774,0.0
2002-06-21,0.22644602396631405,0.2506701941166774,0.2506701941166774,0.22644602396631405,0.0
2002-06-24,0.20999701493230905,0.22644602396631405,0.22644602396631405,0.20999701493230905,0.0
2002-06-25,0.2224242852799826,0.20999701493230905,0.2224242852799826,0.20999701493230905,0.0
2002-06-26,0.2003587457457488,0.2224242852799826,0.2224242852799826,0.2003587457457488,0.0
2002-06-27,0.2048291078880159,0.2003587457457488,0.2048291078880159,0.2003587457457488,0.0
2002-06-28,0.2182288699617131,0.2048291078880159,0.2182288699617131,0.2048291078880159,0.0
2002-07-01,0.21546430123532154,0.2182288699617131,0.2182288699617131,0.21546430123532154,0.0
2002-07-02,0.1844903528067137,0.21546430123532154,0.21546430123532154,0.1844903528067137,0.0
2002-07-03,0.16443070730245588,0.1844903528067137,0.1844903528067137,0.16443070730245588,0.0
2002-07-05,0.18089534612913374,0.16443070730245588,0.18089534612913374,0.16443070730245588,0.0
2002-07-08,0.21574488146063617,0.18089534612913374,0.21574488146063617,0.18089534612913374,0.0
2002-07-09,0.19213872184134936,0.21574488146063617,0.21574488146063617,0.19213872184134936,0.0
2002-07-10,0.17577162669318494,0.19213872184134936,0.19213872184134936,0.17577162669318494,0.0
2002-07-11,0.1595067030533325,0.17577162669318494,0.17577162669318494,0.1595067030533325,0.0
2002-07-12,0.17751384793735966,0.1595067030533325,0.17751384793735966,0.1595067030533325,0.0
2002-07-15,0.1775001117467455,0.17751384793735966,0.17751384793735966,0.1775001117467455,0.0
2002-07-16,0.19401964153526208,0.1775001117467455,0.19401964153526208,0.1775001117467455,0.0
2002-07-17,0.18535469320495687,0.19401964153526208,0.19401964153526208,0.18535469320495687,0.0
2002-07-18,0.1954947347986859,0.18535469320495687,0.1954947347986859,0.18535469320495687,0.0
2002-07-19,0.17444390756958356,0.1954947347986859,0.1954947347986859,0.17444390756958356,0.0
2002-07-22,0.15877060680845842,0.17444390756958356,0.17444390756958356,0.15877060680845842,0.0
2002-07-23,0.14704411843536927,0.15877060680845842,0.15877060680845842,0.14704411843536927,0.0
2002-07-24,0.12818086431630427,0.14704411843536927,0.14704411843536927,0.12818086431630427,0.0
2002-07-25,0.14911483220020863,0.12818086431630427,0.14911483220020863,0.12818086431630427,0.0
2002-07-26,0.12315656895636987,0.14911483220020863,0.14911483220020863,0.12315656895636987,0.0
2002-07-29,0.1301212966087752,0.12315656895636987,0.1301212966087752,0.12315656895636987,0.0
2002-07-30,0.15008605555526322,0.1301212966087752,0.15008605555526322,0.1301212966087752,0.0
2002-07-31,0.15914370877860665,0.15008605555526322,0.15914370877860665,0.15008605555526322,0.0
2002-08-01,0.15009712035864195,0.15914370877860665,0.15914370877860665,0.15009712035864195,0.0
2002-08-02,0.1289396836609978,0.15009712035864195,0.15009712035864195,0.1289396836609978,0.0
2002-08-05,0.12076110807777873,0.1289396836609978,0.1289396836609978,0.12076110807777873,0.0
2002-08-06,0.10756315502423056,0.12076110807777873,0.12076110807777873,0.10756315502423056,0.0
2002-08-07,0.12350850279816371,0.10756315502423056,0.12350850279816371,0.10756315502423056,0.0
2002-08-08,0.12843939703471355,0.12350850279816371,0.12843939703471355,0.12350850279816371,0.0
2002-08-09,0.14144219436941968,0.12843939703471355,0.14144219436941968,0.12843939703471355,0.0
2002-08-12,0.13711073397683984,0.14144219436941968,0.14144219436941968,0.13711073397683984,0.0
2002-08-13,0.13833430344606257,0.13711073397683984,0.13833430344606257,0.13711073397683984,0.0
2002-08-14,0.12413545605502864,0.13833430344606257,0.13833430344606257,0.12413545605502864,0.0
2002-08-15,0.1478543540505936,0.12413545605502864,0.1478543540505936,0.12413545605502864,0.0
2002-08-16,0.15688405461080712,0.1478543540505936,0.15688405461080712,0.1478543540505936,0.0
2002-08-19,0.16013366180172975,0.15688405461080712,0.16013366180172975,0.15688405461080712,0.0
2002-08-20,0.1717907930058944,0.16013366180172975,0.1717907930058944,0.16013366180172975,0.0
2002-08-21,0.1695368965445487,0.1717907930058944,0.1717907930058944,0.1695368965445487,0.0
2002-08-22,0.18083082600152753,0.1695368965445487,0.18083082600152753,0.1695368965445487,0.0
2002-08-23,0.18945442099708906,0.18083082600152753,0.18945442099708906,0.18083082600152753,0.0
2002-08-26,0.16749594041772392,0.18945442099708906,0.18945442099708906,0.16749594041772392,0.0
2002-08-27,0.1694810633164216,0.16749594041772392,0.1694810633164216,0.16749594041772392,0.0
2002-08-28,0.15174806086894146,0.1694810633164216,0.1694810633164216,0.15174806086894146,0.0
2002-08-29,0.13511033723440125,0.15174806086894146,0.15174806086894146,0.13511033723440125,0.0
2002-08-30,0.14045159826706055,0.13511033723440125,0.14045159826706055,0.13511033723440125,0.0
2002-09-03,0.13512722465718607,0.14045159826706055,0.14045159826706055,0.13512722465718607,0.0
2002-09-04,0.1204479381416698,0.13512722465718607,0.13512722465718607,0.1204479381416698,0.0
2002-09-05,0.121874891708264,0.1204479381416698,0.121874891708264,0.1204479381416698,0.0
2002-09-06,0.11285753937507573,0.121874891708264,0.121874891708264,0.11285753937507573,0.0
2002-09-09,0.12323378448215036,0.11285753937507573,0.12323378448215036,0.11285753937507573,0.0
2002-09-10,0.12694544869813018,0.12323378448215036,0.12694544869813018,0.12323378448215036,0.0
2002-09-11,0.13634096705829601,0.12694544869813018,0.13634096705829601,0.12694544869813018,0.0
2002-09-12,0.13287155551712493,0.13634096705829601,0.13634096705829601,0.13287155551712493,0.0
2002-09-13,0.12198210525773973,0.13287155551712493,0.13287155551712493,0.12198210525773973,0.0
2002-09-16,0.12486059352081366,0.12198210525773973,0.12486059352081366,0.12198210525773973,0.0
2002-09-17,0.11947414560239959,0.12486059352081366,0.12486059352081366,0.11947414560239959,0.0
2002-09-18,0.11187244374633995,0.11947414560239959,0.11947414560239959,0.11187244374633995,0.0
2002-09-19,0.10808090059009791,0.11187244374633995,0.11187244374633995,0.10808090059009791,0.0
2002-09-20,0.10289753917768713,0.10808090059009791,0.10808090059009791,0.10289753917768713,0.0
2002-09-23,0.10417703663401687,0.10289753917768713,0.10417703663401687,0.10289753917768713,0.0
2002-09-24,0.09479452445623461,0.10417703663401687,0.10417703663401687,0.09479452445623461,0.0
2002-09-25,0.09492254736894364,0.09479452445623461,0.09492254736894364,0.09479452445623461,0.0
2002-09-26,0.10628959059743215,0.09492254736894364,0.10628959059743215,0.09492254736894364,0.0
2002-09-27,0.10234453421350546,0.10628959059743215,0.10628959059743215,0.10234453421350546,0.0
2002-09-30,0.09821466619132932,0.10234453421350546,0.10234453421350546,0.09821466619132932,0.0
2002-10-01,0.09004934367460678,0.09821466619132932,0.09821466619132932,0.09004934367460678,0.0
2002-10-02,0.1064703476237816,0.09004934367460678,0.1064703476237816,0.09004934367460678,0.0
2002-10-03,0.0958537614526666,0.1064703476237816,0.1064703476237816,0.0958537614526666,0.0
2002-10-04,0.08894476922713597,0.0958537614526666,0.0958537614526666,0.08894476922713597,0.0
2002-10-07,0.08392034260196556,0.08894476922713597,0.08894476922713597,0.08392034260196556,0.0
2002-10-08,0.08156344658933859,0.08392034260196556,0.08392034260196556,0.08156344658933859,0.0
2002-10-09,0.08204237487213471,0.08156344658933859,0.08204237487213471,0.08156344658933859,0.0
2002-10-10,0.08033018573228949,0.08204237487213471,0.08204237487213471,0.08033018573228949,0.0
2002-10-11,0.09257772639071499,0.08033018573228949,0.09257772639071499,0.08033018573228949,0.0
2002-10-14,0.10759040739987162,0.09257772639071499,0.10759040739987162,0.09257772639071499,0.0
2002-10-15,0.11135872782096502,0.10759040739987162,0.11135872782096502,0.10759040739987162,0.0
2002-10-16,0.12740023655257182,0.11135872782096502,0.12740023655257182,0.11135872782096502,0.0
2002-10-17,0.11473673423855942,0.12740023655257182,0.12740023655257182,0.11473673423855942,0.0
2002-10-18,0.12636279960039654,0.11473673423855942,0.12636279960039654,0.11473673423855942,0.0
2002-10-21,0.13053815081497291,0.12636279960039654,0.13053815081497291,0.12636279960039654,0.0
2002-10-22,0.13842302463727268,0.13053815081497291,0.13842302463727268,0.13053815081497291,0.0
2002-10-23,0.13584757981600065,0.13842302463727268,0.13842302463727268,0.13584757981600065,0.0
2002-10-24,0.14360322011713367,0.13584757981600065,0.14360322011713367,0.13584757981600065,0.0
2002-10-25,0.13273425465740032,0.14360322011713367,0.14360322011713367,0.13273425465740032,0.0
2002-10-28,0.14468010201129644,0.13273425465740032,0.14468010201129644,0.13273425465740032,0.0
2002-10-29,0.14097862721564727,0.14468010201129644,0.14468010201129644,0.14097862721564727,0.0
2002-10-30,0.13112398996775076,0.14097862721564727,0.14097862721564727,0.13112398996775076,0.0
2002-10-31,0.1416390160716969,0.13112398996775076,0.1416390160716969,0.13112398996775076,0.0
2002-11-01,0.14145476355334882,0.1416390160716969,0.1416390160716969,0.14145476355334882,0.0
2002-11-04,0.15354392082747015,0.14145476355334882,0.15354392082747015,0.14145476355334882,0.0
2002-11-05,0.16538995843380824,0.15354392082747015,0.16538995843380824,0.15354392082747015,0.0
2002-11-06,0.169208427114015,0.16538995843380824,0.169208427114015,0.16538995843380824,0.0
2002-11-07,0.17639178027938338,0.169208427114015,0.17639178027938338,0.169208427114015,0.0
2002-11-08,0.15778578662519938,0.17639178027938338,0.17639178027938338,0.15778578662519938,0.0
2002-11-11,0.14906274955216503,0.15778578662519938,0.15778578662519938,0.14906274955216503,0.0
2002-11-12,0.1354947910594738,0.14906274955216503,0.14906274955216503,0.1354947910594738,0.0
2002-11-13,0.14585106183255903,0.1354947910594738,0.14585106183255903,0.1354947910594738,0.0
2002-11-14,0.15110519508703235,0.14585106183255903,0.15110519508703235,0.14585106183255903,0.0
2002-11-15,0.16672496634288828,0.15110519508703235,0.16672496634288828,0.15110519508703235,0.0
2002-11-18,0.17322791126944975,0.16672496634288828,0.17322791126944975,0.16672496634288828,0.0
2002-11-19,0.1655487341234698,0.17322791126944975,0.17322791126944975,0.1655487341234698,0.0
2002-11-20,0.15791006558583853,0.1655487341234698,0.1655487341234698,0.15791006558583853,0.0
2002-11-21,0.17802915367442357,0.15791006558583853,0.17802915367442357,0.15791006558583853,0.0
2002-11-22,0.19778896338139873,0.17802915367442357,0.19778896338139873,0.17802915367442357,0.0
2002-11-25,0.19755962175638778,0.19778896338139873,0.19778896338139873,0.19755962175638778,0.0
2002-11-26,0.20331705714598342,0.19755962175638778,0.20331705714598342,0.19755962175638778,0.0
2002-11-27,0.18281724485562653,0.20331705714598342,0.20331705714598342,0.18281724485562653,0.0
2002-11-29,0.2002399719931616,0.18281724485562653,0.2002399719931616,0.18281724485562653,0.0
2002-12-02,0.19613501242379985,0.2002399719931616,0.2002399719931616,0.19613501242379985,0.0
2002-12-03,0.20206310990084703,0.19613501242379985,0.20206310990084703,0.19613501242379985,0.0
2002-12-04,0.18407849551923888,0.20206310990084703,0.20206310990084703,0.18407849551923888,0.0
2002-12-05,0.17186914062068456,0.18407849551923888,0.18407849551923888,0.17186914062068456,0.0
2002-12-06,0.16467584393858783,0.17186914062068456,0.17186914062068456,0.16467584393858783,0.0
2002-12-09,0.1697542429928842,0.16467584393858783,0.1697542429928842,0.16467584393858783,0.0
2002-12-10,0.1456917722206772,0.1697542429928842,0.1697542429928842,0.1456917722206772,0.0
2002-12-11,0.15226637753845484,0.1456917722206772,0.15226637753845484,0.1456917722206772,0.0
2002-12-12,0.15439555677256678,0.15226637753845484,0.15439555677256678,0.15226637753845484,0.0
2002-12-13,0.15690489752105277,0.15439555677256678,0.15690489752105277,0.15439555677256678,0.0
2002-12-16,0.14196682568858054,0.15690489752105277,0.15690489752105277,0.14196682568858054,0.0
2002-12-17,0.15573306430546785,0.14196682568858054,0.15573306430546785,0.14196682568858054,0.0
2002-12-18,0.15716686310022188,0.15573306430546785,0.15716686310022188,0.15573306430546785,0.0
2002-12-19,0.14715364007656492,0.15716686310022188,0.15716686310022188,0.14715364007656492,0.0
2002-12-20,0.141575988930627,0.14715364007656492,0.14715364007656492,0.141575988930627,0.0
2002-12-23,0.14597179544575561,0.141575988930627,0.14597179544575561,0.141575988930627,0.0
2002-12-24,0.15201374631313974,0.14597179544575561,0.15201374631313974,0.14597179544575561,0.0
2002-12-26,0.14631699971287762,0.15201374631313974,0.15201374631313974,0.14631699971287762,0.0
2002-12-27,0.14509353840216382,0.14631699971287762,0.14631699971287762,0.14509353840216382,0.0
2002-12-30,0.13716210306065257,0.14509353840216382,0.14509353840216382,0.13716210306065257,0.0
2002-12-31,0.13400135881642916,0.13716210306065257,0.13716210306065257,0.13400135881642916,0.0
2003-01-02,0.1297475142677933,0.13400135881642916,0.13400135881642916,0.1297475142677933,0.0
2003-01-03,0.14618865733211972,0.1297475142677933,0.14618865733211972,0.1297475142677933,0.0
2003-01-06,0.15101203428048432,0.14618865733211972,0.15101203428048432,0.14618865733211972,0.0
2003-01-07,0.16229095091919213,0.15101203428048432,0.16229095091919213,0.15101203428048432,0.0
2003-01-08,0.1683827786982258,0.16229095091919213,0.1683827786982258,0.16229095091919213,0.0
2003-01-09,0.15415367809922345,0.1683827786982258,0.1683827786982258,0.15415367809922345,0.0
2003-01-10,0.1684260241477947,0.15415367809922345,0.1684260241477947,0.15415367809922345,0.0
2003-01-13,0.17598277152559316,0.1684260241477947,0.17598277152559316,0.1684260241477947,0.0
2003-01-14,0.1728523073140317,0.17598277152559316,0.17598277152559316,0.1728523073140317,0.0
2003-01-15,0.17553357284051072,0.1728523073140317,0.17553357284051072,0.1728523073140317,0.0
2003-01-16,0.16890850376679176,0.17553357284051072,0.17553357284051072,0.16890850376679176,0.0
2003-01-17,0.163210365605004,0.16890850376679176,0.16890850376679176,0.163210365605004,0.0
2003-01-21,0.14227176473865946,0.163210365605004,0.163210365605004,0.14227176473865946,0.0
2003-01-22,0.13753879873581504,0.14227176473865946,0.14227176473865946,0.13753879873581504,0.0
2003-01-23,0.13587975569344712,0.13753879873581504,0.13753879873581504,0.13587975569344712,0.0
2003-01-24,0.1453530484454138,0.13587975569344712,0.1453530484454138,0.13587975569344712,0.0
2003-01-27,0.13354724116729932,0.1453530484454138,0.1453530484454138,0.13354724116729932,0.0
2003-01-28,0.12885573086533983,0.13354724116729932,0.13354724116729932,0.12885573086533983,0.0
2003-01-29,0.13278546742253586,0.12885573086533983,0.13278546742253586,0.12885573086533983,0.0
2003-01-30,0.1387231043891433,0.13278546742253586,0.1387231043891433,0.13278546742253586,0.0
2003-01-31,0.12795662266291213,0.1387231043891433,0.1387231043891433,0.12795662266291213,0.0
2003-02-03,0.12700666762702414,0.12795662266291213,0.12795662266291213,0.12700666762702414,0.0
2003-02-04,0.1277762637102187,0.12700666762702414,0.1277762637102187,0.12700666762702414,0.0
2003-02-05,0.123070568215095,0.1277762637102187,0.1277762637102187,0.123070568215095,0.0
2003-02-06,0.12138229478826362,0.123070568215095,0.123070568215095,0.12138229478826362,0.0
2003-02-07,0.12333861052307832,0.12138229478826362,0.12333861052307832,0.12138229478826362,0.0
2003-02-10,0.11721564033732279,0.12333861052307832,0.12333861052307832,0.11721564033732279,0.0
2003-02-11,0.12030815065323629,0.11721564033732279,0.12030815065323629,0.11721564033732279,0.0
2003-02-12,0.1222523276331095,0.12030815065323629,0.1222523276331095,0.12030815065323629,0.0
2003-02-13,0.11723116473784241,0.1222523276331095,0.1222523276331095,0.11723116473784241,0.0
2003-02-14,0.11899388166407124,0.11723116473784241,0.11899388166407124,0.11723116473784241,0.0
2003-02-18,0.12718594074262762,0.11899388166407124,0.12718594074262762,0.11899388166407124,0.0
2003-02-19,0.13901703142757257,0.12718594074262762,0.13901703142757257,0.12718594074262762,0.0
2003-02-20,0.13619837521292277,0.13901703142757257,0.13901703142757257,0.13619837521292277,0.0
2003-02-21,0.13455857098762322,0.13619837521292277,0.13619837521292277,0.13455857098762322,0.0
2003-02-24,0.13761855645289794,0.13455857098762322,0.13761855645289794,0.13455857098762322,0.0
2003-02-25,0.13055504250203318,0.13761855645289794,0.13761855645289794,0.13055504250203318,0.0
2003-02-26,0.13101978758231395,0.13055504250203318,0.13101978758231395,0.13055504250203318,0.0
2003-02-27,0.12228208383163712,0.13101978758231395,0.13101978758231395,0.12228208383163712,0.0
2003-02-28,0.13060311783769268,0.12228208383163712,0.13060311783769268,0.12228208383163712,0.0
2003-03-03,0.1367619709889908,0.13060311783769268,0.1367619709889908,0.13060311783769268,0.0
2003-03-04,0.12843473049612292,0.1367619709889908,0.1367619709889908,0.12843473049612292,0.0
2003-03-05,0.1260801603580191,0.12843473049612292,0.12843473049612292,0.1260801603580191,0.0
2003-03-06,0.12684221253417616,0.1260801603580191,0.12684221253417616,0.1260801603580191,0.0
2003-03-07,0.12590246363115837,0.12684221253417616,0.12684221253417616,0.12590246363115837,0.0
2003-03-10,0.12666382638740667,0.12590246363115837,0.12666382638740667,0.12590246363115837,0.0
2003-03-11,0.11844720743848274,0.12666382638740667,0.12666382638740667,0.11844720743848274,0.0
2003-03-12,0.11533014854706596,0.11844720743848274,0.11844720743848274,0.11533014854706596,0.0
2003-03-13,0.12157231537821228,0.11533014854706596,0.12157231537821228,0.11533014854706596,0.0
2003-03-14,0.14248568917051083,0.12157231537821228,0.14248568917051083,0.12157231537821228,0.0
2003-03-17,0.14414287396697661,0.14248568917051083,0.14414287396697661,0.14248568917051083,0.0
2003-03-18,0.15892708703198916,0.14414287396697661,0.15892708703198916,0.14414287396697661,0.0
2003-03-19,0.16483000814873913,0.15892708703198916,0.16483000814873913,0.15892708703198916,0.0
2003-03-20,0.16059370020122915,0.16483000814873913,0.16483000814873913,0.16059370020122915,0.0
2003-03-21,0.16238580582308745,0.16059370020122915,0.16238580582308745,0.16059370020122915,0.0
2003-03-24,0.16909900865267793,0.16238580582308745,0.16909900865267793,0.16238580582308745,0.0
2003-03-25,0.14798741917840608,0.16909900865267793,0.16909900865267793,0.14798741917840608,0.0
2003-03-26,0.154284075715111,0.14798741917840608,0.154284075715111,0.14798741917840608,0.0
2003-03-27,0.15690136009512728,0.154284075715111,0.15690136009512728,0.154284075715111,0.0
2003-03-28,0.15352189954886283,0.15690136009512728,0.15690136009512728,0.15352189954886283,0.0
2003-03-31,0.14844499052964844,0.15352189954886283,0.15352189954886283,0.14844499052964844,0.0
2003-04-01,0.1342605112067467,0.14844499052964844,0.14844499052964844,0.1342605112067467,0.0
2003-04-02,0.13744059004402212,0.1342605112067467,0.13744059004402212,0.1342605112067467,0.0
2003-04-03,0.14877058910785232,0.13744059004402212,0.14877058910785232,0.13744059004402212,0.0
2003-04-04,0.1543913672688467,0.14877058910785232,0.1543913672688467,0.14877058910785232,0.0
2003-04-07,0.14685800431983503,0.1543913672688467,0.1543913672688467,0.14685800431983503,0.0
2003-04-08,0.14752320930443055,0.14685800431983503,0.14752320930443055,0.14685800431983503,0.0
2003-04-09,0.14700295579361652,0.14752320930443055,0.14752320930443055,0.14700295579361652,0.0
2003-04-10,0.13683777248518986,0.14700295579361652,0.14700295579361652,0.13683777248518986,0.0
2003-04-11,0.14182573044599692,0.13683777248518986,0.14182573044599692,0.13683777248518986,0.0
2003-04-14,0.1375219988684226,0.14182573044599692,0.14182573044599692,0.1375219988684226,0.0
2003-04-15,0.1459211179188492,0.1375219988684226,0.1459211179188492,0.1375219988684226,0.0
2003-04-16,0.1501144338231428,0.1459211179188492,0.1501144338231428,0.1459211179188492,0.0
2003-04-17,0.14907440474610636,0.1501144338231428,0.1501144338231428,0.14907440474610636,0.0
2003-04-21,0.15929700133116456,0.14907440474610636,0.15929700133116456,0.14907440474610636,0.0
2003-04-22,0.16106638493395137,0.15929700133116456,0.16106638493395137,0.15929700133116456,0.0
2003-04-23,0.17020823897253629,0.16106638493395137,0.17020823897253629,0.16106638493395137,0.0
2003-04-24,0.17391802301440998,0.17020823897253629,0.17391802301440998,0.17020823897253629,0.0
2003-04-25,0.17107191770074973,0.17391802301440998,0.17391802301440998,0.17107191770074973,0.0
2003-04-28,0.16116054788017573,0.17107191770074973,0.17107191770074973,0.16116054788017573,0.0
2003-04-29,0.1706561193283139,0.16116054788017573,0.1706561193283139,0.16116054788017573,0.0
2003-04-30,0.17530081902984027,0.1706561193283139,0.17530081902984027,0.1706561193283139,0.0
2003-05-01,0.16997708363286548,0.17530081902984027,0.17530081902984027,0.16997708363286548,0.0
2003-05-02,0.1744220068002101,0.16997708363286548,0.1744220068002101,0.16997708363286548,0.0
2003-05-05,0.1855582905458146,0.1744220068002101,0.1855582905458146,0.1744220068002101,0.0
2003-05-06,0.18495319971545554,0.1855582905458146,0.1855582905458146,0.18495319971545554,0.0
2003-05-07,0.19200970734013686,0.18495319971545554,0.19200970734013686,0.18495319971545554,0.0
2003-05-08,0.18555205394416674,0.19200970734013686,0.19200970734013686,0.18555205394416674,0.0
2003-05-09,0.17530583301557318,0.18555205394416674,0.18555205394416674,0.17530583301557318,0.0
2003-05-12,0.1874125652307201,0.17530583301557318,0.1874125652307201,0.17530583301557318,0.0
2003-05-13,0.19590787176268973,0.1874125652307201,0.19590787176268973,0.1874125652307201,0.0
2003-05-14,0.19222471960234952,0.19590787176268973,0.19590787176268973,0.19222471960234952,0.0
2003-05-15,0.19100248142867685,0.19222471960234952,0.19222471960234952,0.19100248142867685,0.0
2003-05-16,0.19739889562606025,0.19100248142867685,0.19739889562606025,0.19100248142867685,0.0
2003-05-19,0.19287882222279099,0.19739889562606025,0.19739889562606025,0.19287882222279099,0.0
2003-05-20,0.17250043054160713,0.19287882222279099,0.19287882222279099,0.17250043054160713,0.0
2003-05-21,0.17398252090822208,0.17250043054160713,0.17398252090822208,0.17250043054160713,0.0
2003-05-22,0.1724651168239532,0.17398252090822208,0.17398252090822208,0.1724651168239532,0.0
2003-05-23,0.1799261225251026,0.1724651168239532,0.1799261225251026,0.1724651168239532,0.0
2003-05-27,0.18010441066650143,0.1799261225251026,0.18010441066650143,0.1799261225251026,0.0
2003-05-28,0.19931859154653658,0.18010441066650143,0.19931859154653658,0.18010441066650143,0.0
2003-05-29,0.20115244549704775,0.19931859154653658,0.20115244549704775,0.19931859154653658,0.0
2003-05-30,0.2036178312841768,0.20115244549704775,0.2036178312841768,0.20115244549704775,0.0
2003-06-02,0.21360586003520152,0.2036178312841768,0.21360586003520152,0.2036178312841768,0.0
2003-06-03,0.20907172096535995,0.21360586003520152,0.21360586003520152,0.20907172096535995,0.0
2003-06-04,0.21499279831138515,0.20907172096535995,0.21499279831138515,0.20907172096535995,0.0
2003-06-05,0.22707217092152418,0.21499279831138515,0.22707217092152418,0.21499279831138515,0.0
2003-06-06,0.23198155183796185,0.22707217092152418,0.23198155183796185,0.22707217092152418,0.0
2003-06-09,0.22037964825734982,0.23198155183796185,0.23198155183796185,0.22037964825734982,0.0
2003-06-10,0.21158516805132307,0.22037964825734982,0.22037964825734982,0.21158516805132307,0.0
2003-06-11,0.2211765714524403,0.21158516805132307,0.2211765714524403,0.21158516805132307,0.0
2003-06-12,0.22863469037418438,0.2211765714524403,0.22863469037418438,0.2211765714524403,0.0
2003-06-13,0.23153892083613123,0.22863469037418438,0.23153892083613123,0.22863469037418438,0.0
2003-06-16,0.21588335877250445,0.23153892083613123,0.23153892083613123,0.21588335877250445,0.0
2003-06-17,0.23575430106985487,0.21588335877250445,0.23575430106985487,0.21588335877250445,0.0
2003-06-18,0.23298767958721026,0.23575430106985487,0.23575430106985487,0.23298767958721026,0.0
2003-06-19,0.23660553690366262,0.23298767958721026,0.23660553690366262,0.23298767958721026,0.0
2003-06-20,0.22510873275964022,0.23660553690366262,0.23660553690366262,0.22510873275964022,0.0
2003-06-23,0.22420347844259986,0.22510873275964022,0.22510873275964022,0.22420347844259986,0.0
2003-06-24,0.213780285168449,0.22420347844259986,0.22420347844259986,0.213780285168449,0.0
2003-06-25,0.20883210770278224,0.213780285168449,0.213780285168449,0.20883210770278224,0.0
2003-06-26,0.20543857927025408,0.20883210770278224,0.20883210770278224,0.20543857927025408,0.0
2003-06-27,0.2200370983225878,0.20543857927025408,0.2200370983225878,0.20543857927025408,0.0
2003-06-30,0.21150122323596424,0.2200370983225878,0.2200370983225878,0.21150122323596424,0.0
2003-07-01,0.21403728645318487,0.21150122323596424,0.21403728645318487,0.21150122323596424,0.0
2003-07-02,0.22259624630444558,0.21403728645318487,0.22259624630444558,0.21403728645318487,0.0
2003-07-03,0.2362211499831343,0.22259624630444558,0.2362211499831343,0.22259624630444558,0.0
2003-07-07,0.2272785623008215,0.2362211499831343,0.2362211499831343,0.2272785623008215,0.0
2003-07-08,0.2564699535525754,0.2272785623008215,0.2564699535525754,0.2272785623008215,0.0
2003-07-09,0.2658596046125938,0.2564699535525754,0.2658596046125938,0.2564699535525754,0.0
2003-07-10,0.26386247471443286,0.2658596046125938,0.2658596046125938,0.26386247471443286,0.0
2003-07-11,0.24909165359546862,0.26386247471443286,0.26386247471443286,0.24909165359546862,0.0
2003-07-14,0.25474793793471023,0.24909165359546862,0.25474793793471023,0.24909165359546862,0.0
2003-07-15,0.26384951427285375,0.25474793793471023,0.26384951427285375,0.25474793793471023,0.0
2003-07-16,0.264811591255887,0.26384951427285375,0.264811591255887,0.26384951427285375,0.0
2003-07-17,0.2623284075699034,0.264811591255887,0.264811591255887,0.2623284075699034,0.0
2003-07-18,0.2383266891713409,0.2623284075699034,0.2623284075699034,0.2383266891713409,0.0
2003-07-21,0.24060135391692905,0.2383266891713409,0.24060135391692905,0.2383266891713409,0.0
2003-07-22,0.2313524208261103,0.24060135391692905,0.24060135391692905,0.2313524208261103,0.0
2003-07-23,0.24167363898274477,0.2313524208261103,0.24167363898274477,0.2313524208261103,0.0
2003-07-24,0.2476694898167931,0.24167363898274477,0.2476694898167931,0.24167363898274477,0.0
2003-07-25,0.23777505603130708,0.2476694898167931,0.2476694898167931,0.23777505603130708,0.0
2003-07-28,0.2519410729979292,0.23777505603130708,0.2519410729979292,0.23777505603130708,0.0
2003-07-29,0.2540605102047502,0.2519410729979292,0.2540605102047502,0.2519410729979292,0.0
2003-07-30,0.24830466554849315,0.2540605102047502,0.2540605102047502,0.24830466554849315,0.0
2003-07-31,0.24287223793727963,0.24830466554849315,0.24830466554849315,0.24287223793727963,0.0
2003-08-01,0.2516657104828441,0.24287223793727963,0.2516657104828441,0.24287223793727963,0.0
2003-08-04,0.24357374809622642,0.2516657104828441,0.2516657104828441,0.24357374809622642,0.0
2003-08-05,0.2433227266610469,0.24357374809622642,0.24357374809622642,0.2433227266610469,0.0
2003-08-06,0.2145227809529413,0.2433227266610469,0.2433227266610469,0.2145227809529413,0.0
2003-08-07,0.21408010189390794,0.2145227809529413,0.2145227809529413,0.21408010189390794,0.0
2003-08-08,0.21661637724918828,0.21408010189390794,0.21661637724918828,0.21408010189390794,0.0
2003-08-11,0.21145409229982823,0.21661637724918828,0.21661637724918828,0.21145409229982823,0.0
2003-08-12,0.2183994436565672,0.21145409229982823,0.2183994436565672,0.21145409229982823,0.0
2003-08-13,0.22829675731132368,0.2183994436565672,0.22829675731132368,0.2183994436565672,0.0
2003-08-14,0.22850098415555448,0.22829675731132368,0.22850098415555448,0.22829675731132368,0.0
2003-08-15,0.22914946075803572,0.22850098415555448,0.22914946075803572,0.22850098415555448,0.0
2003-08-18,0.23513863281676026,0.22914946075803572,0.23513863281676026,0.22914946075803572,0.0
2003-08-19,0.25322518574958414,0.23513863281676026,0.25322518574958414,0.23513863281676026,0.0
2003-08-20,0.26271031947453816,0.25322518574958414,0.26271031947453816,0.25322518574958414,0.0
2003-08-21,0.2607424419307176,0.26271031947453816,0.26271031947453816,0.2607424419307176,0.0
2003-08-22,0.2692009166472511,0.2607424419307176,0.2692009166472511,0.2607424419307176,0.0
2003-08-25,0.2642316333925225,0.2692009166472511,0.2692009166472511,0.2642316333925225,0.0
2003-08-26,0.26592169638742935,0.2642316333925225,0.26592169638742935,0.2642316333925225,0.0
2003-08-27,0.26663731871892343,0.26592169638742935,0.26663731871892343,0.26592169638742935,0.0
2003-08-28,0.27300802067809105,0.26663731871892343,0.27300802067809105,0.26663731871892343,0.0
2003-08-29,0.28022842514915525,0.27300802067809105,0.28022842514915525,0.27300802067809105,0.0
2003-09-02,0.2878285446068623,0.28022842514915525,0.2878285446068623,0.28022842514915525,0.0
2003-09-03,0.30021941694107335,0.2878285446068623,0.30021941694107335,0.2878285446068623,0.0
2003-09-04,0.2996639722466473,0.30021941694107335,0.30021941694107335,0.2996639722466473,0.0
2003-09-05,0.30787410759130196,0.2996639722466473,0.30787410759130196,0.2996639722466473,0.0
2003-09-08,0.3019017355712871,0.30787410759130196,0.30787410759130196,0.3019017355712871,0.0
2003-09-09,0.31682244187234004,0.3019017355712871,0.31682244187234004,0.3019017355712871,0.0
2003-09-10,0.30550222009103345,0.31682244187234004,0.31682244187234004,0.30550222009103345,0.0
2003-09-11,0.2834329130906077,0.30550222009103345,0.30550222009103345,0.2834329130906077,0.0
2003-09-12,0.29286727304548393,0.2834329130906077,0.29286727304548393,0.2834329130906077,0.0
2003-09-15,0.29754622311321377,0.29286727304548393,0.29754622311321377,0.29286727304548393,0.0
2003-09-16,0.28881333534030396,0.29754622311321377,0.29754622311321377,0.28881333534030396,0.0
2003-09-17,0.31233367268503326,0.28881333534030396,0.31233367268503326,0.28881333534030396,0.0
2003-09-18,0.3084957992766154,0.31233367268503326,0.31233367268503326,0.3084957992766154,0.0
2003-09-19,0.32251955541712923,0.3084957992766154,0.32251955541712923,0.3084957992766154,0.0
2003-09-22,0.31693076259513436,0.32251955541712923,0.32251955541712923,0.31693076259513436,0.0
2003-09-23,0.29875937912417583,0.31693076259513436,0.31693076259513436,0.29875937912417583,0.0
2003-09-24,0.314590528619482,0.29875937912417583,0.314590528619482,0.29875937912417583,0.0
2003-09-25,0.27902405972681804,0.314590528619482,0.314590528619482,0.27902405972681804,0.0
2003-09-26,0.26816756475434966,0.27902405972681804,0.27902405972681804,0.26816756475434966,0.0
2003-09-29,0.2629941613389133,0.26816756475434966,0.26816756475434966,0.2629941613389133,0.0
2003-09-30,0.276535163505688,0.2629941613389133,0.276535163505688,0.2629941613389133,0.0
2003-10-01,0.2584896944916979,0.276535163505688,0.276535163505688,0.2584896944916979,0.0
2003-10-02,0.27593139586328846,0.2584896944916979,0.27593139586328846,0.2584896944916979,0.0
2003-10-03,0.27865635211503154,0.27593139586328846,0.27865635211503154,0.27593139586328846,0.0
2003-10-06,0.30201017399397084,0.27865635211503154,0.30201017399397084,0.27865635211503154,0.0
2003-10-07,0.30861129722923675,0.30201017399397084,0.30861129722923675,0.30201017399397084,0.0
2003-10-08,0.3142330182838981,0.30861129722923675,0.3142330182838981,0.30861129722923675,0.0
2003-10-09,0.30822315012959983,0.3142330182838981,0.3142330182838981,0.30822315012959983,0.0
2003-10-10,0.31518219157938815,0.30822315012959983,0.31518219157938815,0.30822315012959983,0.0
2003-10-13,0.3238799470550681,0.31518219157938815,0.3238799470550681,0.31518219157938815,0.0
2003-10-14,0.3302379845656942,0.3238799470550681,0.3302379845656942,0.3238799470550681,0.0
2003-10-15,0.33274259829846153,0.3302379845656942,0.33274259829846153,0.3302379845656942,0.0
2003-10-16,0.3284791075051911,0.33274259829846153,0.33274259829846153,0.3284791075051911,0.0
2003-10-17,0.3362964455207078,0.3284791075051911,0.3362964455207078,0.3284791075051911,0.0
2003-10-20,0.31208698394367684,0.3362964455207078,0.3362964455207078,0.31208698394367684,0.0
2003-10-21,0.32369496719863194,0.31208698394367684,0.32369496719863194,0.31208698394367684,0.0
2003-10-22,0.3294900575515784,0.32369496719863194,0.3294900575515784,0.32369496719863194,0.0
2003-10-23,0.3103957479016177,0.3294900575515784,0.3294900575515784,0.3103957479016177,0.0
2003-10-24,0.2995973611740188,0.3103957479016177,0.3103957479016177,0.2995973611740188,0.0
2003-10-27,0.3003632542945221,0.2995973611740188,0.3003632542945221,0.2995973611740188,0.0
2003-10-28,0.30060325973422203,0.3003632542945221,0.30060325973422203,0.3003632542945221,0.0
2003-10-29,0.3308955133542698,0.30060325973422203,0.3308955133542698,0.30060325973422203,0.0
2003-10-30,0.32974647310834654,0.3308955133542698,0.3308955133542698,0.32974647310834654,0.0
2003-10-31,0.3316819017802457,0.32974647310834654,0.3316819017802457,0.32974647310834654,0.0
2003-11-03,0.3257519794345967,0.3316819017802457,0.3316819017802457,0.3257519794345967,0.0
2003-11-04,0.3418383458985989,0.3257519794345967,0.3418383458985989,0.3257519794345967,0.0
2003-11-05,0.33492905160694053,0.3418383458985989,0.3418383458985989,0.33492905160694053,0.0
2003-11-06,0.34395509737370555,0.33492905160694053,0.34395509737370555,0.33492905160694053,0.0
2003-11-07,0.34680767841922905,0.34395509737370555,0.34680767841922905,0.34395509737370555,0.0
2003-11-10,0.3378069402750474,0.34680767841922905,0.34680767841922905,0.3378069402750474,0.0
2003-11-11,0.32526590559112306,0.3378069402750474,0.3378069402750474,0.32526590559112306,0.0
2003-11-12,0.3216354028648111,0.32526590559112306,0.32526590559112306,0.3216354028648111,0.0
2003-11-13,0.3422520969652415,0.3216354028648111,0.3422520969652415,0.3216354028648111,0.0
2003-11-14,0.34107854715314506,0.3422520969652415,0.3422520969652415,0.34107854715314506,0.0
2003-11-17,0.3201699817866564,0.34107854715314506,0.34107854715314506,0.3201699817866564,0.0
2003-11-18,0.3102765854017199,0.3201699817866564,0.3201699817866564,0.3102765854017199,0.0
2003-11-19,0.2887804921267452,0.3102765854017199,0.3102765854017199,0.2887804921267452,0.0
2003-11-20,0.2971962733615949,0.2887804921267452,0.2971962733615949,0.2887804921267452,0.0
2003-11-21,0.28857300692239063,0.2971962733615949,0.2971962733615949,0.28857300692239063,0.0
2003-11-24,0.2974939264772938,0.28857300692239063,0.2974939264772938,0.28857300692239063,0.0
2003-11-25,0.3222406776186306,0.2974939264772938,0.3222406776186306,0.2974939264772938,0.0
2003-11-26,0.32221574232810063,0.3222406776186306,0.3222406776186306,0.32221574232810063,0.0
2003-11-28,0.32658694796419646,0.32221574232810063,0.32658694796419646,0.32221574232810063,0.0
2003-12-01,0.32767086001124374,0.32658694796419646,0.32767086001124374,0.32658694796419646,0.0
2003-12-02,0.3420931185298477,0.32767086001124374,0.3420931185298477,0.32767086001124374,0.0
2003-12-03,0.33634887011302067,0.3420931185298477,0.3420931185298477,0.33634887011302067,0.0
2003-12-04,0.3236044399705568,0.33634887011302067,0.33634887011302067,0.3236044399705568,0.0
2003-12-05,0.3340447311470302,0.3236044399705568,0.3340447311470302,0.3236044399705568,0.0
2003-12-08,0.31742435428049803,0.3340447311470302,0.3340447311470302,0.31742435428049803,0.0
2003-12-09,0.322834974064546,0.31742435428049803,0.322834974064546,0.31742435428049803,0.0
2003-12-10,0.3005487066664623,0.322834974064546,0.322834974064546,0.3005487066664623,0.0
2003-12-11,0.30392981429221777,0.3005487066664623,0.30392981429221777,0.3005487066664623,0.0
2003-12-12,0.3234296410236078,0.30392981429221777,0.3234296410236078,0.30392981429221777,0.0
2003-12-15,0.32175533567025877,0.3234296410236078,0.3234296410236078,0.32175533567025877,0.0
2003-12-16,0.3091305697487866,0.32175533567025877,0.32175533567025877,0.3091305697487866,0.0
2003-12-17,0.31097329493999615,0.3091305697487866,0.31097329493999615,0.3091305697487866,0.0
2003-12-18,0.3125548603059163,0.31097329493999615,0.3125548603059163,0.31097329493999615,0.0
2003-12-19,0.3299899393087967,0.3125548603059163,0.3299899393087967,0.3125548603059163,0.0
2003-12-22,0.3271801695369246,0.3299899393087967,0.3299899393087967,0.3271801695369246,0.0
2003-12-23,0.3302002914671694,0.3271801695369246,0.3302002914671694,0.3271801695369246,0.0
2003-12-24,0.33769339287614497,0.3302002914671694,0.33769339287614497,0.3302002914671694,0.0
2003-12-26,0.33976021855453237,0.33769339287614497,0.33976021855453237,0.33769339287614497,0.0
2003-12-29,0.33831379053854505,0.33976021855453237,0.33976021855453237,0.33831379053854505,0.0
2003-12-30,0.35499122449314435,0.33831379053854505,0.35499122449314435,0.33831379053854505,0.0
2003-12-31,0.35847068878432026,0.35499122449314435,0.35847068878432026,0.35499122449314435,0.0
2004-01-02,0.3555014911260028,0.35847068878432026,0.35847068878432026,0.3555014911260028,0.0
2004-01-05,0.3525492174387426,0.3555014911260028,0.3555014911260028,0.3525492174387426,0.0
2004-01-06,0.3737556762732832,0.3525492174387426,0.3737556762732832,0.3525492174387426,0.0
2004-01-07,0.38128443211032764,0.3737556762732832,0.38128443211032764,0.3737556762732832,0.0
2004-01-08,0.39167078778641634,0.38128443211032764,0.39167078778641634,0.38128443211032764,0.0
2004-01-09,0.4009958974902619,0.39167078778641634,0.4009958974902619,0.39167078778641634,0.0
2004-01-12,0.3930463826959783,0.4009958974902619,0.4009958974902619,0.3930463826959783,0.0
2004-01-13,0.41176692358840766,0.3930463826959783,0.41176692358840766,0.3930463826959783,0.0
2004-01-14,0.3994883562601307,0.41176692358840766,0.41176692358840766,0.3994883562601307,0.0
2004-01-15,0.4035629793814885,0.3994883562601307,0.4035629793814885,0.3994883562601307,0.0
2004-01-16,0.4067109653454153,0.4035629793814885,0.4067109653454153,0.4035629793814885,0.0
2004-01-20,0.4191430987682535,0.4067109653454153,0.4191430987682535,0.4067109653454153,0.0
2004-01-21,0.41813223626117524,0.4191430987682535,0.4191430987682535,0.41813223626117524,0.0
2004-01-22,0.4128924326497057,0.41813223626117524,0.41813223626117524,0.4128924326497057,0.0
2004-01-23,0.4054371567817778,0.4128924326497057,0.4128924326497057,0.4054371567817778,0.0
2004-01-26,0.40094253251020834,0.4054371567817778,0.4054371567817778,0.40094253251020834,0.0
2004-01-27,0.4192661583029773,0.40094253251020834,0.4192661583029773,0.40094253251020834,0.0
2004-01-28,0.3915280078045632,0.4192661583029773,0.4192661583029773,0.3915280078045632,0.0
2004-01-29,0.371579015648597,0.3915280078045632,0.3915280078045632,0.371579015648597,0.0
2004-01-30,0.3757573720677436,0.371579015648597,0.3757573720677436,0.371579015648597,0.0
2004-02-02,0.3705820123885024,0.3757573720677436,0.3757573720677436,0.3705820123885024,0.0
2004-02-03,0.36755406127745843,0.3705820123885024,0.3705820123885024,0.36755406127745843,0.0
2004-02-04,0.36633266877541654,0.36755406127745843,0.36755406127745843,0.36633266877541654,0.0
2004-02-05,0.34844926372340823,0.36633266877541654,0.36633266877541654,0.34844926372340823,0.0
2004-02-06,0.3524510149878052,0.34844926372340823,0.3524510149878052,0.34844926372340823,0.0
2004-02-09,0.371559111090629,0.3524510149878052,0.371559111090629,0.3524510149878052,0.0
2004-02-10,0.37122923753709197,0.371559111090629,0.371559111090629,0.37122923753709197,0.0
2004-02-11,0.3730002209115735,0.37122923753709197,0.3730002209115735,0.37122923753709197,0.0
2004-02-12,0.3850104094770563,0.3730002209115735,0.3850104094770563,0.3730002209115735,0.0
2004-02-13,0.3748375980890416,0.3850104094770563,0.3850104094770563,0.3748375980890416,0.0
2004-02-17,0.36545052796682814,0.3748375980890416,0.3748375980890416,0.36545052796682814,0.0
2004-02-18,0.38026214173229966,0.36545052796682814,0.38026214173229966,0.36545052796682814,0.0
2004-02-19,0.38358444282783616,0.38026214173229966,0.38358444282783616,0.38026214173229966,0.0
2004-02-20,0.36608694972368333,0.38358444282783616,0.38358444282783616,0.36608694972368333,0.0
2004-02-23,0.3624942143209052,0.36608694972368333,0.36608694972368333,0.3624942143209052,0.0
2004-02-24,0.3503697111409168,0.3624942143209052,0.3624942143209052,0.3503697111409168,0.0
2004-02-25,0.34774772748440197,0.3503697111409168,0.3503697111409168,0.34774772748440197,0.0
2004-02-26,0.35403259261483644,0.34774772748440197,0.35403259261483644,0.34774772748440197,0.0
2004-02-27,0.3566181412290438,0.35403259261483644,0.3566181412290438,0.35403259261483644,0.0
2004-03-01,0.3536742536180603,0.3566181412290438,0.3566181412290438,0.3536742536180603,0.0
2004-03-02,0.3675726912504182,0.3536742536180603,0.3675726912504182,0.3536742536180603,0.0
2004-03-03,0.35474638288086313,0.3675726912504182,0.3675726912504182,0.35474638288086313,0.0
2004-03-04,0.3489059528503186,0.35474638288086313,0.35474638288086313,0.3489059528503186,0.0
2004-03-05,0.35865113802152077,0.3489059528503186,0.35865113802152077,0.3489059528503186,0.0
2004-03-08,0.35481847967664687,0.35865113802152077,0.35865113802152077,0.35481847967664687,0.0
2004-03-09,0.32979941045964983,0.35481847967664687,0.35481847967664687,0.32979941045964983,0.0
2004-03-10,0.32673148887975456,0.32979941045964983,0.32979941045964983,0.32673148887975456,0.0
2004-03-11,0.313787049940451,0.32673148887975456,0.32673148887975456,0.313787049940451,0.0
2004-03-12,0.30520226426786895,0.313787049940451,0.313787049940451,0.30520226426786895,0.0
2004-03-15,0.3219834198680326,0.30520226426786895,0.3219834198680326,0.30520226426786895,0.0
2004-03-16,0.3050930576218887,0.3219834198680326,0.3219834198680326,0.3050930576218887,0.0
2004-03-17,0.3066440779392875,0.3050930576218887,0.3066440779392875,0.3050930576218887,0.0
2004-03-18,0.3210970536172402,0.3066440779392875,0.3210970536172402,0.3066440779392875,0.0
2004-03-19,0.31673061233817107,0.3210970536172402,0.3210970536172402,0.31673061233817107,0.0
2004-03-22,0.30084251264853307,0.31673061233817107,0.31673061233817107,0.30084251264853307,0.0
2004-03-23,0.28939152817756436,0.30084251264853307,0.30084251264853307,0.28939152817756436,0.0
2004-03-24,0.28228427333528683,0.28939152817756436,0.28939152817756436,0.28228427333528683,0.0
2004-03-25,0.2919675454266586,0.28228427333528683,0.2919675454266586,0.28228427333528683,0.0
2004-03-26,0.3153568393345578,0.2919675454266586,0.3153568393345578,0.2919675454266586,0.0
2004-03-29,0.31212001820736257,0.3153568393345578,0.3153568393345578,0.31212001820736257,0.0
2004-03-30,0.32724954082922636,0.31212001820736257,0.32724954082922636,0.31212001820736257,0.0
2004-03-31,0.330516366402278,0.32724954082922636,0.330516366402278,0.32724954082922636,0.0
2004-04-01,0.3285576302013597,0.330516366402278,0.330516366402278,0.3285576302013597,0.0
2004-04-02,0.3373327974580475,0.3285576302013597,0.3373327974580475,0.3285576302013597,0.0
2004-04-05,0.3636140024764452,0.3373327974580475,0.3636140024764452,0.3373327974580475,0.0
2004-04-06,0.37387738660272474,0.3636140024764452,0.37387738660272474,0.3636140024764452,0.0
2004-04-07,0.35977212960483124,0.37387738660272474,0.37387738660272474,0.35977212960483124,0.0
2004-04-08,0.3585761868292408,0.35977212960483124,0.35977212960483124,0.3585761868292408,0.0
2004-04-12,0.3585484398624028,0.3585761868292408,0.3585761868292408,0.3585484398624028,0.0
2004-04-13,0.3652180722389212,0.3585484398624028,0.3652180722389212,0.3585484398624028,0.0
2004-04-14,0.3492727361997658,0.3652180722389212,0.3652180722389212,0.3492727361997658,0.0
2004-04-15,0.35439455525004504,0.3492727361997658,0.35439455525004504,0.3492727361997658,0.0
2004-04-16,0.33530421968176466,0.35439455525004504,0.35439455525004504,0.33530421968176466,0.0
2004-04-19,0.33360879515496966,0.33530421968176466,0.33530421968176466,0.33360879515496966,0.0
2004-04-20,0.34578412518089074,0.33360879515496966,0.34578412518089074,0.33360879515496966,0.0
2004-04-21,0.32161978349616294,0.34578412518089074,0.34578412518089074,0.32161978349616294,0.0
2004-04-22,0.3299784528817338,0.32161978349616294,0.3299784528817338,0.32161978349616294,0.0
2004-04-23,0.355533525790603,0.3299784528817338,0.355533525790603,0.3299784528817338,0.0
2004-04-26,0.36388329690319554,0.355533525790603,0.36388329690319554,0.355533525790603,0.0
2004-04-27,0.35593421001204534,0.36388329690319554,0.36388329690319554,0.35593421001204534,0.0
2004-04-28,0.35388341035518045,0.35593421001204534,0.35593421001204534,0.35388341035518045,0.0
2004-04-29,0.3345637407219385,0.35388341035518045,0.35388341035518045,0.3345637407219385,0.0
2004-04-30,0.31901091312367214,0.3345637407219385,0.3345637407219385,0.31901091312367214,0.0
2004-05-03,0.29562442367670244,0.31901091312367214,0.31901091312367214,0.29562442367670244,0.0
2004-05-04,0.3040186646862817,0.29562442367670244,0.3040186646862817,0.29562442367670244,0.0
2004-05-05,0.3078932613570484,0.3040186646862817,0.3078932613570484,0.3040186646862817,0.0
2004-05-06,0.3152056523343184,0.3078932613570484,0.3152056523343184,0.3078932613570484,0.0
2004-05-07,0.3079956837039378,0.3152056523343184,0.3152056523343184,0.3079956837039378,0.0
2004-05-10,0.300372662593763,0.3079956837039378,0.3079956837039378,0.300372662593763,0.0
2004-05-11,0.2926193236819772,0.300372662593763,0.300372662593763,0.2926193236819772,0.0
2004-05-12,0.30576292357679896,0.2926193236819772,0.30576292357679896,0.2926193236819772,0.0
2004-05-13,0.30756364471641173,0.30576292357679896,0.30756364471641173,0.30576292357679896,0.0
2004-05-14,0.30099785311008426,0.30756364471641173,0.30756364471641173,0.30099785311008426,0.0
2004-05-17,0.2942686754899279,0.30099785311008426,0.30099785311008426,0.2942686754899279,0.0
2004-05-18,0.2858623953022292,0.2942686754899279,0.2942686754899279,0.2858623953022292,0.0
2004-05-19,0.2935642444922437,0.2858623953022292,0.2935642444922437,0.2858623953022292,0.0
2004-05-20,0.2925270968789609,0.2935642444922437,0.2935642444922437,0.2925270968789609,0.0
2004-05-21,0.2965519980542235,0.2925270968789609,0.2965519980542235,0.2925270968789609,0.0
2004-05-24,0.3008691514918468,0.2965519980542235,0.3008691514918468,0.2965519980542235,0.0
2004-05-25,0.30703114772794027,0.3008691514918468,0.30703114772794027,0.3008691514918468,0.0
2004-05-26,0.3252935841351828,0.30703114772794027,0.3252935841351828,0.30703114772794027,0.0
2004-05-27,0.3315107002918072,0.3252935841351828,0.3315107002918072,0.3252935841351828,0.0
2004-05-28,0.3378048383008543,0.3315107002918072,0.3378048383008543,0.3315107002918072,0.0
2004-06-01,0.3413965348109388,0.3378048383008543,0.3413965348109388,0.3378048383008543,0.0
2004-06-02,0.33996864457403525,0.3413965348109388,0.3413965348109388,0.33996864457403525,0.0
2004-06-03,0.33770683124756384,0.33996864457403525,0.33996864457403525,0.33770683124756384,0.0
2004-06-04,0.3254413933490557,0.33770683124756384,0.33770683124756384,0.3254413933490557,0.0
2004-06-07,0.33111491971363377,0.3254413933490557,0.33111491971363377,0.3254413933490557,0.0
2004-06-08,0.3546942158643496,0.33111491971363377,0.3546942158643496,0.33111491971363377,0.0
2004-06-09,0.35610240080699473,0.3546942158643496,0.35610240080699473,0.3546942158643496,0.0
2004-06-10,0.3411012754085553,0.35610240080699473,0.35610240080699473,0.3411012754085553,0.0
2004-06-14,0.3483487606072839,0.3411012754085553,0.3483487606072839,0.3411012754085553,0.0
2004-06-15,0.3335708319665703,0.3483487606072839,0.3483487606072839,0.3335708319665703,0.0
2004-06-16,0.3464947421777596,0.3335708319665703,0.3464947421777596,0.3335708319665703,0.0
2004-06-17,0.3447725541368617,0.3464947421777596,0.3464947421777596,0.3447725541368617,0.0
2004-06-18,0.33517140976668486,0.3447725541368617,0.3447725541368617,0.33517140976668486,0.0
2004-06-21,0.3365269413219247,0.33517140976668486,0.3365269413219247,0.33517140976668486,0.0
2004-06-22,0.3284665080952494,0.3365269413219247,0.3365269413219247,0.3284665080952494,0.0
2004-06-23,0.3428879953151216,0.3284665080952494,0.3428879953151216,0.3284665080952494,0.0
2004-06-24,0.35520109059380983,0.3428879953151216,0.35520109059380983,0.3428879953151216,0.0
2004-06-25,0.3531641762714342,0.35520109059380983,0.35520109059380983,0.3531641762714342,0.0
2004-06-28,0.36114389154999854,0.3531641762714342,0.36114389154999854,0.3531641762714342,0.0
2004-06-29,0.35211835833070926,0.36114389154999854,0.36114389154999854,0.35211835833070926,0.0
2004-06-30,0.362078479606725,0.35211835833070926,0.362078479606725,0.35211835833070926,0.0
2004-07-01,0.3728049547370166,0.362078479606725,0.3728049547370166,0.362078479606725,0.0
2004-07-02,0.3520327444916726,0.3728049547370166,0.3728049547370166,0.3520327444916726,0.0
2004-07-06,0.3457322919786343,0.3520327444916726,0.3520327444916726,0.3457322919786343,0.0
2004-07-07,0.32345174576664726,0.3457322919786343,0.3457322919786343,0.32345174576664726,0.0
2004-07-08,0.32531195171392346,0.32345174576664726,0.32531195171392346,0.32345174576664726,0.0
2004-07-09,0.3144726856986408,0.32531195171392346,0.32531195171392346,0.3144726856986408,0.0
2004-07-12,0.3157702154288838,0.3144726856986408,0.3157702154288838,0.3144726856986408,0.0
2004-07-13,0.3117701177853959,0.3157702154288838,0.3157702154288838,0.3117701177853959,0.0
2004-07-14,0.31043287715889645,0.3117701177853959,0.3117701177853959,0.31043287715889645,0.0
2004-07-15,0.30097817197871923,0.31043287715889645,0.31043287715889645,0.30097817197871923,0.0
2004-07-16,0.2978758062233119,0.30097817197871923,0.30097817197871923,0.2978758062233119,0.0
2004-07-19,0.2876606288610247,0.2978758062233119,0.2978758062233119,0.2876606288610247,0.0
2004-07-20,0.28589557992109743,0.2876606288610247,0.2876606288610247,0.28589557992109743,0.0
2004-07-21,0.30644793441852863,0.28589557992109743,0.30644793441852863,0.28589557992109743,0.0
2004-07-22,0.27969723593443874,0.30644793441852863,0.30644793441852863,0.27969723593443874,0.0
2004-07-23,0.29114018793578356,0.27969723593443874,0.29114018793578356,0.27969723593443874,0.0
2004-07-26,0.2745860388325955,0.29114018793578356,0.29114018793578356,0.2745860388325955,0.0
2004-07-27,0.2709531130496758,0.2745860388325955,0.2745860388325955,0.2709531130496758,0.0
2004-07-28,0.2821485916047307,0.2709531130496758,0.2821485916047307,0.2709531130496758,0.0
2004-07-29,0.2784502782623849,0.2821485916047307,0.2821485916047307,0.2784502782623849,0.0
2004-07-30,0.2881475164367419,0.2784502782623849,0.2881475164367419,0.2784502782623849,0.0
2004-08-02,0.29085882048986306,0.2881475164367419,0.29085882048986306,0.2881475164367419,0.0
2004-08-03,0.29258714315193896,0.29085882048986306,0.29258714315193896,0.29085882048986306,0.0
2004-08-04,0.2742362943743121,0.29258714315193896,0.29258714315193896,0.2742362943743121,0.0
2004-08-05,0.2744551729487018,0.2742362943743121,0.2744551729487018,0.2742362943743121,0.0
2004-08-06,0.259044299399869,0.2744551729487018,0.2744551729487018,0.259044299399869,0.0
2004-08-09,0.2386705904721737,0.259044299399869,0.259044299399869,0.2386705904721737,0.0
2004-08-10,0.24040268809525928,0.2386705904721737,0.24040268809525928,0.2386705904721737,0.0
2004-08-11,0.249399385316523,0.24040268809525928,0.249399385316523,0.24040268809525928,0.0
2004-08-12,0.24284624727845125,0.249399385316523,0.249399385316523,0.24284624727845125,0.0
2004-08-13,0.23286885451110642,0.24284624727845125,0.24284624727845125,0.23286885451110642,0.0
2004-08-16,0.2339266653894145,0.23286885451110642,0.2339266653894145,0.23286885451110642,0.0
2004-08-17,0.24189320546257675,0.2339266653894145,0.24189320546257675,0.2339266653894145,0.0
2004-08-18,0.25003791824874544,0.24189320546257675,0.25003791824874544,0.24189320546257675,0.0
2004-08-19,0.26332480208757925,0.25003791824874544,0.26332480208757925,0.25003791824874544,0.0
2004-08-20,0.2591038914349911,0.26332480208757925,0.26332480208757925,0.2591038914349911,0.0
2004-08-23,0.26693303341276275,0.2591038914349911,0.26693303341276275,0.2591038914349911,0.0
2004-08-24,0.2687960843069802,0.26693303341276275,0.2687960843069802,0.26693303341276275,0.0
2004-08-25,0.2685387677827615,0.2687960843069802,0.2687960843069802,0.2685387677827615,0.0
2004-08-26,0.27962823279744786,0.2685387677827615,0.27962823279744786,0.2685387677827615,0.0
2004-08-27,0.2759641866216206,0.27962823279744786,0.27962823279744786,0.2759641866216206,0.0
2004-08-30,0.2797938250876419,0.2759641866216206,0.2797938250876419,0.2759641866216206,0.0
2004-08-31,0.2656856360746332,0.2797938250876419,0.2797938250876419,0.2656856360746332,0.0
2004-09-01,0.2666027990067238,0.2656856360746332,0.2666027990067238,0.2656856360746332,0.0
2004-09-02,0.27245986938846395,0.2666027990067238,0.27245986938846395,0.2666027990067238,0.0
2004-09-03,0.2846030132371154,0.27245986938846395,0.2846030132371154,0.27245986938846395,0.0
2004-09-07,0.26886972123758074,0.2846030132371154,0.2846030132371154,0.26886972123758074,0.0
2004-09-08,0.27570058997729757,0.26886972123758074,0.27570058997729757,0.26886972123758074,0.0
2004-09-09,0.2725561571719929,0.27570058997729757,0.27570058997729757,0.2725561571719929,0.0
2004-09-10,0.27944844681667785,0.2725561571719929,0.27944844681667785,0.2725561571719929,0.0
2004-09-13,0.2922721460027212,0.27944844681667785,0.2922721460027212,0.27944844681667785,0.0
2004-09-14,0.3037343217930476,0.2922721460027212,0.3037343217930476,0.2922721460027212,0.0
2004-09-15,0.30499156013353956,0.3037343217930476,0.30499156013353956,0.3037343217930476,0.0
2004-09-16,0.2952093903783997,0.30499156013353956,0.30499156013353956,0.2952093903783997,0.0
2004-09-17,0.29694501728900113,0.2952093903783997,0.29694501728900113,0.2952093903783997,0.0
2004-09-20,0.29969637382665526,0.29694501728900113,0.29969637382665526,0.29694501728900113,0.0
2004-09-21,0.29967318303582346,0.29969637382665526,0.29969637382665526,0.29967318303582346,0.0
2004-09-22,0.30320272364122247,0.29967318303582346,0.30320272364122247,0.29967318303582346,0.0
2004-09-23,0.2873244020264585,0.30320272364122247,0.30320272364122247,0.2873244020264585,0.0
2004-09-24,0.2865620367258042,0.2873244020264585,0.2873244020264585,0.2865620367258042,0.0
2004-09-27,0.28358587807031754,0.2865620367258042,0.2865620367258042,0.28358587807031754,0.0
2004-09-28,0.2762298645513787,0.28358587807031754,0.28358587807031754,0.2762298645513787,0.0
2004-09-29,0.2778897291046598,0.2762298645513787,0.2778897291046598,0.2762298645513787,0.0
2004-09-30,0.29016725972938157,0.2778897291046598,0.29016725972938157,0.2778897291046598,0.0
2004-10-01,0.2916333900426338,0.29016725972938157,0.2916333900426338,0.29016725972938157,0.0
2004-10-04,0.3155125981494652,0.2916333900426338,0.3155125981494652,0.2916333900426338,0.0
2004-10-05,0.32099425239565116,0.3155125981494652,0.32099425239565116,0.3155125981494652,0.0
2004-10-06,0.32229566242415797,0.32099425239565116,0.32229566242415797,0.32099425239565116,0.0
2004-10-07,0.32998227923095924,0.32229566242415797,0.32998227923095924,0.32229566242415797,0.0
2004-10-08,0.31888261246984173,0.32998227923095924,0.32998227923095924,0.31888261246984173,0.0
2004-10-11,0.3014353725507354,0.31888261246984173,0.31888261246984173,0.3014353725507354,0.0
2004-10-12,0.30573287335460636,0.3014353725507354,0.30573287335460636,0.3014353725507354,0.0
2004-10-13,0.30416941849519846,0.30573287335460636,0.30573287335460636,0.30416941849519846,0.0
2004-10-14,0.30210073155427397,0.30416941849519846,0.30416941849519846,0.30210073155427397,0.0
2004-10-15,0.29800528707076396,0.30210073155427397,0.30210073155427397,0.29800528707076396,0.0
2004-10-18,0.3025219376497987,0.29800528707076396,0.3025219376497987,0.29800528707076396,0.0
2004-10-19,0.3154890112223573,0.3025219376497987,0.3154890112223573,0.3025219376497987,0.0
2004-10-20,0.30865522341062523,0.3154890112223573,0.3154890112223573,0.30865522341062523,0.0
2004-10-21,0.3130184309926998,0.30865522341062523,0.3130184309926998,0.30865522341062523,0.0
2004-10-22,0.32732182497288514,0.3130184309926998,0.32732182497288514,0.3130184309926998,0.0
2004-10-25,0.3058320500850271,0.32732182497288514,0.32732182497288514,0.3058320500850271,0.0
2004-10-26,0.30145205415866033,0.3058320500850271,0.3058320500850271,0.30145205415866033,0.0
2004-10-27,0.30625084116812135,0.30145205415866033,0.30625084116812135,0.30145205415866033,0.0
2004-10-28,0.32956798131400405,0.30625084116812135,0.32956798131400405,0.30625084116812135,0.0
2004-10-29,0.3357337212550506,0.32956798131400405,0.3357337212550506,0.32956798131400405,0.0
2004-11-01,0.3340721430161157,0.3357337212550506,0.3357337212550506,0.3340721430161157,0.0
2004-11-02,0.33784967133374116,0.3340721430161157,0.33784967133374116,0.3340721430161157,0.0
2004-11-03,0.34110655974707493,0.33784967133374116,0.34110655974707493,0.33784967133374116,0.0
2004-11-04,0.34796452709874237,0.34110655974707493,0.34796452709874237,0.34110655974707493,0.0
2004-11-05,0.3537977363457509,0.34796452709874237,0.3537977363457509,0.34796452709874237,0.0
2004-11-08,0.3633630194798911,0.3537977363457509,0.3633630194798911,0.3537977363457509,0.0
2004-11-09,0.36448303756390876,0.3633630194798911,0.36448303756390876,0.3633630194798911,0.0
2004-11-10,0.36215306168990974,0.36448303756390876,0.36448303756390876,0.36215306168990974,0.0
2004-11-11,0.35840070508828975,0.36215306168990974,0.36215306168990974,0.35840070508828975,0.0
2004-11-12,0.37259846462008855,0.35840070508828975,0.37259846462008855,0.35840070508828975,0.0
2004-11-15,0.3833716782011119,0.37259846462008855,0.3833716782011119,0.37259846462008855,0.0
2004-11-16,0.3883995216892084,0.3833716782011119,0.3883995216892084,0.3833716782011119,0.0
2004-11-17,0.3811677237840117,0.3883995216892084,0.3883995216892084,0.3811677237840117,0.0
2004-11-18,0.3965464383040826,0.3811677237840117,0.3965464383040826,0.3811677237840117,0.0
2004-11-19,0.4019912215449802,0.3965464383040826,0.4019912215449802,0.3965464383040826,0.0
2004-11-22,0.3832363489499967,0.4019912215449802,0.4019912215449802,0.3832363489499967,0.0
2004-11-23,0.39420377142133795,0.3832363489499967,0.39420377142133795,0.3832363489499967,0.0
2004-11-24,0.3923568358892702,0.39420377142133795,0.39420377142133795,0.3923568358892702,0.0
2004-11-26,0.40259135704865634,0.3923568358892702,0.40259135704865634,0.3923568358892702,0.0
2004-11-29,0.3988747931803605,0.40259135704865634,0.40259135704865634,0.3988747931803605,0.0
2004-11-30,0.3985387141448348,0.3988747931803605,0.3988747931803605,0.3985387141448348,0.0
2004-12-01,0.3960674619056583,0.3985387141448348,0.3985387141448348,0.3960674619056583,0.0
2004-12-02,0.420335374344431,0.3960674619056583,0.420335374344431,0.3960674619056583,0.0
2004-12-03,0.4250424271391873,0.420335374344431,0.4250424271391873,0.420335374344431,0.0
2004-12-06,0.4269179224854588,0.4250424271391873,0.4269179224854588,0.4250424271391873,0.0
2004-12-07,0.4313527252363313,0.4269179224854588,0.4313527252363313,0.4269179224854588,0.0
2004-12-08,0.40914677687554185,0.4313527252363313,0.4313527252363313,0.40914677687554185,0.0
2004-12-09,0.41624765752820503,0.40914677687554185,0.41624765752820503,0.40914677687554185,0.0
2004-12-10,0.4237434190442292,0.41624765752820503,0.4237434190442292,0.41624765752820503,0.0
2004-12-13,0.4199021824359059,0.4237434190442292,0.4237434190442292,0.4199021824359059,0.0
2004-12-14,0.4309119692655945,0.4199021824359059,0.4309119692655945,0.4199021824359059,0.0
2004-12-15,0.43729713564880685,0.4309119692655945,0.43729713564880685,0.4309119692655945,0.0
2004-12-16,0.43240185186129354,0.43729713564880685,0.43729713564880685,0.43240185186129354,0.0
2004-12-17,0.42014543832908546,0.43240185186129354,0.43240185186129354,0.42014543832908546,0.0
2004-12-20,0.4168954715375499,0.42014543832908546,0.42014543832908546,0.4168954715375499,0.0
2004-12-21,0.40830778946715923,0.4168954715375499,0.4168954715375499,0.40830778946715923,0.0
2004-12-22,0.4232756280519549,0.40830778946715923,0.4232756280519549,0.40830778946715923,0.0
2004-12-23,0.4248425677497467,0.4232756280519549,0.4248425677497467,0.4232756280519549,0.0
2004-12-27,0.42577196504308795,0.4248425677497467,0.42577196504308795,0.4248425677497467,0.0
2004-12-28,0.4202779536163905,0.42577196504308795,0.42577196504308795,0.4202779536163905,0.0
2004-12-29,0.4323479831530724,0.4202779536163905,0.4323479831530724,0.4202779536163905,0.0
2004-12-30,0.4339372342411057,0.4323479831530724,0.4339372342411057,0.4323479831530724,0.0
2004-12-31,0.4329270323821571,0.4339372342411057,0.4339372342411057,0.4329270323821571,0.0
2005-01-03,0.4306193128458069,0.4329270323821571,0.4329270323821571,0.4306193128458069,0.0
2005-01-04,0.41699555160938095,0.4306193128458069,0.4306193128458069,0.41699555160938095,0.0
2005-01-05,0.394160219543371,0.41699555160938095,0.41699555160938095,0.394160219543371,0.0
2005-01-06,0.3868114541655347,0.394160219543371,0.394160219543371,0.3868114541655347,0.0
2005-01-07,0.3810610459619807,0.3868114541655347,0.3868114541655347,0.3810610459619807,0.0
2005-01-10,0.38699354569352235,0.3810610459619807,0.38699354569352235,0.3810610459619807,0.0
2005-01-11,0.38636112561922037,0.38699354569352235,0.38699354569352235,0.38636112561922037,0.0
2005-01-12,0.37820831901533986,0.38636112561922037,0.38636112561922037,0.37820831901533986,0.0
2005-01-13,0.38766936067989377,0.37820831901533986,0.38766936067989377,0.37820831901533986,0.0
2005-01-14,0.3722656632550842,0.38766936067989377,0.38766936067989377,0.3722656632550842,0.0
2005-01-18,0.3827973127076435,0.3722656632550842,0.3827973127076435,0.3722656632550842,0.0
2005-01-19,0.3914336151556063,0.3827973127076435,0.3914336151556063,0.3827973127076435,0.0
2005-01-20,0.37199265056852365,0.3914336151556063,0.3914336151556063,0.37199265056852365,0.0
2005-01-21,0.350570569155408,0.37199265056852365,0.37199265056852365,0.350570569155408,0.0
2005-01-24,0.3420964429217846,0.350570569155408,0.350570569155408,0.3420964429217846,0.0
2005-01-25,0.3276653739032792,0.3420964429217846,0.3420964429217846,0.3276653739032792,0.0
2005-01-26,0.33248362927886554,0.3276653739032792,0.33248362927886554,0.3276653739032792,0.0
2005-01-27,0.3444140898178434,0.33248362927886554,0.3444140898178434,0.33248362927886554,0.0
2005-01-28,0.34299595937176786,0.3444140898178434,0.3444140898178434,0.34299595937176786,0.0
2005-01-31,0.3379775838170185,0.34299595937176786,0.34299595937176786,0.3379775838170185,0.0
2005-02-01,0.3511332981136141,0.3379775838170185,0.3511332981136141,0.3379775838170185,0.0
2005-02-02,0.35448578741193926,0.3511332981136141,0.35448578741193926,0.3511332981136141,0.0
2005-02-03,0.3561595321956475,0.35448578741193926,0.3561595321956475,0.35448578741193926,0.0
2005-02-04,0.34390650578231946,0.3561595321956475,0.3561595321956475,0.34390650578231946,0.0
2005-02-07,0.36054270556807766,0.34390650578231946,0.36054270556807766,0.34390650578231946,0.0
2005-02-08,0.35822217357660024,0.36054270556807766,0.36054270556807766,0.35822217357660024,0.0
2005-02-09,0.36019136646141403,0.35822217357660024,0.36019136646141403,0.35822217357660024,0.0
2005-02-10,0.34212581105604867,0.36019136646141403,0.36019136646141403,0.34212581105604867,0.0
2005-02-11,0.34320585798744235,0.34212581105604867,0.34320585798744235,0.34212581105604867,0.0
2005-02-14,0.35842224983239446,0.34320585798744235,0.35842224983239446,0.34320585798744235,0.0
2005-02-15,0.36324331591354586,0.35842224983239446,0.36324331591354586,0.35842224983239446,0.0
2005-02-16,0.3704088820410835,0.36324331591354586,0.3704088820410835,0.36324331591354586,0.0
2005-02-17,0.36629823043433496,0.3704088820410835,0.3704088820410835,0.36629823043433496,0.0
2005-02-18,0.35151413669703346,0.36629823043433496,0.36629823043433496,0.35151413669703346,0.0
2005-02-22,0.34810986676308825,0.35151413669703346,0.35151413669703346,0.34810986676308825,0.0
2005-02-23,0.33522084561492715,0.34810986676308825,0.34810986676308825,0.33522084561492715,0.0
2005-02-24,0.33655830118643215,0.33522084561492715,0.33655830118643215,0.33522084561492715,0.0
2005-02-25,0.34937888408722634,0.33655830118643215,0.34937888408722634,0.33655830118643215,0.0
2005-02-28,0.3552350508003204,0.34937888408722634,0.3552350508003204,0.34937888408722634,0.0
2005-03-01,0.3438768439702064,0.3552350508003204,0.3552350508003204,0.3438768439702064,0.0
2005-03-02,0.355214088520217,0.3438768439702064,0.355214088520217,0.3438768439702064,0.0
2005-03-03,0.3546205895347401,0.355214088520217,0.355214088520217,0.3546205895347401,0.0
2005-03-04,0.34582476525539835,0.3546205895347401,0.3546205895347401,0.34582476525539835,0.0
2005-03-07,0.3519159924921984,0.34582476525539835,0.3519159924921984,0.34582476525539835,0.0
2005-03-08,0.36708367939833136,0.3519159924921984,0.36708367939833136,0.3519159924921984,0.0
2005-03-09,0.3560599835522287,0.36708367939833136,0.36708367939833136,0.3560599835522287,0.0
2005-03-10,0.3529140579387034,0.3560599835522287,0.3560599835522287,0.3529140579387034,0.0
2005-03-11,0.35147762502226915,0.3529140579387034,0.3529140579387034,0.35147762502226915,0.0
2005-03-14,0.3416147481987865,0.35147762502226915,0.35147762502226915,0.3416147481987865,0.0
2005-03-15,0.3462752654271991,0.3416147481987865,0.3462752654271991,0.3416147481987865,0.0
2005-03-16,0.33790310751222186,0.3462752654271991,0.3462752654271991,0.33790310751222186,0.0
2005-03-17,0.32638189671571616,0.33790310751222186,0.33790310751222186,0.32638189671571616,0.0
2005-03-18,0.32876252065702366,0.32638189671571616,0.32876252065702366,0.32638189671571616,0.0
2005-03-21,0.32336438989928085,0.32876252065702366,0.32876252065702366,0.32336438989928085,0.0
2005-03-22,0.3251988793194463,0.32336438989928085,0.3251988793194463,0.32336438989928085,0.0
2005-03-23,0.3131725379207244,0.3251988793194463,0.3251988793194463,0.3131725379207244,0.0
2005-03-24,0.3165284150258137,0.3131725379207244,0.3165284150258137,0.3131725379207244,0.0
2005-03-28,0.31676604527742136,0.3165284150258137,0.31676604527742136,0.3165284150258137,0.0
2005-03-29,0.3185749789216589,0.31676604527742136,0.3185749789216589,0.31676604527742136,0.0
2005-03-30,0.31092403920692097,0.3185749789216589,0.3185749789216589,0.31092403920692097,0.0
2005-03-31,0.32849453643211046,0.31092403920692097,0.32849453643211046,0.31092403920692097,0.0
2005-04-01,0.32417709741127765,0.32849453643211046,0.32849453643211046,0.32417709741127765,0.0
2005-04-04,0.31431128049664914,0.32417709741127765,0.32417709741127765,0.31431128049664914,0.0
2005-04-05,0.32105940353873164,0.31431128049664914,0.32105940353873164,0.31431128049664914,0.0
2005-04-06,0.32367636424358215,0.32105940353873164,0.32367636424358215,0.32105940353873164,0.0
2005-04-07,0.3220575670292954,0.32367636424358215,0.32367636424358215,0.3220575670292954,0.0
2005-04-08,0.33367976952309375,0.3220575670292954,0.33367976952309375,0.3220575670292954,0.0
2005-04-11,0.32552433421981325,0.33367976952309375,0.33367976952309375,0.32552433421981325,0.0
2005-04-12,0.32123488771755904,0.32552433421981325,0.32552433421981325,0.32123488771755904,0.0
2005-04-13,0.3259648528974518,0.32123488771755904,0.3259648528974518,0.32123488771755904,0.0
2005-04-14,0.3099348934284523,0.3259648528974518,0.3259648528974518,0.3099348934284523,0.0
2005-04-15,0.29676050372684853,0.3099348934284523,0.3099348934284523,0.29676050372684853,0.0
2005-04-18,0.2764528196990063,0.29676050372684853,0.29676050372684853,0.2764528196990063,0.0
2005-04-19,0.27667000582855183,0.2764528196990063,0.27667000582855183,0.2764528196990063,0.0
2005-04-20,0.28238112745579863,0.27667000582855183,0.28238112745579863,0.27667000582855183,0.0
2005-04-21,0.2753380734444102,0.28238112745579863,0.28238112745579863,0.2753380734444102,0.0
2005-04-22,0.2972168055932578,0.2753380734444102,0.2972168055932578,0.2753380734444102,0.0
2005-04-25,0.2839264198433545,0.2972168055932578,0.2972168055932578,0.2839264198433545,0.0
2005-04-26,0.2909443398719957,0.2839264198433545,0.2909443398719957,0.2839264198433545,0.0
2005-04-27,0.2827808362759002,0.2909443398719957,0.2909443398719957,0.2827808362759002,0.0
2005-04-28,0.2839685760034918,0.2827808362759002,0.2839685760034918,0.2827808362759002,0.0
2005-04-29,0.2754520399527193,0.2839685760034918,0.2839685760034918,0.2754520399527193,0.0
2005-05-02,0.2809003736128909,0.2754520399527193,0.2809003736128909,0.2754520399527193,0.0
2005-05-03,0.28425118096946456,0.2809003736128909,0.28425118096946456,0.2809003736128909,0.0
2005-05-04,0.28859989716357437,0.28425118096946456,0.28859989716357437,0.28425118096946456,0.0
2005-05-05,0.2991240608177171,0.28859989716357437,0.2991240608177171,0.28859989716357437,0.0
2005-05-06,0.29985456272130345,0.2991240608177171,0.29985456272130345,0.2991240608177171,0.0
2005-05-09,0.30234680997943886,0.29985456272130345,0.30234680997943886,0.29985456272130345,0.0
2005-05-10,0.3066232607242879,0.30234680997943886,0.3066232607242879,0.30234680997943886,0.0
2005-05-11,0.299961742216542,0.3066232607242879,0.3066232607242879,0.299961742216542,0.0
2005-05-12,0.3044664344514809,0.299961742216542,0.3044664344514809,0.299961742216542,0.0
2005-05-13,0.30190217628862026,0.3044664344514809,0.3044664344514809,0.30190217628862026,0.0
2005-05-16,0.31173227283239,0.30190217628862026,0.31173227283239,0.30190217628862026,0.0
2005-05-17,0.317901367304675,0.31173227283239,0.317901367304675,0.31173227283239,0.0
2005-05-18,0.32362806081556617,0.317901367304675,0.32362806081556617,0.317901367304675,0.0
2005-05-19,0.3368305284404652,0.32362806081556617,0.3368305284404652,0.32362806081556617,0.0
2005-05-20,0.34522524919953235,0.3368305284404652,0.34522524919953235,0.3368305284404652,0.0
2005-05-23,0.34933998684889517,0.34522524919953235,0.34933998684889517,0.34522524919953235,0.0
2005-05-24,0.35460099074473506,0.34933998684889517,0.35460099074473506,0.34933998684889517,0.0
2005-05-25,0.3579451888937816,0.35460099074473506,0.3579451888937816,0.35460099074473506,0.0
2005-05-26,0.35339252007482697,0.3579451888937816,0.3579451888937816,0.35339252007482697,0.0
2005-05-27,0.3640204890830452,0.35339252007482697,0.3640204890830452,0.35339252007482697,0.0
2005-05-31,0.36456411632872,0.3640204890830452,0.36456411632872,0.3640204890830452,0.0
2005-06-01,0.3608145421597856,0.36456411632872,0.36456411632872,0.3608145421597856,0.0
2005-06-02,0.3695987516587347,0.3608145421597856,0.3695987516587347,0.3608145421597856,0.0
2005-06-03,0.3773691171002311,0.3695987516587347,0.3773691171002311,0.3695987516587347,0.0
2005-06-06,0.36094052428366385,0.3773691171002311,0.3773691171002311,0.36094052428366385,0.0
2005-06-07,0.36119693387981444,0.36094052428366385,0.36119693387981444,0.36094052428366385,0.0
2005-06-08,0.35207025196129105,0.36119693387981444,0.36119693387981444,0.35207025196129105,0.0
2005-06-09,0.349807371170589,0.35207025196129105,0.35207025196129105,0.349807371170589,0.0
2005-06-10,0.3564588654257368,0.349807371170589,0.3564588654257368,0.349807371170589,0.0
2005-06-13,0.3451598314281664,0.3564588654257368,0.3564588654257368,0.3451598314281664,0.0
2005-06-14,0.3500969280195591,0.3451598314281664,0.3500969280195591,0.3451598314281664,0.0
2005-06-15,0.3458944314727488,0.3500969280195591,0.3500969280195591,0.3458944314727488,0.0
2005-06-16,0.3491811403912801,0.3458944314727488,0.3491811403912801,0.3458944314727488,0.0
2005-06-17,0.35471126630364364,0.3491811403912801,0.35471126630364364,0.3491811403912801,0.0
2005-06-20,0.3548245235254391,0.35471126630364364,0.3548245235254391,0.35471126630364364,0.0
2005-06-21,0.3547970668658806,0.3548245235254391,0.3548245235254391,0.3547970668658806,0.0
2005-06-22,0.35420798882975657,0.3547970668658806,0.3547970668658806,0.35420798882975657,0.0
2005-06-23,0.35305747429351575,0.35420798882975657,0.35420798882975657,0.35305747429351575,0.0
2005-06-24,0.341263915014753,0.35305747429351575,0.35305747429351575,0.341263915014753,0.0
2005-06-27,0.3297376492736247,0.341263915014753,0.341263915014753,0.3297376492736247,0.0
2005-06-28,0.32516342922440244,0.3297376492736247,0.3297376492736247,0.32516342922440244,0.0
2005-06-29,0.33441575849625294,0.32516342922440244,0.33441575849625294,0.32516342922440244,0.0
2005-06-30,0.33223006798339116,0.33441575849625294,0.33441575849625294,0.33223006798339116,0.0
2005-07-01,0.32440628176238995,0.33223006798339116,0.33223006798339116,0.32440628176238995,0.0
2005-07-05,0.32305874799820194,0.32440628176238995,0.32440628176238995,0.32305874799820194,0.0
2005-07-06,0.3330597578156741,0.32305874799820194,0.3330597578156741,0.32305874799820194,0.0
2005-07-07,0.3281880167716134,0.3330597578156741,0.3330597578156741,0.3281880167716134,0.0
2005-07-08,0.33162838673001266,0.3281880167716134,0.33162838673001266,0.3281880167716134,0.0
2005-07-11,0.3506633385085914,0.33162838673001266,0.3506633385085914,0.33162838673001266,0.0
2005-07-12,0.3603839306210128,0.3506633385085914,0.3603839306210128,0.3506633385085914,0.0
2005-07-13,0.3654611526617525,0.3603839306210128,0.3654611526617525,0.3603839306210128,0.0
2005-07-14,0.36800947978543114,0.3654611526617525,0.36800947978543114,0.3654611526617525,0.0
2005-07-15,0.3789092245267806,0.36800947978543114,0.3789092245267806,0.36800947978543114,0.0
2005-07-18,0.3823980031775574,0.3789092245267806,0.3823980031775574,0.3789092245267806,0.0
2005-07-19,0.37764920631904747,0.3823980031775574,0.3823980031775574,0.37764920631904747,0.0
2005-07-20,0.3907838049795808,0.37764920631904747,0.3907838049795808,0.37764920631904747,0.0
2005-07-21,0.39913134639083786,0.3907838049795808,0.39913134639083786,0.3907838049795808,0.0
2005-07-22,0.39940390524596886,0.39913134639083786,0.39940390524596886,0.39913134639083786,0.0
2005-07-25,0.39785485557915046,0.39940390524596886,0.39940390524596886,0.39785485557915046,0.0
2005-07-26,0.3932829034011782,0.39785485557915046,0.39785485557915046,0.3932829034011782,0.0
2005-07-27,0.3977585962395846,0.3932829034011782,0.3977585962395846,0.3932829034011782,0.0
2005-07-28,0.40680944261754565,0.3977585962395846,0.40680944261754565,0.3977585962395846,0.0
2005-07-29,0.412615981023993,0.40680944261754565,0.412615981023993,0.40680944261754565,0.0
2005-08-01,0.402348674212974,0.412615981023993,0.412615981023993,0.402348674212974,0.0
2005-08-02,0.40445214163848814,0.402348674212974,0.40445214163848814,0.402348674212974,0.0
2005-08-03,0.4175796590599917,0.40445214163848814,0.4175796590599917,0.40445214163848814,0.0
2005-08-04,0.4169222291935855,0.4175796590599917,0.4175796590599917,0.4169222291935855,0.0
2005-08-05,0.40471357769615496,0.4169222291935855,0.4169222291935855,0.40471357769615496,0.0
2005-08-08,0.39886700110359496,0.40471357769615496,0.40471357769615496,0.39886700110359496,0.0
2005-08-09,0.3900465449379768,0.39886700110359496,0.39886700110359496,0.3900465449379768,0.0
2005-08-10,0.39777904474353,0.3900465449379768,0.39777904474353,0.3900465449379768,0.0
2005-08-11,0.3874639219212975,0.39777904474353,0.39777904474353,0.3874639219212975,0.0
2005-08-12,0.3969443879117762,0.3874639219212975,0.3969443879117762,0.3874639219212975,0.0
2005-08-15,0.39026956595959644,0.3969443879117762,0.3969443879117762,0.39026956595959644,0.0
2005-08-16,0.3974054628899815,0.39026956595959644,0.3974054628899815,0.39026956595959644,0.0
2005-08-17,0.37803363686924696,0.3974054628899815,0.3974054628899815,0.37803363686924696,0.0
2005-08-18,0.38472499931587606,0.37803363686924696,0.38472499931587606,0.37803363686924696,0.0
2005-08-19,0.3787824654900848,0.38472499931587606,0.38472499931587606,0.3787824654900848,0.0
2005-08-22,0.3781686690295416,0.3787824654900848,0.3787824654900848,0.3781686690295416,0.0
2005-08-23,0.37872324506316535,0.3781686690295416,0.37872324506316535,0.3781686690295416,0.0
2005-08-24,0.37547655965425536,0.37872324506316535,0.37872324506316535,0.37547655965425536,0.0
2005-08-25,0.36875817036173325,0.37547655965425536,0.37547655965425536,0.36875817036173325,0.0
2005-08-26,0.3713153366978744,0.36875817036173325,0.3713153366978744,0.36875817036173325,0.0
2005-08-29,0.3675338826336152,0.3713153366978744,0.3713153366978744,0.3675338826336152,0.0
2005-08-30,0.37610631012600165,0.3675338826336152,0.37610631012600165,0.3675338826336152,0.0
2005-08-31,0.37200124301668147,0.37610631012600165,0.37610631012600165,0.37200124301668147,0.0
2005-09-01,0.3823763983371299,0.37200124301668147,0.3823763983371299,0.37200124301668147,0.0
2005-09-02,0.3805809647459438,0.3823763983371299,0.3823763983371299,0.3805809647459438,0.0
2005-09-06,0.3761507914330572,0.3805809647459438,0.3805809647459438,0.3761507914330572,0.0
2005-09-07,0.39271184734579523,0.3761507914330572,0.39271184734579523,0.3761507914330572,0.0
2005-09-08,0.3947783160024912,0.39271184734579523,0.3947783160024912,0.39271184734579523,0.0
2005-09-09,0.3944472523175141,0.3947783160024912,0.3947783160024912,0.3944472523175141,0.0
2005-09-12,0.4010240653773713,0.3944472523175141,0.4010240653773713,0.3944472523175141,0.0
2005-09-13,0.404333339417626,0.4010240653773713,0.404333339417626,0.4010240653773713,0.0
2005-09-14,0.40124881644425564,0.404333339417626,0.404333339417626,0.40124881644425564,0.0
2005-09-15,0.38754977284155673,0.40124881644425564,0.40124881644425564,0.38754977284155673,0.0
2005-09-16,0.38692563035972555,0.38754977284155673,0.38754977284155673,0.38692563035972555,0.0
2005-09-19,0.3940099897424403,0.38692563035972555,0.3940099897424403,0.38692563035972555,0.0
2005-09-20,0.384679833136493,0.3940099897424403,0.3940099897424403,0.384679833136493,0.0
2005-09-21,0.3799263315316976,0.384679833136493,0.384679833136493,0.3799263315316976,0.0
2005-09-22,0.3673073262020922,0.3799263315316976,0.3799263315316976,0.3673073262020922,0.0
2005-09-23,0.37128523777196104,0.3673073262020922,0.37128523777196104,0.3673073262020922,0.0
2005-09-26,0.37442870340435386,0.37128523777196104,0.37442870340435386,0.37128523777196104,0.0
2005-09-27,0.37468870015670463,0.37442870340435386,0.37468870015670463,0.37442870340435386,0.0
2005-09-28,0.37204939448172025,0.37468870015670463,0.37468870015670463,0.37204939448172025,0.0
2005-09-29,0.372309496723008,0.37204939448172025,0.372309496723008,0.37204939448172025,0.0
2005-09-30,0.3872960937338054,0.372309496723008,0.3872960937338054,0.372309496723008,0.0
2005-10-03,0.39497276795948116,0.3872960937338054,0.39497276795948116,0.3872960937338054,0.0
2005-10-04,0.3979448942517535,0.39497276795948116,0.3979448942517535,0.39497276795948116,0.0
2005-10-05,0.3900676214659872,0.3979448942517535,0.3979448942517535,0.3900676214659872,0.0
2005-10-06,0.3739586286634422,0.3900676214659872,0.3900676214659872,0.3739586286634422,0.0
2005-10-07,0.35916795508821564,0.3739586286634422,0.3739586286634422,0.35916795508821564,0.0
2005-10-10,0.36167533167164956,0.35916795508821564,0.36167533167164956,0.35916795508821564,0.0
2005-10-11,0.3557048473040499,0.36167533167164956,0.36167533167164956,0.3557048473040499,0.0
2005-10-12,0.3503592069897799,0.3557048473040499,0.3557048473040499,0.3503592069897799,0.0
2005-10-13,0.33786652823270075,0.3503592069897799,0.3503592069897799,0.33786652823270075,0.0
2005-10-14,0.3456806458851684,0.33786652823270075,0.3456806458851684,0.33786652823270075,0.0
2005-10-17,0.35333936031159946,0.3456806458851684,0.35333936031159946,0.3456806458851684,0.0
2005-10-18,0.35665440624371303,0.35333936031159946,0.35665440624371303,0.35333936031159946,0.0
2005-10-19,0.34906017855028304,0.35665440624371303,0.35665440624371303,0.34906017855028304,0.0
2005-10-20,0.37002630904307565,0.34906017855028304,0.37002630904307565,0.34906017855028304,0.0
2005-10-21,0.359663766129848,0.37002630904307565,0.37002630904307565,0.359663766129848,0.0
2005-10-24,0.36639507198569177,0.359663766129848,0.36639507198569177,0.359663766129848,0.0
2005-10-25,0.3837598685987088,0.36639507198569177,0.3837598685987088,0.36639507198569177,0.0
2005-10-26,0.3793205432679385,0.3837598685987088,0.3837598685987088,0.3793205432679385,0.0
2005-10-27,0.37345713642577205,0.3793205432679385,0.3793205432679385,0.37345713642577205,0.0
2005-10-28,0.3509110596155665,0.37345713642577205,0.37345713642577205,0.3509110596155665,0.0
2005-10-31,0.35891143312764895,0.3509110596155665,0.35891143312764895,0.3509110596155665,0.0
2005-11-01,0.3743385364783549,0.35891143312764895,0.3743385364783549,0.35891143312764895,0.0
2005-11-02,0.3734419201937341,0.3743385364783549,0.3743385364783549,0.3734419201937341,0.0
2005-11-03,0.3881237427573569,0.3734419201937341,0.3881237427573569,0.3734419201937341,0.0
2005-11-04,0.4055515615968397,0.3881237427573569,0.4055515615968397,0.3881237427573569,0.0
2005-11-07,0.40978553819204744,0.4055515615968397,0.40978553819204744,0.4055515615968397,0.0
2005-11-08,0.41128745196731287,0.40978553819204744,0.41128745196731287,0.40978553819204744,0.0
2005-11-09,0.41156267837192567,0.41128745196731287,0.41156267837192567,0.41128745196731287,0.0
2005-11-10,0.4121465712541194,0.41156267837192567,0.4121465712541194,0.41156267837192567,0.0
2005-11-11,0.4256616960101862,0.4121465712541194,0.4256616960101862,0.4121465712541194,0.0
2005-11-14,0.4290884158883068,0.4256616960101862,0.4290884158883068,0.4256616960101862,0.0
2005-11-15,0.4290552126180297,0.4290884158883068,0.4290884158883068,0.4290552126180297,0.0
2005-11-16,0.4230143452028086,0.4290552126180297,0.4290552126180297,0.4230143452028086,0.0
2005-11-17,0.4308110370660951,0.4230143452028086,0.4308110370660951,0.4230143452028086,0.0
2005-11-18,0.44789610728595647,0.4308110370660951,0.44789610728595647,0.4308110370660951,0.0
2005-11-21,0.452415643900684,0.44789610728595647,0.452415643900684,0.44789610728595647,0.0
2005-11-22,0.4556548968538485,0.452415643900684,0.4556548968538485,0.452415643900684,0.0
2005-11-23,0.4605546587350031,0.4556548968538485,0.4605546587350031,0.4556548968538485,0.0
2005-11-25,0.463832500083418,0.4605546587350031,0.463832500083418,0.4605546587350031,0.0
2005-11-28,0.4667920483035973,0.463832500083418,0.4667920483035973,0.463832500083418,0.0
2005-11-29,0.455055819200197,0.4667920483035973,0.4667920483035973,0.455055819200197,0.0
2005-11-30,0.44844769698584314,0.455055819200197,0.455055819200197,0.44844769698584314,0.0
2005-12-01,0.44515866918083463,0.44844769698584314,0.44844769698584314,0.44515866918083463,0.0
2005-12-02,0.4700592137660883,0.44515866918083463,0.4700592137660883,0.44515866918083463,0.0
2005-12-05,0.47337959526832807,0.4700592137660883,0.47337959526832807,0.4700592137660883,0.0
2005-12-06,0.4628887066684742,0.47337959526832807,0.47337959526832807,0.4628887066684742,0.0
2005-12-07,0.4675034594829759,0.4628887066684742,0.4675034594829759,0.4628887066684742,0.0
2005-12-08,0.46479232183533514,0.4675034594829759,0.4675034594829759,0.46479232183533514,0.0
2005-12-09,0.4547632450882442,0.46479232183533514,0.46479232183533514,0.4547632450882442,0.0
2005-12-12,0.45998006090150817,0.4547632450882442,0.45998006090150817,0.4547632450882442,0.0
2005-12-13,0.46490588471898725,0.45998006090150817,0.46490588471898725,0.45998006090150817,0.0
2005-12-14,0.47053270458204216,0.46490588471898725,0.47053270458204216,0.46490588471898725,0.0
2005-12-15,0.4657959108976895,0.47053270458204216,0.47053270458204216,0.4657959108976895,0.0
2005-12-16,0.4680942473086899,0.4657959108976895,0.4680942473086899,0.4657959108976895,0.0
2005-12-19,0.45836433094876355,0.4680942473086899,0.4680942473086899,0.45836433094876355,0.0
2005-12-20,0.4365018369432324,0.45836433094876355,0.45836433094876355,0.4365018369432324,0.0
2005-12-21,0.43742951203274,0.4365018369432324,0.43742951203274,0.4365018369432324,0.0
2005-12-22,0.4431633746100687,0.43742951203274,0.4431633746100687,0.43742951203274,0.0
2005-12-23,0.4518559163783644,0.4431633746100687,0.4518559163783644,0.4431633746100687,0.0
2005-12-27,0.4518209513372161,0.4518559163783644,0.4518559163783644,0.4518209513372161,0.0
2005-12-28,0.44000025726573383,0.4518209513372161,0.4518209513372161,0.44000025726573383,0.0
2005-12-29,0.43835773056333355,0.44000025726573383,0.44000025726573383,0.43835773056333355,0.0
2005-12-30,0.42966069251467615,0.43835773056333355,0.43835773056333355,0.42966069251467615,0.0
2006-01-03,0.41981463550989956,0.42966069251467615,0.42966069251467615,0.41981463550989956,0.0
2006-01-04,0.4478324858408372,0.41981463550989956,0.4478324858408372,0.41981463550989956,0.0
2006-01-05,0.4617822966410263,0.4478324858408372,0.4617822966410263,0.4478324858408372,0.0
2006-01-06,0.46772162385529364,0.4617822966410263,0.46772162385529364,0.4617822966410263,0.0
2006-01-09,0.4931237350725843,0.46772162385529364,0.4931237350725843,0.46772162385529364,0.0
2006-01-10,0.49897815143262536,0.4931237350725843,0.49897815143262536,0.4931237350725843,0.0
2006-01-11,0.4999869160612715,0.49897815143262536,0.4999869160612715,0.49897815143262536,0.0
2006-01-12,0.5114934906883378,0.4999869160612715,0.5114934906883378,0.4999869160612715,0.0
2006-01-13,0.5039946611702807,0.5114934906883378,0.5114934906883378,0.5039946611702807,0.0
2006-01-17,0.5032526938580903,0.5039946611702807,0.5039946611702807,0.5032526938580903,0.0
2006-01-18,0.49337882544670486,0.5032526938580903,0.5032526938580903,0.49337882544670486,0.0
2006-01-19,0.4763545975311899,0.49337882544670486,0.49337882544670486,0.4763545975311899,0.0
2006-01-20,0.48681323398500864,0.4763545975311899,0.48681323398500864,0.4763545975311899,0.0
2006-01-23,0.4431550189832161,0.48681323398500864,0.48681323398500864,0.4431550189832161,0.0
2006-01-24,0.4434432530332669,0.4431550189832161,0.4434432530332669,0.4431550189832161,0.0
2006-01-25,0.4492125932304416,0.4434432530332669,0.4492125932304416,0.4434432530332669,0.0
2006-01-26,0.4433242078914619,0.4492125932304416,0.4492125932304416,0.4433242078914619,0.0
2006-01-27,0.45263725273155403,0.4433242078914619,0.45263725273155403,0.4433242078914619,0.0
2006-01-30,0.47090409241630554,0.45263725273155403,0.47090409241630554,0.45263725273155403,0.0
2006-01-31,0.47355163193560573,0.47090409241630554,0.47355163193560573,0.47090409241630554,0.0
2006-02-01,0.467117382500868,0.47355163193560573,0.47355163193560573,0.467117382500868,0.0
2006-02-02,0.4720857797352155,0.467117382500868,0.4720857797352155,0.467117382500868,0.0
2006-02-03,0.44785685897668204,0.4720857797352155,0.4720857797352155,0.44785685897668204,0.0
2006-02-06,0.4312825349712478,0.44785685897668204,0.44785685897668204,0.4312825349712478,0.0
2006-02-07,0.4277712641624909,0.4312825349712478,0.4312825349712478,0.4277712641624909,0.0
2006-02-08,0.4220781643532185,0.4277712641624909,0.4277712641624909,0.4220781643532185,0.0
2006-02-09,0.4366931266467516,0.4220781643532185,0.4366931266467516,0.4220781643532185,0.0
2006-02-10,0.4242276929473875,0.4366931266467516,0.4366931266467516,0.4242276929473875,0.0
2006-02-13,0.4320107102645436,0.4242276929473875,0.4320107102645436,0.4242276929473875,0.0
2006-02-14,0.41710645898727633,0.4320107102645436,0.4320107102645436,0.41710645898727633,0.0
2006-02-15,0.4297448218422383,0.41710645898727633,0.4297448218422383,0.41710645898727633,0.0
2006-02-16,0.4379067294056789,0.4297448218422383,0.4379067294056789,0.4297448218422383,0.0
2006-02-17,0.45000160068188005,0.4379067294056789,0.45000160068188005,0.4379067294056789,0.0
2006-02-21,0.4392418507826878,0.45000160068188005,0.45000160068188005,0.4392418507826878,0.0
2006-02-22,0.4244984090181323,0.4392418507826878,0.4392418507826878,0.4244984090181323,0.0
2006-02-23,0.4404044745567414,0.4244984090181323,0.4404044745567414,0.4244984090181323,0.0
2006-02-24,0.43684734676958475,0.4404044745567414,0.4404044745567414,0.43684734676958475,0.0
2006-02-27,0.44031747979827124,0.43684734676958475,0.44031747979827124,0.43684734676958475,0.0
2006-02-28,0.4550102956346575,0.44031747979827124,0.4550102956346575,0.44031747979827124,0.0
2006-03-01,0.43468945566091965,0.4550102956346575,0.4550102956346575,0.43468945566091965,0.0
2006-03-02,0.4524237114958388,0.43468945566091965,0.4524237114958388,0.43468945566091965,0.0
2006-03-03,0.45336577678045836,0.4524237114958388,0.45336577678045836,0.4524237114958388,0.0
2006-03-06,0.4455021475515462,0.45336577678045836,0.45336577678045836,0.4455021475515462,0.0
2006-03-07,0.4338594972709602,0.4455021475515462,0.4455021475515462,0.4338594972709602,0.0
2006-03-08,0.426223399127984,0.4338594972709602,0.4338594972709602,0.426223399127984,0.0
2006-03-09,0.42681633931581026,0.426223399127984,0.42681633931581026,0.426223399127984,0.0
2006-03-10,0.4158182700456294,0.42681633931581026,0.42681633931581026,0.4158182700456294,0.0
2006-03-13,0.4170171851438842,0.4158182700456294,0.4170171851438842,0.4158182700456294,0.0
2006-03-14,0.4206867032263693,0.4170171851438842,0.4206867032263693,0.4170171851438842,0.0
2006-03-15,0.44206005039877194,0.4206867032263693,0.44206005039877194,0.4206867032263693,0.0
2006-03-16,0.4532461049245005,0.44206005039877194,0.4532461049245005,0.44206005039877194,0.0
2006-03-17,0.441803364575219,0.4532461049245005,0.4532461049245005,0.441803364575219,0.0
2006-03-20,0.44526453653323467,0.441803364575219,0.44526453653323467,0.441803364575219,0.0
2006-03-21,0.4484522192388777,0.44526453653323467,0.4484522192388777,0.44526453653323467,0.0
2006-03-22,0.43417115322071803,0.4484522192388777,0.4484522192388777,0.43417115322071803,0.0
2006-03-23,0.4373052609130992,0.43417115322071803,0.4373052609130992,0.43417115322071803,0.0
2006-03-24,0.4334523100165826,0.4373052609130992,0.4373052609130992,0.4334523100165826,0.0
2006-03-27,0.4400635178176751,0.4334523100165826,0.4400635178176751,0.4334523100165826,0.0
2006-03-28,0.44034941461048216,0.4400635178176751,0.44034941461048216,0.4400635178176751,0.0
2006-03-29,0.4348785549452544,0.44034941461048216,0.44034941461048216,0.4348785549452544,0.0
2006-03-30,0.45958130810574876,0.4348785549452544,0.45958130810574876,0.4348785549452544,0.0
2006-03-31,0.46382149662699645,0.45958130810574876,0.46382149662699645,0.45958130810574876,0.0
2006-04-03,0.4598140676289193,0.46382149662699645,0.46382149662699645,0.4598140676289193,0.0
2006-04-04,0.46142300709118944,0.4598140676289193,0.46142300709118944,0.4598140676289193,0.0
2006-04-05,0.46897170467140403,0.46142300709118944,0.46897170467140403,0.46142300709118944,0.0
2006-04-06,0.48226830725292363,0.46897170467140403,0.48226830725292363,0.46897170467140403,0.0
2006-04-07,0.48630545210329584,0.48226830725292363,0.48630545210329584,0.48226830725292363,0.0
2006-04-10,0.472270018223875,0.48630545210329584,0.48630545210329584,0.472270018223875,0.0
2006-04-11,0.4702238359160504,0.472270018223875,0.472270018223875,0.4702238359160504,0.0
2006-04-12,0.45883869830007223,0.4702238359160504,0.4702238359160504,0.45883869830007223,0.0
2006-04-13,0.4591309790398464,0.45883869830007223,0.4591309790398464,0.45883869830007223,0.0
2006-04-17,0.46467956961285306,0.4591309790398464,0.46467956961285306,0.4591309790398464,0.0
2006-04-18,0.45007385018547014,0.46467956961285306,0.46467956961285306,0.45007385018547014,0.0
2006-04-19,0.4759681398571718,0.45007385018547014,0.4759681398571718,0.45007385018547014,0.0
2006-04-20,0.48232114699503215,0.4759681398571718,0.48232114699503215,0.4759681398571718,0.0
2006-04-21,0.47719417005799897,0.48232114699503215,0.48232114699503215,0.47719417005799897,0.0
2006-04-24,0.4603155765829595,0.47719417005799897,0.47719417005799897,0.4603155765829595,0.0
2006-04-25,0.458964895520489,0.4603155765829595,0.4603155765829595,0.458964895520489,0.0
2006-04-26,0.4559758860981227,0.458964895520489,0.458964895520489,0.4559758860981227,0.0
2006-04-27,0.4556131594867087,0.4559758860981227,0.4559758860981227,0.4556131594867087,0.0
2006-04-28,0.46863946546311974,0.4556131594867087,0.46863946546311974,0.4556131594867087,0.0
2006-05-01,0.4549631278222036,0.46863946546311974,0.46863946546311974,0.4549631278222036,0.0
2006-05-02,0.4415563219932031,0.4549631278222036,0.4549631278222036,0.4415563219932031,0.0
2006-05-03,0.44503832217412975,0.4415563219932031,0.44503832217412975,0.4415563219932031,0.0
2006-05-04,0.44307718082973263,0.44503832217412975,0.44503832217412975,0.44307718082973263,0.0
2006-05-05,0.4539347736688737,0.44307718082973263,0.4539347736688737,0.44307718082973263,0.0
2006-05-08,0.4646426122875075,0.4539347736688737,0.4646426122875075,0.4539347736688737,0.0
2006-05-09,0.4659291912652099,0.4646426122875075,0.4659291912652099,0.4646426122875075,0.0
2006-05-10,0.46059323560234894,0.4659291912652099,0.4659291912652099,0.46059323560234894,0.0
2006-05-11,0.4483963045101509,0.46059323560234894,0.46059323560234894,0.4483963045101509,0.0
2006-05-12,0.41833962409319,0.4483963045101509,0.4483963045101509,0.41833962409319,0.0
2006-05-15,0.4013644669240561,0.41833962409319,0.41833962409319,0.4013644669240561,0.0
2006-05-16,0.4004349951919191,0.4013644669240561,0.4013644669240561,0.4004349951919191,0.0
2006-05-17,0.39142957703909925,0.4004349951919191,0.4004349951919191,0.39142957703909925,0.0
2006-05-18,0.37549058668045665,0.39142957703909925,0.39142957703909925,0.37549058668045665,0.0
2006-05-19,0.36772647946507225,0.37549058668045665,0.37549058668045665,0.36772647946507225,0.0
2006-05-22,0.37617354245610446,0.36772647946507225,0.37617354245610446,0.36772647946507225,0.0
2006-05-23,0.3652459680023338,0.37617354245610446,0.37617354245610446,0.3652459680023338,0.0
2006-05-24,0.35453301952850846,0.3652459680023338,0.3652459680023338,0.35453301952850846,0.0
2006-05-25,0.36167194195943153,0.35453301952850846,0.36167194195943153,0.35453301952850846,0.0
2006-05-26,0.3758871319431714,0.36167194195943153,0.3758871319431714,0.36167194195943153,0.0
2006-05-30,0.37958298011318115,0.3758871319431714,0.37958298011318115,0.3758871319431714,0.0
2006-05-31,0.3550424246318776,0.37958298011318115,0.37958298011318115,0.3550424246318776,0.0
2006-06-01,0.3599768026638501,0.3550424246318776,0.3599768026638501,0.3550424246318776,0.0
2006-06-02,0.38554201021002155,0.3599768026638501,0.38554201021002155,0.3599768026638501,0.0
2006-06-05,0.3826019064978983,0.38554201021002155,0.38554201021002155,0.3826019064978983,0.0
2006-06-06,0.3576695767214575,0.3826019064978983,0.3826019064978983,0.3576695767214575,0.0
2006-06-07,0.356812306449849,0.3576695767214575,0.3576695767214575,0.356812306449849,0.0
2006-06-08,0.3487739249509285,0.356812306449849,0.356812306449849,0.3487739249509285,0.0
2006-06-09,0.3471147047270725,0.3487739249509285,0.3487739249509285,0.3471147047270725,0.0
2006-06-12,0.34030766912649313,0.3471147047270725,0.3471147047270725,0.34030766912649313,0.0
2006-06-13,0.3202115119431439,0.34030766912649313,0.34030766912649313,0.3202115119431439,0.0
2006-06-14,0.31633351710830787,0.3202115119431439,0.3202115119431439,0.31633351710830787,0.0
2006-06-15,0.32599038758080345,0.31633351710830787,0.32599038758080345,0.31633351710830787,0.0
2006-06-16,0.35247426640979096,0.32599038758080345,0.35247426640979096,0.32599038758080345,0.0
2006-06-19,0.3446714368979358,0.35247426640979096,0.35247426640979096,0.3446714368979358,0.0
2006-06-20,0.3362837862350798,0.3446714368979358,0.3446714368979358,0.3362837862350798,0.0
2006-06-21,0.33758493943689766,0.3362837862350798,0.33758493943689766,0.3362837862350798,0.0
2006-06-22,0.35351604334604025,0.33758493943689766,0.35351604334604025,0.33758493943689766,0.0
2006-06-23,0.34005326977637534,0.35351604334604025,0.35351604334604025,0.34005326977637534,0.0
2006-06-26,0.33895819460532856,0.34005326977637534,0.34005326977637534,0.33895819460532856,0.0
2006-06-27,0.3415974636952685,0.33895819460532856,0.3415974636952685,0.33895819460532856,0.0
2006-06-28,0.32228093530968727,0.3415974636952685,0.3415974636952685,0.32228093530968727,0.0
2006-06-29,0.32946906486269495,0.32228093530968727,0.32946906486269495,0.32228093530968727,0.0
2006-06-30,0.35950629971477416,0.32946906486269495,0.35950629971477416,0.32946906486269495,0.0
2006-07-03,0.3542191287546507,0.35950629971477416,0.35950629971477416,0.3542191287546507,0.0
2006-07-05,0.36049574553226305,0.3542191287546507,0.36049574553226305,0.3542191287546507,0.0
2006-07-06,0.33689674231320793,0.36049574553226305,0.36049574553226305,0.33689674231320793,0.0
2006-07-07,0.3358110762517722,0.33689674231320793,0.33689674231320793,0.3358110762517722,0.0
2006-07-10,0.32468300969115677,0.3358110762517722,0.3358110762517722,0.32468300969115677,0.0
2006-07-11,0.31612924685743,0.32468300969115677,0.32468300969115677,0.31612924685743,0.0
2006-07-12,0.3232123061258646,0.31612924685743,0.3232123061258646,0.31612924685743,0.0
2006-07-13,0.30489706258134575,0.3232123061258646,0.3232123061258646,0.30489706258134575,0.0
2006-07-14,0.28951724152560526,0.30489706258134575,0.30489706258134575,0.28951724152560526,0.0
2006-07-17,0.2806442658169173,0.28951724152560526,0.28951724152560526,0.2806442658169173,0.0
2006-07-18,0.2827307648651802,0.2806442658169173,0.2827307648651802,0.2806442658169173,0.0
2006-07-19,0.28553377123804974,0.2827307648651802,0.28553377123804974,0.2827307648651802,0.0
2006-07-20,0.29664882048348146,0.28553377123804974,0.29664882048348146,0.28553377123804974,0.0
2006-07-21,0.28350289302659387,0.29664882048348146,0.29664882048348146,0.28350289302659387,0.0
2006-07-24,0.27452336922870235,0.28350289302659387,0.28350289302659387,0.27452336922870235,0.0
2006-07-25,0.290881246493005,0.27452336922870235,0.290881246493005,0.27452336922870235,0.0
2006-07-26,0.29589152564806637,0.290881246493005,0.29589152564806637,0.290881246493005,0.0
2006-07-27,0.2951417398097107,0.29589152564806637,0.29589152564806637,0.2951417398097107,0.0
2006-07-28,0.2893114463875155,0.2951417398097107,0.2951417398097107,0.2893114463875155,0.0
2006-07-31,0.30743527098689083,0.2893114463875155,0.30743527098689083,0.2893114463875155,0.0
2006-08-01,0.30716283440653486,0.30743527098689083,0.30743527098689083,0.30716283440653486,0.0
2006-08-02,0.29173955470518403,0.30716283440653486,0.30716283440653486,0.29173955470518403,0.0
2006-08-03,0.3015534492135593,0.29173955470518403,0.3015534492135593,0.29173955470518403,0.0
2006-08-04,0.3071708477847896,0.3015534492135593,0.3071708477847896,0.3015534492135593,0.0
2006-08-07,0.3029269036262849,0.3071708477847896,0.3071708477847896,0.3029269036262849,0.0
2006-08-08,0.2970000717217618,0.3029269036262849,0.3029269036262849,0.2970000717217618,0.0
2006-08-09,0.29139493854581877,0.2970000717217618,0.2970000717217618,0.29139493854581877,0.0
2006-08-10,0.29257046828903094,0.29139493854581877,0.29257046828903094,0.29139493854581877,0.0
2006-08-11,0.2987952325000964,0.29257046828903094,0.2987952325000964,0.29257046828903094,0.0
2006-08-14,0.29243688046217237,0.2987952325000964,0.2987952325000964,0.29243688046217237,0.0
2006-08-15,0.29817836582394097,0.29243688046217237,0.29817836582394097,0.29243688046217237,0.0
2006-08-16,0.32078009583853145,0.29817836582394097,0.32078009583853145,0.29817836582394097,0.0
2006-08-17,0.3434733103362022,0.32078009583853145,0.3434733103362022,0.32078009583853145,0.0
2006-08-18,0.3471849039237607,0.3434733103362022,0.3471849039237607,0.3434733103362022,0.0
2006-08-21,0.34877186197418036,0.3471849039237607,0.34877186197418036,0.3471849039237607,0.0
2006-08-22,0.33876436269618615,0.34877186197418036,0.34877186197418036,0.33876436269618615,0.0
2006-08-23,0.3390033231526657,0.33876436269618615,0.3390033231526657,0.33876436269618615,0.0
2006-08-24,0.3313026255566443,0.3390033231526657,0.3390033231526657,0.3313026255566443,0.0
2006-08-25,0.3341430415524184,0.3313026255566443,0.3341430415524184,0.3313026255566443,0.0
2006-08-28,0.3359518946579612,0.3341430415524184,0.3359518946579612,0.3341430415524184,0.0
2006-08-29,0.3435530003729758,0.3359518946579612,0.3435530003729758,0.3359518946579612,0.0
2006-08-30,0.34672939054799257,0.3435530003729758,0.34672939054799257,0.3435530003729758,0.0
2006-08-31,0.35153755901973766,0.34672939054799257,0.35153755901973766,0.34672939054799257,0.0
2006-09-01,0.3504258246593387,0.35153755901973766,0.35153755901973766,0.3504258246593387,0.0
2006-09-05,0.356078497790054,0.3504258246593387,0.356078497790054,0.3504258246593387,0.0
2006-09-06,0.3664382159739377,0.356078497790054,0.3664382159739377,0.356078497790054,0.0
2006-09-07,0.3444018146717775,0.3664382159739377,0.3664382159739377,0.3444018146717775,0.0
2006-09-08,0.33956493781604125,0.3444018146717775,0.3444018146717775,0.33956493781604125,0.0
2006-09-11,0.3456263255042125,0.33956493781604125,0.3456263255042125,0.33956493781604125,0.0
2006-09-12,0.3520262379802607,0.3456263255042125,0.3520262379802607,0.3456263255042125,0.0
2006-09-13,0.3715159800786493,0.3520262379802607,0.3715159800786493,0.3520262379802607,0.0
2006-09-14,0.37907125952759413,0.3715159800786493,0.37907125952759413,0.3715159800786493,0.0
2006-09-15,0.38018070488184874,0.37907125952759413,0.38018070488184874,0.37907125952759413,0.0
2006-09-18,0.3842321544061881,0.38018070488184874,0.3842321544061881,0.38018070488184874,0.0
2006-09-19,0.3844899645500234,0.3842321544061881,0.3844899645500234,0.3842321544061881,0.0
2006-09-20,0.37669688536225265,0.3844899645500234,0.3844899645500234,0.37669688536225265,0.0
2006-09-21,0.39311608997279207,0.37669688536225265,0.39311608997279207,0.37669688536225265,0.0
2006-09-22,0.38579301493497953,0.39311608997279207,0.39311608997279207,0.38579301493497953,0.0
2006-09-25,0.37683399312494836,0.38579301493497953,0.38579301493497953,0.37683399312494836,0.0
2006-09-26,0.3966529512946944,0.37683399312494836,0.3966529512946944,0.37683399312494836,0.0
2006-09-27,0.4024880347236221,0.3966529512946944,0.4024880347236221,0.3966529512946944,0.0
2006-09-28,0.4009764361907675,0.4024880347236221,0.4024880347236221,0.4009764361907675,0.0
2006-09-29,0.40419518478191374,0.4009764361907675,0.40419518478191374,0.4009764361907675,0.0
2006-10-02,0.3988181597092372,0.40419518478191374,0.40419518478191374,0.3988181597092372,0.0
2006-10-03,0.38377602137876643,0.3988181597092372,0.3988181597092372,0.38377602137876643,0.0
2006-10-04,0.38862228132013693,0.38377602137876643,0.38862228132013693,0.38377602137876643,0.0
2006-10-05,0.41722584439771343,0.38862228132013693,0.41722584439771343,0.38862228132013693,0.0
2006-10-06,0.4232549190845814,0.41722584439771343,0.4232549190845814,0.41722584439771343,0.0
2006-10-09,0.4204688503254923,0.4232549190845814,0.4232549190845814,0.4204688503254923,0.0
2006-10-10,0.4247004106019783,0.4204688503254923,0.4247004106019783,0.4204688503254923,0.0
2006-10-11,0.42681413846483707,0.4247004106019783,0.42681413846483707,0.4247004106019783,0.0
2006-10-12,0.42432019259367204,0.42681413846483707,0.42681413846483707,0.42432019259367204,0.0
2006-10-13,0.4445119483644704,0.42432019259367204,0.4445119483644704,0.42432019259367204,0.0
2006-10-16,0.451746129477975,0.4445119483644704,0.451746129477975,0.4445119483644704,0.0
2006-10-17,0.4529887887874336,0.451746129477975,0.4529887887874336,0.451746129477975,0.0
2006-10-18,0.4379143829904441,0.4529887887874336,0.4529887887874336,0.4379143829904441,0.0
2006-10-19,0.4316243312701465,0.4379143829904441,0.4379143829904441,0.4316243312701465,0.0
2006-10-20,0.43468904349801624,0.4316243312701465,0.43468904349801624,0.4316243312701465,0.0
2006-10-23,0.4377676527878479,0.43468904349801624,0.4377676527878479,0.43468904349801624,0.0
2006-10-24,0.4511796712923244,0.4377676527878479,0.4511796712923244,0.4377676527878479,0.0
2006-10-25,0.44189348063195,0.4511796712923244,0.4511796712923244,0.44189348063195,0.0
2006-10-26,0.4509825105698106,0.44189348063195,0.4509825105698106,0.44189348063195,0.0
2006-10-27,0.46338355996243963,0.4509825105698106,0.46338355996243963,0.4509825105698106,0.0
2006-10-30,0.4435434120980234,0.46338355996243963,0.46338355996243963,0.4435434120980234,0.0
2006-10-31,0.45202106805026215,0.4435434120980234,0.45202106805026215,0.4435434120980234,0.0
2006-11-01,0.4551785254900786,0.45202106805026215,0.4551785254900786,0.45202106805026215,0.0
2006-11-02,0.4365423755005865,0.4551785254900786,0.4551785254900786,0.4365423755005865,0.0
2006-11-03,0.43775557468096343,0.4365423755005865,0.43775557468096343,0.4365423755005865,0.0
2006-11-06,0.43428565685706877,0.43775557468096343,0.43775557468096343,0.43428565685706877,0.0
2006-11-07,0.45320643896076196,0.43428565685706877,0.45320643896076196,0.43428565685706877,0.0
2006-11-08,0.4624403179878692,0.45320643896076196,0.4624403179878692,0.45320643896076196,0.0
2006-11-09,0.4688820422156457,0.4624403179878692,0.4688820422156457,0.4624403179878692,0.0
2006-11-10,0.4623085434239483,0.4688820422156457,0.4688820422156457,0.4623085434239483,0.0
2006-11-13,0.46874843205182576,0.4623085434239483,0.46874843205182576,0.4623085434239483,0.0
2006-11-14,0.4830915402976862,0.46874843205182576,0.4830915402976862,0.46874843205182576,0.0
2006-11-15,0.49839113692842024,0.4830915402976862,0.49839113692842024,0.4830915402976862,0.0
2006-11-16,0.5044782186770811,0.49839113692842024,0.5044782186770811,0.49839113692842024,0.0
2006-11-17,0.5109588634429246,0.5044782186770811,0.5109588634429246,0.5044782186770811,0.0
2006-11-20,0.5109193249594439,0.5109588634429246,0.5109588634429246,0.5109193249594439,0.0
2006-11-21,0.5139929946033523,0.5109193249594439,0.5139929946033523,0.5109193249594439,0.0
2006-11-22,0.5160372031868804,0.5139929946033523,0.5160372031868804,0.5139929946033523,0.0
2006-11-24,0.5257500394629046,0.5160372031868804,0.5257500394629046,0.5160372031868804,0.0
2006-11-27,0.5228878172997892,0.5257500394629046,0.5257500394629046,0.5228878172997892,0.0
2006-11-28,0.48736451688901256,0.5228878172997892,0.5228878172997892,0.48736451688901256,0.0
2006-11-29,0.491681975229328,0.48736451688901256,0.491681975229328,0.48736451688901256,0.0
2006-11-30,0.5017534758149427,0.491681975229328,0.5017534758149427,0.491681975229328,0.0
2006-12-01,0.5006900093427984,0.5017534758149427,0.5017534758149427,0.5006900093427984,0.0
2006-12-04,0.4876906171001442,0.5006900093427984,0.5006900093427984,0.4876906171001442,0.0
2006-12-05,0.5077594192379559,0.4876906171001442,0.5077594192379559,0.4876906171001442,0.0
2006-12-06,0.5132270599074977,0.5077594192379559,0.5132270599074977,0.5077594192379559,0.0
2006-12-07,0.5076411652115554,0.5132270599074977,0.5132270599074977,0.5076411652115554,0.0
2006-12-08,0.48833318573496737,0.5076411652115554,0.5076411652115554,0.48833318573496737,0.0
2006-12-11,0.4950004638668752,0.48833318573496737,0.4950004638668752,0.48833318573496737,0.0
2006-12-12,0.5003742846788746,0.4950004638668752,0.5003742846788746,0.4950004638668752,0.0
2006-12-13,0.4914762827077498,0.5003742846788746,0.5003742846788746,0.4914762827077498,0.0
2006-12-14,0.49413140974239006,0.4914762827077498,0.49413140974239006,0.4914762827077498,0.0
2006-12-15,0.5106479627948709,0.49413140974239006,0.5106479627948709,0.49413140974239006,0.0
2006-12-18,0.514548249826212,0.5106479627948709,0.514548249826212,0.5106479627948709,0.0
2006-12-19,0.49922196057398105,0.514548249826212,0.514548249826212,0.49922196057398105,0.0
2006-12-20,0.4944164807924808,0.49922196057398105,0.49922196057398105,0.4944164807924808,0.0
2006-12-21,0.48896672628333404,0.4944164807924808,0.4944164807924808,0.48896672628333404,0.0
2006-12-22,0.478520482194743,0.48896672628333404,0.48896672628333404,0.478520482194743,0.0
2006-12-26,0.46359192500084584,0.478520482194743,0.478520482194743,0.46359192500084584,0.0
2006-12-27,0.4693878420035674,0.46359192500084584,0.4693878420035674,0.46359192500084584,0.0
2006-12-28,0.47653727125536033,0.4693878420035674,0.47653727125536033,0.4693878420035674,0.0
2006-12-29,0.4695718034523341,0.47653727125536033,0.47653727125536033,0.4695718034523341,0.0
2007-01-03,0.4708422563331757,0.4695718034523341,0.4708422563331757,0.4695718034523341,0.0
2007-01-04,0.4734233133589573,0.4708422563331757,0.4734233133589573,0.4708422563331757,0.0
2007-01-05,0.5003212226459149,0.4734233133589573,0.5003212226459149,0.4734233133589573,0.0
2007-01-08,0.4931278745668851,0.5003212226459149,0.5003212226459149,0.4931278745668851,0.0
2007-01-09,0.49410161418158755,0.4931278745668851,0.49410161418158755,0.4931278745668851,0.0
2007-01-10,0.501496095862316,0.49410161418158755,0.501496095862316,0.49410161418158755,0.0
2007-01-11,0.5191965655455042,0.501496095862316,0.5191965655455042,0.501496095862316,0.0
2007-01-12,0.5352145234006996,0.5191965655455042,0.5352145234006996,0.5191965655455042,0.0
2007-01-16,0.5433647890905263,0.5352145234006996,0.5433647890905263,0.5352145234006996,0.0
2007-01-17,0.5422441668352753,0.5433647890905263,0.5433647890905263,0.5422441668352753,0.0
2007-01-18,0.5289092937072281,0.5422441668352753,0.5422441668352753,0.5289092937072281,0.0
2007-01-19,0.4995432579225356,0.5289092937072281,0.5289092937072281,0.4995432579225356,0.0
2007-01-22,0.5025641985730033,0.4995432579225356,0.5025641985730033,0.4995432579225356,0.0
2007-01-23,0.4861414724413558,0.5025641985730033,0.5025641985730033,0.4861414724413558,0.0
2007-01-24,0.48243154318828896,0.4861414724413558,0.4861414724413558,0.48243154318828896,0.0
2007-01-25,0.5063056654634036,0.48243154318828896,0.5063056654634036,0.48243154318828896,0.0
2007-01-26,0.48672289094045207,0.5063056654634036,0.5063056654634036,0.48672289094045207,0.0
2007-01-29,0.4813419844050956,0.48672289094045207,0.48672289094045207,0.4813419844050956,0.0
2007-01-30,0.48263192402964317,0.4813419844050956,0.48263192402964317,0.4813419844050956,0.0
2007-01-31,0.48325785949273203,0.48263192402964317,0.48325785949273203,0.48263192402964317,0.0
2007-02-01,0.49784118054967935,0.48325785949273203,0.49784118054967935,0.48325785949273203,0.0
2007-02-02,0.4954301392575141,0.49784118054967935,0.49784118054967935,0.4954301392575141,0.0
2007-02-05,0.5007965079583376,0.4954301392575141,0.5007965079583376,0.4954301392575141,0.0
2007-02-06,0.49939689247793206,0.5007965079583376,0.5007965079583376,0.49939689247793206,0.0
2007-02-07,0.49732126674756627,0.49939689247793206,0.49939689247793206,0.49732126674756627,0.0
2007-02-08,0.5108273477465982,0.49732126674756627,0.5108273477465982,0.49732126674756627,0.0
2007-02-09,0.5104430540758692,0.5108273477465982,0.5108273477465982,0.5104430540758692,0.0
2007-02-12,0.49076613039906236,0.5104430540758692,0.5104430540758692,0.49076613039906236,0.0
2007-02-13,0.4850249787279715,0.49076613039906236,0.49076613039906236,0.4850249787279715,0.0
2007-02-14,0.48998048108939546,0.4850249787279715,0.48998048108939546,0.4850249787279715,0.0
2007-02-15,0.5147441755048846,0.48998048108939546,0.5147441755048846,0.48998048108939546,0.0
2007-02-16,0.5237061501070417,0.5147441755048846,0.5237061501070417,0.5147441755048846,0.0
2007-02-20,0.5184111950487497,0.5237061501070417,0.5237061501070417,0.5184111950487497,0.0
2007-02-21,0.5301982934820234,0.5184111950487497,0.5301982934820234,0.5184111950487497,0.0
2007-02-22,0.5351009327942243,0.5301982934820234,0.5351009327942243,0.5301982934820234,0.0
2007-02-23,0.543229689981274,0.5351009327942243,0.543229689981274,0.5351009327942243,0.0
2007-02-26,0.5374464532408401,0.543229689981274,0.543229689981274,0.5374464532408401,0.0
2007-02-27,0.529567421197898,0.5374464532408401,0.5374464532408401,0.529567421197898,0.0
2007-02-28,0.46427214258024785,0.529567421197898,0.529567421197898,0.46427214258024785,0.0
2007-03-01,0.4687507401776223,0.46427214258024785,0.4687507401776223,0.46427214258024785,0.0
2007-03-02,0.46222327089649884,0.4687507401776223,0.4687507401776223,0.46222327089649884,0.0
2007-03-05,0.4412895622970974,0.46222327089649884,0.46222327089649884,0.4412895622970974,0.0
2007-03-06,0.4309708934223974,0.4412895622970974,0.4412895622970974,0.4309708934223974,0.0
2007-03-07,0.45240931838393644,0.4309708934223974,0.45240931838393644,0.4309708934223974,0.0
2007-03-08,0.4469903638019503,0.45240931838393644,0.45240931838393644,0.4469903638019503,0.0
2007-03-09,0.45606714896694966,0.4469903638019503,0.45606714896694966,0.4469903638019503,0.0
2007-03-12,0.4547582212367141,0.45606714896694966,0.45606714896694966,0.4547582212367141,0.0
2007-03-13,0.4636207602721998,0.4547582212367141,0.4636207602721998,0.4547582212367141,0.0
2007-03-14,0.436546533883053,0.4636207602721998,0.4636207602721998,0.436546533883053,0.0
2007-03-15,0.4556773012379327,0.436546533883053,0.4556773012379327,0.436546533883053,0.0
2007-03-16,0.4524618673777317,0.4556773012379327,0.4556773012379327,0.4524618673777317,0.0
2007-03-19,0.45138192427845375,0.4524618673777317,0.4524618673777317,0.45138192427845375,0.0
2007-03-20,0.4652582255908104,0.45138192427845375,0.4652582255908104,0.45138192427845375,0.0
2007-03-21,0.4752219683162523,0.4652582255908104,0.4752219683162523,0.4652582255908104,0.0
2007-03-22,0.5026639740611543,0.4752219683162523,0.5026639740611543,0.4752219683162523,0.0
2007-03-23,0.4971937013735145,0.5026639740611543,0.5026639740611543,0.4971937013735145,0.0
2007-03-26,0.4924375758983728,0.4971937013735145,0.4971937013735145,0.4924375758983728,0.0
2007-03-27,0.4984274243735159,0.4924375758983728,0.4984274243735159,0.4924375758983728,0.0
2007-03-28,0.4879248387466813,0.4984274243735159,0.4984274243735159,0.4879248387466813,0.0
2007-03-29,0.472247128447853,0.4879248387466813,0.4879248387466813,0.472247128447853,0.0
2007-03-30,0.4738381965596903,0.472247128447853,0.4738381965596903,0.472247128447853,0.0
2007-04-02,0.4724965830015132,0.4738381965596903,0.4738381965596903,0.4724965830015132,0.0
2007-04-03,0.4744142005412467,0.4724965830015132,0.4744142005412467,0.4724965830015132,0.0
2007-04-04,0.4929883925649532,0.4744142005412467,0.4929883925649532,0.4744142005412467,0.0
2007-04-05,0.49897783436150916,0.4929883925649532,0.49897783436150916,0.4929883925649532,0.0
2007-04-09,0.5063669508437975,0.49897783436150916,0.5063669508437975,0.49897783436150916,0.0
2007-04-10,0.5025780466238845,0.5063669508437975,0.5063669508437975,0.5025780466238845,0.0
2007-04-11,0.5103413215744235,0.5025780466238845,0.5103413215744235,0.5025780466238845,0.0
2007-04-12,0.49419566341705756,0.5103413215744235,0.5103413215744235,0.49419566341705756,0.0
2007-04-13,0.5058947360654877,0.49419566341705756,0.5058947360654877,0.49419566341705756,0.0
2007-04-16,0.5089210540796385,0.5058947360654877,0.5089210540796385,0.5058947360654877,0.0
2007-04-17,0.522901484628101,0.5089210540796385,0.522901484628101,0.5089210540796385,0.0
2007-04-18,0.5263422201543633,0.522901484628101,0.5263422201543633,0.522901484628101,0.0
2007-04-19,0.5210563501590944,0.5263422201543633,0.5263422201543633,0.5210563501590944,0.0
2007-04-20,0.5258784941322903,0.5210563501590944,0.5258784941322903,0.5210563501590944,0.0
2007-04-23,0.5345736764953435,0.5258784941322903,0.5345736764953435,0.5258784941322903,0.0
2007-04-24,0.5370043213756529,0.5345736764953435,0.5370043213756529,0.5345736764953435,0.0
2007-04-25,0.5451126833722745,0.5370043213756529,0.5451126833722745,0.5370043213756529,0.0
2007-04-26,0.5668984629984049,0.5451126833722745,0.5668984629984049,0.5451126833722745,0.0
2007-04-27,0.5756680921582993,0.5668984629984049,0.5756680921582993,0.5668984629984049,0.0
2007-04-30,0.5763657411550237,0.5756680921582993,0.5763657411550237,0.5756680921582993,0.0
2007-05-01,0.5536717094438984,0.5763657411550237,0.5763657411550237,0.5536717094438984,0.0
2007-05-02,0.5521836715004533,0.5536717094438984,0.5536717094438984,0.5521836715004533,0.0
2007-05-03,0.5701783883889731,0.5521836715004533,0.5701783883889731,0.5521836715004533,0.0
2007-05-04,0.576398703087544,0.5701783883889731,0.576398703087544,0.5701783883889731,0.0
2007-05-07,0.5778387677454231,0.576398703087544,0.5778387677454231,0.576398703087544,0.0
2007-05-08,0.5777940540312523,0.5778387677454231,0.5778387677454231,0.5777940540312523,0.0
2007-05-09,0.5814666391514106,0.5777940540312523,0.5814666391514106,0.5777940540312523,0.0
2007-05-10,0.5851548949309199,0.5814666391514106,0.5851548949309199,0.5814666391514106,0.0
2007-05-11,0.5611181775868564,0.5851548949309199,0.5851548949309199,0.5611181775868564,0.0
2007-05-14,0.5825763670815638,0.5611181775868564,0.5825763670815638,0.5611181775868564,0.0
2007-05-15,0.5705762388744255,0.5825763670815638,0.5825763670815638,0.5705762388744255,0.0
2007-05-16,0.5572685401292636,0.5705762388744255,0.5705762388744255,0.5572685401292636,0.0
2007-05-17,0.5735447378865851,0.5572685401292636,0.5735447378865851,0.5572685401292636,0.0
2007-05-18,0.5653683018402526,0.5735447378865851,0.5735447378865851,0.5653683018402526,0.0
2007-05-21,0.579236291342251,0.5653683018402526,0.579236291342251,0.5653683018402526,0.0
2007-05-22,0.5903520447746896,0.579236291342251,0.5903520447746896,0.579236291342251,0.0
2007-05-23,0.5918128817228192,0.5903520447746896,0.5918128817228192,0.5903520447746896,0.0
2007-05-24,0.5834661931504548,0.5918128817228192,0.5918128817228192,0.5834661931504548,0.0
2007-05-25,0.5583777996660003,0.5834661931504548,0.5834661931504548,0.5583777996660003,0.0
2007-05-29,0.5688583872660797,0.5583777996660003,0.5688583872660797,0.5583777996660003,0.0
2007-05-30,0.58204050117117,0.5688583872660797,0.58204050117117,0.5688583872660797,0.0
2007-05-31,0.5961702532044201,0.58204050117117,0.5961702532044201,0.58204050117117,0.0
2007-06-01,0.6044623359452793,0.5961702532044201,0.6044623359452793,0.5961702532044201,0.0
2007-06-04,0.6055630797138606,0.6044623359452793,0.6055630797138606,0.6044623359452793,0.0
2007-06-05,0.6108773211459558,0.6055630797138606,0.6108773211459558,0.6055630797138606,0.0
2007-06-06,0.6108300508770576,0.6108773211459558,0.6108773211459558,0.6108300508770576,0.0
2007-06-07,0.5911409411323432,0.6108300508770576,0.6108300508770576,0.5911409411323432,0.0
2007-06-08,0.5635912366394626,0.5911409411323432,0.5911409411323432,0.5635912366394626,0.0
2007-06-11,0.5843454793118423,0.5635912366394626,0.5843454793118423,0.5635912366394626,0.0
2007-06-12,0.5809363094883081,0.5843454793118423,0.5843454793118423,0.5809363094883081,0.0
2007-06-13,0.57046915449814,0.5809363094883081,0.5809363094883081,0.57046915449814,0.0
2007-06-14,0.5891785996205143,0.57046915449814,0.5891785996205143,0.57046915449814,0.0
2007-06-15,0.6007791394795152,0.5891785996205143,0.6007791394795152,0.5891785996205143,0.0
2007-06-18,0.6173765629073815,0.6007791394795152,0.6173765629073815,0.6007791394795152,0.0
2007-06-19,0.6177157843040658,0.6173765629073815,0.6177157843040658,0.6173765629073815,0.0
2007-06-20,0.617280858537085,0.6177157843040658,0.6177157843040658,0.617280858537085,0.0
2007-06-21,0.5997846532272337,0.617280858537085,0.617280858537085,0.5997846532272337,0.0
2007-06-22,0.6160926064730347,0.5997846532272337,0.6160926064730347,0.5997846532272337,0.0
2007-06-25,0.598623989380526,0.6160926064730347,0.6160926064730347,0.598623989380526,0.0
2007-06-26,0.5909813997915966,0.598623989380526,0.598623989380526,0.5909813997915966,0.0
2007-06-27,0.580770134169501,0.5909813997915966,0.5909813997915966,0.580770134169501,0.0
2007-06-28,0.6075188558236972,0.580770134169501,0.6075188558236972,0.580770134169501,0.0
2007-06-29,0.6067043032384334,0.6075188558236972,0.6075188558236972,0.6067043032384334,0.0
2007-07-02,0.6097219746825532,0.6067043032384334,0.6097219746825532,0.6067043032384334,0.0
2007-07-03,0.6261990031586004,0.6097219746825532,0.6261990031586004,0.6097219746825532,0.0
2007-07-05,0.637102070119952,0.6261990031586004,0.637102070119952,0.6261990031586004,0.0
2007-07-06,0.65089936429992,0.637102070119952,0.65089936429992,0.637102070119952,0.0
2007-07-09,0.658876076600008,0.65089936429992,0.658876076600008,0.65089936429992,0.0
2007-07-10,0.6600378405409726,0.658876076600008,0.6600378405409726,0.658876076600008,0.0
2007-07-11,0.6433816067789211,0.6600378405409726,0.6600378405409726,0.6433816067789211,0.0
2007-07-12,0.656469653364529,0.6433816067789211,0.656469653364529,0.6433816067789211,0.0
2007-07-13,0.6866804002208187,0.656469653364529,0.6866804002208187,0.656469653364529,0.0
2007-07-16,0.7007603468209147,0.6866804002208187,0.7007603468209147,0.6866804002208187,0.0
2007-07-17,0.6985989401960638,0.7007603468209147,0.7007603468209147,0.6985989401960638,0.0
2007-07-18,0.714520996551449,0.6985989401960638,0.714520996551449,0.6985989401960638,0.0
2007-07-19,0.7119052081050304,0.714520996551449,0.714520996551449,0.7119052081050304,0.0
2007-07-20,0.7182355586666022,0.7119052081050304,0.7182355586666022,0.7119052081050304,0.0
2007-07-23,0.7066191254982362,0.7182355586666022,0.7182355586666022,0.7066191254982362,0.0
2007-07-24,0.7074109146917481,0.7066191254982362,0.7074109146917481,0.7066191254982362,0.0
2007-07-25,0.675991658296013,0.7074109146917481,0.7074109146917481,0.675991658296013,0.0
2007-07-26,0.6788167713886807,0.675991658296013,0.6788167713886807,0.675991658296013,0.0
2007-07-27,0.6614501068990588,0.6788167713886807,0.6788167713886807,0.6614501068990588,0.0
2007-07-30,0.6212898438333821,0.6614501068990588,0.6614501068990588,0.6212898438333821,0.0
2007-07-31,0.6429922643520505,0.6212898438333821,0.6429922643520505,0.6212898438333821,0.0
2007-08-01,0.6024162838448267,0.6429922643520505,0.6429922643520505,0.6024162838448267,0.0
2007-08-02,0.6164381896824804,0.6024162838448267,0.6164381896824804,0.6024162838448267,0.0
2007-08-03,0.633378219659497,0.6164381896824804,0.633378219659497,0.6164381896824804,0.0
2007-08-06,0.5971661719072753,0.633378219659497,0.633378219659497,0.5971661719072753,0.0
2007-08-07,0.6178983459229913,0.5971661719072753,0.6178983459229913,0.5971661719072753,0.0
2007-08-08,0.6309891435246031,0.6178983459229913,0.6309891435246031,0.6178983459229913,0.0
2007-08-09,0.6517076547206101,0.6309891435246031,0.6517076547206101,0.6309891435246031,0.0
2007-08-10,0.6064211494787605,0.6517076547206101,0.6517076547206101,0.6064211494787605,0.0
2007-08-13,0.589978543394251,0.6064211494787605,0.6064211494787605,0.589978543394251,0.0
2007-08-14,0.6019119292140768,0.589978543394251,0.6019119292140768,0.589978543394251,0.0
2007-08-15,0.571137489106701,0.6019119292140768,0.6019119292140768,0.571137489106701,0.0
2007-08-16,0.5385020882613124,0.571137489106701,0.571137489106701,0.5385020882613124,0.0
2007-08-17,0.5226222736601739,0.5385020882613124,0.5385020882613124,0.5226222736601739,0.0
2007-08-20,0.5522491010914597,0.5226222736601739,0.5522491010914597,0.5226222736601739,0.0
2007-08-21,0.5600759997511298,0.5522491010914597,0.5600759997511298,0.5522491010914597,0.0
2007-08-22,0.5777277399055489,0.5600759997511298,0.5777277399055489,0.5600759997511298,0.0
2007-08-23,0.6012731893838856,0.5777277399055489,0.6012731893838856,0.5777277399055489,0.0
2007-08-24,0.5963069130810228,0.6012731893838856,0.6012731893838856,0.5963069130810228,0.0
2007-08-27,0.621478603241181,0.5963069130810228,0.621478603241181,0.5963069130810228,0.0
2007-08-28,0.6090522307638002,0.621478603241181,0.621478603241181,0.6090522307638002,0.0
2007-08-29,0.5655008618360273,0.6090522307638002,0.6090522307638002,0.5655008618360273,0.0
2007-08-30,0.6140944926275966,0.5655008618360273,0.6140944926275966,0.5655008618360273,0.0
2007-08-31,0.6236261237772497,0.6140944926275966,0.6236261237772497,0.6140944926275966,0.0
2007-09-04,0.6444817157898234,0.6236261237772497,0.6444817157898234,0.6236261237772497,0.0
2007-09-05,0.6764780820355909,0.6444817157898234,0.6764780820355909,0.6444817157898234,0.0
2007-09-06,0.6560005478880663,0.6764780820355909,0.6764780820355909,0.6560005478880663,0.0
2007-09-07,0.6543497860513904,0.6560005478880663,0.6560005478880663,0.6543497860513904,0.0
2007-09-10,0.6179463300224214,0.6543497860513904,0.6543497860513904,0.6179463300224214,0.0
2007-09-11,0.616745559769194,0.6179463300224214,0.6179463300224214,0.616745559769194,0.0
2007-09-12,0.6447196326400507,0.616745559769194,0.6447196326400507,0.616745559769194,0.0
2007-09-13,0.6450654448384402,0.6447196326400507,0.6450654448384402,0.6447196326400507,0.0
2007-09-14,0.654504957750754,0.6450654448384402,0.654504957750754,0.6450654448384402,0.0
2007-09-17,0.6560513738458065,0.654504957750754,0.6560513738458065,0.654504957750754,0.0
2007-09-18,0.6396056882680757,0.6560513738458065,0.6560513738458065,0.6396056882680757,0.0
2007-09-19,0.687909930882281,0.6396056882680757,0.687909930882281,0.6396056882680757,0.0
2007-09-20,0.6932181711316966,0.687909930882281,0.6932181711316966,0.687909930882281,0.0
2007-09-21,0.6873609187153982,0.6932181711316966,0.6932181711316966,0.6873609187153982,0.0
2007-09-24,0.7019885629519137,0.6873609187153982,0.7019885629519137,0.6873609187153982,0.0
2007-09-25,0.7115535116309848,0.7019885629519137,0.7115535116309848,0.7019885629519137,0.0
2007-09-26,0.7317517993375033,0.7115535116309848,0.7317517993375033,0.7115535116309848,0.0
2007-09-27,0.7424418852452213,0.7317517993375033,0.7424418852452213,0.7317517993375033,0.0
2007-09-28,0.7536680977110661,0.7424418852452213,0.7536680977110661,0.7424418852452213,0.0
2007-10-01,0.746157299471922,0.7536680977110661,0.7536680977110661,0.746157299471922,0.0
2007-10-02,0.771789035285199,0.746157299471922,0.771789035285199,0.746157299471922,0.0
2007-10-03,0.7721757965675821,0.771789035285199,0.7721757965675821,0.771789035285199,0.0
2007-10-04,0.756080858172002,0.7721757965675821,0.7721757965675821,0.756080858172002,0.0
2007-10-05,0.7612922237178675,0.756080858172002,0.7612922237178675,0.756080858172002,0.0
2007-10-08,0.8075549977197688,0.7612922237178675,0.8075549977197688,0.7612922237178675,0.0
2007-10-09,0.8226281122881116,0.8075549977197688,0.8226281122881116,0.8075549977197688,0.0
2007-10-10,0.8332440824898315,0.8226281122881116,0.8332440824898315,0.8226281122881116,0.0
2007-10-11,0.8392684463345107,0.8332440824898315,0.8392684463345107,0.8332440824898315,0.0
2007-10-12,0.7992076417828169,0.8392684463345107,0.8392684463345107,0.7992076417828169,0.0
2007-10-15,0.838757585445058,0.7992076417828169,0.838757585445058,0.7992076417828169,0.0
2007-10-16,0.8194184964934178,0.838757585445058,0.838757585445058,0.8194184964934178,0.0
2007-10-17,0.8077875621838843,0.8194184964934178,0.8194184964934178,0.8077875621838843,0.0
2007-10-18,0.8388929199726869,0.8077875621838843,0.8388929199726869,0.8077875621838843,0.0
2007-10-19,0.8496370161319855,0.8388929199726869,0.8496370161319855,0.8388929199726869,0.0
2007-10-22,0.7860615457234666,0.8496370161319855,0.8496370161319855,0.7860615457234666,0.0
2007-10-23,0.8143313913269563,0.7860615457234666,0.8143313913269563,0.7860615457234666,0.0
2007-10-24,0.865366161278633,0.8143313913269563,0.865366161278633,0.8143313913269563,0.0
2007-10-25,0.8456536221929243,0.865366161278633,0.865366161278633,0.8456536221929243,0.0
2007-10-26,0.8116161279295881,0.8456536221929243,0.8456536221929243,0.8116161279295881,0.0
2007-10-29,0.8519436159704494,0.8116161279295881,0.8519436159704494,0.8116161279295881,0.0
2007-10-30,0.8623044037600122,0.8519436159704494,0.8623044037600122,0.8519436159704494,0.0
2007-10-31,0.8674916155966451,0.8623044037600122,0.8674916155966451,0.8623044037600122,0.0
2007-11-01,0.9043570384574405,0.8674916155966451,0.9043570384574405,0.8674916155966451,0.0
2007-11-02,0.8535056943969829,0.9043570384574405,0.9043570384574405,0.8535056943969829,0.0
2007-11-05,0.8733549765480793,0.8535056943969829,0.8733549765480793,0.8535056943969829,0.0
2007-11-06,0.8564368200767632,0.8733549765480793,0.8733549765480793,0.8564368200767632,0.0
2007-11-07,0.8853562496147096,0.8564368200767632,0.8853562496147096,0.8564368200767632,0.0
2007-11-08,0.8206833061754274,0.8853562496147096,0.8853562496147096,0.8206833061754274,0.0
2007-11-09,0.7458588711507737,0.8206833061754274,0.8206833061754274,0.7458588711507737,0.0
2007-11-12,0.6709706523829672,0.7458588711507737,0.7458588711507737,0.6709706523829672,0.0
2007-11-13,0.6197899089530804,0.6709706523829672,0.6709706523829672,0.6197899089530804,0.0
2007-11-14,0.6964370175059165,0.6197899089530804,0.6964370175059165,0.6197899089530804,0.0
2007-11-15,0.669618261578285,0.6964370175059165,0.6964370175059165,0.669618261578285,0.0
2007-11-16,0.6587375084971315,0.669618261578285,0.669618261578285,0.6587375084971315,0.0
2007-11-19,0.6769334826084326,0.6587375084971315,0.6769334826084326,0.6587375084971315,0.0
2007-11-20,0.6534550802897457,0.6769334826084326,0.6769334826084326,0.6534550802897457,0.0
2007-11-21,0.6612928349360485,0.6534550802897457,0.6612928349360485,0.6534550802897457,0.0
2007-11-23,0.6377866175317346,0.6612928349360485,0.6612928349360485,0.6377866175317346,0.0
2007-11-26,0.6583021066881994,0.6377866175317346,0.6583021066881994,0.6377866175317346,0.0
2007-11-27,0.6241728293109357,0.6583021066881994,0.6583021066881994,0.6241728293109357,0.0
2007-11-28,0.6615910734214709,0.6241728293109357,0.6615910734214709,0.6241728293109357,0.0
2007-11-29,0.7219251073336941,0.6615910734214709,0.7219251073336941,0.6615910734214709,0.0
2007-11-30,0.7311244352627435,0.7219251073336941,0.7311244352627435,0.7219251073336941,0.0
2007-12-03,0.7145222135369547,0.7311244352627435,0.7311244352627435,0.7145222135369547,0.0
2007-12-04,0.6965021509110313,0.7145222135369547,0.7145222135369547,0.6965021509110313,0.0
2007-12-05,0.6878249393934067,0.6965021509110313,0.6965021509110313,0.6878249393934067,0.0
2007-12-06,0.724830182325061,0.6878249393934067,0.724830182325061,0.6878249393934067,0.0
2007-12-07,0.7559713362824689,0.724830182325061,0.7559713362824689,0.724830182325061,0.0
2007-12-10,0.7563459545644998,0.7559713362824689,0.7563459545644998,0.7559713362824689,0.0
2007-12-11,0.7653927656680217,0.7563459545644998,0.7653927656680217,0.7563459545644998,0.0
2007-12-12,0.7120159183952784,0.7653927656680217,0.7653927656680217,0.7120159183952784,0.0
2007-12-13,0.7311069183394385,0.7120159183952784,0.7311069183394385,0.7120159183952784,0.0
2007-12-14,0.719189488604892,0.7311069183394385,0.7311069183394385,0.719189488604892,0.0
2007-12-17,0.6969299714285377,0.719189488604892,0.719189488604892,0.6969299714285377,0.0
2007-12-18,0.6460109769472755,0.6969299714285377,0.6969299714285377,0.6460109769472755,0.0
2007-12-19,0.6521968208473167,0.6460109769472755,0.6521968208473167,0.6460109769472755,0.0
2007-12-20,0.6517537950992335,0.6521968208473167,0.6521968208473167,0.6517537950992335,0.0
2007-12-21,0.6916871398103217,0.6517537950992335,0.6916871398103217,0.6517537950992335,0.0
2007-12-24,0.7325654546178154,0.6916871398103217,0.7325654546178154,0.6916871398103217,0.0
2007-12-26,0.7490395434099552,0.7325654546178154,0.7490395434099552,0.7325654546178154,0.0
2007-12-27,0.7601644675283667,0.7490395434099552,0.7601644675283667,0.7490395434099552,0.0
2007-12-28,0.7327394019669237,0.7601644675283667,0.7601644675283667,0.7327394019669237,0.0
2007-12-31,0.7305642783323707,0.7327394019669237,0.7327394019669237,0.7305642783323707,0.0
2008-01-02,0.7051320429235508,0.7305642783323707,0.7305642783323707,0.7051320429235508,0.0
2008-01-03,0.6716242565535968,0.7051320429235508,0.7051320429235508,0.6716242565535968,0.0
2008-01-04,0.679964894232943,0.6716242565535968,0.679964894232943,0.6716242565535968,0.0
2008-01-07,0.5904500875404798,0.679964894232943,0.679964894232943,0.5904500875404798,0.0
2008-01-08,0.5819871704416233,0.5904500875404798,0.5904500875404798,0.5819871704416233,0.0
2008-01-09,0.5366347706093425,0.5819871704416233,0.5819871704416233,0.5366347706093425,0.0
2008-01-10,0.5709053902647137,0.5366347706093425,0.5709053902647137,0.5366347706093425,0.0
2008-01-11,0.5733627347276661,0.5709053902647137,0.5733627347276661,0.5709053902647137,0.0
2008-01-14,0.5396261162076196,0.5733627347276661,0.5733627347276661,0.5396261162076196,0.0
2008-01-15,0.5677989494323183,0.5396261162076196,0.5677989494323183,0.5396261162076196,0.0
2008-01-16,0.5207845130859633,0.5677989494323183,0.5677989494323183,0.5207845130859633,0.0
2008-01-17,0.5039626127757728,0.5207845130859633,0.5207845130859633,0.5039626127757728,0.0
2008-01-18,0.4829114259589209,0.5039626127757728,0.5039626127757728,0.4829114259589209,0.0
2008-01-22,0.48095986409350483,0.4829114259589209,0.4829114259589209,0.48095986409350483,0.0
2008-01-23,0.44369703646383973,0.48095986409350483,0.48095986409350483,0.44369703646383973,0.0
2008-01-24,0.43854161401915437,0.44369703646383973,0.44369703646383973,0.43854161401915437,0.0
2008-01-25,0.4654107057944081,0.43854161401915437,0.4654107057944081,0.43854161401915437,0.0
2008-01-28,0.4367733255106525,0.4654107057944081,0.4654107057944081,0.4367733255106525,0.0
2008-01-29,0.44686701099895787,0.4367733255106525,0.44686701099895787,0.4367733255106525,0.0
2008-01-30,0.4492519525622819,0.44686701099895787,0.4492519525622819,0.44686701099895787,0.0
2008-01-31,0.4480028264185495,0.4492519525622819,0.4492519525622819,0.4480028264185495,0.0
2008-02-01,0.470989441631388,0.4480028264185495,0.470989441631388,0.4480028264185495,0.0
2008-02-04,0.485355303004097,0.470989441631388,0.485355303004097,0.470989441631388,0.0
2008-02-05,0.46487662184367384,0.485355303004097,0.485355303004097,0.46487662184367384,0.0
2008-02-06,0.4251270524925872,0.46487662184367384,0.46487662184367384,0.4251270524925872,0.0
2008-02-07,0.39997845747464095,0.4251270524925872,0.4251270524925872,0.39997845747464095,0.0
2008-02-08,0.4083561268261289,0.39997845747464095,0.4083561268261289,0.39997845747464095,0.0
2008-02-11,0.4222487561327858,0.4083561268261289,0.4222487561327858,0.4083561268261289,0.0
2008-02-12,0.4358719598605225,0.4222487561327858,0.4358719598605225,0.4222487561327858,0.0
2008-02-13,0.42842020301931377,0.4358719598605225,0.4358719598605225,0.42842020301931377,0.0
2008-02-14,0.4565439836390213,0.42842020301931377,0.4565439836390213,0.42842020301931377,0.0
2008-02-15,0.43173451369742577,0.4565439836390213,0.4565439836390213,0.43173451369742577,0.0
2008-02-19,0.427282588794902,0.43173451369742577,0.43173451369742577,0.427282588794902,0.0
2008-02-20,0.4249084681083303,0.427282588794902,0.427282588794902,0.4249084681083303,0.0
2008-02-21,0.4307051962087152,0.4249084681083303,0.4307051962087152,0.4249084681083303,0.0
2008-02-22,0.4183202290488663,0.4307051962087152,0.4307051962087152,0.4183202290488663,0.0
2008-02-25,0.4229022141843084,0.4183202290488663,0.4229022141843084,0.4183202290488663,0.0
2008-02-26,0.42925975818887885,0.4229022141843084,0.42925975818887885,0.4229022141843084,0.0
2008-02-27,0.43421363750156994,0.42925975818887885,0.43421363750156994,0.42925975818887885,0.0
2008-02-28,0.44068276764216485,0.43421363750156994,0.44068276764216485,0.43421363750156994,0.0
2008-02-29,0.43557394345350453,0.44068276764216485,0.44068276764216485,0.43557394345350453,0.0
2008-03-03,0.4008879693272764,0.43557394345350453,0.43557394345350453,0.4008879693272764,0.0
2008-03-04,0.3930164145981822,0.4008879693272764,0.4008879693272764,0.3930164145981822,0.0
2008-03-05,0.3996174732252621,0.3930164145981822,0.3996174732252621,0.3930164145981822,0.0
2008-03-06,0.4054535940237548,0.3996174732252621,0.4054535940237548,0.3996174732252621,0.0
2008-03-07,0.37862393063283706,0.4054535940237548,0.4054535940237548,0.37862393063283706,0.0
2008-03-10,0.37590141304264435,0.37862393063283706,0.37862393063283706,0.37590141304264435,0.0
2008-03-11,0.35415964925353827,0.37590141304264435,0.37590141304264435,0.35415964925353827,0.0
2008-03-12,0.3945611190191668,0.35415964925353827,0.3945611190191668,0.35415964925353827,0.0
2008-03-13,0.3912145618407756,0.3945611190191668,0.3945611190191668,0.3912145618407756,0.0
2008-03-14,0.4002517510535896,0.3912145618407756,0.4002517510535896,0.3912145618407756,0.0
2008-03-17,0.37818203240627557,0.4002517510535896,0.4002517510535896,0.37818203240627557,0.0
2008-03-18,0.35747511774517365,0.37818203240627557,0.37818203240627557,0.35747511774517365,0.0
2008-03-19,0.40527772288719166,0.35747511774517365,0.40527772288719166,0.35747511774517365,0.0
2008-03-20,0.3752218723924832,0.40527772288719166,0.40527772288719166,0.3752218723924832,0.0
2008-03-24,0.39819859773387867,0.3752218723924832,0.39819859773387867,0.3752218723924832,0.0
2008-03-25,0.4394755606842385,0.39819859773387867,0.4394755606842385,0.39819859773387867,0.0
2008-03-26,0.44683442829236064,0.4394755606842385,0.44683442829236064,0.4394755606842385,0.0
2008-03-27,0.4429128957302922,0.44683442829236064,0.44683442829236064,0.4429128957302922,0.0
2008-03-28,0.4134497977538976,0.4429128957302922,0.4429128957302922,0.4134497977538976,0.0
2008-03-31,0.4071748699160737,0.4134497977538976,0.4134497977538976,0.4071748699160737,0.0
2008-04-01,0.4136040304613703,0.4071748699160737,0.4136040304613703,0.4071748699160737,0.0
2008-04-02,0.4666446647051945,0.4136040304613703,0.4666446647051945,0.4136040304613703,0.0
2008-04-03,0.4635369536984279,0.4666446647051945,0.4666446647051945,0.4635369536984279,0.0
2008-04-04,0.4665589396902617,0.4635369536984279,0.4665589396902617,0.4635369536984279,0.0
2008-04-07,0.4748114775840984,0.4665589396902617,0.4748114775840984,0.4665589396902617,0.0
2008-04-08,0.4716692928234012,0.4748114775840984,0.4748114775840984,0.4716692928234012,0.0
2008-04-09,0.4608098172392364,0.4716692928234012,0.4716692928234012,0.4608098172392364,0.0
2008-04-10,0.44524808248050696,0.4608098172392364,0.4608098172392364,0.44524808248050696,0.0
2008-04-11,0.4642532948893796,0.44524808248050696,0.4642532948893796,0.44524808248050696,0.0
2008-04-14,0.4256823163031185,0.4642532948893796,0.4642532948893796,0.4256823163031185,0.0
2008-04-15,0.419881043581809,0.4256823163031185,0.4256823163031185,0.419881043581809,0.0
2008-04-16,0.42156330289399624,0.419881043581809,0.42156330289399624,0.419881043581809,0.0
2008-04-17,0.45677280392736924,0.42156330289399624,0.45677280392736924,0.42156330289399624,0.0
2008-04-18,0.4537169272539297,0.45677280392736924,0.45677280392736924,0.4537169272539297,0.0
2008-04-21,0.49697879758129343,0.4537169272539297,0.49697879758129343,0.4537169272539297,0.0
2008-04-22,0.5074731792650946,0.49697879758129343,0.5074731792650946,0.49697879758129343,0.0
2008-04-23,0.4847791168365194,0.5074731792650946,0.5074731792650946,0.4847791168365194,0.0
2008-04-24,0.5007476193471777,0.4847791168365194,0.5007476193471777,0.4847791168365194,0.0
2008-04-25,0.5141755082900019,0.5007476193471777,0.5141755082900019,0.5007476193471777,0.0
2008-04-28,0.510220759431638,0.5141755082900019,0.5141755082900019,0.510220759431638,0.0
2008-04-29,0.5131026531545432,0.510220759431638,0.5131026531545432,0.510220759431638,0.0
2008-04-30,0.5247936570918756,0.5131026531545432,0.5247936570918756,0.5131026531545432,0.0
2008-05-01,0.5118535158595413,0.5247936570918756,0.5247936570918756,0.5118535158595413,0.0
2008-05-02,0.5602781730643244,0.5118535158595413,0.5602781730643244,0.5118535158595413,0.0
2008-05-05,0.5626507123757511,0.5602781730643244,0.5626507123757511,0.5602781730643244,0.0
2008-05-06,0.5577623499052045,0.5626507123757511,0.5626507123757511,0.5577623499052045,0.0
2008-05-07,0.5680411016817879,0.5577623499052045,0.5680411016817879,0.5577623499052045,0.0
2008-05-08,0.536999760828396,0.5680411016817879,0.5680411016817879,0.536999760828396,0.0
2008-05-09,0.5490306661846835,0.536999760828396,0.5490306661846835,0.536999760828396,0.0
2008-05-12,0.5425224541401211,0.5490306661846835,0.5490306661846835,0.5425224541401211,0.0
2008-05-13,0.5721897229662737,0.5425224541401211,0.5721897229662737,0.5425224541401211,0.0
2008-05-14,0.5766907590206056,0.5721897229662737,0.5766907590206056,0.5721897229662737,0.0
2008-05-15,0.5727797112386546,0.5766907590206056,0.5766907590206056,0.5727797112386546,0.0
2008-05-16,0.6028261554265459,0.5727797112386546,0.6028261554265459,0.5727797112386546,0.0
2008-05-19,0.6042273587855821,0.6028261554265459,0.6042273587855821,0.6028261554265459,0.0
2008-05-20,0.5911320370403532,0.6042273587855821,0.6042273587855821,0.5911320370403532,0.0
2008-05-21,0.5775139066215691,0.5911320370403532,0.5911320370403532,0.5775139066215691,0.0
2008-05-22,0.5391395091601339,0.5775139066215691,0.5775139066215691,0.5391395091601339,0.0
2008-05-23,0.5448047496928272,0.5391395091601339,0.5448047496928272,0.5391395091601339,0.0
2008-05-27,0.539692635057138,0.5448047496928272,0.5448047496928272,0.539692635057138,0.0
2008-05-28,0.5682032323735765,0.539692635057138,0.5682032323735765,0.539692635057138,0.0
2008-05-29,0.575110099026304,0.5682032323735765,0.575110099026304,0.5682032323735765,0.0
2008-05-30,0.5904790281665646,0.575110099026304,0.5904790281665646,0.575110099026304,0.0
2008-06-02,0.6018409316560808,0.5904790281665646,0.6018409316560808,0.5904790281665646,0.0
2008-06-03,0.5797716018838884,0.6018409316560808,0.6018409316560808,0.5797716018838884,0.0
2008-06-04,0.5702205789021288,0.5797716018838884,0.5797716018838884,0.5702205789021288,0.0
2008-06-05,0.5921121309484864,0.5702205789021288,0.5921121309484864,0.5702205789021288,0.0
2008-06-06,0.6202680690434569,0.5921121309484864,0.6202680690434569,0.5921121309484864,0.0
2008-06-09,0.5642674251658546,0.6202680690434569,0.6202680690434569,0.5642674251658546,0.0
2008-06-10,0.5552469590251784,0.5642674251658546,0.5642674251658546,0.5552469590251784,0.0
2008-06-11,0.5473479782193,0.5552469590251784,0.5552469590251784,0.5473479782193,0.0
2008-06-12,0.5077263746103065,0.5473479782193,0.5473479782193,0.5077263746103065,0.0
2008-06-13,0.5092944471851651,0.5077263746103065,0.5092944471851651,0.5077263746103065,0.0
2008-06-16,0.5398644982230767,0.5092944471851651,0.5398644982230767,0.5092944471851651,0.0
2008-06-17,0.5542203838857626,0.5398644982230767,0.5542203838857626,0.5398644982230767,0.0
2008-06-18,0.5453191243779294,0.5542203838857626,0.5542203838857626,0.5453191243779294,0.0
2008-06-19,0.527751951425197,0.5453191243779294,0.5453191243779294,0.527751951425197,0.0
2008-06-20,0.5524388031539753,0.527751951425197,0.5524388031539753,0.527751951425197,0.0
2008-06-23,0.5076439379983607,0.5524388031539753,0.5524388031539753,0.5076439379983607,0.0
2008-06-24,0.49572137492980795,0.5076439379983607,0.5076439379983607,0.49572137492980795,0.0
2008-06-25,0.4880977979239408,0.49572137492980795,0.49572137492980795,0.4880977979239408,0.0
2008-06-26,0.5118335152132901,0.4880977979239408,0.5118335152132901,0.4880977979239408,0.0
2008-06-27,0.4498183207044888,0.5118335152132901,0.5118335152132901,0.4498183207044888,0.0
2008-06-30,0.4497835133344343,0.4498183207044888,0.4498183207044888,0.4497835133344343,0.0
2008-07-01,0.43556104417708347,0.4497835133344343,0.4497835133344343,0.43556104417708347,0.0
2008-07-02,0.4540413599361093,0.43556104417708347,0.4540413599361093,0.43556104417708347,0.0
2008-07-03,0.42129812274828693,0.4540413599361093,0.4540413599361093,0.42129812274828693,0.0
2008-07-07,0.41900478887056214,0.42129812274828693,0.42129812274828693,0.41900478887056214,0.0
2008-07-08,0.4265769963859964,0.41900478887056214,0.4265769963859964,0.41900478887056214,0.0
2008-07-09,0.45704117907824604,0.4265769963859964,0.45704117907824604,0.4265769963859964,0.0
2008-07-10,0.4206170621794418,0.45704117907824604,0.45704117907824604,0.4206170621794418,0.0
2008-07-11,0.43552969506802186,0.4206170621794418,0.43552969506802186,0.4206170621794418,0.0
2008-07-14,0.41471958415697086,0.43552969506802186,0.43552969506802186,0.41471958415697086,0.0
2008-07-15,0.40547331483594723,0.41471958415697086,0.41471958415697086,0.40547331483594723,0.0
2008-07-16,0.40571701979968566,0.40547331483594723,0.40571701979968566,0.40547331483594723,0.0
2008-07-17,0.4359492758804747,0.40571701979968566,0.4359492758804747,0.40571701979968566,0.0
2008-07-18,0.44456896748420444,0.4359492758804747,0.44456896748420444,0.4359492758804747,0.0
2008-07-21,0.41385135998445943,0.44456896748420444,0.44456896748420444,0.41385135998445943,0.0
2008-07-22,0.4191096851506625,0.41385135998445943,0.4191096851506625,0.41385135998445943,0.0
2008-07-23,0.4190772540440735,0.4191096851506625,0.4191096851506625,0.4190772540440735,0.0
2008-07-24,0.4356094808089347,0.4190772540440735,0.4356094808089347,0.4190772540440735,0.0
2008-07-25,0.41598942806017075,0.4356094808089347,0.4356094808089347,0.41598942806017075,0.0
2008-07-28,0.43215314800929283,0.41598942806017075,0.43215314800929283,0.41598942806017075,0.0
2008-07-29,0.40777753467605055,0.43215314800929283,0.43215314800929283,0.40777753467605055,0.0
2008-07-30,0.43308275399594065,0.40777753467605055,0.43308275399594065,0.40777753467605055,0.0
2008-07-31,0.4396399457706572,0.43308275399594065,0.4396399457706572,0.43308275399594065,0.0
2008-08-01,0.43642282185331477,0.4396399457706572,0.4396399457706572,0.43642282185331477,0.0
2008-08-04,0.41968425249029595,0.43642282185331477,0.43642282185331477,0.41968425249029595,0.0
2008-08-05,0.40702796686818365,0.41968425249029595,0.41968425249029595,0.40702796686818365,0.0
2008-08-06,0.4482213275012031,0.40702796686818365,0.4482213275012031,0.40702796686818365,0.0
2008-08-07,0.46867998772623,0.4482213275012031,0.46867998772623,0.4482213275012031,0.0
2008-08-08,0.4577889276104979,0.46867998772623,0.46867998772623,0.4577889276104979,0.0
2008-08-11,0.48891878016081536,0.4577889276104979,0.48891878016081536,0.4577889276104979,0.0
2008-08-12,0.502209727362647,0.48891878016081536,0.502209727362647,0.48891878016081536,0.0
2008-08-13,0.5037485487193901,0.502209727362647,0.5037485487193901,0.502209727362647,0.0
2008-08-14,0.500547424485916,0.5037485487193901,0.5037485487193901,0.500547424485916,0.0
2008-08-15,0.5178233380008341,0.500547424485916,0.5178233380008341,0.500547424485916,0.0
2008-08-18,0.5148859772999029,0.5178233380008341,0.5178233380008341,0.5148859772999029,0.0
2008-08-19,0.4968848176124967,0.5148859772999029,0.5148859772999029,0.4968848176124967,0.0
2008-08-20,0.478369945002585,0.4968848176124967,0.4968848176124967,0.478369945002585,0.0
2008-08-21,0.48077513440837366,0.478369945002585,0.48077513440837366,0.478369945002585,0.0
2008-08-22,0.47399861358021056,0.48077513440837366,0.48077513440837366,0.47399861358021056,0.0
2008-08-25,0.49277358740197147,0.47399861358021056,0.49277358740197147,0.47399861358021056,0.0
2008-08-26,0.4616058634491377,0.49277358740197147,0.49277358740197147,0.4616058634491377,0.0
2008-08-27,0.45978251247430246,0.4616058634491377,0.4616058634491377,0.45978251247430246,0.0
2008-08-28,0.4686597123556892,0.45978251247430246,0.4686597123556892,0.45978251247430246,0.0
2008-08-29,0.4800565511221829,0.4686597123556892,0.4800565511221829,0.4686597123556892,0.0
2008-09-02,0.4497545839466799,0.4800565511221829,0.4800565511221829,0.4497545839466799,0.0
2008-09-03,0.433044175100365,0.4497545839466799,0.4497545839466799,0.433044175100365,0.0
2008-09-04,0.42074663312972066,0.433044175100365,0.433044175100365,0.42074663312972066,0.0
2008-09-05,0.37987067655165885,0.42074663312972066,0.42074663312972066,0.37987067655165885,0.0
2008-09-08,0.3743592643557955,0.37987067655165885,0.37987067655165885,0.3743592643557955,0.0
2008-09-09,0.3722628439460349,0.3743592643557955,0.3743592643557955,0.3722628439460349,0.0
2008-09-10,0.3485435982092522,0.3722628439460349,0.3722628439460349,0.3485435982092522,0.0
2008-09-11,0.3571382905819133,0.3485435982092522,0.3571382905819133,0.3485435982092522,0.0
2008-09-12,0.3771367587882345,0.3571382905819133,0.3771367587882345,0.3571382905819133,0.0
2008-09-15,0.37269585099489905,0.3771367587882345,0.3771367587882345,0.37269585099489905,0.0
2008-09-16,0.3379122898167876,0.37269585099489905,0.37269585099489905,0.3379122898167876,0.0
2008-09-17,0.3458356537814034,0.3379122898167876,0.3458356537814034,0.3379122898167876,0.0
2008-09-18,0.2919889731513379,0.3458356537814034,0.3458356537814034,0.2919889731513379,0.0
2008-09-19,0.32159353903287824,0.2919889731513379,0.32159353903287824,0.2919889731513379,0.0
2008-09-22,0.35310724302701946,0.32159353903287824,0.35310724302701946,0.32159353903287824,0.0
2008-09-23,0.30320018143941146,0.35310724302701946,0.35310724302701946,0.30320018143941146,0.0
2008-09-24,0.29627936032256214,0.30320018143941146,0.30320018143941146,0.29627936032256214,0.0
2008-09-25,0.30239098828494787,0.29627936032256214,0.30239098828494787,0.29627936032256214,0.0
2008-09-26,0.31680249040919733,0.30239098828494787,0.31680249040919733,0.30239098828494787,0.0
2008-09-29,0.30715923365896036,0.31680249040919733,0.31680249040919733,0.30715923365896036,0.0
2008-09-30,0.23400912468319732,0.30715923365896036,0.30715923365896036,0.23400912468319732,0.0
2008-10-01,0.2542238310146565,0.23400912468319732,0.2542238310146565,0.23400912468319732,0.0
2008-10-02,0.2461681598542172,0.2542238310146565,0.2542238310146565,0.2461681598542172,0.0
2008-10-03,0.21258088021540728,0.2461681598542172,0.2461681598542172,0.21258088021540728,0.0
2008-10-06,0.20267286765334713,0.21258088021540728,0.21258088021540728,0.20267286765334713,0.0
2008-10-07,0.18047378185951354,0.20267286765334713,0.20267286765334713,0.18047378185951354,0.0
2008-10-08,0.14613591572196247,0.18047378185951354,0.18047378185951354,0.14613591572196247,0.0
2008-10-09,0.1426333322405012,0.14613591572196247,0.14613591572196247,0.1426333322405012,0.0
2008-10-10,0.13112868675248973,0.1426333322405012,0.1426333322405012,0.13112868675248973,0.0
2008-10-13,0.1286226645958336,0.13112868675248973,0.13112868675248973,0.1286226645958336,0.0
2008-10-14,0.17555260451345236,0.1286226645958336,0.17555260451345236,0.1286226645958336,0.0
2008-10-15,0.15275153653976062,0.17555260451345236,0.17555260451345236,0.15275153653976062,0.0
2008-10-16,0.11170019330857174,0.15275153653976062,0.15275153653976062,0.11170019330857174,0.0
2008-10-17,0.1298699323818195,0.11170019330857174,0.1298699323818195,0.11170019330857174,0.0
2008-10-20,0.13034317715594795,0.1298699323818195,0.13034317715594795,0.1298699323818195,0.0
2008-10-21,0.14122864878437907,0.13034317715594795,0.14122864878437907,0.13034317715594795,0.0
2008-10-22,0.1192676013107397,0.14122864878437907,0.14122864878437907,0.1192676013107397,0.0
2008-10-23,0.10937004076948394,0.1192676013107397,0.1192676013107397,0.10937004076948394,0.0
2008-10-24,0.10807521589073289,0.10937004076948394,0.10937004076948394,0.10807521589073289,0.0
2008-10-27,0.0976457299512527,0.10807521589073289,0.10807521589073289,0.0976457299512527,0.0
2008-10-28,0.08949815154246009,0.0976457299512527,0.0976457299512527,0.08949815154246009,0.0
2008-10-29,0.11915772263379197,0.08949815154246009,0.11915772263379197,0.08949815154246009,0.0
2008-10-30,0.11825073155979045,0.11915772263379197,0.11915772263379197,0.11825073155979045,0.0
2008-10-31,0.13007424610845997,0.11825073155979045,0.13007424610845997,0.11825073155979045,0.0
2008-11-03,0.13065814123184552,0.13007424610845997,0.13065814123184552,0.13007424610845997,0.0
2008-11-04,0.12981390676226348,0.13065814123184552,0.13065814123184552,0.12981390676226348,0.0
2008-11-05,0.14083917233240578,0.12981390676226348,0.14083917233240578,0.12981390676226348,0.0
2008-11-06,0.11879467450331371,0.14083917233240578,0.14083917233240578,0.11879467450331371,0.0
2008-11-07,0.10285474803380469,0.11879467450331371,0.11879467450331371,0.10285474803380469,0.0
2008-11-10,0.10920782530957988,0.10285474803380469,0.10920782530957988,0.10285474803380469,0.0
2008-11-11,0.1047876626758906,0.10920782530957988,0.10920782530957988,0.1047876626758906,0.0
2008-11-12,0.09793443590756068,0.1047876626758906,0.1047876626758906,0.09793443590756068,0.0
2008-11-13,0.08435922132006524,0.09793443590756068,0.09793443590756068,0.08435922132006524,0.0
2008-11-14,0.09977887206765045,0.08435922132006524,0.09977887206765045,0.08435922132006524,0.0
2008-11-17,0.08522692847205707,0.09977887206765045,0.09977887206765045,0.08522692847205707,0.0
2008-11-18,0.07983849053127687,0.08522692847205707,0.08522692847205707,0.07983849053127687,0.0
2008-11-19,0.07957896461289701,0.07983849053127687,0.07983849053127687,0.07957896461289701,0.0
2008-11-20,0.06710539039128251,0.07957896461289701,0.07957896461289701,0.06710539039128251,0.0
2008-11-21,0.05735657210841391,0.06710539039128251,0.06710539039128251,0.05735657210841391,0.0
2008-11-24,0.06482465610722686,0.05735657210841391,0.06482465610722686,0.05735657210841391,0.0
2008-11-25,0.07670541273577776,0.06482465610722686,0.07670541273577776,0.06482465610722686,0.0
2008-11-26,0.07564243970861609,0.07670541273577776,0.07670541273577776,0.07564243970861609,0.0
2008-11-28,0.085142240607313,0.07564243970861609,0.085142240607313,0.07564243970861609,0.0
2008-12-01,0.08313398373534249,0.085142240607313,0.085142240607313,0.08313398373534249,0.0
2008-12-02,0.06437100886385025,0.08313398373534249,0.08313398373534249,0.06437100886385025,0.0
2008-12-03,0.07081984521742675,0.06437100886385025,0.07081984521742675,0.06437100886385025,0.0
2008-12-04,0.07684540605408478,0.07081984521742675,0.07684540605408478,0.07081984521742675,0.0
2008-12-05,0.07031478559661358,0.07684540605408478,0.07684540605408478,0.07031478559661358,0.0
2008-12-08,0.07888066209818839,0.07031478559661358,0.07888066209818839,0.07031478559661358,0.0
2008-12-09,0.08819624006813287,0.07888066209818839,0.08819624006813287,0.07888066209818839,0.0
2008-12-10,0.08757375093089627,0.08819624006813287,0.08819624006813287,0.08757375093089627,0.0
2008-12-11,0.08669159967334868,0.08757375093089627,0.08757375093089627,0.08669159967334868,0.0
2008-12-12,0.07955476122619143,0.08669159967334868,0.08669159967334868,0.07955476122619143,0.0
2008-12-15,0.08438914948593726,0.07955476122619143,0.08438914948593726,0.07955476122619143,0.0
2008-12-16,0.0799470418236338,0.08438914948593726,0.08438914948593726,0.0799470418236338,0.0
2008-12-17,0.09145593037862115,0.0799470418236338,0.09145593037862115,0.0799470418236338,0.0
2008-12-18,0.08812688233891706,0.09145593037862115,0.09145593037862115,0.08812688233891706,0.0
2008-12-19,0.0834787810140266,0.08812688233891706,0.08812688233891706,0.0834787810140266,0.0
2008-12-22,0.08552716187376429,0.0834787810140266,0.08552716187376429,0.0834787810140266,0.0
2008-12-23,0.07993514449646713,0.08552716187376429,0.08552716187376429,0.07993514449646713,0.0
2008-12-24,0.07869754531080661,0.07993514449646713,0.07993514449646713,0.07869754531080661,0.0
2008-12-26,0.07934141951326074,0.07869754531080661,0.07934141951326074,0.07869754531080661,0.0
2008-12-29,0.07925351787831075,0.07934141951326074,0.07934141951326074,0.07925351787831075,0.0
2008-12-30,0.0772885266456868,0.07925351787831075,0.07925351787831075,0.0772885266456868,0.0
2008-12-31,0.08209802665899407,0.0772885266456868,0.08209802665899407,0.0772885266456868,0.0
2009-01-02,0.08417968414453667,0.08209802665899407,0.08417968414453667,0.08209802665899407,0.0
2009-01-05,0.09512724460835396,0.08417968414453667,0.09512724460835396,0.08417968414453667,0.0
2009-01-06,0.09502796726714895,0.09512724460835396,0.09512724460835396,0.09502796726714895,0.0
2009-01-07,0.09786946711731277,0.09502796726714895,0.09786946711731277,0.09502796726714895,0.0
2009-01-08,0.08952138452478696,0.09786946711731277,0.09786946711731277,0.08952138452478696,0.0
2009-01-09,0.09233767754252657,0.08952138452478696,0.09233767754252657,0.08952138452478696,0.0
2009-01-12,0.0861166863501406,0.09233767754252657,0.09233767754252657,0.0861166863501406,0.0
2009-01-13,0.08138463320155033,0.0861166863501406,0.0861166863501406,0.08138463320155033,0.0
2009-01-14,0.0814610138917375,0.08138463320155033,0.0814610138917375,0.08138463320155033,0.0
2009-01-15,0.07400656399694094,0.0814610138917375,0.0814610138917375,0.07400656399694094,0.0
2009-01-16,0.07764560369613607,0.07400656399694094,0.07764560369613607,0.07400656399694094,0.0
2009-01-20,0.08020101360971188,0.07764560369613607,0.08020101360971188,0.07764560369613607,0.0
2009-01-21,0.06825469582526923,0.08020101360971188,0.08020101360971188,0.06825469582526923,0.0
2009-01-22,0.07696427487405993,0.06825469582526923,0.07696427487405993,0.06825469582526923,0.0
2009-01-23,0.07386920754546543,0.07696427487405993,0.07696427487405993,0.07386920754546543,0.0
2009-01-26,0.07494233971644096,0.07386920754546543,0.07494233971644096,0.07386920754546543,0.0
2009-01-27,0.07657007587512801,0.07494233971644096,0.07657007587512801,0.07494233971644096,0.0
2009-01-28,0.07822133652111582,0.07657007587512801,0.07822133652111582,0.07657007587512801,0.0
2009-01-29,0.08645895820002168,0.07822133652111582,0.08645895820002168,0.07822133652111582,0.0
2009-01-30,0.07987169664660344,0.08645895820002168,0.08645895820002168,0.07987169664660344,0.0
2009-02-02,0.07565325581853248,0.07987169664660344,0.07987169664660344,0.07565325581853248,0.0
2009-02-03,0.07838081680809715,0.07565325581853248,0.07838081680809715,0.07565325581853248,0.0
2009-02-04,0.08205262734326654,0.07838081680809715,0.08205262734326654,0.07838081680809715,0.0
2009-02-05,0.08237594473418917,0.08205262734326654,0.08237594473418917,0.08205262734326654,0.0
2009-02-06,0.08782279873604618,0.08237594473418917,0.08782279873604618,0.08237594473418917,0.0
2009-02-09,0.09471075523904805,0.08782279873604618,0.09471075523904805,0.08782279873604618,0.0
2009-02-10,0.095880914087768,0.09471075523904805,0.095880914087768,0.09471075523904805,0.0
2009-02-11,0.08528087438846113,0.095880914087768,0.095880914087768,0.08528087438846113,0.0
2009-02-12,0.08409382831493303,0.08528087438846113,0.08528087438846113,0.08409382831493303,0.0
2009-02-13,0.08717818744966671,0.08409382831493303,0.08717818744966671,0.08409382831493303,0.0
2009-02-17,0.08597366023335862,0.08717818744966671,0.08717818744966671,0.08597366023335862,0.0
2009-02-18,0.07571117648546027,0.08597366023335862,0.08597366023335862,0.07571117648546027,0.0
2009-02-19,0.075860812581413,0.07571117648546027,0.075860812581413,0.07571117648546027,0.0
2009-02-20,0.07235245806014091,0.075860812581413,0.075860812581413,0.07235245806014091,0.0
2009-02-23,0.07295005663355662,0.07235245806014091,0.07295005663355662,0.07235245806014091,0.0
2009-02-24,0.06528806240785896,0.07295005663355662,0.07295005663355662,0.06528806240785896,0.0
2009-02-25,0.07175088532206067,0.06528806240785896,0.07175088532206067,0.06528806240785896,0.0
2009-02-26,0.07032415755554687,0.07175088532206067,0.07175088532206067,0.07032415755554687,0.0
2009-02-27,0.06441541309515147,0.07032415755554687,0.07032415755554687,0.06441541309515147,0.0
2009-03-02,0.0626024874246343,0.06441541309515147,0.06441541309515147,0.0626024874246343,0.0
2009-03-03,0.05652615406015223,0.0626024874246343,0.0626024874246343,0.05652615406015223,0.0
2009-03-04,0.056394401884665886,0.05652615406015223,0.05652615406015223,0.056394401884665886,0.0
2009-03-05,0.06090246520851465,0.056394401884665886,0.06090246520851465,0.056394401884665886,0.0
2009-03-06,0.05541583131003674,0.06090246520851465,0.06090246520851465,0.05541583131003674,0.0
2009-03-09,0.054094593613391175,0.05541583131003674,0.05541583131003674,0.054094593613391175,0.0
2009-03-10,0.05063502713389396,0.054094593613391175,0.054094593613391175,0.05063502713389396,0.0
2009-03-11,0.060014471395600955,0.05063502713389396,0.060014471395600955,0.05063502713389396,0.0
2009-03-12,0.06277661157980156,0.060014471395600955,0.06277661157980156,0.060014471395600955,0.0
2009-03-13,0.06901555742741985,0.06277661157980156,0.06901555742741985,0.06277661157980156,0.0
2009-03-16,0.06951569976231724,0.06901555742741985,0.06951569976231724,0.06901555742741985,0.0
2009-03-17,0.06602729147847214,0.06951569976231724,0.06951569976231724,0.06602729147847214,0.0
2009-03-18,0.07352207620441834,0.06602729147847214,0.07352207620441834,0.06602729147847214,0.0
2009-03-19,0.07629892965724784,0.07352207620441834,0.07629892965724784,0.07352207620441834,0.0
2009-03-20,0.07613883932063886,0.07629892965724784,0.07629892965724784,0.07613883932063886,0.0
2009-03-23,0.07265632589327607,0.07613883932063886,0.07613883932063886,0.07265632589327607,0.0
2009-03-24,0.08549876297866613,0.07265632589327607,0.08549876297866613,0.07265632589327607,0.0
2009-03-25,0.08076061584017072,0.08549876297866613,0.08549876297866613,0.08076061584017072,0.0
2009-03-26,0.08187268978019666,0.08076061584017072,0.08187268978019666,0.08076061584017072,0.0
2009-03-27,0.0894437129689522,0.08187268978019666,0.0894437129689522,0.08187268978019666,0.0
2009-03-30,0.0843965558047616,0.0894437129689522,0.0894437129689522,0.0843965558047616,0.0
2009-03-31,0.07814647538551761,0.0843965558047616,0.0843965558047616,0.07814647538551761,0.0
2009-04-01,0.0801682591503861,0.07814647538551761,0.0801682591503861,0.07814647538551761,0.0
2009-04-02,0.0837314589851527,0.0801682591503861,0.0837314589851527,0.0801682591503861,0.0
2009-04-03,0.09180698573288902,0.0837314589851527,0.09180698573288902,0.0837314589851527,0.0
2009-04-06,0.0969163742858995,0.09180698573288902,0.0969163742858995,0.09180698573288902,0.0
2009-04-07,0.09618976232857587,0.0969163742858995,0.0969163742858995,0.09618976232857587,0.0
2009-04-08,0.0885814301366801,0.09618976232857587,0.09618976232857587,0.0885814301366801,0.0
2009-04-09,0.09305719279981117,0.0885814301366801,0.09305719279981117,0.0885814301366801,0.0
2009-04-13,0.10170044677396102,0.09305719279981117,0.10170044677396102,0.09305719279981117,0.0
2009-04-14,0.10122922474964448,0.10170044677396102,0.10170044677396102,0.10122922474964448,0.0
2009-04-15,0.09752817527153178,0.10122922474964448,0.10122922474964448,0.09752817527153178,0.0
2009-04-16,0.09671022179396847,0.09752817527153178,0.09752817527153178,0.09671022179396847,0.0
2009-04-17,0.10422454274244064,0.09671022179396847,0.10422454274244064,0.09671022179396847,0.0
2009-04-20,0.10487496373015616,0.10422454274244064,0.10487496373015616,0.10422454274244064,0.0
2009-04-21,0.09476036169756596,0.10487496373015616,0.10487496373015616,0.09476036169756596,0.0
2009-04-22,0.09872080981213856,0.09476036169756596,0.09872080981213856,0.09476036169756596,0.0
2009-04-23,0.09961924451758535,0.09872080981213856,0.09961924451758535,0.09872080981213856,0.0
2009-04-24,0.10252812931999346,0.09961924451758535,0.10252812931999346,0.09961924451758535,0.0
2009-04-27,0.10790819111162475,0.10252812931999346,0.10790819111162475,0.10252812931999346,0.0
2009-04-28,0.10828431722928923,0.10790819111162475,0.10828431722928923,0.10790819111162475,0.0
2009-04-29,0.10586818053949221,0.10828431722928923,0.10828431722928923,0.10586818053949221,0.0
2009-04-30,0.11022365883160723,0.10586818053949221,0.11022365883160723,0.10586818053949221,0.0
2009-05-01,0.11352744331942756,0.11022365883160723,0.11352744331942756,0.11022365883160723,0.0
2009-05-04,0.11441297154801108,0.11352744331942756,0.11441297154801108,0.11352744331942756,0.0
2009-05-05,0.12119507577354775,0.11441297154801108,0.12119507577354775,0.11441297154801108,0.0
2009-05-06,0.12087466454552853,0.12119507577354775,0.12119507577354775,0.12087466454552853,0.0
2009-05-07,0.12096885662043977,0.12087466454552853,0.12096885662043977,0.12087466454552853,0.0
2009-05-08,0.11246443923847174,0.12096885662043977,0.12096885662043977,0.11246443923847174,0.0
2009-05-11,0.11265278472721228,0.11246443923847174,0.11265278472721228,0.11246443923847174,0.0
2009-05-12,0.11382897491715396,0.11265278472721228,0.11382897491715396,0.11265278472721228,0.0
2009-05-13,0.10964480373351146,0.11382897491715396,0.11382897491715396,0.10964480373351146,0.0
2009-05-14,0.10081427644460432,0.10964480373351146,0.10964480373351146,0.10081427644460432,0.0
2009-05-15,0.10419547636801278,0.10081427644460432,0.10419547636801278,0.10081427644460432,0.0
2009-05-18,0.10399999797817742,0.10419547636801278,0.10419547636801278,0.10399999797817742,0.0
2009-05-19,0.11212638504732425,0.10399999797817742,0.11212638504732425,0.10399999797817742,0.0
2009-05-20,0.11368962713935563,0.11212638504732425,0.11368962713935563,0.11212638504732425,0.0
2009-05-21,0.11249066404455751,0.11368962713935563,0.11368962713935563,0.11249066404455751,0.0
2009-05-22,0.10628019940533967,0.11249066404455751,0.11249066404455751,0.10628019940533967,0.0
2009-05-26,0.10522966234262086,0.10628019940533967,0.10628019940533967,0.10522966234262086,0.0
2009-05-27,0.11698703663796753,0.10522966234262086,0.11698703663796753,0.10522966234262086,0.0
2009-05-28,0.11455665165580195,0.11698703663796753,0.11698703663796753,0.11455665165580195,0.0
2009-05-29,0.11852660465069381,0.11455665165580195,0.11852660465069381,0.11455665165580195,0.0
2009-06-01,0.12289241278752734,0.11852660465069381,0.12289241278752734,0.11852660465069381,0.0
2009-06-02,0.13340747349745488,0.12289241278752734,0.13340747349745488,0.12289241278752734,0.0
2009-06-03,0.13394719159730015,0.13340747349745488,0.13394719159730015,0.13340747349745488,0.0
2009-06-04,0.13272370740488168,0.13394719159730015,0.13394719159730015,0.13272370740488168,0.0
2009-06-05,0.1372070958209916,0.13272370740488168,0.1372070958209916,0.13272370740488168,0.0
2009-06-08,0.13764439142051807,0.1372070958209916,0.13764439142051807,0.1372070958209916,0.0
2009-06-09,0.13639883345587742,0.13764439142051807,0.13764439142051807,0.13639883345587742,0.0
2009-06-10,0.1395126035807818,0.13639883345587742,0.1395126035807818,0.13639883345587742,0.0
2009-06-11,0.13802941031835764,0.1395126035807818,0.1395126035807818,0.13802941031835764,0.0
2009-06-12,0.13801872947113064,0.13802941031835764,0.13802941031835764,0.13801872947113064,0.0
2009-06-15,0.1360964434994327,0.13801872947113064,0.13801872947113064,0.1360964434994327,0.0
2009-06-16,0.12773082106483616,0.1360964434994327,0.1360964434994327,0.12773082106483616,0.0
2009-06-17,0.12398501623366354,0.12773082106483616,0.12773082106483616,0.12398501623366354,0.0
2009-06-18,0.12753274545488594,0.12398501623366354,0.12753274545488594,0.12398501623366354,0.0
2009-06-19,0.1267767421376365,0.12753274545488594,0.12753274545488594,0.1267767421376365,0.0
2009-06-22,0.13084895941165373,0.1267767421376365,0.13084895941165373,0.1267767421376365,0.0
2009-06-23,0.11911471834094099,0.13084895941165373,0.13084895941165373,0.11911471834094099,0.0
2009-06-24,0.11829056195562844,0.11911471834094099,0.11911471834094099,0.11829056195562844,0.0
2009-06-25,0.1242635034155828,0.11829056195562844,0.1242635034155828,0.11829056195562844,0.0
2009-06-26,0.1315862703382075,0.1242635034155828,0.1315862703382075,0.1242635034155828,0.0
2009-06-29,0.13244599972070195,0.1315862703382075,0.13244599972070195,0.1315862703382075,0.0
2009-06-30,0.13331002337891468,0.13244599972070195,0.13331002337891468,0.13244599972070195,0.0
2009-07-01,0.13253158571823104,0.13331002337891468,0.13331002337891468,0.13253158571823104,0.0
2009-07-02,0.1327398528635651,0.13253158571823104,0.1327398528635651,0.13253158571823104,0.0
2009-07-06,0.12397750762449944,0.1327398528635651,0.1327398528635651,0.12397750762449944,0.0
2009-07-07,0.12198280340570643,0.12397750762449944,0.12397750762449944,0.12198280340570643,0.0
2009-07-08,0.1128788748181507,0.12198280340570643,0.12198280340570643,0.1128788748181507,0.0
2009-07-09,0.11463540615062061,0.1128788748181507,0.11463540615062061,0.1128788748181507,0.0
2009-07-10,0.11522114629700039,0.11463540615062061,0.11522114629700039,0.11463540615062061,0.0
2009-07-13,0.11670340113727613,0.11522114629700039,0.11670340113727613,0.11522114629700039,0.0
2009-07-14,0.12341184466984381,0.11670340113727613,0.12341184466984381,0.11670340113727613,0.0
2009-07-15,0.12475462082876251,0.12341184466984381,0.12475462082876251,0.12341184466984381,0.0
2009-07-16,0.13731829705903464,0.12475462082876251,0.13731829705903464,0.12475462082876251,0.0
2009-07-17,0.14221717823543958,0.13731829705903464,0.14221717823543958,0.13731829705903464,0.0
2009-07-20,0.14449014243970487,0.14221717823543958,0.14449014243970487,0.14221717823543958,0.0
2009-07-21,0.1486336322391972,0.14449014243970487,0.1486336322391972,0.14449014243970487,0.0
2009-07-22,0.15167933129094452,0.1486336322391972,0.15167933129094452,0.1486336322391972,0.0
2009-07-23,0.15548150060900132,0.15167933129094452,0.15548150060900132,0.15167933129094452,0.0
2009-07-24,0.16576755642187832,0.15548150060900132,0.16576755642187832,0.15548150060900132,0.0
2009-07-27,0.16196334660581216,0.16576755642187832,0.16576755642187832,0.16196334660581216,0.0
2009-07-28,0.16568364633965174,0.16196334660581216,0.16568364633965174,0.16196334660581216,0.0
2009-07-29,0.1622603363828699,0.16568364633965174,0.16568364633965174,0.1622603363828699,0.0
2009-07-30,0.1654864193808721,0.1622603363828699,0.1654864193808721,0.1622603363828699,0.0
2009-07-31,0.16837630555027086,0.1654864193808721,0.16837630555027086,0.1654864193808721,0.0
2009-08-03,0.16683130936473434,0.16837630555027086,0.16837630555027086,0.16683130936473434,0.0
2009-08-04,0.17430354446995855,0.16683130936473434,0.17430354446995855,0.16683130936473434,0.0
2009-08-05,0.1742900566956841,0.17430354446995855,0.17430354446995855,0.1742900566956841,0.0
2009-08-06,0.17022847787524864,0.1742900566956841,0.1742900566956841,0.17022847787524864,0.0
2009-08-07,0.16571656199514584,0.17022847787524864,0.17022847787524864,0.16571656199514584,0.0
2009-08-10,0.172015912368248,0.16571656199514584,0.172015912368248,0.16571656199514584,0.0
2009-08-11,0.16837918799930196,0.172015912368248,0.172015912368248,0.16837918799930196,0.0
2009-08-12,0.16402924785292364,0.16837918799930196,0.16837918799930196,0.16402924785292364,0.0
2009-08-13,0.17166235173391925,0.16402924785292364,0.17166235173391925,0.16402924785292364,0.0
2009-08-14,0.17449077132337867,0.17166235173391925,0.17449077132337867,0.17166235173391925,0.0
2009-08-17,0.16847092748034695,0.17449077132337867,0.17449077132337867,0.16847092748034695,0.0
2009-08-18,0.15379137521438527,0.16847092748034695,0.16847092748034695,0.15379137521438527,0.0
2009-08-19,0.16037413035814568,0.15379137521438527,0.16037413035814568,0.15379137521438527,0.0
2009-08-20,0.1636900353113492,0.16037413035814568,0.1636900353113492,0.16037413035814568,0.0
2009-08-21,0.16942496984707808,0.1636900353113492,0.16942496984707808,0.1636900353113492,0.0
2009-08-24,0.17618714926084056,0.16942496984707808,0.17618714926084056,0.16942496984707808,0.0
2009-08-25,0.1756488934360541,0.17618714926084056,0.17618714926084056,0.1756488934360541,0.0
2009-08-26,0.17720609241787555,0.1756488934360541,0.17720609241787555,0.1756488934360541,0.0
2009-08-27,0.17627079662163125,0.17720609241787555,0.17720609241787555,0.17627079662163125,0.0
2009-08-28,0.17756926961297956,0.17627079662163125,0.17756926961297956,0.17627079662163125,0.0
2009-08-31,0.17808305988185377,0.17756926961297956,0.17808305988185377,0.17756926961297956,0.0
2009-09-01,0.172652697546913,0.17808305988185377,0.17808305988185377,0.172652697546913,0.0
2009-09-02,0.16293492390851388,0.172652697546913,0.172652697546913,0.16293492390851388,0.0
2009-09-03,0.162549184363058,0.16293492390851388,0.16293492390851388,0.162549184363058,0.0
2009-09-04,0.16576679225548757,0.162549184363058,0.16576679225548757,0.162549184363058,0.0
2009-09-08,0.17645267048148083,0.16576679225548757,0.17645267048148083,0.16576679225548757,0.0
2009-09-09,0.18142314007479637,0.17645267048148083,0.18142314007479637,0.17645267048148083,0.0
2009-09-10,0.18608500563021585,0.18142314007479637,0.18608500563021585,0.18142314007479637,0.0
2009-09-11,0.1913689966643736,0.18608500563021585,0.1913689966643736,0.18608500563021585,0.0
2009-09-14,0.1919078522696876,0.1913689966643736,0.1919078522696876,0.1913689966643736,0.0
2009-09-15,0.19411150952793912,0.1919078522696876,0.19411150952793912,0.1919078522696876,0.0
2009-09-16,0.19591298770875493,0.19411150952793912,0.19591298770875493,0.19411150952793912,0.0
2009-09-17,0.2044726544498862,0.19591298770875493,0.2044726544498862,0.19591298770875493,0.0
2009-09-18,0.20431234320036434,0.2044726544498862,0.2044726544498862,0.20431234320036434,0.0
2009-09-21,0.20532365921572562,0.20431234320036434,0.20532365921572562,0.20431234320036434,0.0
2009-09-22,0.2071944316476856,0.20532365921572562,0.2071944316476856,0.20532365921572562,0.0
2009-09-23,0.20834656510374605,0.2071944316476856,0.20834656510374605,0.2071944316476856,0.0
2009-09-24,0.20539939327563614,0.20834656510374605,0.20834656510374605,0.20539939327563614,0.0
2009-09-25,0.19986772750942497,0.20539939327563614,0.20539939327563614,0.19986772750942497,0.0
2009-09-28,0.19457895677670714,0.19986772750942497,0.19986772750942497,0.19457895677670714,0.0
2009-09-29,0.20450264481060737,0.19457895677670714,0.20450264481060737,0.19457895677670714,0.0
2009-09-30,0.2017379078251377,0.20450264481060737,0.20450264481060737,0.2017379078251377,0.0
2009-10-01,0.20215277753744715,0.2017379078251377,0.20215277753744715,0.2017379078251377,0.0
2009-10-02,0.1841945389937058,0.20215277753744715,0.20215277753744715,0.1841945389937058,0.0
2009-10-05,0.18256280869590116,0.1841945389937058,0.1841945389937058,0.18256280869590116,0.0
2009-10-06,0.18696985424277845,0.18256280869590116,0.18696985424277845,0.18256280869590116,0.0
2009-10-07,0.19689148707410062,0.18696985424277845,0.19689148707410062,0.18696985424277845,0.0
2009-10-08,0.19856653584994563,0.19689148707410062,0.19856653584994563,0.19689148707410062,0.0
2009-10-09,0.20110049650992978,0.19856653584994563,0.20110049650992978,0.19856653584994563,0.0
2009-10-12,0.20451261786944122,0.20110049650992978,0.20451261786944122,0.20110049650992978,0.0
2009-10-13,0.20579645475985323,0.20451261786944122,0.20579645475985323,0.20451261786944122,0.0
2009-10-14,0.20592574936254057,0.20579645475985323,0.20592574936254057,0.20579645475985323,0.0
2009-10-15,0.2143251031743226,0.20592574936254057,0.2143251031743226,0.20592574936254057,0.0
2009-10-16,0.21281839434077518,0.2143251031743226,0.2143251031743226,0.21281839434077518,0.0
2009-10-19,0.20865025347841962,0.21281839434077518,0.21281839434077518,0.20865025347841962,0.0
2009-10-20,0.2149255408545696,0.20865025347841962,0.2149255408545696,0.20865025347841962,0.0
2009-10-21,0.2150585219711296,0.2149255408545696,0.2150585219711296,0.2149255408545696,0.0
2009-10-22,0.21384754603196016,0.2150585219711296,0.2150585219711296,0.21384754603196016,0.0
2009-10-23,0.21635906997272789,0.21384754603196016,0.21635906997272789,0.21384754603196016,0.0
2009-10-26,0.21364487103458077,0.21635906997272789,0.21635906997272789,0.21364487103458077,0.0
2009-10-27,0.2115478234693606,0.21364487103458077,0.21364487103458077,0.2115478234693606,0.0
2009-10-28,0.20193588451142686,0.2115478234693606,0.2115478234693606,0.20193588451142686,0.0
2009-10-29,0.18832734612243174,0.20193588451142686,0.20193588451142686,0.18832734612243174,0.0
2009-10-30,0.19786798918862064,0.18832734612243174,0.19786798918862064,0.18832734612243174,0.0
2009-11-02,0.1819159894051258,0.19786798918862064,0.19786798918862064,0.1819159894051258,0.0
2009-11-03,0.18416730631517114,0.1819159894051258,0.18416730631517114,0.1819159894051258,0.0
2009-11-04,0.18589903661619991,0.18416730631517114,0.18589903661619991,0.18416730631517114,0.0
2009-11-05,0.18683080647979317,0.18589903661619991,0.18683080647979317,0.18589903661619991,0.0
2009-11-06,0.20064881352002698,0.18683080647979317,0.20064881352002698,0.18683080647979317,0.0
2009-11-09,0.20418696360299615,0.20064881352002698,0.20418696360299615,0.20064881352002698,0.0
2009-11-10,0.21725648620011434,0.20418696360299615,0.21725648620011434,0.20418696360299615,0.0
2009-11-11,0.2188874951991346,0.21725648620011434,0.2188874951991346,0.21725648620011434,0.0
2009-11-12,0.22308553992488137,0.2188874951991346,0.22308553992488137,0.2188874951991346,0.0
2009-11-13,0.21925686341485676,0.22308553992488137,0.22308553992488137,0.21925686341485676,0.0
2009-11-16,0.2246650134989169,0.21925686341485676,0.2246650134989169,0.21925686341485676,0.0
2009-11-17,0.23153891100082158,0.2246650134989169,0.23153891100082158,0.2246650134989169,0.0
2009-11-18,0.23370872894695371,0.23153891100082158,0.23370872894695371,0.23153891100082158,0.0
2009-11-19,0.22976012644724025,0.23370872894695371,0.23370872894695371,0.22976012644724025,0.0
2009-11-20,0.21901873869586388,0.22976012644724025,0.22976012644724025,0.21901873869586388,0.0
2009-11-23,0.21569083156315794,0.21901873869586388,0.21901873869586388,0.21569083156315794,0.0
2009-11-24,0.22610099897598254,0.21569083156315794,0.22610099897598254,0.21569083156315794,0.0
2009-11-25,0.22377873745271726,0.22610099897598254,0.22610099897598254,0.22377873745271726,0.0
2009-11-27,0.2266607293378152,0.22377873745271726,0.2266607293378152,0.22377873745271726,0.0
2009-11-30,0.21633148824352447,0.2266607293378152,0.2266607293378152,0.21633148824352447,0.0
2009-12-01,0.21706053874498968,0.21633148824352447,0.21706053874498968,0.21633148824352447,0.0
2009-12-02,0.22377074625518306,0.21706053874498968,0.22377074625518306,0.21706053874498968,0.0
2009-12-03,0.22466877225727228,0.22377074625518306,0.22466877225727228,0.22377074625518306,0.0
2009-12-04,0.22189809631464996,0.22466877225727228,0.22466877225727228,0.22189809631464996,0.0
2009-12-07,0.2253695737495282,0.22189809631464996,0.2253695737495282,0.22189809631464996,0.0
2009-12-08,0.22213440320904024,0.2253695737495282,0.2253695737495282,0.22213440320904024,0.0
2009-12-09,0.2180191882471121,0.22213440320904024,0.22213440320904024,0.2180191882471121,0.0
2009-12-10,0.22459677269346687,0.2180191882471121,0.22459677269346687,0.2180191882471121,0.0
2009-12-11,0.22794239429217603,0.22459677269346687,0.22794239429217603,0.22459677269346687,0.0
2009-12-14,0.22530068694866637,0.22794239429217603,0.22794239429217603,0.22530068694866637,0.0
2009-12-15,0.23171630110430516,0.22530068694866637,0.23171630110430516,0.22530068694866637,0.0
2009-12-16,0.2277970577010038,0.23171630110430516,0.23171630110430516,0.2277970577010038,0.0
2009-12-17,0.22870466607796477,0.2277970577010038,0.22870466607796477,0.2277970577010038,0.0
2009-12-18,0.22033497562360613,0.22870466607796477,0.22870466607796477,0.22033497562360613,0.0
2009-12-21,0.2310912559922915,0.22033497562360613,0.2310912559922915,0.22033497562360613,0.0
2009-12-22,0.2388700010273344,0.2310912559922915,0.2388700010273344,0.2310912559922915,0.0
2009-12-23,0.24315514701745272,0.2388700010273344,0.24315514701745272,0.2388700010273344,0.0
2009-12-24,0.2484581287405052,0.24315514701745272,0.2484581287405052,0.24315514701745272,0.0
2009-12-28,0.25531014219314296,0.2484581287405052,0.25531014219314296,0.2484581287405052,0.0
2009-12-29,0.25928883457008356,0.25531014219314296,0.25928883457008356,0.25531014219314296,0.0
2009-12-30,0.2560705034871786,0.25928883457008356,0.25928883457008356,0.2560705034871786,0.0
2009-12-31,0.25838739380904535,0.2560705034871786,0.25838739380904535,0.2560705034871786,0.0
2010-01-04,0.25131604647139344,0.25838739380904535,0.25838739380904535,0.25131604647139344,0.0
2010-01-05,0.26233799523901113,0.25131604647139344,0.26233799523901113,0.25131604647139344,0.0
2010-01-06,0.26231769527509385,0.26233799523901113,0.26233799523901113,0.26231769527509385,0.0
2010-01-07,0.257550792483197,0.26231769527509385,0.26231769527509385,0.257550792483197,0.0
2010-01-08,0.25803291071152157,0.257550792483197,0.25803291071152157,0.257550792483197,0.0
2010-01-11,0.2643843593985184,0.25803291071152157,0.2643843593985184,0.25803291071152157,0.0
2010-01-12,0.2611265743231155,0.2643843593985184,0.2643843593985184,0.2611265743231155,0.0
2010-01-13,0.25130568221357996,0.2611265743231155,0.2611265743231155,0.25130568221357996,0.0
2010-01-14,0.2606731949097711,0.25130568221357996,0.2606731949097711,0.25130568221357996,0.0
2010-01-15,0.2613277387326105,0.2606731949097711,0.2613277387326105,0.2606731949097711,0.0
2010-01-19,0.2521816715842742,0.2613277387326105,0.2613277387326105,0.2521816715842742,0.0
2010-01-20,0.26437239924823286,0.2521816715842742,0.26437239924823286,0.2521816715842742,0.0
2010-01-21,0.25294633834155805,0.26437239924823286,0.26437239924823286,0.25294633834155805,0.0
2010-01-22,0.24582097945029263,0.25294633834155805,0.25294633834155805,0.24582097945029263,0.0
2010-01-25,0.22424054286343292,0.24582097945029263,0.24582097945029263,0.22424054286343292,0.0
2010-01-26,0.22650817143078006,0.22424054286343292,0.22650817143078006,0.22424054286343292,0.0
2010-01-27,0.2271042573825519,0.22650817143078006,0.2271042573825519,0.22650817143078006,0.0
2010-01-28,0.23246321489803679,0.2271042573825519,0.23246321489803679,0.2271042573825519,0.0
2010-01-29,0.21450352851808338,0.23246321489803679,0.23246321489803679,0.21450352851808338,0.0
2010-02-01,0.20325674664234478,0.21450352851808338,0.21450352851808338,0.20325674664234478,0.0
2010-02-02,0.2099387745568797,0.20325674664234478,0.2099387745568797,0.20325674664234478,0.0
2010-02-03,0.21560031398648974,0.2099387745568797,0.21560031398648974,0.2099387745568797,0.0
2010-02-04,0.21913995870147374,0.21560031398648974,0.21913995870147374,0.21560031398648974,0.0
2010-02-05,0.20010005190423522,0.21913995870147374,0.21913995870147374,0.20010005190423522,0.0
2010-02-08,0.20515537985504365,0.20010005190423522,0.20515537985504365,0.20010005190423522,0.0
2010-02-09,0.20070049722111807,0.20515537985504365,0.20515537985504365,0.20070049722111807,0.0
2010-02-10,0.20689335590241054,0.20070049722111807,0.20689335590241054,0.20070049722111807,0.0
2010-02-11,0.2055819630622863,0.2034379988908767,0.2174479961395263,0.2027859985828399,6912000.0
2010-02-12,0.2064231783151626,0.2103909999132156,0.2190359979867935,0.2091670036315918,17203200.0
2010-02-16,0.2144192308187484,0.2222660034894943,0.2260939925909042,0.2187760025262832,19238400.0
2010-02-17,0.2180579900741577,0.2285940051078796,0.2294529974460601,0.2251559942960739,38361600.0
2010-02-18,0.2221919447183609,0.2291669994592666,0.2351299971342086,0.2277860045433044,77721600.0
2010-02-19,0.2221919447183609,0.2321610003709793,0.2367970049381256,0.2303909957408905,92966400.0
2010-02-22,0.2206320762634277,0.2365099936723709,0.2365099936723709,0.2294789999723434,50995200.0
2010-02-23,0.2120181322097778,0.2308329939842224,0.2320829927921295,0.2199739962816238,82252800.0
2010-02-24,0.2184296399354934,0.2269790023565292,0.2324219942092895,0.2257550060749054,70617600.0
2010-02-25,0.2183051109313964,0.2224480062723159,0.2312240004539489,0.2179950028657913,91238400.0
2010-02-26,0.221028447151184,0.228983998298645,0.2334900051355362,0.2267190068960189,57600000.0
2010-03-01,0.230509266257286,0.2354689985513687,0.243489995598793,0.2354689985513687,28454400.0
2010-03-02,0.2318951487541198,0.2446350008249282,0.249219000339508,0.2433069944381714,48422400.0
2010-03-03,0.2331831753253936,0.2466930001974105,0.2488279938697815,0.2429430037736892,47961600.0
2010-03-04,0.2357572615146637,0.2461719959974289,0.2483589947223663,0.2423440068960189,29452800.0
2010-03-05,0.2461782544851303,0.2533070147037506,0.2601299881935119,0.2519530057907104,26880000.0
2010-03-08,0.2474909573793411,0.2592189908027649,0.2622399926185608,0.2592189908027649,25344000.0
2010-03-09,0.2518720924854278,0.2589319944381714,0.2690359950065613,0.2587240040302276,46425600.0
2010-03-10,0.2580353915691376,0.2653389871120453,0.2730729877948761,0.2651560008525848,40089600.0
2010-03-11,0.2604117095470428,0.2698180079460144,0.2743490040302276,0.2680209875106811,53913600.0
2010-03-12,0.2610058784484863,0.276978999376297,0.276978999376297,0.2714320123195648,36134400.0
2010-03-15,0.2592483460903168,0.2727600038051605,0.2746089994907379,0.2669270038604736,42393600.0
2010-03-16,0.2641503512859344,0.2754170000553131,0.2786720097064972,0.2725520133972168,46579200.0
2010-03-17,0.2659819722175598,0.2786720097064972,0.2837759852409363,0.2775000035762787,39820800.0
2010-03-18,0.2686797380447387,0.2807810008525848,0.2835420072078705,0.2789320051670074,52185600.0
2010-03-19,0.2639269530773163,0.2776559889316559,0.2857550084590912,0.2746880054473877,40051200.0
2010-03-22,0.2710560858249664,0.2744010090827942,0.2884899973869324,0.2733590006828308,58790400.0
2010-03-23,0.2767251133918762,0.2871089875698089,0.2917450070381164,0.2826560139656067,55334400.0
2010-03-24,0.2727890014648437,0.2890630066394806,0.2896879911422729,0.2851560115814209,89241600.0
2010-03-25,0.2710808515548706,0.2939839959144592,0.2970570027828216,0.2849479913711548,93926400.0
2010-03-26,0.2724923491477966,0.2892450094223022,0.2921609878540039,0.282160997390747,84288000.0
2010-03-29,0.2762299180030823,0.2909899950027466,0.2935679852962494,0.2884640097618103,38054400.0
2010-03-30,0.2791262865066528,0.2929950058460235,0.2961719930171966,0.2876819968223572,39897600.0
2010-03-31,0.275363951921463,0.2903650104999542,0.2942709922790527,0.2876819968223572,59558400.0
2010-04-01,0.2748193442821502,0.2929170131683349,0.2985160052776336,0.2826299965381622,116620800.0
2010-04-05,0.2827650606632232,0.2912240028381347,0.299219012260437,0.2890630066394806,67584000.0
2010-04-06,0.2849189341068268,0.2952080070972442,0.3024480044841766,0.2933329939842224,58713600.0
2010-04-07,0.2833096981048584,0.2987239956855774,0.3019790053367615,0.292838990688324,106252800.0
2010-04-08,0.2843248844146728,0.2950260043144226,0.3008590042591095,0.2905209958553314,69657600.0
2010-04-09,0.2894483506679535,0.3001039922237396,0.3052339851856231,0.297785997390747,58099200.0
2010-04-12,0.2906118035316467,0.3055469989776611,0.3080730140209198,0.3035419881343841,48806400.0
2010-04-13,0.294993907213211,0.3047400116920471,0.3108330070972442,0.3019790053367615,67238400.0
2010-04-14,0.3053901195526123,0.314765989780426,0.3215360045433044,0.3141149878501892,61094400.0
2010-04-15,0.3094746172428131,0.3209379911422729,0.3267709910869598,0.3206509947776794,45772800.0
2010-04-16,0.2984586358070373,0.3221350014209747,0.3252860009670257,0.3079429864883423,129484800.0
2010-04-19,0.2979890704154968,0.3110420107841491,0.3163540065288543,0.3020829856395721,112742400.0
2010-04-20,0.3023948669433594,0.3183589875698089,0.3203130066394806,0.3123959898948669,56102400.0
2010-04-21,0.3077170252799988,0.3245829939842224,0.3264839947223663,0.3177079856395721,83980800.0
2010-04-22,0.3122721314430237,0.3142710030078888,0.3296090066432953,0.3089059889316559,122841600.0
2010-04-23,0.3164060711860657,0.3288280069828033,0.3339059948921203,0.3249480128288269,82368000.0
2010-04-26,0.3140543699264526,0.3330990076065063,0.3355990052223205,0.3287760019302368,80524800.0
2010-04-27,0.2946716845035553,0.3271879851818084,0.3306770026683807,0.3072920143604278,133747200.0
2010-04-28,0.2953646183013916,0.314765989780426,0.3150779902935028,0.3032029867172241,125068800.0
2010-04-29,0.3104403018951416,0.3150520026683807,0.328150987625122,0.3150259852409363,84748800.0
2010-04-30,0.2921469509601593,0.3260940015316009,0.3276300132274627,0.3065359890460968,88512000.0
2010-05-03,0.3040782511234283,0.3109380006790161,0.3245309889316559,0.3108589947223663,52608000.0
2010-05-04,0.2771956920623779,0.3077859878540039,0.3078129887580871,0.2846609950065613,137241600.0
2010-05-05,0.2726406455039978,0.282474011182785,0.2919529974460602,0.27708300948143,138508800.0
2010-05-06,0.2459310442209243,0.2809109985828399,0.2890099883079529,0.1770830005407333,217804800.0
2010-05-07,0.2280340045690536,0.2518750131130218,0.2612760066986084,0.2232030034065246,248256000.0
2010-05-10,0.2620457708835602,0.2701820135116577,0.2764840126037597,0.2686980068683624,189273600.0
2010-05-11,0.2618727385997772,0.267890989780426,0.2864579856395721,0.2663280069828033,147033600.0
2010-05-12,0.2759827971458435,0.2792710065841675,0.29093798995018,0.2782289981842041,108556800.0
2010-05-13,0.2635067701339721,0.287551999092102,0.2935940027236938,0.2754690051078796,105561600.0
2010-05-14,0.2472922801971435,0.2704170048236847,0.270781010389328,0.2513020038604736,154176000.0
2010-05-17,0.2506343722343445,0.2626819908618927,0.2665889859199524,0.2468750029802322,136857600.0
2010-05-18,0.2410547584295272,0.2701039910316467,0.2716149985790252,0.2489580065011978,190617600.0
2010-05-19,0.2346926480531692,0.249219000339508,0.2552079856395721,0.238098993897438,237772800.0
2010-05-20,0.2109535187482834,0.2319529950618744,0.2336200028657913,0.2173179984092712,272985600.0
2010-05-21,0.2125875204801559,0.2084109932184219,0.2305469959974289,0.2061980068683624,234316800.0
2010-05-24,0.2143450826406479,0.2248699963092804,0.2332029938697815,0.2228910028934478,155020800.0
2010-05-25,0.2128346562385559,0.2087499946355819,0.2246090024709701,0.2020830065011978,172646400.0
2010-05-26,0.2062501907348632,0.2273699939250946,0.2367189973592758,0.2153130024671554,208320000.0
2010-05-27,0.2285787016153335,0.2314320057630539,0.2410680055618286,0.229556992650032,173222400.0
2010-05-28,0.2253848165273666,0.2420569956302642,0.2427340000867843,0.2304690033197403,166694400.0
2010-06-01,0.2191472947597503,0.234608992934227,0.2467190027236938,0.2291669994592666,202713600.0
2010-06-02,0.2345690727233886,0.234375,0.2467709928750991,0.2293750047683715,113433600.0
2010-06-03,0.2406582832336425,0.2485940009355545,0.2545830011367798,0.2439060062170028,114854400.0
2010-06-04,0.2168945074081421,0.237292006611824,0.2467450052499771,0.2248439937829971,245952000.0
2010-06-07,0.2043195813894271,0.2303909957408905,0.2329169958829879,0.2145829945802688,168729600.0
2010-06-08,0.2031808793544769,0.2164839953184127,0.2179169952869415,0.2052340060472488,265920000.0
2010-06-09,0.1986999064683914,0.2180729955434799,0.2241930067539215,0.2066410034894943,229440000.0
2010-06-10,0.2151863276958465,0.2163279950618744,0.2268230020999908,0.2145570069551468,155520000.0
2010-06-11,0.2208060324192047,0.2193489968776703,0.2332029938697815,0.2193489968776703,125337600.0
2010-06-14,0.2209296077489853,0.2391930073499679,0.2437759935855865,0.2314839959144592,227404800.0
2010-06-15,0.2370690256357193,0.2362760007381439,0.2521089911460876,0.2355729937553405,200102400.0
2010-06-16,0.24184650182724,0.2491929978132248,0.2578130066394806,0.2479690015316009,158361600.0
2010-06-17,0.2442723512649536,0.2584109902381897,0.2588019967079162,0.2503649890422821,163046400.0
2010-06-18,0.2449405491352081,0.258307009935379,0.2628650069236755,0.2551040053367615,139584000.0
2010-06-21,0.2385043799877166,0.2670829892158508,0.2682290077209472,0.2466669976711273,219916800.0
2010-06-22,0.2328609079122543,0.2538020014762878,0.2593230009078979,0.2436980009078979,179596800.0
2010-06-23,0.2297421842813491,0.2458849996328354,0.2484109997749328,0.2361979931592941,224716800.0
2010-06-24,0.2186026573181152,0.2388020008802414,0.2408850044012069,0.2286459952592849,239424000.0
2010-06-25,0.2184543311595916,0.2329690009355545,0.2355729937553405,0.2249220013618469,177561600.0
2010-06-28,0.2164981067180633,0.2300000041723251,0.2334380000829696,0.222812995314598,164160000.0
2010-06-29,0.1923388391733169,0.217057004570961,0.2174479961395263,0.1963540017604828,438220800.0
2010-06-30,0.1828332990407943,0.1993229985237121,0.2050260007381439,0.1907549947500229,183667200.0
2010-07-01,0.1810510158538818,0.1934109926223755,0.1950259953737259,0.1793230026960373,252326400.0
2010-07-02,0.1800605356693267,0.1909639984369278,0.1931769996881485,0.1835940033197403,147379200.0
2010-07-06,0.1810016185045242,0.1966670006513595,0.2002860009670257,0.1856250017881393,156556800.0
2010-07-07,0.1981058269739151,0.1920569986104965,0.2089840024709701,0.1915889978408813,160780800.0
2010-07-08,0.2014479786157608,0.2134110033512115,0.21424500644207,0.204583004117012,207360000.0
2010-07-09,0.2070923894643783,0.2113800048828125,0.21875,0.2102600038051605,142656000.0
2010-07-12,0.2094440460205078,0.217057004570961,0.2236199975013733,0.2157289981842041,98918400.0
2010-07-13,0.2165979295969009,0.2254949957132339,0.230781003832817,0.2206249982118606,174144000.0
2010-07-14,0.2200626879930496,0.2298180013895034,0.2353910058736801,0.2268490046262741,109516800.0
2010-07-15,0.2208307385444641,0.2305469959974289,0.2343489974737167,0.2230470031499862,114201600.0
2010-07-16,0.2030572742223739,0.2302860021591186,0.2305729985237121,0.2126040011644363,181363200.0
2010-07-19,0.2076370567083358,0.2148440033197403,0.2197919934988021,0.2096610069274902,124224000.0
2010-07-20,0.2141968309879303,0.2076040059328079,0.2262499928474426,0.2059379965066909,127948800.0
2010-07-21,0.2066959738731384,0.2338539958000183,0.2338539958000183,0.2159900069236755,172492800.0
2010-07-22,0.2206320762634277,0.225938007235527,0.2365889996290207,0.225938007235527,126451200.0
2010-07-23,0.2263752520084381,0.2288540005683899,0.238437995314598,0.2275779992341995,138854400.0
2010-07-26,0.2313505411148071,0.2391930073499679,0.2440630048513412,0.2358590066432953,100761600.0
2010-07-27,0.2313010543584823,0.2469789981842041,0.2480729967355728,0.2402859926223755,119692800.0
2010-07-28,0.2265730202198028,0.2428389936685562,0.2458849996328354,0.2351559996604919,77568000.0
2010-07-29,0.2211767435073852,0.2416670024394989,0.2432290017604828,0.2253129929304123,152755200.0
2010-07-30,0.2226871848106384,0.2267709970474243,0.2381249964237213,0.2226819992065429,129830400.0
2010-08-02,0.234667956829071,0.2429430037736892,0.2486979961395263,0.2402600049972534,90163200.0
2010-08-03,0.2322421222925186,0.246406003832817,0.247188001871109,0.2404689937829971,64012800.0
2010-08-04,0.2389502227306366,0.247526004910469,0.2520830035209656,0.2443230003118515,80908800.0
2010-08-05,0.2375395447015762,0.2476039975881576,0.2507809996604919,0.2446350008249282,66470400.0
2010-08-06,0.2364255338907241,0.2409110069274902,0.249791994690895,0.2373179942369461,152755200.0
2010-08-09,0.2405594289302826,0.2521350085735321,0.2552079856395721,0.2489060014486313,85632000.0
2010-08-10,0.2354597300291061,0.2473960071802139,0.2511720061302185,0.2409379929304123,158016000.0
2010-08-11,0.2160779535770416,0.2345570027828216,0.23471400141716,0.2237239927053451,154905600.0
2010-08-12,0.2099878042936325,0.213697999715805,0.2240359932184219,0.2124219983816146,145920000.0
2010-08-13,0.2058043777942657,0.21908900141716,0.2215889990329742,0.216509997844696,57945600.0
2010-08-16,0.2069678604602813,0.2132810056209564,0.2221090048551559,0.210547000169754,95424000.0
2010-08-17,0.2148403376340866,0.2226040065288543,0.2318489998579025,0.2213020026683807,120076800.0
2010-08-18,0.2167709171772003,0.2248699963092804,0.2326299995183944,0.2222920060157776,71155200.0
2010-08-19,0.2087995707988739,0.224818006157875,0.2271350026130676,0.2138019949197769,102412800.0
2010-08-20,0.208081915974617,0.2174479961395263,0.2205729931592941,0.2135680019855499,88588800.0
2010-08-23,0.2023396342992782,0.2238020002841949,0.2251300066709518,0.2125519961118698,108211200.0
2010-08-24,0.1907295733690261,0.2059109956026077,0.2074480056762695,0.1981769949197769,144806400.0
2010-08-25,0.1964480876922607,0.1967449933290481,0.2091410011053085,0.1957810074090957,144153600.0
2010-08-26,0.1900365948677063,0.2093230038881302,0.2096610069274902,0.1985680013895034,132979200.0
2010-08-27,0.1963235586881637,0.2034109979867935,0.2074220031499862,0.1911460012197494,192460800.0
2010-08-30,0.1899624466896057,0.203358992934227,0.2088019996881485,0.1997919976711273,105139200.0
2010-08-31,0.1890213936567306,0.1968750059604644,0.2030470073223114,0.1940360069274902,156441600.0
2010-09-01,0.2048642635345459,0.2065100073814392,0.2175260037183761,0.2062239944934845,129638400.0
2010-09-02,0.2118946015834808,0.216848999261856,0.2229170054197311,0.2152079939842224,54297600.0
2010-09-03,0.2226871848106384,0.2296880036592483,0.2342710047960281,0.2273180037736892,135283200.0
2010-09-07,0.2172661572694778,0.2311200052499771,0.2339060008525848,0.2280730009078979,97382400.0
2010-09-08,0.2249399572610855,0.2311200052499771,0.240443006157875,0.2311200052499771,113894400.0
2010-09-09,0.2277859449386596,0.2440100014209747,0.2444009929895401,0.238646000623703,90355200.0
2010-09-10,0.2302374243736267,0.2413800060749054,0.2435159981250763,0.2374480068683624,63936000.0
2010-09-13,0.2403864711523056,0.2485419958829879,0.2547140121459961,0.248307004570961,83712000.0
2010-09-14,0.2434310913085937,0.2518230080604553,0.2599999904632568,0.2503649890422821,84748800.0
2010-09-15,0.2475650459527969,0.2540630102157593,0.2617189884185791,0.252005010843277,67660800.0
2010-09-16,0.2510554790496826,0.2602860033512115,0.2645570039749145,0.2575260102748871,93772800.0
2010-09-17,0.2537283599376678,0.2695049941539764,0.2695049941539764,0.2628909945487976,114816000.0
2010-09-20,0.2669469118118286,0.2699219882488251,0.2822659909725189,0.2689839899539947,105561600.0
2010-09-21,0.2661056220531463,0.2810679972171783,0.2864579856395721,0.276978999376297,173875200.0
2010-09-22,0.2648432552814483,0.2768230140209198,0.2840889990329742,0.2739579975605011,96576000.0
2010-09-23,0.2640504240989685,0.2729170024394989,0.2861979901790619,0.2720830142498016,137088000.0
2010-09-24,0.2790027260780334,0.2877080142498016,0.2953130006790161,0.286327987909317,126528000.0
2010-09-27,0.2758088111877441,0.294869989156723,0.2964060008525848,0.2893489897251129,97113600.0
2010-09-28,0.2765018045902252,0.2928909957408905,0.2928909957408905,0.2762500047683716,146227200.0
2010-09-29,0.2742747068405151,0.2885940074920654,0.2925260066986084,0.285286009311676,63859200.0
2010-09-30,0.2705608308315277,0.2929170131683349,0.2980729937553406,0.278984010219574,177484800.0
2010-10-01,0.2697196006774902,0.2913019955158233,0.2924740016460418,0.2795569896697998,117043200.0
2010-10-04,0.2603623569011688,0.2809109985828399,0.2838020026683807,0.2694790065288543,123840000.0
2010-10-05,0.2797451913356781,0.2836199998855591,0.2957029938697815,0.2831510007381439,109785600.0
2010-10-06,0.2726158797740936,0.2930729985237121,0.2949219942092895,0.2810159921646118,88512000.0
2010-10-07,0.2752889096736908,0.2916670143604278,0.2918750047683716,0.2826560139656067,78950400.0
2010-10-08,0.2808344662189483,0.2901299893856048,0.2975519895553589,0.2842189967632293,68544000.0
2010-10-11,0.2814038097858429,0.2962760031223297,0.3001559972763061,0.2933590114116668,38131200.0
2010-10-12,0.287245899438858,0.2940889894962311,0.3037759959697723,0.2871609926223755,97728000.0
2010-10-13,0.2942257821559906,0.3077600002288818,0.313306987285614,0.3051559925079345,96844800.0
2010-10-14,0.2925927639007568,0.3098959922790527,0.311693012714386,0.3030990064144134,79756800.0
2010-10-15,0.3112569153308868,0.3188279867172241,0.3274480104446411,0.311719000339508,119577600.0
2010-10-18,0.3112569153308868,0.3279690146446228,0.3308070003986358,0.3239319920539856,86976000.0
2010-10-19,0.2988797128200531,0.3144789934158325,0.3219789862632751,0.3068490028381347,127296000.0
2010-10-20,0.3050935268402099,0.3174999952316284,0.3280470073223114,0.3155210018157959,93465600.0
2010-10-21,0.3072217404842376,0.3274480104446411,0.3309899866580963,0.3138279914855957,109708800.0
2010-10-22,0.3132122457027435,0.3235940039157867,0.3302339911460876,0.3219009935855865,58713600.0
2010-10-25,0.3179649114608764,0.3334639966487884,0.3401820063591003,0.3334639966487884,77184000.0
2010-10-26,0.3198708295822143,0.329245001077652,0.3388540148735046,0.3253909945487976,74841600.0
2010-10-27,0.3231634497642517,0.3322139978408813,0.3408330082893371,0.330390989780426,112857600.0
2010-10-28,0.3250199258327484,0.3446879982948303,0.344870001077652,0.3338280022144317,107788800.0
2010-10-29,0.3234601020812988,0.3418489992618561,0.3458069860935211,0.3398439884185791,80755200.0
2010-11-01,0.3242034614086151,0.34375,0.3507030010223388,0.3361980020999908,85209600.0
2010-11-02,0.334030270576477,0.3492709994316101,0.3542450070381164,0.3476560115814209,68121600.0
2010-11-03,0.3388571739196777,0.353177011013031,0.3565889894962311,0.3435159921646118,115161600.0
2010-11-04,0.3508636355400085,0.3689059913158417,0.3734900057315826,0.3663280010223388,111859200.0
2010-11-05,0.3512837886810303,0.3700000047683716,0.3717710077762604,0.3664059937000274,113971200.0
2010-11-08,0.3521753549575805,0.367682009935379,0.3723959922790527,0.3650259971618652,103449600.0
2010-11-09,0.346481591463089,0.3757550120353699,0.3770569860935211,0.3599739968776703,121881600.0
2010-11-10,0.3517789840698242,0.3664320111274719,0.3713800013065338,0.3578389883041382,91968000.0
2010-11-11,0.3458628058433532,0.3528650104999542,0.3651300072669983,0.3485940098762512,121843200.0
2010-11-12,0.3282632529735565,0.3578389883041382,0.3620829880237579,0.3374220132827759,218265600.0
2010-11-15,0.3247480392456054,0.3512499928474426,0.3527080118656158,0.3412240147590637,119193600.0
2010-11-16,0.3086333572864532,0.334322988986969,0.3401820063591003,0.3207550048828125,181632000.0
2010-11-17,0.3115533888339996,0.3252600133419037,0.3326300084590912,0.3229170143604278,111168000.0
2010-11-18,0.3260351121425628,0.3383069932460785,0.3497920036315918,0.3380469977855682,138739200.0
2010-11-19,0.3268022537231445,0.3418749868869781,0.3463540077209472,0.3379690051078796,93427200.0
2010-11-22,0.3354171216487884,0.339713990688324,0.3528650104999542,0.3383069932460785,147456000.0
2010-11-23,0.3195741772651672,0.3424220085144043,0.3434109985828399,0.3302080035209656,185856000.0
2010-11-24,0.3382383584976196,0.345755010843277,0.358568012714386,0.3453390002250671,129484800.0
2010-11-26,0.3361101448535919,0.3496350049972534,0.3563019931316376,0.3475779891014099,59673600.0
2010-11-29,0.3314314186573028,0.3476560115814209,0.3515630066394806,0.3357290029525757,176524800.0
2010-11-30,0.3188318014144897,0.3376039862632751,0.3419789969921112,0.3316409885883331,200716800.0
2010-12-01,0.3391052484512329,0.3508070111274719,0.3620829880237579,0.3502599895000458,206860800.0
2010-12-02,0.3494026064872741,0.3583329916000366,0.369141012430191,0.3574219942092895,132134400.0
2010-12-03,0.3523235917091369,0.3631510138511657,0.371849000453949,0.3630209863185882,175449600.0
2010-12-06,0.3517048358917236,0.370728999376297,0.3721610009670257,0.3670049905776977,99072000.0
2010-12-07,0.3520270586013794,0.3836719989776611,0.3836979866027832,0.3696880042552948,164428800.0
2010-12-08,0.3569034337997436,0.3740099966526031,0.3764060139656067,0.3667449951171875,93427200.0
2010-12-09,0.3572741746902466,0.3817450106143951,0.3818230032920837,0.3723959922790527,99878400.0
2010-12-10,0.3647749125957489,0.3784379959106445,0.3844529986381531,0.37533900141716,88204800.0
2010-12-13,0.3604927659034729,0.3885680139064789,0.3885680139064789,0.3789060115814209,80755200.0
2010-12-14,0.3620022237300873,0.3822399973869324,0.3860160112380981,0.3780469894409179,76876800.0
2010-12-15,0.358314037322998,0.3805209994316101,0.3876039981842041,0.3736979961395263,95577600.0
2010-12-16,0.3657901585102081,0.377344012260437,0.3868229985237121,0.375,86131200.0
2010-12-17,0.3669041693210602,0.3860419988632202,0.3893229961395263,0.3839319944381714,61209600.0
2010-12-20,0.3678936660289764,0.3880209922790527,0.3911460041999817,0.3786459863185882,126144000.0
2010-12-21,0.3739583194255829,0.391510009765625,0.3935939967632293,0.3885160088539123,33600000.0
2010-12-22,0.3743546307086944,0.3934639990329742,0.3954429924488067,0.3918229937553406,43200000.0
2010-12-23,0.3715077638626098,0.391770988702774,0.3933590054512024,0.388280987739563,36864000.0
2010-12-27,0.3716569244861603,0.3876819908618927,0.3932290077209472,0.3794269859790802,64166400.0
2010-12-28,0.3700477182865143,0.3939059972763061,0.3942449986934662,0.3866409957408905,63475200.0
2010-12-29,0.3722510635852813,0.3927339911460876,0.3938019871711731,0.390625,45465600.0
2010-12-30,0.3694536387920379,0.391770988702774,0.3918749988079071,0.3867189884185791,28761600.0
2010-12-31,0.3660621047019958,0.387813001871109,0.387813001871109,0.3794009983539581,48729600.0
2011-01-03,0.3825978934764862,0.3953390121459961,0.4104430079460144,0.3952859938144684,133516800.0
2011-01-04,0.3820037245750427,0.4075520038604736,0.4076560139656067,0.3941929936408996,131520000.0
2011-01-05,0.3914845585823059,0.3978910148143768,0.4120309948921203,0.3973700106143951,122880000.0
2011-01-06,0.3950244486331939,0.4133070111274719,0.4165360033512115,0.4107550084590912,104524800.0
2011-01-07,0.3941080570220947,0.4176819920539856,0.4183849990367889,0.4025779962539673,152409600.0
2011-01-10,0.398539662361145,0.4114579856395721,0.4213800132274627,0.4087240099906921,86054400.0
2011-01-11,0.400371253490448,0.4243749976158142,0.4252859950065613,0.4169009923934936,109939200.0
2011-01-12,0.4084909856319427,0.427031010389328,0.4300000071525574,0.4221090078353882,134092800.0
2011-01-13,0.4097779095172882,0.4312759935855865,0.4337239861488342,0.426952987909317,131443200.0
2011-01-14,0.418664813041687,0.43088498711586,0.4405730068683624,0.428072988986969,61286400.0
2011-01-18,0.4220059216022491,0.4291929900646209,0.4453130066394806,0.4284639954566955,138124800.0
2011-01-19,0.4078722298145294,0.4462240040302276,0.4462240040302276,0.4246349930763244,149952000.0
2011-01-20,0.3987126052379608,0.4239580035209656,0.425025999546051,0.4098959863185882,189465600.0
2011-01-21,0.3896034061908722,0.4255729913711548,0.4281249940395355,0.4095830023288727,104832000.0
2011-01-24,0.4056934118270874,0.4121609926223755,0.4271610081195831,0.4099740087985992,86438400.0
2011-01-25,0.4071040153503418,0.4210419952869415,0.4288539886474609,0.4179689884185791,95846400.0
2011-01-26,0.4134167432785034,0.4310419857501983,0.4389579892158508,0.4270569980144501,99379200.0
2011-01-27,0.4213870465755462,0.4400259852409363,0.4470050036907196,0.4376299977302551,111360000.0
2011-01-28,0.3896034061908722,0.4434640109539032,0.4442969858646393,0.403984010219574,254553600.0
2011-01-31,0.3953713774681091,0.4114840030670166,0.419063001871109,0.4023439884185791,159974400.0
2011-02-01,0.4173272848129272,0.4255209863185882,0.4419269859790802,0.423905998468399,203443200.0
2011-02-02,0.4154461324214935,0.436719000339508,0.4415630102157593,0.4342969954013824,92121600.0
2011-02-03,0.4170553386211395,0.4346350133419037,0.4411199986934662,0.424140989780426,131558400.0
2011-02-04,0.4245809316635132,0.4398699998855591,0.4473960101604461,0.4358850121498108,135936000.0
2011-02-07,0.43074432015419,0.4494529962539673,0.4601300060749054,0.4472399950027466,103795200.0
2011-02-08,0.4399286210536957,0.4533070027828216,0.46281298995018,0.4510419964790344,133977600.0
2011-02-09,0.4372546672821045,0.45974001288414,0.4638020098209381,0.4554949998855591,130406400.0
2011-02-10,0.4393838346004486,0.452344000339508,0.4631769955158233,0.4492189884185791,142080000.0
2011-02-11,0.4483942687511444,0.4579690098762512,0.4720050096511841,0.4557290077209472,94540800.0
2011-02-14,0.4512164294719696,0.4716149866580963,0.4768750071525574,0.4703649878501892,59635200.0
2011-02-15,0.450052946805954,0.4720570147037506,0.4745050072669983,0.4667190015316009,93235200.0
2011-02-16,0.4583702981472015,0.4771879911422729,0.4860160052776336,0.4764840006828308,141120000.0
2011-02-17,0.4579739272594452,0.4751040041446686,0.484375,0.4742189943790436,86745600.0
2011-02-18,0.4553751051425934,0.4820829927921295,0.4840100109577179,0.4733589887619018,128179200.0
2011-02-22,0.4152731299400329,0.4599480032920837,0.4635420143604278,0.4348959922790527,241843200.0
2011-02-23,0.4050252437591553,0.4367449879646301,0.4414319992065429,0.4163019955158233,194265600.0
2011-02-24,0.410792201757431,0.4290890097618103,0.4364579916000366,0.4166670143604278,320524800.0
2011-02-25,0.4283927381038666,0.4402079880237579,0.4525519907474518,0.4389579892158508,108345600.0
2011-02-28,0.4315114617347717,0.4558329880237579,0.4603129923343658,0.4457809925079345,104313600.0
2011-03-01,0.4107674956321716,0.4600520133972168,0.4600520133972168,0.4283849895000458,122899200.0
2011-03-02,0.4165602028369903,0.431302011013031,0.4471350014209747,0.4309380054473877,114105600.0
2011-03-03,0.4414133429527282,0.4509899914264679,0.4667710065841675,0.4509379863739013,132825600.0
2011-03-04,0.4348783195018768,0.46458300948143,0.46458300948143,0.4484379887580871,109420800.0
2011-03-07,0.4175505936145782,0.4632290005683899,0.4640100002288818,0.4269790053367615,137568000.0
2011-03-08,0.4219070374965668,0.4367710053920746,0.4502080082893371,0.4296880066394806,128774400.0
2011-03-09,0.4133919477462768,0.4402079880237579,0.4407809972763061,0.428176999092102,97056000.0
2011-03-10,0.3944798111915588,0.4194790124893188,0.4231770038604736,0.409740000963211,174892800.0
2011-03-11,0.4010642468929291,0.4080730080604553,0.4254690110683441,0.4074479937553406,102547200.0
2011-03-14,0.3971537351608276,0.4150519967079162,0.4244790077209472,0.4083850085735321,78912000.0
2011-03-15,0.3809144496917724,0.3806250095367431,0.4076040089130401,0.3768230080604553,187852800.0
2011-03-16,0.3529425263404846,0.390729010105133,0.396822988986969,0.3632810115814209,216768000.0
2011-03-17,0.3621514737606048,0.388280987739563,0.3932290077209472,0.3806250095367431,116486400.0
2011-03-18,0.3601704835891723,0.3943229913711548,0.3944790065288543,0.3781250119209289,118713600.0
2011-03-21,0.3802708983421325,0.3955209851264953,0.40625,0.3938539922237396,95251200.0
2011-03-22,0.3792309165000915,0.4019269943237304,0.403124988079071,0.3958329856395721,64358400.0
2011-03-23,0.3849742114543915,0.3940629959106445,0.4085420072078705,0.3860419988632202,104544000.0
2011-03-24,0.4059158563613891,0.414478987455368,0.4295830130577087,0.407395988702774,130656000.0
2011-03-25,0.4088862836360931,0.431302011013031,0.4385420083999634,0.4283849895000458,148300800.0
2011-03-28,0.4019559025764465,0.4359900057315826,0.4360420107841491,0.4223439991474151,88838400.0
2011-03-29,0.4134908616542816,0.4203130006790161,0.4351040124893188,0.41593798995018,67296000.0
2011-03-30,0.4195800423622131,0.4416669905185699,0.4430730044841766,0.4357289969921112,67545600.0
2011-03-31,0.4213623702526092,0.4395830035209656,0.4443750083446502,0.4369789958000183,56428800.0
2011-04-01,0.4220059216022491,0.4496349990367889,0.4539580047130584,0.4401040077209472,75552000.0
2011-04-04,0.4181942343711853,0.4477599859237671,0.448853999376297,0.4338020086288452,62419200.0
2011-04-05,0.4134414494037628,0.4366669952869415,0.4437499940395355,0.43333300948143,53932800.0
2011-04-06,0.4165602028369903,0.4453650116920471,0.4496879875659942,0.4313539862632751,66393600.0
2011-04-07,0.4164613485336303,0.4385420083999634,0.44650998711586,0.4291149973869324,71942400.0
2011-04-08,0.4102238118648529,0.4441669881343841,0.445728987455368,0.4250519871711731,50457600.0
2011-04-11,0.4065100252628326,0.4365629851818084,0.439530998468399,0.4233849942684173,56083200.0
2011-04-12,0.3984901309013366,0.4216150045394897,0.4247919917106628,0.4138019979000091,66566400.0
2011-04-13,0.4079956710338592,0.4282810091972351,0.4327600002288818,0.4192709922790527,70848000.0
2011-04-14,0.4057675898075104,0.4202600121498108,0.4288539886474609,0.4151040017604828,67872000.0
2011-04-15,0.4031441211700439,0.421875,0.4296880066394806,0.4165630042552948,149683200.0
2011-04-18,0.3953713774681091,0.4118230044841766,0.4161460101604461,0.395000010728836,125760000.0
2011-04-19,0.4025005102157593,0.4185419976711273,0.423438012599945,0.4123960137367248,107328000.0
2011-04-20,0.4292843043804168,0.4457809925079345,0.4533329904079437,0.4442709982395172,131155200.0
2011-04-21,0.4401756823062897,0.4657289981842041,0.4658850133419037,0.4589059948921203,64972800.0
2011-04-25,0.443442702293396,0.4647400081157684,0.4671880006790161,0.4615629911422729,45350400.0
2011-04-26,0.4510671496391296,0.470313012599945,0.4791670143604278,0.4674479961395263,44793600.0
2011-04-27,0.4604244530200958,0.4765630066394806,0.4855729937553406,0.4706250131130218,62668800.0
2011-04-28,0.4597315192222595,0.4796350002288818,0.4838539958000183,0.4757809937000274,66028800.0
2011-04-29,0.4575033783912658,0.4798960089683532,0.4848439991474151,0.4778650104999542,52416000.0
2011-05-02,0.455028086900711,0.4833849966526031,0.4864580035209656,0.4744270145893097,53875200.0
2011-05-03,0.4481955468654632,0.4771879911422729,0.4785420000553131,0.462552011013031,52204800.0
2011-05-04,0.4455719590187073,0.4714579880237579,0.4754689931869507,0.4576039910316467,81945600.0
2011-05-05,0.4388887584209442,0.4618749916553497,0.4780730009078979,0.456615000963211,95750400.0
2011-05-06,0.442700445652008,0.4757809937000274,0.4832809865474701,0.4620310068130493,76838400.0
2011-05-09,0.4475026130676269,0.4679169952869415,0.4765099883079529,0.4629690051078796,41875200.0
2011-05-10,0.4589891135692596,0.4754169881343841,0.4848960041999817,0.4728649854660034,55353600.0
2011-05-11,0.4490871429443359,0.4814060032367706,0.4859899878501892,0.4627079963684082,64704000.0
2011-05-12,0.4570081532001495,0.4675000011920929,0.4827600121498108,0.4599480032920837,60288000.0
2011-05-13,0.4408192932605743,0.4775519967079162,0.4797399938106537,0.4632810056209564,74054400.0
2011-05-16,0.4178966879844665,0.4576559960842132,0.4613020122051239,0.4365629851818084,79718400.0
2011-05-17,0.4213128685951233,0.4330210089683532,0.4434899985790252,0.4303649961948395,89740800.0
2011-05-18,0.4315609037876129,0.4416149854660034,0.456615000963211,0.4397920072078705,42566400.0
2011-05-19,0.4352747499942779,0.4592710137367248,0.4609900116920471,0.4501039981842041,52627200.0
2011-05-20,0.4256702959537506,0.4563539922237396,0.4581249952316284,0.446146011352539,43660800.0
2011-05-23,0.4072029888629913,0.4294269979000091,0.4330730140209198,0.4220309853553772,77433600.0
2011-05-24,0.3995300531387329,0.4316670000553131,0.4316670000553131,0.4202080070972442,67929600.0
2011-05-25,0.4039852917194366,0.4182809889316559,0.43088498711586,0.4180209934711456,53913600.0
2011-05-26,0.4115603268146515,0.4208329916000366,0.4365099966526031,0.4208329916000366,47136000.0
2011-05-27,0.4176989793777466,0.4351040124893188,0.4407289922237396,0.4341669976711273,35059200.0
2011-05-31,0.4377993643283844,0.4520829916000366,0.4605729877948761,0.4449479877948761,55315200.0
2011-06-01,0.4098274111747741,0.4575519859790802,0.4604690074920654,0.4298959970474243,92352000.0
2011-06-02,0.4122038781642914,0.4330730140209198,0.4377599954605102,0.4265100061893463,46790400.0
2011-06-03,0.393489271402359,0.4184379875659942,0.4279690086841583,0.4124999940395355,81388800.0
2011-06-06,0.3839838206768036,0.4120309948921203,0.4172919988632202,0.4034900069236755,53472000.0
2011-06-07,0.3817566633224487,0.4070830047130584,0.4117709994316101,0.4008849859237671,55852800.0
2011-06-08,0.3735381066799164,0.398853987455368,0.4009380042552948,0.3895829916000366,93523200.0
2011-06-09,0.3751721084117889,0.3931249976158142,0.40031298995018,0.3894790112972259,44064000.0
2011-06-10,0.3579433858394623,0.3893229961395263,0.3919790089130401,0.3759900033473968,55699200.0
2011-06-13,0.3581904172897339,0.3781769871711731,0.3826040029525757,0.3730210065841675,58982400.0
2011-06-14,0.3715077638626098,0.3853130042552948,0.394115000963211,0.3852080106735229,58521600.0
2011-06-15,0.3512096405029297,0.3802599906921386,0.3870309889316559,0.3669269979000091,89337600.0
2011-06-16,0.346308559179306,0.3696880042552948,0.3731769919395447,0.3552600145339966,85171200.0
2011-06-17,0.3437345623970032,0.3746350109577179,0.3760420083999634,0.3584379851818084,89971200.0
2011-06-20,0.3482885062694549,0.3580729961395263,0.3701040148735046,0.3580729961395263,47212800.0
2011-06-21,0.3715077638626098,0.3711459934711456,0.3915629982948303,0.3661980032920837,74284800.0
2011-06-22,0.3631409704685211,0.3856250047683716,0.3923960030078888,0.3817709982395172,62208000.0
2011-06-23,0.3731911182403564,0.3694790005683899,0.3931249976158142,0.3660419881343841,115852800.0
2011-06-24,0.3535366356372833,0.3867709934711456,0.3879689872264862,0.3701040148735046,94041600.0
2011-06-27,0.3707159459590912,0.3736979961395263,0.3951039910316467,0.3715629875659942,74361600.0
2011-06-28,0.3873506188392639,0.3928129971027374,0.4077079892158508,0.3913539946079254,57676800.0
2011-06-29,0.3922021687030792,0.4110940098762512,0.4145829975605011,0.4036459922790527,68409600.0
2011-06-30,0.4071040153503418,0.4169270098209381,0.4295310080051422,0.4161979854106903,90432000.0
2011-07-01,0.4259668886661529,0.4296880066394806,0.4497919976711273,0.4259899854660034,76723200.0
2011-07-05,0.432105541229248,0.4496349990367889,0.4560419917106628,0.4467709958553314,73286400.0
2011-07-06,0.4367100298404693,0.4534380137920379,0.461353987455368,0.44895800948143,79833600.0
2011-07-07,0.4543846547603607,0.4695309996604919,0.482030987739563,0.467864990234375,107097600.0
2011-07-08,0.4506223499774933,0.4658850133419037,0.4742189943790436,0.458281010389328,146035200.0
2011-07-11,0.4264620542526245,0.4595830142498016,0.4663020074367523,0.4436460137367248,135417600.0
2011-07-12,0.416064977645874,0.4480209946632385,0.4509379863739013,0.4370830059051513,100646400.0
2011-07-13,0.4216104447841644,0.4474479854106903,0.4568749964237213,0.4389060139656067,114796800.0
2011-07-14,0.4071040153503418,0.4474479854106903,0.4531770050525665,0.4232290089130401,123436800.0
2011-07-15,0.4232939481735229,0.4430209994316101,0.4453130066394806,0.4338540136814117,96403200.0
2011-07-18,0.4163130521774292,0.438645988702774,0.4436460137367248,0.4255209863185882,84691200.0
2011-07-19,0.4456709325313568,0.4511460065841675,0.4695309996604919,0.4510419964790344,144864000.0
2011-07-20,0.4394333362579345,0.4763019979000091,0.4765630066394806,0.4604170024394989,107078400.0
2011-07-21,0.4483447968959808,0.463697999715805,0.4791670143604278,0.4562500119209289,131212800.0
2011-07-22,0.4622561037540436,0.4712499976158142,0.4881770014762878,0.469895988702774,91468800.0
2011-07-25,0.4595337510108948,0.4742709994316101,0.4911459982395172,0.4719269871711731,80102400.0
2011-07-26,0.4620584547519684,0.4818229973316192,0.4919790029525757,0.4795309901237488,103353600.0
2011-07-27,0.4270068109035492,0.4772399961948395,0.4781250059604645,0.4458329975605011,144057600.0
2011-07-28,0.4292843043804168,0.4500519931316376,0.4684379994869232,0.4447399973869324,123398400.0
2011-07-29,0.4251256585121155,0.4405210018157959,0.4611459970474243,0.4342190027236938,149740800.0
2011-08-01,0.4193823337554931,0.4634380042552948,0.4658330082893371,0.4250000119209289,197337600.0
2011-08-02,0.3875482678413391,0.4344789981842041,0.4404169917106628,0.4059900045394897,177004800.0
2011-08-03,0.397598534822464,0.4087499976158142,0.4203650057315826,0.387813001871109,175584000.0
2011-08-04,0.343486338853836,0.4010420143604278,0.4030210077762604,0.3612500131130218,292108800.0
2011-08-05,0.3359114229679107,0.3733330070972442,0.3779689967632293,0.3238019943237304,317836800.0
2011-08-08,0.2768982052803039,0.3222399950027466,0.3397400081157684,0.2906250059604645,385459200.0
2011-08-09,0.3148214817047119,0.3028129935264587,0.3322399854660034,0.2791149914264679,425856000.0
2011-08-10,0.2776899933815002,0.3090099990367889,0.3234379887580871,0.2904169857501983,323577600.0
2011-08-11,0.3133357465267181,0.30349001288414,0.3396350145339966,0.2997919917106628,286348800.0
2011-08-12,0.3213071525096893,0.33713498711586,0.3440099954605102,0.3253650069236755,250291200.0
2011-08-15,0.3351690471172333,0.3422400057315826,0.3527080118656158,0.337552011013031,151488000.0
2011-08-16,0.3265551030635834,0.3430210053920746,0.3527080118656158,0.3301039934158325,150643200.0
2011-08-17,0.321257621049881,0.3456250131130218,0.3538540005683899,0.3274999856948852,212236800.0
2011-08-18,0.2746701538562774,0.3104169964790344,0.3105210065841675,0.2796350121498108,328723200.0
2011-08-19,0.2592730522155761,0.2791149914264679,0.3001039922237396,0.2718749940395355,287328000.0
2011-08-22,0.2616000175476074,0.2919270098209381,0.2925519943237304,0.2729690074920654,216460800.0
2011-08-23,0.293978601694107,0.2810940146446228,0.3094789981842041,0.2778649926185608,286137600.0
2011-08-24,0.3009101450443268,0.3076559901237488,0.3183329999446869,0.2993749976158142,197164800.0
2011-08-25,0.2864532470703125,0.3158850073814392,0.3203650116920471,0.298020988702774,152582400.0
2011-08-26,0.3071476817131042,0.2986460030078888,0.3268229961395263,0.2894270122051239,222412800.0
2011-08-29,0.3332878351211548,0.3333329856395721,0.3518230020999908,0.3333329856395721,226464000.0
2011-08-30,0.3400701284408569,0.3468750119209289,0.3640100061893463,0.3411459922790527,228940800.0
2011-08-31,0.3420509994029999,0.3643749952316284,0.3728649914264679,0.3504689931869507,256454400.0
2011-09-01,0.3323972225189209,0.3621880114078522,0.3705730140209198,0.3476560115814209,197836800.0
2011-09-02,0.3091276586055755,0.3300000131130218,0.3351559937000274,0.3196350038051605,154137600.0
2011-09-06,0.3090783059597015,0.3022400140762329,0.3266150057315826,0.3000000119209289,170054400.0
2011-09-07,0.3324466943740845,0.3392710089683532,0.3499999940395355,0.3365100026130676,160089600.0
2011-09-08,0.327842116355896,0.3441669940948486,0.3595829904079437,0.341823011636734,199046400.0
2011-09-09,0.3062569797039032,0.3385420143604278,0.3422400057315826,0.3157289922237396,207648000.0
2011-09-12,0.3177425861358642,0.3115629851818084,0.3350000083446502,0.3108850121498108,239712000.0
2011-09-13,0.3300702571868896,0.3381249904632568,0.3497920036315918,0.3334380090236664,280243200.0
2011-09-14,0.3443286120891571,0.3532809913158417,0.3744789958000183,0.3425000011920929,233625600.0
2011-09-15,0.3599727749824524,0.3747920095920563,0.3804689943790436,0.3634380102157593,235372800.0
2011-09-16,0.3693794906139374,0.3816669881343841,0.3902080059051513,0.3790630102157593,246220800.0
2011-09-19,0.3703195750713348,0.3748440146446228,0.3955729901790619,0.3650000095367431,247449600.0
2011-09-20,0.36507248878479,0.3952080011367798,0.4046350121498108,0.38161501288414,239155200.0
2011-09-21,0.346506267786026,0.3900519907474518,0.3959380090236664,0.3642190098762512,234451200.0
2011-09-22,0.3127920031547546,0.3368229866027832,0.3459900021553039,0.3130210041999817,335462400.0
2011-09-23,0.3225446939468384,0.3206770122051239,0.3434900045394897,0.3199999928474426,261504000.0
2011-09-26,0.3334855735301971,0.3445830047130584,0.3527080118656158,0.3218750059604645,246988800.0
2011-09-27,0.3436850607395172,0.3692710101604461,0.3781250119209289,0.3546879887580871,259027200.0
2011-09-28,0.3274952471256256,0.3666670024394989,0.3737500011920929,0.3434900045394897,269184000.0
2011-09-29,0.3177919387817383,0.3619270026683807,0.3628129959106445,0.316457986831665,336556800.0
2011-09-30,0.2930871248245239,0.3210940062999725,0.3284380137920379,0.3072920143604278,287462400.0
2011-10-03,0.2701159715652466,0.2995829880237579,0.3141669929027557,0.2837499976158142,410649600.0
2011-10-04,0.2865520417690277,0.27531298995018,0.3032810091972351,0.2669270038604736,689280000.0
2011-10-05,0.3083358108997345,0.2993749976158142,0.327344000339508,0.2924480140209198,520569600.0
2011-10-06,0.3241787254810333,0.32395800948143,0.341042011976242,0.3192189931869507,456460800.0
2011-10-07,0.3174944818019867,0.3400520086288452,0.3450520038604736,0.3276039958000183,288364800.0
2011-10-10,0.3500708639621734,0.3510420024394989,0.3682810068130493,0.3495829999446869,216960000.0
2011-10-11,0.3575469851493835,0.3657290041446686,0.3787499964237213,0.3639580011367798,200947200.0
2011-10-12,0.3632901608943939,0.3873440027236938,0.3945310115814209,0.3809379935264587,258950400.0
2011-10-13,0.3730429112911224,0.3798959851264953,0.3939059972763061,0.3785940110683441,187161600.0
2011-10-14,0.393589049577713,0.4073440134525299,0.4140630066394806,0.4006249904632568,191481600.0
2011-10-17,0.3753698766231537,0.408176988363266,0.4120309948921203,0.3883329927921295,1094342400.0
2011-10-18,0.3889846205711365,0.3934899866580963,0.4158850014209747,0.3821350038051605,285792000.0
2011-10-19,0.366557240486145,0.4039579927921295,0.4066149890422821,0.3820309937000274,242246400.0
2011-10-20,0.3619033396244049,0.3847399950027466,0.3866670131683349,0.3638019859790802,203174400.0
2011-10-21,0.3747757077217102,0.3922399878501892,0.4016669988632202,0.3839060068130493,188428800.0
2011-10-24,0.3981926739215851,0.3989059925079345,0.4220829904079437,0.3976039886474609,197356800.0
2011-10-25,0.3756170570850372,0.4144270122051239,0.4152080118656158,0.3916150033473968,200755200.0
2011-10-26,0.3741321861743927,0.4010420143604278,0.403438001871109,0.3711459934711456,383692800.0
2011-10-27,0.4042828381061554,0.4210419952869415,0.4322920143604278,0.4087499976158142,330528000.0
2011-10-28,0.405619353055954,0.4174999892711639,0.4283849895000458,0.4174999892711639,127161600.0
2011-10-31,0.3855189383029938,0.4153130054473877,0.4204170107841491,0.4047400057315826,157977600.0
2011-11-01,0.3556658029556274,0.3763020038604736,0.3848960101604461,0.3675520122051239,392870400.0
2011-11-02,0.3644279539585113,0.3849479854106903,0.3880729973316192,0.3728649914264679,243648000.0
2011-11-03,0.3866082429885864,0.3927600085735321,0.408594012260437,0.3791669905185699,285561600.0
2011-11-04,0.3806178569793701,0.4007290005683899,0.4057810008525848,0.3885940015316009,158323200.0
2011-11-07,0.3890834450721741,0.4004690051078796,0.4101040065288543,0.3880209922790527,223084800.0
2011-11-08,0.4020547568798065,0.4180209934711456,0.4254170060157776,0.4042190015316009,205900800.0
2011-11-09,0.3604680597782135,0.3983849883079529,0.4004690051078796,0.376145988702774,222144000.0
2011-11-10,0.3589822649955749,0.3903129994869232,0.3911460041999817,0.3671880066394806,177945600.0
2011-11-11,0.3791320919990539,0.388384997844696,0.4027599990367889,0.3866150081157684,171532800.0
2011-11-14,0.3726959228515625,0.3965100049972534,0.4029169976711273,0.3875519931316376,113126400.0
2011-11-15,0.3846776783466339,0.3891150057315826,0.4096879959106445,0.387499988079071,220108800.0
2011-11-16,0.3657160103321075,0.396041989326477,0.4052599966526031,0.3828130066394806,242092800.0
2011-11-17,0.3405653238296509,0.3819789886474609,0.3822920024394989,0.3510420024394989,445920000.0
2011-11-18,0.3323972225189209,0.3582290112972259,0.359375,0.3478130102157593,236198400.0
2011-11-21,0.3130885660648346,0.3361459970474243,0.3368229866027832,0.31911501288414,272352000.0
2011-11-22,0.3158119320869446,0.3265100121498108,0.3358849883079529,0.3212499916553497,320659200.0
2011-11-23,0.2948199212551117,0.325417011976242,0.3263539969921112,0.3098959922790527,310272000.0
2011-11-25,0.2881366014480591,0.3067710101604461,0.3171350061893463,0.3031249940395355,123552000.0
2011-11-28,0.317890852689743,0.325313001871109,0.3359380066394806,0.3251039981842041,262752000.0
2011-11-29,0.3121474981307983,0.3333849906921386,0.3417190015316009,0.3258329927921295,234432000.0
2011-11-30,0.3464073836803436,0.3552600145339966,0.365676999092102,0.3522399961948395,242457600.0
2011-12-01,0.3538341224193573,0.3648439943790436,0.3751559853553772,0.3639059960842132,183475200.0
2011-12-02,0.3504672348499298,0.383228987455368,0.3834899961948395,0.3683330118656158,129081600.0
2011-12-05,0.3619527518749237,0.3864060044288635,0.3888539969921112,0.375,189158400.0
2011-12-06,0.3591809868812561,0.3826040029525757,0.3854170143604278,0.3744789958000183,140025600.0
2011-12-07,0.3597257435321808,0.375,0.3833329975605011,0.3634380102157593,154080000.0
2011-12-08,0.3414075374603271,0.37083300948143,0.379375010728836,0.3569270074367523,259795200.0
2011-12-09,0.3575964272022247,0.3623439967632293,0.3795309960842132,0.361405998468399,196243200.0
2011-12-12,0.3458628058433532,0.3645829856395721,0.3649480044841766,0.3541670143604278,214579200.0
2011-12-13,0.3341794908046722,0.3707810044288635,0.3751559853553772,0.3470309972763061,231590400.0
2011-12-14,0.3186331987380981,0.3473440110683441,0.3484379947185516,0.329270988702774,409939200.0
2011-12-15,0.3161579668521881,0.3446879982948303,0.3447920083999634,0.3309380114078522,306950400.0
2011-12-16,0.3201189637184143,0.3380729854106903,0.3510420024394989,0.3358330130577087,280934400.0
2011-12-19,0.3112569153308868,0.3413540124893188,0.3435420095920563,0.3248960077762604,199296000.0
2011-12-20,0.3388819396495819,0.342969000339508,0.3576039969921112,0.342969000339508,267705600.0
2011-12-21,0.3247728645801544,0.3504169881343841,0.3504169881343841,0.3291670083999634,343718400.0
2011-12-22,0.3326938450336456,0.3430210053920746,0.3505209982395172,0.3420830070972442,200947200.0
2011-12-23,0.3413086235523224,0.351978987455368,0.3591150045394897,0.349947988986969,110918400.0
2011-12-27,0.3439322113990783,0.3577080070972442,0.3656249940395355,0.356249988079071,139776000.0
2011-12-28,0.3328915238380432,0.360938012599945,0.3622399866580963,0.3467710018157959,200294400.0
2011-12-29,0.3393771350383758,0.3511979877948761,0.3578650057315826,0.3482289910316467,135436800.0
2011-12-30,0.3366053104400635,0.3549480140209198,0.3595829904079437,0.3539060056209564,115622400.0
2012-01-03,0.355764627456665,0.3740629851818084,0.3798959851264953,0.3717710077762604,202732800.0
2012-01-04,0.3600222170352936,0.3725000023841858,0.3805730044841766,0.3677079975605011,119692800.0
2012-01-05,0.3688842356204986,0.3768230080604553,0.3893229961395263,0.3723959922790527,138796800.0
2012-01-06,0.3726959228515625,0.3891150057315826,0.3949480056762695,0.3843230009078979,207494400.0
2012-01-09,0.3695771396160126,0.3953129947185516,0.3959380090236664,0.3848960101604461,153945600.0
2012-01-10,0.377152144908905,0.4013540148735046,0.4044789969921112,0.3940629959106445,157305600.0
2012-01-11,0.379775732755661,0.3967710137367248,0.40208300948143,0.3925000131130218,137241600.0
2012-01-12,0.3842813372611999,0.4027079939842224,0.4057289958000183,0.3935939967632293,154329600.0
2012-01-13,0.3798744976520538,0.3980210125446319,0.4001559913158417,0.3895309865474701,155155200.0
2012-01-17,0.3900739550590515,0.4108330011367798,0.4157809913158417,0.40625,129024000.0
2012-01-18,0.4055699706077575,0.413332998752594,0.4270829856395721,0.4109899997711181,213830400.0
2012-01-19,0.4136885404586792,0.4327079951763153,0.4373440146446228,0.4307810068130493,226790400.0
2012-01-20,0.411856859922409,0.4293749928474426,0.4336459934711456,0.4285939931869507,80179200.0
2012-01-23,0.4118074476718902,0.4331769943237304,0.4426040053367615,0.4260419905185699,137664000.0
2012-01-24,0.4095298945903778,0.4277079999446869,0.4345310032367706,0.425365000963211,95596800.0
2012-01-25,0.4251750409603119,0.4444270133972168,0.4505209922790527,0.4345310032367706,202521600.0
2012-01-26,0.4206694364547729,0.4530209898948669,0.455469012260437,0.4363020062446594,187084800.0
2012-01-27,0.4248280823230743,0.4399999976158142,0.448853999376297,0.4392710030078888,168844800.0
2012-01-30,0.4255211055278778,0.4355210065841675,0.4494790136814117,0.430417001247406,168672000.0
2012-01-31,0.4270068109035492,0.4540629982948303,0.4567190110683441,0.4408850073814392,198201600.0
2012-02-01,0.437501847743988,0.4569270014762878,0.4652599990367889,0.4526039958000183,175737600.0
2012-02-02,0.4420075416564941,0.4647920131683349,0.4691669940948486,0.4592710137367248,145190400.0
2012-02-03,0.4595832526683807,0.4778650104999542,0.4851559996604919,0.47536501288414,155040000.0
2012-02-06,0.459137350320816,0.4780209958553314,0.4830729961395263,0.4746879935264587,130828800.0
2012-02-07,0.4611174166202545,0.4817709922790527,0.4884380102157593,0.4752080142498016,130176000.0
2012-02-08,0.4687911868095398,0.4858329892158508,0.4931769967079162,0.4805729985237121,154886400.0
2012-02-09,0.4791882932186126,0.4985420107841491,0.5057290196418762,0.4901559948921203,152544000.0
2012-02-10,0.4689395129680633,0.4934380054473877,0.4975000023841858,0.4882290065288543,194803200.0
2012-02-13,0.4815647900104522,0.5043749809265137,0.5089060068130493,0.4979690015316009,159206400.0
2012-02-14,0.4857728183269501,0.5037500262260437,0.5110419988632202,0.4986459910869598,173875200.0
2012-02-15,0.4749299585819244,0.5183849930763245,0.5267189741134644,0.4979690015316009,383865600.0
2012-02-16,0.4947831332683563,0.5011460185050964,0.5226039886474609,0.4970310032367706,252268800.0
2012-02-17,0.4905751645565033,0.5209900140762329,0.5222399830818176,0.5093749761581421,161932800.0
2012-02-21,0.4947336614131927,0.5180730223655701,0.5270829796791077,0.5106250047683716,164371200.0
2012-02-22,0.4881987273693084,0.5172920227050781,0.521822988986969,0.5110939741134644,125376000.0
2012-02-23,0.4974561929702759,0.5153650045394897,0.524948000907898,0.5078129768371582,210144000.0
2012-02-24,0.5023086667060852,0.5277079939842224,0.5315099954605103,0.5248960256576538,134572800.0
2012-02-27,0.5047345757484436,0.5193750262260437,0.5360419750213623,0.513280987739563,184819200.0
2012-02-28,0.5198339819908142,0.5320829749107361,0.546875,0.5304690003395081,191980800.0
2012-02-29,0.513002336025238,0.5485420227050781,0.5536460280418396,0.5346879959106445,266092800.0
2012-03-01,0.5254783630371094,0.545989990234375,0.5541149973869324,0.5411980152130127,234643200.0
2012-03-02,0.5238938927650452,0.5509380102157593,0.5566669702529907,0.5461459755897522,166252800.0
2012-03-05,0.5075556635856628,0.5505729913711548,0.552344024181366,0.5288540124893188,244454400.0
2012-03-06,0.4930008351802826,0.5189579725265503,0.5218750238418579,0.5101040005683899,215558400.0
2012-03-07,0.5041899085044861,0.525833010673523,0.5338540077209473,0.5235419869422913,187238400.0
2012-03-08,0.5201809406280518,0.5394269824028015,0.5520830154418945,0.5364580154418945,124761600.0
2012-03-09,0.5264678001403809,0.5504689812660217,0.5572400093078613,0.5491669774055481,154944000.0
2012-03-12,0.5273101925849915,0.553176999092102,0.5567190051078796,0.5467190146446228,151507200.0
2012-03-13,0.5570149421691895,0.5644789934158325,0.5860940217971802,0.5607810020446777,191462400.0
2012-03-14,0.5632523894309998,0.5877079963684082,0.5986980199813843,0.5814579725265503,243052800.0
2012-03-15,0.5675594210624695,0.5974479913711548,0.6007810235023499,0.5886980295181274,196819200.0
2012-03-16,0.566321849822998,0.6000000238418579,0.6001039743423462,0.5918229818344116,138297600.0
2012-03-19,0.5786494612693787,0.5987499952316284,0.6127600073814392,0.5945309996604919,191961600.0
2012-03-20,0.5818176865577698,0.5994269847869873,0.6140099763870239,0.5944790244102478,184396800.0
2012-03-21,0.581619918346405,0.6126559972763062,0.6221879720687866,0.6096349954605103,156576000.0
2012-03-22,0.5781049132347107,0.6009899973869324,0.61244797706604,0.6006249785423279,213216000.0
2012-03-23,0.5773131847381592,0.6105729937553406,0.6109899878501892,0.596875011920929,157497600.0
2012-03-26,0.6074636578559875,0.6186460256576538,0.6390630006790161,0.6179689764976501,158553600.0
2012-03-27,0.6097896695137024,0.639739990234375,0.6495829820632935,0.6394789814949036,179251200.0
2012-03-28,0.6026604771614075,0.6427080035209656,0.650052011013031,0.6227080225944519,190368000.0
2012-03-29,0.5964723825454712,0.6250519752502441,0.6338019967079163,0.613385021686554,172300800.0
2012-03-30,0.5923136472702026,0.6354169845581055,0.6361460089683533,0.615676999092102,126451200.0
2012-04-02,0.6103836297988892,0.6214060187339783,0.6449999809265137,0.6182289719581604,125452800.0
2012-04-03,0.6104341149330139,0.6449480056762695,0.6508849859237671,0.631197988986969,167500800.0
2012-04-04,0.5855315923690796,0.6271349787712097,0.6285420060157776,0.6049479842185974,205152000.0
2012-04-05,0.5962253212928772,0.612604022026062,0.6288020014762878,0.6110420227050781,154656000.0
2012-04-09,0.5825114846229553,0.6033849716186523,0.6206250190734863,0.6005730032920837,143904000.0
2012-04-10,0.5543904900550842,0.6116669774055481,0.6191669702529907,0.5776039958000183,293433600.0
2012-04-11,0.5624114274978638,0.5993750095367432,0.6033849716186523,0.5873439908027649,168806400.0
2012-04-12,0.5812730193138123,0.5951560139656067,0.6139580011367798,0.5929690003395081,178291200.0
2012-04-13,0.554984450340271,0.605364978313446,0.6058850288391113,0.5833849906921387,183321600.0
2012-04-16,0.5375087261199951,0.5935940146446228,0.5939059853553772,0.559374988079071,200486400.0
2012-04-17,0.5691933631896973,0.5724999904632568,0.6042190194129944,0.5693749785423279,189254400.0
2012-04-18,0.5650347471237183,0.5934380292892456,0.6047400236129761,0.5889580249786377,128294400.0
2012-04-19,0.5467661023139954,0.5881770253181458,0.609375,0.567969024181366,199200000.0
2012-04-20,0.5408746600151062,0.583541989326477,0.5913540124893188,0.5670310258865356,171033600.0
2012-04-23,0.5272606015205383,0.5543749928474426,0.5565099716186523,0.5388020277023315,140140800.0
2012-04-24,0.5179529190063477,0.5511980056762695,0.5576559901237488,0.5380730032920837,129696000.0
2012-04-25,0.5590937733650208,0.5787500143051147,0.5892710089683533,0.5761460065841675,152409600.0
2012-04-26,0.5690945386886597,0.5873439908027649,0.6027600169181824,0.5859379768371582,142483200.0
2012-04-27,0.5788471698760986,0.6060420274734497,0.6152600049972534,0.5967190265655518,104928000.0
2012-04-30,0.566817045211792,0.6035419702529907,0.6074479818344116,0.5950000286102295,96172800.0
2012-05-01,0.5700356960296631,0.5930209755897522,0.6192190051078796,0.5922399759292603,104678400.0
2012-05-02,0.573797881603241,0.5899999737739563,0.6058329939842224,0.5866150259971619,77184000.0
2012-05-03,0.5559750199317932,0.6057289838790894,0.6069269776344299,0.5807290077209473,100550400.0
2012-05-04,0.5151800513267517,0.5689060091972351,0.5716149806976318,0.5416669845581055,182169600.0
2012-05-07,0.5159224271774292,0.5316669940948486,0.5506770014762878,0.5310940146446228,211046400.0
2012-05-08,0.5102296471595764,0.5323439836502075,0.5422919988632202,0.5106769800186157,276480000.0
2012-05-09,0.5074073672294617,0.5184900164604187,0.540573000907898,0.5115100145339966,269529600.0
2012-05-10,0.5022088289260864,0.5391150116920471,0.5395830273628235,0.5224999785423279,406137600.0
2012-05-11,0.5017145872116089,0.5219789743423462,0.5451040267944336,0.5217710137367249,96172800.0
2012-05-14,0.4878516793251037,0.5151039958000183,0.5257290005683899,0.5111460089683533,164400000.0
2012-05-15,0.4835942685604095,0.5190629959106445,0.5302079916000366,0.5058330297470093,151276800.0
2012-05-16,0.4730981290340423,0.5141670107841492,0.5183330178260803,0.4951040148735046,148598400.0
2012-05-17,0.4439874291419983,0.4985420107841491,0.5007290244102478,0.4668749868869781,260640000.0
2012-05-18,0.4261646270751953,0.4714579880237579,0.4745829999446869,0.44718798995018,281923200.0
2012-05-21,0.4620088934898376,0.4509379863739013,0.4871880114078522,0.4494790136814117,206409600.0
2012-05-22,0.4603255689144134,0.4896880090236664,0.4961459934711456,0.4735420048236847,193238400.0
2012-05-23,0.4628996849060058,0.4722920060157776,0.4907290041446686,0.4596880078315735,161952000.0
2012-05-24,0.4545823931694031,0.4895829856395721,0.4907290041446686,0.4666669964790344,154800000.0
2012-05-25,0.4520082175731659,0.4790630042552948,0.4813539981842041,0.4713540077209472,62496000.0
2012-05-29,0.4688406586647033,0.4890629947185516,0.5004169940948486,0.4807290136814117,141360000.0
2012-05-30,0.4574539363384247,0.48020800948143,0.4864580035209656,0.4721879959106445,124617600.0
2012-05-31,0.4509189426898956,0.4795829951763153,0.4831250011920929,0.4640629887580871,166080000.0
2012-06-01,0.4154708683490753,0.4497919976711273,0.4579170048236847,0.4366669952869415,224342400.0
2012-06-04,0.4243822991847992,0.4409379959106445,0.44895800948143,0.4290629923343658,228345600.0
2012-06-05,0.4302243292331695,0.4423959851264953,0.4550000131130218,0.441771000623703,196483200.0
2012-06-06,0.4596326649188995,0.4631249904632568,0.4845829904079437,0.4614579975605011,171724800.0
2012-06-07,0.4544834196567535,0.4980210065841675,0.4985420107841491,0.4764580130577087,171408000.0
2012-06-08,0.4678511321544647,0.4751040041446686,0.4935419857501983,0.4706250131130218,126384000.0
2012-06-11,0.4454731941223144,0.5023959875106812,0.5037500262260437,0.465938001871109,181795200.0
2012-06-12,0.4595337510108948,0.4724999964237213,0.4842709898948669,0.4640629887580871,134995200.0
2012-06-13,0.4505225718021393,0.4796879887580871,0.4905210137367248,0.4686459898948669,96998400.0
2012-06-14,0.4555728435516357,0.4734379947185516,0.484375,0.465938001871109,131414400.0
2012-06-15,0.4724052846431732,0.4826039969921112,0.4986459910869598,0.4822919964790344,168758400.0
2012-06-18,0.4845846891403198,0.491457998752594,0.5142710208892822,0.4884380102157593,176668800.0
2012-06-19,0.5005263090133667,0.5183330178260803,0.5329170227050781,0.5176039934158325,162518400.0
2012-06-20,0.5023086667060852,0.5294790267944336,0.534479022026062,0.5157290101051331,194428800.0
2012-06-21,0.4646819829940796,0.5263540148735046,0.5284379720687866,0.4867709875106811,155788800.0
2012-06-22,0.479138970375061,0.4928129911422729,0.5057290196418762,0.4894790053367615,140044800.0
2012-06-25,0.4507211446762085,0.4911459982395172,0.4916670024394989,0.470313012599945,134160000.0
2012-06-26,0.4594339430332184,0.4789580106735229,0.4873960018157959,0.472707986831665,136684800.0
2012-06-27,0.4678511321544647,0.4888539910316467,0.4985420107841491,0.4873960018157959,116985600.0
2012-06-28,0.4510177075862884,0.4808329939842224,0.4820829927921295,0.4604170024394989,209184000.0
2012-06-29,0.4950797855854034,0.503125011920929,0.5208330154418945,0.4984380006790161,246595200.0
2012-07-02,0.4990406036376953,0.5223960280418396,0.5260419845581055,0.5135419964790344,125107200.0
2012-07-03,0.5109226703643799,0.5259379744529724,0.538332998752594,0.5235419869422913,92947200.0
2012-07-05,0.5127047300338745,0.5370830297470093,0.5472919940948486,0.5283330082893372,118560000.0
2012-07-06,0.4925056099891662,0.5321879982948303,0.5331249833106995,0.5080209970474243,145248000.0
2012-07-09,0.4908221364021301,0.5174999833106995,0.5228130221366882,0.5088539719581604,96124800.0
2012-07-10,0.4757720828056335,0.5248960256576538,0.5286459922790527,0.4953129887580871,172665600.0
2012-07-11,0.4692370295524597,0.4995830059051513,0.5033329725265503,0.4806250035762787,221088000.0
2012-07-12,0.4556716978549957,0.481563001871109,0.4848960041999817,0.4657289981842041,215356800.0
2012-07-13,0.4754745662212372,0.4830209910869598,0.503957986831665,0.4820829927921295,141120000.0
2012-07-16,0.4719099402427673,0.4975000023841858,0.503853976726532,0.4906249940395355,108739200.0
2012-07-17,0.479138970375061,0.5055209994316101,0.5091670155525208,0.4829170107841491,173606400.0
2012-07-18,0.4986442029476166,0.5009379982948303,0.5291669964790344,0.5008329749107361,187440000.0
2012-07-19,0.5148835778236389,0.5358330011367798,0.546875,0.5328130125999451,216249600.0
2012-07-20,0.4950797855854034,0.5420830249786377,0.5420830249786377,0.5197920203208923,164726400.0
2012-07-23,0.476762592792511,0.4902079999446869,0.507082998752594,0.4787499904632568,221788800.0
2012-07-24,0.465870052576065,0.5043749809265137,0.5063539743423462,0.4803130030632019,252192000.0
2012-07-25,0.4554740488529205,0.4788540005683899,0.4893749952316284,0.4710420072078705,196675200.0
2012-07-26,0.4732968509197235,0.5007290244102478,0.5072919726371765,0.4898959994316101,231024000.0
2012-07-27,0.5091401934623718,0.5095829963684082,0.5367709994316101,0.5052080154418945,271305600.0
2012-07-30,0.5060707926750183,0.5384380221366882,0.5452079772949219,0.5276039838790894,183235200.0
2012-07-31,0.5063674449920654,0.5356249809265137,0.5416669845581055,0.5310419797897339,132748800.0
2012-08-01,0.5014169812202454,0.543749988079071,0.5440629720687866,0.5218750238418579,150921600.0
2012-08-02,0.4961690008640289,0.5151039958000183,0.5378130078315735,0.5105209946632385,165830400.0
2012-08-03,0.5243889689445496,0.5475000143051147,0.5629169940948486,0.5417709946632385,195081600.0
2012-08-06,0.5361720323562622,0.5607290267944336,0.5715630054473877,0.557083010673523,127612800.0
2012-08-07,0.5494400858879089,0.5724999904632568,0.585207998752594,0.5691670179367065,140601600.0
2012-08-08,0.5485484004020691,0.5737500190734863,0.581354022026062,0.5711460113525391,85929600.0
2012-08-09,0.5532023310661316,0.5772920250892639,0.5848960280418396,0.574271023273468,77500800.0
2012-08-10,0.5554797053337097,0.5771880149841309,0.5843750238418579,0.5721880197525024,93350400.0
2012-08-13,0.5588467121124268,0.5839580297470093,0.5879169702529907,0.5744789838790894,71904000.0
2012-08-14,0.5596386194229126,0.5945829749107361,0.5981249809265137,0.5838540196418762,110160000.0
2012-08-15,0.5635995268821716,0.5872920155525208,0.5956249833106995,0.5868750214576721,71654400.0
2012-08-16,0.5837987661361694,0.6001039743423462,0.6185420155525208,0.597603976726532,139017600.0
2012-08-17,0.5918185114860535,0.6182289719581604,0.6226040124893188,0.6142709851264954,113606400.0
2012-08-20,0.5940961241722107,0.6214579939842224,0.6254169940948486,0.6139580011367798,91910400.0
2012-08-21,0.5872644186019897,0.6310420036315918,0.6378129720687866,0.6104170083999634,218227200.0
2012-08-22,0.5936008095741272,0.6131250262260437,0.6290630102157593,0.6085420250892639,113750400.0
2012-08-23,0.5804317593574524,0.6175000071525574,0.6227080225944519,0.6052079796791077,109641600.0
2012-08-24,0.5907292366027832,0.605417013168335,0.6258329749107361,0.6028130054473877,104236800.0
2012-08-27,0.5936008095741272,0.6295830011367798,0.6317710280418396,0.6202080249786377,75379200.0
2012-08-28,0.5935019850730896,0.6225000023841858,0.6293749809265137,0.616457998752594,87657600.0
2012-08-29,0.59369957447052,0.6251040101051331,0.6291670203208923,0.6165630221366882,73737600.0
2012-08-30,0.5755802392959595,0.6162499785423279,0.6168749928474426,0.6025000214576721,124272000.0
2012-08-31,0.5878585577011108,0.6187499761581421,0.6252080202102661,0.5992709994316101,168816000.0
2012-09-04,0.5853821635246277,0.614687979221344,0.6223959922790527,0.5973960161209106,149625600.0
2012-09-05,0.5827093720436096,0.6144790053367615,0.6225000023841858,0.6086459755897522,100828800.0
2012-09-06,0.6212267875671387,0.6248959898948669,0.6547920107841492,0.6245830059051514,154656000.0
2012-09-07,0.6185528635978699,0.6502079963684082,0.6548960208892822,0.6461459994316101,109670400.0
2012-09-10,0.5957794189453125,0.6467710137367249,0.6505209803581238,0.6253129839897156,150604800.0
2012-09-11,0.5932055115699768,0.6264579892158508,0.6339579820632935,0.6206250190734863,140352000.0
2012-09-12,0.5983535647392273,0.6301040053367615,0.6340630054473877,0.6176040172576904,153888000.0
2012-09-13,0.6222162842750549,0.6311460137367249,0.6628130078315735,0.6285420060157776,233616000.0
2012-09-14,0.6381580233573914,0.6625000238418579,0.6791669726371765,0.6610419750213623,286377600.0
2012-09-17,0.6393462419509888,0.6735420227050781,0.6735420227050781,0.6656249761581421,152323200.0
2012-09-18,0.6405344009399414,0.6675000190734863,0.6753129959106445,0.6675000190734863,100742400.0
2012-09-19,0.6447919607162476,0.6745830178260803,0.6834380030632019,0.6685420274734497,137520000.0
2012-09-20,0.6433071494102478,0.6684380173683167,0.6780210137367249,0.6632289886474609,144921600.0
2012-09-21,0.6433071494102478,0.6866670250892639,0.6880210041999817,0.675000011920929,145056000.0
2012-09-24,0.6314253211021423,0.6597920060157776,0.6683329939842224,0.6557289958000183,139872000.0
2012-09-25,0.6060768961906433,0.6703130006790161,0.6744790077209473,0.6359379887580872,153148800.0
2012-09-26,0.5901350378990173,0.6339579820632935,0.6353129744529724,0.6116669774055481,244800000.0
2012-09-27,0.6151869297027588,0.6255210041999817,0.6512500047683716,0.6227080225944519,183244800.0
2012-09-28,0.600433349609375,0.6402080059051514,0.6463540196418762,0.6291670203208923,157977600.0
2012-10-01,0.5978583097457886,0.640625,0.6517710089683533,0.6220830082893372,156499200.0
2012-10-02,0.6017205119132996,0.636667013168335,0.6420829892158508,0.6189579963684082,165043200.0
2012-10-03,0.6131072044372559,0.6387500166893005,0.6486459970474243,0.6310420036315918,159820800.0
2012-10-04,0.620236337184906,0.6494789719581604,0.6576039791107178,0.6426039934158325,152342400.0
2012-10-05,0.6095424890518188,0.6620830297470093,0.6645830273628235,0.6368749737739563,116534400.0
2012-10-08,0.5934031009674072,0.6307290196418762,0.6344789862632751,0.6196879744529724,104841600.0
2012-10-09,0.5629065632820129,0.6186460256576538,0.6192709803581238,0.5899999737739563,182188800.0
2012-10-10,0.5560740828514099,0.5941669940948486,0.5987499952316284,0.5822920203208923,155808000.0
2012-10-11,0.5511234998703003,0.599166989326477,0.5994790196418762,0.5787500143051147,142396800.0
2012-10-12,0.5510244965553284,0.5804169774055481,0.5888540148735046,0.5758330225944519,109180800.0
2012-10-15,0.5620148777961731,0.5857290029525757,0.5938540101051331,0.5752080082893372,116332800.0
2012-10-16,0.586471676826477,0.5944790244102478,0.6187499761581421,0.5938540101051331,142742400.0
2012-10-17,0.5846893787384033,0.6072919964790344,0.6213539838790894,0.6047919988632202,133401600.0
2012-10-18,0.5646886825561523,0.6096879839897156,0.6155210137367249,0.5874999761581421,173520000.0
2012-10-19,0.5238938927650452,0.5920829772949219,0.5930209755897522,0.5494790077209473,285312000.0
2012-10-22,0.5321124196052551,0.550000011920929,0.5642709732055664,0.5470830202102661,211132800.0
2012-10-23,0.5163683295249939,0.5466669797897339,0.5583329796791077,0.5388540029525757,282038400.0
2012-10-24,0.5112201571464539,0.5532289743423462,0.5559380054473877,0.5358330011367798,207052800.0
2012-10-25,0.5112201571464539,0.5495830178260803,0.5518749952316284,0.5332289934158325,233625600.0
2012-10-26,0.516567051410675,0.5385419726371765,0.5493749976158142,0.5256249904632568,192192000.0
2012-10-31,0.5065661668777466,0.5411459803581238,0.5435420274734497,0.5270829796791077,148204800.0
2012-11-01,0.5280525088310242,0.5426040291786194,0.558646023273468,0.5384380221366882,183724800.0
2012-11-02,0.508743941783905,0.5630210041999817,0.5638539791107178,0.535207986831665,183427200.0
2012-11-05,0.5212200284004211,0.5382289886474609,0.5512499809265137,0.534375011920929,150355200.0
2012-11-06,0.5243889689445496,0.550728976726532,0.5623959898948669,0.5450000166893005,182582400.0
2012-11-07,0.4867624342441559,0.5339580178260803,0.5354170203208923,0.505312979221344,383731200.0
2012-11-08,0.4639890193939209,0.515625,0.5198959708213806,0.4881249964237213,310473600.0
2012-11-09,0.4690393209457397,0.4888539910316467,0.5098959803581238,0.4879170060157776,436598400.0
2012-11-12,0.4697323143482208,0.5028129816055298,0.5042709708213806,0.4896880090236664,164419200.0
2012-11-13,0.4595337510108948,0.4826039969921112,0.4976040124893188,0.4789580106735229,345734400.0
2012-11-14,0.443096786737442,0.4903129935264587,0.4920830130577087,0.4641669988632202,294950400.0
2012-11-15,0.439135879278183,0.4671880006790161,0.4721879959106445,0.4565629959106445,310396800.0
2012-11-16,0.4440871775150299,0.4625000059604645,0.4714579880237579,0.4456250071525574,372614400.0
2012-11-19,0.4760686457157135,0.4828130006790161,0.5020830035209656,0.4824999868869781,345580800.0
2012-11-20,0.4761685132980346,0.5007290244102478,0.5034379959106445,0.4869790077209472,218467200.0
2012-11-21,0.479534387588501,0.5022919774055481,0.5066670179367065,0.4967710077762604,160761600.0
2012-11-23,0.5015159845352173,0.5136460065841675,0.5276039838790894,0.5122920274734497,129321600.0
2012-11-26,0.5079522132873535,0.5239580273628235,0.5348960161209106,0.518750011920929,196944000.0
2012-11-27,0.5022088289260864,0.5333330035209656,0.5395830273628235,0.5262500047683716,359788800.0
2012-11-28,0.5156754851341248,0.521041989326477,0.5435420274734497,0.5113540291786194,281001600.0
2012-11-29,0.5245868563652039,0.5510420203208923,0.5577080249786377,0.5440629720687866,249177600.0
2012-11-30,0.5227057337760925,0.5520830154418945,0.5535420179367065,0.5444790124893188,228470400.0
2012-12-03,0.5201314687728882,0.5623959898948669,0.5636460185050964,0.5455210208892822,336825600.0
2012-12-04,0.5167647004127502,0.5473960041999817,0.5484380125999451,0.534375011920929,336748800.0
2012-12-05,0.5008230805397034,0.542917013168335,0.543021023273468,0.5181249976158142,436617600.0
2012-12-06,0.5100319981575012,0.5220829844474792,0.5412499904632568,0.5177080035209656,306249600.0
2012-12-07,0.5013183355331421,0.5454170107841492,0.5467709898948669,0.5221880078315735,240748800.0
2012-12-10,0.5057733654975891,0.5234379768371582,0.5402079820632935,0.5231249928474426,210441600.0
2012-12-11,0.5252798795700073,0.5440629720687866,0.5618749856948853,0.5418750047683716,344976000.0
2012-12-12,0.5217152833938599,0.5612499713897705,0.5614579916000366,0.5447919964790344,301238400.0
2012-12-13,0.5099320411682129,0.5462499856948853,0.5576040148735046,0.5292710065841675,338515200.0
2012-12-14,0.4954760670661926,0.5262500047683716,0.5305209755897522,0.515625,274128000.0
2012-12-17,0.5147847533226013,0.5220829844474792,0.5420830249786377,0.5202080011367798,193219200.0
2012-12-18,0.5386474132537842,0.5498960018157959,0.5690630078315735,0.5455210208892822,456326400.0
2012-12-19,0.5309242010116577,0.5712500214576721,0.5718749761581421,0.5581250190734863,361286400.0
2012-12-20,0.5313195586204529,0.5620830059051514,0.5629169940948486,0.550728976726532,291580800.0
2012-12-21,0.5147847533226013,0.5332289934158325,0.5434380173683167,0.5260419845581055,336624000.0
2012-12-24,0.5104273557662964,0.5387499928474426,0.539687991142273,0.534479022026062,52425600.0
2012-12-26,0.4983477294445038,0.5386459827423096,0.5407289862632751,0.5189579725265503,158563200.0
2012-12-27,0.4955750405788421,0.5251039862632751,0.527292013168335,0.5019789934158325,308150400.0
2012-12-28,0.4812178313732147,0.5106250047683716,0.5218750238418579,0.5062500238418579,164284800.0
2012-12-31,0.5126060247421265,0.503853976726532,0.5418750047683716,0.5016670227050781,423052800.0
2013-01-02,0.5604302287101746,0.578125,0.5904170274734497,0.5720829963684082,354720000.0
2013-01-03,0.5523115992546082,0.5894790291786194,0.5934380292892456,0.5753129720687866,310732800.0
2013-01-04,0.5468657612800598,0.5814579725265503,0.5814579725265503,0.571042001247406,152208000.0
2013-01-07,0.5474599003791809,0.5703129768371582,0.578125,0.5652080178260803,182822400.0
2013-01-08,0.5442907214164734,0.5752080082893372,0.5795829892158508,0.5631250143051147,175036800.0
2013-01-09,0.5498363971710205,0.5744789838790894,0.5830209851264954,0.5732290148735046,153993600.0
2013-01-10,0.5595395565032959,0.589896023273468,0.5916669964790344,0.5729169845581055,235555200.0
2013-01-11,0.5616185665130615,0.5880209803581238,0.5919790267944336,0.5846880078315735,106060800.0
2013-01-14,0.5543904900550842,0.5814579725265503,0.5881249904632568,0.5758330225944519,147369600.0
2013-01-15,0.5461721420288086,0.5752080082893372,0.5771880149841309,0.5670830011367798,216844800.0
2013-01-16,0.5523115992546082,0.5779169797897339,0.5874999761581421,0.574271023273468,152217600.0
2013-01-17,0.5608266592025757,0.5888540148735046,0.5966669917106628,0.5858330130577087,230620800.0
2013-01-18,0.5576585531234741,0.5842710137367249,0.5877079963684082,0.5780209898948669,206044800.0
2013-01-22,0.5599361062049866,0.5882290005683899,0.589792013168335,0.5771880149841309,252566400.0
2013-01-23,0.5690451264381409,0.5985419750213623,0.6046879887580872,0.5960419774055481,225081600.0
2013-01-24,0.5463707447052002,0.5752080082893372,0.5912500023841858,0.5721880197525024,246124800.0
2013-01-25,0.5544893145561218,0.5807290077209473,0.5885419845581055,0.5770829916000366,170409600.0
2013-01-28,0.5584502816200256,0.5840629935264587,0.5933330059051514,0.5816670060157776,249590400.0
2013-01-29,0.5584502816200256,0.5851039886474609,0.5914580225944519,0.5735419988632202,213888000.0
2013-01-30,0.5553809404373169,0.5913540124893188,0.5958330035209656,0.5798959732055664,159158400.0
2013-01-31,0.5518164038658142,0.5833330154418945,0.5923960208892822,0.5784379839897156,203433600.0
2013-02-01,0.5699358582496643,0.5922920107841492,0.6035419702529907,0.585207998752594,286070400.0
2013-02-04,0.5409248471260071,0.5894790291786194,0.5951039791107178,0.5687500238418579,274224000.0
2013-02-05,0.5646886825561523,0.5761460065841675,0.5993750095367432,0.5726040005683899,280089600.0
2013-02-06,0.5594408512115479,0.5880209803581238,0.5963540077209473,0.5832290053367615,250972800.0
2013-02-07,0.5608266592025757,0.5903130173683167,0.5919790267944336,0.5707290172576904,218572800.0
2013-02-08,0.5778576731681824,0.5994790196418762,0.6117709875106812,0.5981249809265137,203913600.0
2013-02-11,0.577659010887146,0.6092709898948669,0.6100000143051147,0.6026039719581604,111062400.0
2013-02-12,0.5709261894226074,0.6066669821739197,0.6097919940948486,0.5993750095367432,129542400.0
2013-02-13,0.577560305595398,0.6060420274734497,0.6141669750213623,0.6018750071525574,186806400.0
2013-02-14,0.5763720870018005,0.5992709994316101,0.6095830202102661,0.5980209708213806,137001600.0
2013-02-15,0.5714215636253357,0.6071879863739014,0.6111459732055664,0.5964580178260803,118598400.0
2013-02-19,0.5838974714279175,0.605417013168335,0.6148959994316101,0.6044790148735046,127296000.0
2013-02-20,0.557262122631073,0.6141669750213623,0.6145830154418945,0.5862500071525574,163958400.0
2013-02-21,0.5391427278518677,0.5798959732055664,0.581250011920929,0.5609380006790161,265286400.0
2013-02-22,0.554984450340271,0.5769789814949036,0.5842710137367249,0.5708330273628235,132364800.0
2013-02-25,0.534290075302124,0.5957289934158325,0.6015629768371582,0.5611460208892822,240604800.0
2013-02-26,0.5407261252403259,0.5655210018157959,0.5721880197525024,0.5537499785423279,168460800.0
2013-02-27,0.5571631789207458,0.569582998752594,0.5967710018157959,0.5668749809265137,171072000.0
2013-02-28,0.5550835132598877,0.5861459970474243,0.5992709994316101,0.583541989326477,163516800.0
2013-03-01,0.5608266592025757,0.5767710208892822,0.5927079916000366,0.5681250095367432,123216000.0
2013-03-04,0.5680545568466187,0.5841670036315918,0.5979170203208923,0.581978976726532,150969600.0
2013-03-05,0.5930066704750061,0.6091669797897339,0.6265630125999451,0.6085420250892639,228086400.0
2013-03-06,0.589244544506073,0.6302080154418945,0.6307290196418762,0.6172919869422913,207619200.0
2013-03-07,0.5943933725357056,0.6216670274734497,0.6274999976158142,0.6184380054473877,110284800.0
2013-03-08,0.595086395740509,0.6310420036315918,0.633542001247406,0.6194790005683899,169718400.0
2013-03-11,0.6012250185012817,0.6248959898948669,0.6327080130577087,0.6187499761581421,123878400.0
2013-03-12,0.5938982367515564,0.6268749833106995,0.6309379935264587,0.616457998752594,178108800.0
2013-03-13,0.5920173525810242,0.6270830035209656,0.6301040053367615,0.616457998752594,160838400.0
2013-03-14,0.598057210445404,0.6294789910316467,0.6330209970474243,0.625,154339200.0
2013-03-15,0.5924126505851746,0.6302080154418945,0.6316670179367065,0.6190630197525024,159888000.0
2013-03-18,0.5883528590202332,0.6069790124893188,0.6269789934158325,0.6026039719581604,214742400.0
2013-03-19,0.5859764218330383,0.6248959898948669,0.6286460161209106,0.5994790196418762,287500800.0
2013-03-20,0.5971653461456299,0.6290630102157593,0.6328129768371582,0.6204169988632202,153484800.0
2013-03-21,0.5780555605888367,0.612500011920929,0.616457998752594,0.6033329963684082,214742400.0
2013-03-22,0.5939972400665283,0.6150000095367432,0.6264579892158508,0.6131250262260437,142761600.0
2013-03-25,0.5879572033882141,0.6310420036315918,0.6349999904632568,0.6094790101051331,228931200.0
2013-03-26,0.5969675779342651,0.6258329749107361,0.628853976726532,0.6213539838790894,123830400.0
2013-03-27,0.6001359224319458,0.6161460280418396,0.6321880221366882,0.6130210161209106,191798400.0
2013-03-28,0.6036014556884766,0.6309379935264587,0.637499988079071,0.6265630125999451,266697600.0
2013-04-01,0.5919173955917358,0.6369789838790894,0.6385419964790344,0.6175000071525574,249628800.0
2013-04-02,0.6052849292755127,0.6309379935264587,0.6431249976158142,0.6298959851264954,337776000.0
2013-04-03,0.589244544506073,0.6381250023841858,0.640625,0.6151040196418762,177206400.0
2013-04-04,0.589540958404541,0.6192709803581238,0.6246880292892456,0.6102079749107361,189936000.0
2013-04-05,0.5750848650932312,0.5909379720687866,0.6073960065841675,0.586562991142273,338284800.0
2013-04-08,0.5838974714279175,0.605521023273468,0.614687979221344,0.6001039743423462,223603200.0
2013-04-09,0.5953830480575562,0.6193749904632568,0.6339579820632935,0.6106250286102295,332620800.0
2013-04-10,0.6302370429039001,0.6329169869422913,0.6658329963684082,0.6321880221366882,182448000.0
2013-04-11,0.6291476488113403,0.6585419774055481,0.6669790148735046,0.65625,167558400.0
2013-04-12,0.6284546852111816,0.6576039791107178,0.6623960137367249,0.645937979221344,218592000.0
2013-04-15,0.5902349948883057,0.6529170274734497,0.6567710041999817,0.6197919845581055,203846400.0
2013-04-16,0.61488938331604,0.6332290172576904,0.6485419869422913,0.6287500262260437,193718400.0
2013-04-17,0.5789471864700317,0.6294789910316467,0.6298959851264954,0.597603976726532,315619200.0
2013-04-18,0.553895115852356,0.6141669750213623,0.6141669750213623,0.5756250023841858,253670400.0
2013-04-19,0.5768671631813049,0.5873960256576538,0.6110420227050781,0.5840629935264587,183014400.0
2013-04-22,0.5945913195610046,0.6135420203208923,0.6322919726371765,0.6069790124893188,161088000.0
2013-04-23,0.6121166348457336,0.6369789838790894,0.6503130197525024,0.6268749833106995,272966400.0
2013-04-24,0.6106318831443787,0.6389579772949219,0.6497920155525208,0.6346880197525024,224179200.0
2013-04-25,0.6205338835716248,0.6486459970474243,0.6604170203208923,0.6474999785423279,192508800.0
2013-04-26,0.6152857542037964,0.6487500071525574,0.6527079939842224,0.6388540267944336,91881600.0
2013-04-29,0.6316229701042175,0.6528130173683167,0.6721879839897156,0.6528130173683167,137097600.0
2013-04-30,0.6454858779907227,0.6675000190734863,0.6796879768371582,0.6598960161209106,123897600.0
2013-05-01,0.6372673511505127,0.6790630221366882,0.6829169988632202,0.6658329963684082,128688000.0
2013-05-02,0.6603383421897888,0.6730210185050964,0.6993749737739563,0.6714580059051514,97516800.0
2013-05-03,0.6834081411361694,0.7152079939842224,0.7259380221366882,0.7140629887580872,133996800.0
2013-05-06,0.6922208070755005,0.7231249809265137,0.7313539981842041,0.7215629816055298,97008000.0
2013-05-07,0.6905372738838196,0.7316669821739197,0.7332289814949036,0.7189580202102661,104275200.0
2013-05-08,0.7013310790061951,0.7246879935264587,0.7389580011367798,0.7222920060157776,85305600.0
2013-05-09,0.6988547444343567,0.7323960065841675,0.7489579916000366,0.7298960089683533,110918400.0
2013-05-10,0.7107365727424622,0.7384380102157593,0.7484380006790161,0.7351040244102478,127027200.0
2013-05-13,0.7135094404220581,0.7440630197525024,0.7556250095367432,0.7416669726371765,133286400.0
2013-05-14,0.7240054607391357,0.7505210041999817,0.7686460018157959,0.7503129839897156,133920000.0
2013-05-15,0.7293522953987122,0.7582290172576904,0.7686460018157959,0.7519789934158325,131366400.0
2013-05-16,0.7266782522201538,0.768854022026062,0.7798960208892822,0.7627080082893372,155404800.0
2013-05-17,0.7471750974655151,0.7754169702529907,0.7868750095367432,0.7684379816055298,150000000.0
2013-05-20,0.7438083291053772,0.7798960208892822,0.7901039719581604,0.7731249928474426,151363200.0
2013-05-21,0.7465810775756836,0.7819790244102478,0.7935420274734497,0.7732290029525757,160915200.0
2013-05-22,0.7283617258071899,0.7879170179367065,0.8064579963684082,0.7523959875106812,316982400.0
2013-05-23,0.7204408645629883,0.7442709803581238,0.7662500143051147,0.7395830154418945,145737600.0
2013-05-24,0.7200444340705872,0.7437499761581421,0.7580209970474243,0.737500011920929,67747200.0
2013-05-28,0.7348968386650085,0.7839580178260803,0.7927079796791077,0.765625,161817600.0
2013-05-29,0.7238066792488098,0.7635419964790344,0.7697920203208923,0.7484380006790161,159638400.0
2013-05-30,0.7355898022651672,0.761667013168335,0.7839580178260803,0.761667013168335,86121600.0
2013-05-31,0.7145986557006836,0.7642710208892822,0.7821879982948303,0.7502080202102661,123331200.0
2013-06-03,0.7187573313713074,0.7534379959106445,0.7565630078315735,0.7270830273628235,222633600.0
2013-06-04,0.7079647779464722,0.7604169845581055,0.7697920203208923,0.7352079749107361,138556800.0
2013-06-05,0.680834174156189,0.7369790077209473,0.7454169988632202,0.7137500047683716,190560000.0
2013-06-06,0.6891514658927917,0.7182289958000183,0.7256249785423279,0.6979169845581055,190944000.0
2013-06-07,0.7179654836654663,0.7355210185050964,0.7576040029525757,0.7291669845581055,233088000.0
2013-06-10,0.718262255191803,0.7601040005683899,0.7664579749107361,0.7515630125999451,135331200.0
2013-06-11,0.6974688172340393,0.7332289814949036,0.753853976726532,0.7261459827423096,222105600.0
2013-06-12,0.6733085513114929,0.7471879720687866,0.7472919821739197,0.7048959732055664,223488000.0
2013-06-13,0.6974688172340393,0.7052080035209656,0.7392709851264954,0.6994789838790894,151699200.0
2013-06-14,0.6851903200149536,0.7347919940948486,0.7372919917106628,0.7170829772949219,124339200.0
2013-06-17,0.7042015194892883,0.737500011920929,0.7536460161209106,0.7298960089683533,158851200.0
2013-06-18,0.7208362817764282,0.7441669702529907,0.7636460065841675,0.7438539862632751,101404800.0
2013-06-19,0.6981617212295532,0.7594789862632751,0.7621880173683167,0.7314580082893372,175708800.0
2013-06-20,0.6466740369796753,0.7086459994316101,0.7161459922790527,0.6745830178260803,241257600.0
2013-06-21,0.6375638842582703,0.6808329820632935,0.6867709755897522,0.6538540124893188,236985600.0
2013-06-24,0.617859959602356,0.6544790267944336,0.6661459803581238,0.6339579820632935,221136000.0
2013-06-25,0.6310288310050964,0.6691669821739197,0.6727079749107361,0.6534379720687866,132422400.0
2013-06-26,0.6482576131820679,0.6816669702529907,0.6860420107841492,0.6747919917106628,119865600.0
2013-06-27,0.6554855704307556,0.6926040053367615,0.7037500143051147,0.6895830035209656,113683200.0
2013-06-28,0.6572679281234741,0.6841670274734497,0.7061460018157959,0.6797919869422913,156076800.0
2013-07-01,0.6713285446166992,0.7082290053367615,0.723438024520874,0.7044789791107178,103891200.0
2013-07-02,0.6716260313987732,0.7058330178260803,0.7202079892158508,0.6962500214576721,124377600.0
2013-07-03,0.6807352304458618,0.6997920274734497,0.7257289886474609,0.6980209946632385,53769600.0
2013-07-05,0.6957854628562927,0.7279170155525208,0.7328130006790161,0.7110419869422913,114441600.0
2013-07-08,0.6980628967285156,0.7435420155525208,0.7443749904632568,0.7265629768371582,88281600.0
2013-07-09,0.7108362913131714,0.7444790005683899,0.7524999976158142,0.7346879839897156,84316800.0
2013-07-10,0.7228172421455383,0.7451040148735046,0.7639579772949219,0.7451040148735046,100867200.0
2013-07-11,0.7678695917129517,0.7846879959106445,0.8078129887580872,0.7835419774055481,153024000.0
2013-07-12,0.77588951587677,0.8080210089683533,0.8180209994316101,0.8013539910316467,83510400.0
2013-07-15,0.7819292545318604,0.8188539743423462,0.8235419988632202,0.8121880292892456,91622400.0
2013-07-16,0.7788597345352173,0.8240630030632019,0.8260419964790344,0.8127080202102661,85219200.0
2013-07-17,0.7844043374061584,0.8263540267944336,0.8305209875106812,0.8182290196418762,79104000.0
2013-07-18,0.7786623239517212,0.8247920274734497,0.8308330178260803,0.8151040077209473,101136000.0
2013-07-19,0.7549972534179688,0.7979170083999634,0.7982289791107178,0.7861459851264954,108595200.0
2013-07-22,0.7604429125785828,0.8027080297470093,0.8057289719581604,0.793021023273468,85852800.0
2013-07-23,0.7435117363929749,0.8046879768371582,0.8046879768371582,0.7809380292892456,86428800.0
2013-07-24,0.7505411505699158,0.805417001247406,0.8063539862632751,0.7847920060157776,105744000.0
2013-07-25,0.7641063928604126,0.8012499809265137,0.8076040148735046,0.7887499928474426,81110400.0
2013-07-26,0.7767810821533203,0.7952079772949219,0.817812979221344,0.7916669845581055,77654400.0
2013-07-29,0.7732164859771729,0.8130210041999817,0.8231250047683716,0.8064579963684082,72345600.0
2013-07-30,0.7847020030021667,0.8223959803581238,0.8362500071525574,0.8170830011367798,120960000.0
2013-07-31,0.7896525263786316,0.8307290077209473,0.8444790244102478,0.8258330225944519,110179200.0
2013-08-01,0.8137139081954956,0.847603976726532,0.859375,0.8448960185050964,77596800.0
2013-08-02,0.8272792100906372,0.8566669821739197,0.8706250190734863,0.8506249785423279,97104000.0
2013-08-05,0.8290615081787109,0.8672919869422913,0.8738539814949036,0.8639580011367798,79440000.0
2013-08-06,0.8143078684806824,0.8683329820632935,0.8708329796791077,0.8458330035209656,93820800.0
2013-08-07,0.8096540570259094,0.8486459851264954,0.8560420274734497,0.8330209851264954,120585600.0
2013-08-08,0.8204466700553894,0.8659380078315735,0.8698959946632385,0.8475000262260437,130598400.0
2013-08-09,0.8116340637207031,0.8605210185050964,0.8688539862632751,0.8463540077209473,98534400.0
2013-08-12,0.8166843056678772,0.8436459898948669,0.8639580011367798,0.8435419797897339,68822400.0
2013-08-13,0.8302496075630188,0.8627079725265503,0.8797919750213623,0.8444790244102478,154483200.0
2013-08-14,0.8210407495498657,0.8729169964790344,0.8766670227050781,0.8604170083999634,94368000.0
2013-08-15,0.779850423336029,0.8353130221366882,0.8355209827423096,0.8132290244102478,132883200.0
2013-08-16,0.7770776748657227,0.8206250071525574,0.8314579725265503,0.8147919774055481,70176000.0
2013-08-19,0.7740082740783691,0.8204169869422913,0.839792013168335,0.8141670227050781,90115200.0
2013-08-20,0.7846031785011292,0.8198959827423096,0.836667001247406,0.8172919750213623,88752000.0
2013-08-21,0.7767810821533203,0.8182290196418762,0.8386459946632385,0.8082290291786194,159686400.0
2013-08-22,0.798960268497467,0.8267710208892822,0.8422920107841492,0.8260419964790344,71260800.0
2013-08-23,0.8157927393913269,0.8590630292892456,0.8606250286102295,0.8493750095367432,76512000.0
2013-08-26,0.8164858222007751,0.859375,0.878125011920929,0.8535419702529907,74918400.0
2013-08-27,0.7650968432426453,0.8286460041999817,0.8407289981842041,0.8005210161209106,200131200.0
2013-08-28,0.7749987244606018,0.8043749928474426,0.8256250023841858,0.8034380078315735,102038400.0
2013-08-29,0.7910394072532654,0.8149999976158142,0.8445829749107361,0.8115630149841309,129465600.0
2013-08-30,0.7762858271598816,0.8345829844474792,0.8351039886474609,0.8078129887580872,121996800.0
2013-09-03,0.7890586256980896,0.8364580273628235,0.847603976726532,0.8196880221366882,85699200.0
2013-09-04,0.8148031234741211,0.8380209803581238,0.8605210185050964,0.8317710161209106,83078400.0
2013-09-05,0.8183678388595581,0.8584380149841309,0.8682289719581604,0.8573960065841675,48451200.0
2013-09-06,0.8213382363319397,0.8693749904632568,0.8774999976158142,0.8351039886474609,122121600.0
2013-09-09,0.8502503633499146,0.8742709755897522,0.8986459970474243,0.8742709755897522,94281600.0
2013-09-10,0.8631227612495422,0.910207986831665,0.9112499952316284,0.8980209827423096,151929600.0
2013-09-11,0.8587663769721985,0.8901039958000183,0.9038540124893188,0.8860419988632202,106118400.0
2013-09-12,0.854904294013977,0.903020977973938,0.9088540077209472,0.8951039910316467,66921600.0
2013-09-13,0.8576769232749939,0.9037500023841858,0.9053130149841307,0.8878129720687866,80860800.0
2013-09-16,0.8504490256309509,0.9244790077209472,0.9247919917106628,0.8887500166893005,132374400.0
2013-09-17,0.8674790859222412,0.8997920155525208,0.9158329963684082,0.8997920155525208,66940800.0
2013-09-18,0.8993626236915588,0.916458010673523,0.9507290124893188,0.9111459851264954,127507200.0
2013-09-19,0.9049071073532104,0.9536460041999816,0.9588540196418762,0.9473959803581238,71404800.0
2013-09-20,0.8950062394142151,0.9592710137367249,0.961667001247406,0.940521001815796,108153600.0
2013-09-23,0.8899559378623962,0.954792022705078,0.957082986831665,0.9229170083999634,134889600.0
2013-09-24,0.8901535272598267,0.9427080154418944,0.9513540267944336,0.9270830154418944,82003200.0
2013-09-25,0.881737470626831,0.9378129839897156,0.942188024520874,0.9211459755897522,108662400.0
2013-09-26,0.9019365906715392,0.9385420083999634,0.9546880125999452,0.9368749856948853,89020800.0
2013-09-27,0.8976790308952332,0.9331250190734864,0.9495829939842224,0.9278129935264589,73200000.0
2013-09-30,0.8920356035232544,0.9154170155525208,0.9447919726371764,0.9061459898948668,123292800.0
2013-10-01,0.918769896030426,0.9380210041999816,0.9678130149841307,0.9370830059051514,87888000.0
2013-10-02,0.9170865416526794,0.945937991142273,0.9691669940948486,0.9440630078315736,86313600.0
2013-10-03,0.8852031230926514,0.9613540172576904,0.9672920107841492,0.9159380197525024,161577600.0
2013-10-04,0.9079763889312744,0.9307289719581604,0.9590629935264589,0.9291669726371764,92112000.0
2013-10-07,0.8855007290840149,0.9309380054473876,0.9535419940948486,0.9292709827423096,99340800.0
2013-10-08,0.8353979587554932,0.931249976158142,0.933542013168335,0.8767709732055664,234777600.0
2013-10-09,0.8261899352073669,0.8836460113525391,0.8848959803581238,0.8478130102157593,218448000.0
2013-10-10,0.8786681890487671,0.8969789743423462,0.9301040172576904,0.8964580297470093,144720000.0
2013-10-11,0.8984709978103638,0.9173960089683532,0.9479169845581056,0.9169790148735046,130147200.0
2013-10-14,0.9170865416526794,0.9284380078315736,0.965624988079071,0.9260420203208924,140956800.0
2013-10-15,0.9072834253311156,0.9629169702529908,0.9776039719581604,0.9510419964790344,162076800.0
2013-10-16,0.9382755160331726,0.9672920107841492,0.9885420203208924,0.965728998184204,129302400.0
2013-10-17,0.9534252882003784,0.9730209708213806,1.00489604473114,0.9713540077209472,166368000.0
2013-10-18,1.000556707382202,1.0309380292892456,1.0537500381469729,1.0228129625320437,135110400.0
2013-10-21,1.0062997341156006,1.0586459636688232,1.06739604473114,1.0495829582214355,99369600.0
2013-10-22,1.0097657442092896,1.0703129768371582,1.0814579725265503,1.0442709922790527,157660800.0
2013-10-23,0.9935264587402344,1.048542022705078,1.0544790029525757,1.029582977294922,161184000.0
2013-10-24,1.0059034824371338,1.0459380149841309,1.065000057220459,1.0418750047683716,108547200.0
2013-10-25,1.0260038375854492,1.0885419845581057,1.0953129529953003,1.0659379959106443,140467200.0
2013-10-28,1.0280836820602417,1.0809379816055298,1.0863540172576904,1.06739604473114,83251200.0
2013-10-29,1.0330344438552856,1.0919790267944336,1.0952080488204956,1.0729169845581057,84105600.0
2013-10-30,1.0297662019729614,1.0985419750213623,1.1033329963684082,1.0688539743423462,198662400.0
2013-10-31,1.0231322050094604,1.0760420560836792,1.096250057220459,1.0645829439163208,141782400.0
2013-11-01,1.0226367712020874,1.0857290029525757,1.0906250476837158,1.0612499713897705,163132800.0
2013-11-04,1.0275884866714478,1.087499976158142,1.087499976158142,1.070207953453064,91641600.0
2013-11-05,1.0319451093673706,1.0688539743423462,1.0927079916000366,1.0598959922790527,132124800.0
2013-11-06,1.030162334442139,1.0982290506362915,1.0995830297470093,1.0739580392837524,163910400.0
2013-11-07,0.973030686378479,1.084375023841858,1.089063048362732,1.02052104473114,232934400.0
2013-11-08,1.011448621749878,1.0343749523162842,1.0651040077209473,1.0257289409637451,118080000.0
2013-11-11,1.006596565246582,1.0573960542678833,1.0681250095367432,1.0487500429153442,63494400.0
2013-11-12,1.0115476846694946,1.0496879816055298,1.0688539743423462,1.0479170083999634,108777600.0
2013-11-13,1.0477877855300903,1.0439579486846924,1.1026040315628052,1.0432289838790894,126470400.0
2013-11-14,1.0559061765670776,1.0934380292892456,1.1152080297470093,1.0873960256576538,118819200.0
2013-11-15,1.0632343292236328,1.1145830154418943,1.119583010673523,1.1058330535888672,89203200.0
2013-11-18,1.0338259935379028,1.1179169416427612,1.1253130435943604,1.0805209875106812,143846400.0
2013-11-19,1.0236276388168335,1.0846879482269287,1.100000023841858,1.071874976158142,102192000.0
2013-11-20,1.0164984464645386,1.0862499475479126,1.0978130102157593,1.0598959922790527,125865600.0
2013-11-21,1.0475889444351196,1.0819790363311768,1.10447895526886,1.0800000429153442,86592000.0
2013-11-22,1.0641249418258667,1.1079169511795044,1.1205209493637085,1.1048959493637085,87014400.0
2013-11-25,1.071155071258545,1.1306250095367432,1.135208010673523,1.1191669702529907,92582400.0
2013-11-26,1.0888793468475342,1.128957986831665,1.1534379720687866,1.1208330392837524,106713600.0
2013-11-27,1.1106630563735962,1.1521879434585571,1.1698960065841677,1.149271011352539,137894400.0
2013-11-29,1.128881335258484,1.1825000047683716,1.1945830583572388,1.179582953453064,91622400.0
2013-12-02,1.1218509674072266,1.1943750381469729,1.1994789838790894,1.1745829582214355,165936000.0
2013-12-03,1.1185840368270874,1.1769789457321167,1.1860419511795044,1.1631250381469729,134544000.0
2013-12-04,1.1214559078216553,1.1619789600372314,1.191457986831665,1.1505210399627686,133996800.0
2013-12-05,1.117990016937256,1.1836459636688232,1.1865630149841309,1.1662499904632568,126480000.0
2013-12-06,1.1410611867904663,1.2044789791107178,1.2082289457321167,1.183750033378601,142588800.0
2013-12-09,1.1547249555587769,1.2145830392837524,1.2229169607162476,1.2090630531311035,112608000.0
2013-12-10,1.1526453495025637,1.2086460590362549,1.219478964805603,1.2058329582214355,93004800.0
2013-12-11,1.1095733642578125,1.2118749618530271,1.2176040410995483,1.1610419750213623,148464000.0
2013-12-12,1.1005635261535645,1.1677080392837524,1.175832986831665,1.1541670560836792,107347200.0
2013-12-13,1.0953155755996704,1.1731250286102295,1.174896001815796,1.1462500095367432,81206400.0
2013-12-16,1.1141279935836792,1.1689579486846924,1.191249966621399,1.16697895526886,74966400.0
2013-12-17,1.1070985794067385,1.172083020210266,1.179582953453064,1.1578129529953003,72960000.0
2013-12-18,1.1453183889389038,1.1677080392837524,1.207813024520874,1.1171879768371582,161596800.0
2013-12-19,1.1350208520889282,1.19822895526886,1.1990629434585571,1.1787500381469729,117177600.0
2013-12-20,1.1691808700561523,1.2000000476837158,1.2385419607162476,1.1989580392837524,113750400.0
2013-12-23,1.207005500793457,1.2605210542678833,1.2697919607162476,1.250208020210266,112502400.0
2013-12-24,1.2086889743804932,1.2698960304260254,1.2736459970474243,1.2637499570846558,38006400.0
2013-12-26,1.220470905303955,1.2776039838790894,1.2868750095367432,1.2709380388259888,55814400.0
2013-12-27,1.211559534072876,1.2883330583572388,1.290624976158142,1.269582986831665,73939200.0
2013-12-30,1.2052232027053833,1.2679170370101929,1.2734379768371582,1.2578129768371582,53078400.0
2013-12-31,1.2288877964019775,1.2753130197525024,1.2928129434585571,1.2739579677581787,64176000.0
2014-01-02,1.200173020362854,1.27510404586792,1.2760419845581057,1.2514580488204956,98976000.0
2014-01-03,1.1740326881408691,1.262395977973938,1.2659380435943604,1.234375,97545600.0
2014-01-06,1.161556601524353,1.2361459732055664,1.2400000095367432,1.2077080011367798,125923200.0
2014-01-07,1.1916576623916626,1.2378129959106443,1.2604169845581057,1.2315629720687866,92313600.0
2014-01-08,1.2005693912506104,1.2555210590362549,1.2736459970474243,1.247499942779541,93264000.0
2014-01-09,1.1881922483444214,1.27635395526886,1.2777080535888672,1.2377079725265503,105561600.0
2014-01-10,1.2000740766525269,1.260208010673523,1.2667709589004517,1.2320829629898071,119942400.0
2014-01-13,1.1467041969299316,1.2573959827423096,1.2704169750213623,1.192188024520874,173107200.0
2014-01-14,1.2123525142669678,1.2190630435943604,1.2779170274734497,1.21875,138076800.0
2014-01-15,1.2406703233718872,1.2905210256576538,1.314167022705078,1.287500023841858,120528000.0
2014-01-16,1.243245244026184,1.3034379482269287,1.3128130435943604,1.2969789505004885,70512000.0
2014-01-17,1.2211647033691406,1.2955210208892822,1.306249976158142,1.2755210399627686,84460800.0
2014-01-21,1.248493194580078,1.3091670274734497,1.3156249523162842,1.281458020210266,88022400.0
2014-01-22,1.2600775957107544,1.3236459493637085,1.3333330154418943,1.3125,78432000.0
2014-01-23,1.2449285984039309,1.3118749856948853,1.3125,1.2833329439163208,129052800.0
2014-01-24,1.17116117477417,1.2902079820632937,1.297083020210266,1.231874942779541,141648000.0
2014-01-27,1.1370997428894043,1.2335419654846191,1.2393749952316284,1.1708329916000366,177729600.0
2014-01-28,1.136703610420227,1.1777080297470093,1.1989580392837524,1.1729170083999634,109497600.0
2014-01-29,1.1008599996566772,1.164167046546936,1.1902079582214355,1.1495829820632937,136497600.0
2014-01-30,1.158883810043335,1.1997920274734497,1.232707977294922,1.1956249475479126,116438400.0
2014-01-31,1.150764226913452,1.179582953453064,1.228124976158142,1.1762499809265137,84532800.0
2014-02-03,1.0745220184326172,1.2039580345153809,1.221250057220459,1.1181249618530271,183926400.0
2014-02-04,1.095513105392456,1.144374966621399,1.1652079820632937,1.134374976158142,90672000.0
2014-02-05,1.0854134559631348,1.140625,1.1552079916000366,1.1041669845581057,108513600.0
2014-02-06,1.127000093460083,1.1535420417785645,1.1906249523162842,1.1516669988632202,73977600.0
2014-02-07,1.1868062019348145,1.2064579725265503,1.2522920370101929,1.1962499618530271,111456000.0
2014-02-10,1.20858895778656,1.2491669654846191,1.2731250524520874,1.2464580535888672,83284800.0
2014-02-11,1.2499781847000122,1.278749942779541,1.3222919702529907,1.2756249904632568,117504000.0
2014-02-12,1.2559192180633545,1.3229169845581057,1.3312499523162842,1.310832977294922,108451200.0
2014-02-13,1.2881979942321775,1.292917013168335,1.3552080392837524,1.2925000190734863,106507200.0
2014-02-14,1.291961431503296,1.3533329963684082,1.3691669702529907,1.3389580249786377,94876800.0
2014-02-18,1.312160611152649,1.3660420179367063,1.3877079486846924,1.3566670417785645,69292800.0
2014-02-19,1.2834450006484983,1.3722920417785645,1.381458044052124,1.3429169654846191,136531200.0
2014-02-20,1.302060842514038,1.3533329963684082,1.3779170513153076,1.3370829820632937,102643200.0
2014-02-21,1.2953274250030518,1.382707953453064,1.388957977294922,1.3600000143051147,83976000.0
2014-02-24,1.3181012868881226,1.371042013168335,1.4049999713897705,1.3666670322418213,99422400.0
2014-02-25,1.3133485317230225,1.392292022705078,1.4004169702529907,1.368541955947876,92985600.0
2014-02-26,1.308991312980652,1.3937499523162842,1.4052079916000366,1.3616670370101929,82929600.0
2014-02-27,1.3347361087799072,1.3785419464111328,1.4085420370101929,1.3720829486846924,87964800.0
2014-02-28,1.3280025720596311,1.4043749570846558,1.4287500381469729,1.363124966621399,136718400.0
2014-03-03,1.29889178276062,1.359166979789734,1.3791669607162476,1.331874966621399,158558400.0
2014-03-04,1.3511720895767212,1.412708044052124,1.428333044052124,1.4095829725265503,108993600.0
2014-03-05,1.3622621297836304,1.428125023841858,1.4397920370101929,1.4187500476837158,77064000.0
2014-03-06,1.357113242149353,1.4416669607162476,1.445417046546936,1.4131250381469729,92803200.0
2014-03-07,1.3377065658569336,1.4431250095367432,1.4460419416427612,1.3862500190734863,132518400.0
2014-03-10,1.3404779434204102,1.4049999713897705,1.4131250381469729,1.3837499618530271,75580800.0
2014-03-11,1.3238438367843628,1.4214580059051514,1.4316669702529907,1.380416989326477,119774400.0
2014-03-12,1.3386956453323364,1.3743749856948853,1.4104169607162476,1.3583329916000366,109612800.0
2014-03-13,1.2818615436553955,1.4239579439163208,1.425624966621399,1.3295830488204956,188414400.0
2014-03-14,1.2555224895477295,1.3339580297470093,1.3527079820632937,1.3191670179367063,107318400.0
2014-03-17,1.2889909744262695,1.345417022705078,1.3758330345153809,1.343958020210266,116942400.0
2014-03-18,1.3353302478790283,1.3602080345153809,1.4089579582214355,1.359375,113006400.0
2014-03-19,1.3133485317230225,1.406041979789734,1.409999966621399,1.3541669845581057,136444800.0
2014-03-20,1.323646068572998,1.368749976158142,1.4052079916000366,1.3600000143051147,87638400.0
2014-03-21,1.2751277685165403,1.415416955947876,1.4187500476837158,1.3352080583572388,198307200.0
2014-03-24,1.243046522140503,1.3581249713897705,1.3606250286102295,1.271041989326477,266145600.0
2014-03-25,1.254533052444458,1.3287500143051147,1.3527079820632937,1.287708044052124,172516800.0
2014-03-26,1.2068068981170654,1.3402080535888672,1.3481249809265137,1.2685420513153076,201331200.0
2014-03-27,1.1854192018508911,1.2645829916000366,1.2808330059051514,1.226667046546936,201993600.0
2014-03-28,1.1931425333023071,1.259374976158142,1.2958329916000366,1.2447919845581057,166440000.0
2014-03-31,1.2169064283370972,1.283750057220459,1.3064579963684082,1.279582977294922,162441600.0
2014-04-01,1.282850980758667,1.300832986831665,1.3512500524520874,1.299375057220459,178041600.0
2014-04-02,1.2929508686065674,1.3668750524520874,1.3702080249786377,1.341249942779541,163224000.0
2014-04-03,1.2624539136886597,1.3643749952316284,1.3700000047683716,1.3041670322418213,159619200.0
2014-04-04,1.1622495651245115,1.351667046546936,1.3574999570846558,1.210832953453064,371011200.0
2014-04-07,1.127396583557129,1.1983330249786377,1.2310420274734497,1.1610419750213623,312662400.0
2014-04-08,1.158883810043335,1.1904170513153076,1.2233330011367798,1.177291989326477,243240000.0
2014-04-09,1.218293070793152,1.2320829629898071,1.2833329439163208,1.222707986831665,221961600.0
2014-04-10,1.1058104038238523,1.2841670513153076,1.2843749523162842,1.152500033378601,322276800.0
2014-04-11,1.0671939849853516,1.131458044052124,1.175624966621399,1.1145830154418943,211876800.0
2014-04-14,1.091157078742981,1.1504169702529907,1.165624976158142,1.1164580583572388,281275200.0
2014-04-15,1.10204815864563,1.1591670513153076,1.1785420179367063,1.0870829820632937,562051200.0
2014-04-16,1.14482319355011,1.189167022705078,1.2050000429153442,1.1608330011367798,251414400.0
2014-04-17,1.1454172134399414,1.1924999952316284,1.2235419750213623,1.1822919845581057,176625600.0
2014-04-21,1.1713597774505615,1.2145830392837524,1.2324999570846558,1.1972919702529907,144249600.0
2014-04-22,1.2000740766525269,1.2439579963684082,1.2708330154418943,1.2391669750213623,150321600.0
2014-04-23,1.1673985719680786,1.261667013168335,1.2627079486846924,1.226457953453064,131366400.0
2014-04-24,1.201856255531311,1.2897919416427612,1.2899999618530271,1.2237499952316284,250776000.0
2014-04-25,1.1438326835632324,1.2410420179367063,1.2454169988632202,1.1945830583572388,244747200.0
2014-04-28,1.1561111211776731,1.2193750143051147,1.2410420179367063,1.1581250429153442,482083200.0
2014-04-29,1.181657075881958,1.2258330583572388,1.250208020210266,1.2081249952316284,243633600.0
2014-04-30,1.192152976989746,1.2277079820632937,1.2570830583572388,1.2166670560836792,184075200.0
2014-05-01,1.2028465270996094,1.2597919702529907,1.2858330011367798,1.25,143750400.0
2014-05-02,1.1969058513641355,1.2764580249786377,1.2843749523162842,1.2489579916000366,151905600.0
2014-05-05,1.2139360904693604,1.2354170083999634,1.2779170274734497,1.2262500524520874,115790400.0
2014-05-06,1.1670029163360596,1.2714580297470093,1.273332953453064,1.226457953453064,161644800.0
2014-05-07,1.15650737285614,1.2370829582214355,1.2389580011367798,1.1737500429153442,261907200.0
2014-05-08,1.1525464057922363,1.2045830488204956,1.2570830583572388,1.1958329677581787,219216000.0
2014-05-09,1.1660127639770508,1.2112499475479126,1.2291669845581057,1.187291979789734,156475200.0
2014-05-12,1.222847580909729,1.2489579916000366,1.2881250381469729,1.2454169988632202,127684800.0
2014-05-13,1.2254226207733154,1.2910419702529907,1.3043750524520874,1.2820830345153809,117729600.0
2014-05-14,1.2072029113769531,1.2785420417785645,1.292917013168335,1.2608330249786377,98640000.0
2014-05-15,1.1792807579040527,1.2685420513153076,1.2754169702529907,1.2158329486846924,201480000.0
2014-05-16,1.201262354850769,1.2433329820632937,1.2662500143051147,1.2191669940948486,142910400.0
2014-05-19,1.2270060777664185,1.252500057220459,1.2960419654846191,1.2464580535888672,120528000.0
2014-05-20,1.2135403156280518,1.289167046546936,1.3025000095367432,1.2604169845581057,162331200.0
2014-05-21,1.2477993965148926,1.2825000286102295,1.3143750429153442,1.2808330059051514,123619200.0
2014-05-22,1.263245940208435,1.316249966621399,1.3408329486846924,1.3110419511795044,126480000.0
2014-05-23,1.291564702987671,1.334583044052124,1.359375,1.325624942779541,95136000.0
2014-05-27,1.3400828838348389,1.3777079582214355,1.410207986831665,1.3735419511795044,118387200.0
2014-05-28,1.3274084329605105,1.4085420370101929,1.4145829677581787,1.3933329582214355,118435200.0
2014-05-29,1.3543413877487185,1.4120830297470093,1.4247920513153076,1.4033329486846924,87302400.0
2014-05-30,1.3531529903411863,1.4247920513153076,1.4308329820632937,1.4016669988632202,113347200.0
2014-06-02,1.3497861623764038,1.4291670322418213,1.4299999475479126,1.3925000429153442,101270400.0
2014-06-03,1.347806453704834,1.4054169654846191,1.4245829582214355,1.4004169702529907,95102400.0
2014-06-04,1.3620645999908447,1.4066669940948486,1.440000057220459,1.4002079963684082,105355200.0
2014-06-05,1.3975118398666382,1.4375,1.4777079820632937,1.4227080345153809,176107200.0
2014-06-06,1.4200869798660278,1.4874999523162842,1.4954169988632202,1.4772919416427612,79219200.0
2014-06-09,1.417513370513916,1.4970829486846924,1.502500057220459,1.4793750047683716,124171200.0
2014-06-10,1.4256325960159302,1.486875057220459,1.5010420083999634,1.4822920560836792,72796800.0
2014-06-11,1.4234539270401,1.4829169511795044,1.5043749809265137,1.4797919988632202,96979200.0
2014-06-12,1.3862237930297852,1.4885419607162476,1.4933329820632937,1.4416669607162476,120974400.0
2014-06-13,1.3957293033599854,1.4770829677581787,1.4810420274734497,1.451457977294922,72019200.0
2014-06-16,1.4008783102035522,1.4637500047683716,1.4864579439163208,1.452916979789734,89956800.0
2014-06-17,1.4028584957122805,1.4714579582214355,1.488124966621399,1.463333010673523,95640000.0
2014-06-18,1.428404450416565,1.481874942779541,1.5070830583572388,1.4545830488204956,114801600.0
2014-06-19,1.422859787940979,1.5081249475479126,1.5108330249786377,1.478124976158142,105950400.0
2014-06-20,1.4280093908309937,1.500208020210266,1.507917046546936,1.4916670322418213,56592000.0
2014-06-23,1.4295927286148071,1.5018750429153442,1.505416989326477,1.4912500381469729,69408000.0
2014-06-24,1.4256325960159302,1.503957986831665,1.541458010673523,1.486875057220459,160248000.0
2014-06-25,1.4518166780471802,1.4887499809265137,1.535207986831665,1.4885419607162476,84523200.0
2014-06-26,1.4557780027389526,1.53125,1.53125,1.4947919845581057,87580800.0
2014-06-27,1.4702364206314087,1.5252079963684082,1.550832986831665,1.5243749618530271,73857600.0
2014-06-30,1.4811304807662964,1.5491670370101929,1.5700000524520874,1.5454169511795044,54451200.0
2014-07-01,1.5308444499969482,1.5735419988632202,1.6218750476837158,1.5724999904632568,66057600.0
2014-07-02,1.536786675453186,1.6122920513153076,1.624791979789734,1.6079169511795044,81801600.0
2014-07-03,1.566298484802246,1.632707953453064,1.6475000381469729,1.6200000047683716,64636800.0
2014-07-07,1.5512455701828003,1.6414580345153809,1.648332953453064,1.6239579916000366,87950400.0
2014-07-08,1.4971740245819092,1.6239579916000366,1.6268750429153442,1.5539580583572388,151752000.0
2014-07-09,1.5310426950454712,1.5864579677581787,1.6135419607162476,1.5729169845581057,136963200.0
2014-07-10,1.5165835618972778,1.5483330488204956,1.6129169464111328,1.541458010673523,123244800.0
2014-07-11,1.542926788330078,1.6045830249786377,1.6237499713897705,1.5910420417785645,121689600.0
2014-07-14,1.5724378824234009,1.6447919607162476,1.663957953453064,1.6372920274734497,107059200.0
2014-07-15,1.5559991598129272,1.6608330011367798,1.667917013168335,1.6006250381469729,148536000.0
2014-07-16,1.5736263990402222,1.671666979789734,1.6764580011367798,1.6502079963684082,106608000.0
2014-07-17,1.510840654373169,1.6412500143051147,1.6593749523162842,1.5735419988632202,160924800.0
2014-07-18,1.582341551780701,1.6162500381469729,1.6668750047683716,1.6083329916000366,116976000.0
2014-07-21,1.5765972137451172,1.6527080535888672,1.6662499904632568,1.6356250047683716,94900800.0
2014-07-22,1.6078919172286987,1.6825000047683716,1.6974999904632568,1.6762499809265137,107457600.0
2014-07-23,1.637998104095459,1.7066669464111328,1.728124976158142,1.6987500190734863,102460800.0
2014-07-24,1.632253885269165,1.7314579486846924,1.7372920513153076,1.709375023841858,87460800.0
2014-07-25,1.6122490167617798,1.6920830011367798,1.703333020210266,1.6697920560836792,92856000.0
2014-07-28,1.614230394363403,1.7004170417785645,1.7104170322418213,1.658750057220459,91963200.0
2014-07-29,1.606109380722046,1.708541989326477,1.7197920083999634,1.6847920417785645,79252800.0
2014-07-30,1.625321388244629,1.7166670560836792,1.726457953453064,1.689167022705078,107611200.0
2014-07-31,1.5262895822525024,1.6666669845581057,1.6745829582214355,1.597499966621399,138916800.0
2014-08-01,1.5086615085601809,1.595417022705078,1.621250033378601,1.5552079677581787,172324800.0
2014-08-04,1.5395596027374268,1.597499966621399,1.638124942779541,1.5795830488204956,144182400.0
2014-08-05,1.5035114288330078,1.6010420322418213,1.6135419607162476,1.559999942779541,167539200.0
2014-08-06,1.50093674659729,1.5520830154418943,1.6070829629898071,1.5481250286102295,119299200.0
2014-08-07,1.4864784479141235,1.599166989326477,1.609166979789734,1.546666979789734,153604800.0
2014-08-08,1.518168330192566,1.571666955947876,1.6020829677581787,1.5504169464111328,124464000.0
2014-08-11,1.545699119567871,1.6145830154418943,1.6402080059051514,1.6122920513153076,74352000.0
2014-08-12,1.5421336889266968,1.6202080249786377,1.6358330249786377,1.5983330011367798,90931200.0
2014-08-13,1.5922454595565796,1.6439579725265503,1.6760419607162476,1.640416979789734,81278400.0
2014-08-14,1.6168047189712524,1.6804169416427612,1.7012499570846558,1.6747920513153076,103089600.0
2014-08-15,1.6387900114059448,1.7274999618530271,1.7370829582214355,1.6764580011367798,155956800.0
2014-08-18,1.6784034967422483,1.7504169940948486,1.7697919607162476,1.7447919845581057,79348800.0
2014-08-19,1.7073204517364502,1.7777080535888672,1.7975000143051147,1.7745829820632937,78628800.0
2014-08-20,1.7073204517364502,1.7897919416427612,1.8052079677581787,1.7856249809265137,70651200.0
2014-08-21,1.7170261144638062,1.798542022705078,1.8072919845581052,1.788957953453064,67900800.0
2014-08-22,1.7237598896026611,1.8066669702529907,1.8270829916000368,1.7956249713897705,76814400.0
2014-08-25,1.7429720163345337,1.840000033378601,1.8481249809265137,1.8200000524520876,67977600.0
2014-08-26,1.7489142417907717,1.8408329486846924,1.8443750143051147,1.8260420560836792,41716800.0
2014-08-27,1.7491129636764526,1.8408329486846924,1.845625042915344,1.8274999856948853,36715200.0
2014-08-28,1.741982340812683,1.8214579820632932,1.83916699886322,1.814167022705078,64838400.0
2014-08-29,1.7623825073242188,1.8460420370101929,1.8537499904632568,1.8254170417785645,52272000.0
2014-09-02,1.7770397663116455,1.8679169416427608,1.8706250190734863,1.846667051315308,64300800.0
2014-09-03,1.746537208557129,1.882707953453064,1.8839579820632932,1.826249957084656,82636800.0
2014-09-04,1.7409918308258057,1.8493750095367432,1.8770829439163208,1.8172919750213623,82084800.0
2014-09-05,1.7679282426834106,1.840000033378601,1.861250042915344,1.8110419511795044,83227200.0
2014-09-08,1.776841163635254,1.8591669797897337,1.882917046546936,1.8431249856948853,70872000.0
2014-09-09,1.7336634397506714,1.868749976158142,1.8902080059051516,1.8118749856948853,129393600.0
2014-09-10,1.7738701105117798,1.830000042915344,1.8691669702529907,1.814167022705078,72417600.0
2014-09-11,1.7724839448928833,1.8429169654846191,1.865417003631592,1.821666955947876,119318400.0
2014-09-12,1.7445567846298218,1.8583329916000368,1.859375,1.8168749809265137,113740800.0
2014-09-15,1.6920695304870603,1.840000033378601,1.8410420417785645,1.7643749713897705,128486400.0
2014-09-16,1.7378227710723877,1.7610419988632202,1.8370829820632932,1.7552080154418943,126892800.0
2014-09-17,1.746339201927185,1.8260420560836792,1.8604170083999636,1.8037500381469729,113553600.0
2014-09-18,1.7839715480804443,1.8524999618530276,1.8770829439163208,1.846667051315308,79512000.0
2014-09-19,1.7800108194351196,1.9018750190734863,1.9018750190734863,1.8508330583572388,110217600.0
2014-09-22,1.7316824197769165,1.859583020210266,1.859583020210266,1.797083020210266,108177600.0
2014-09-23,1.7166296243667605,1.7987500429153442,1.8304170370101929,1.7941670417785645,100800000.0
2014-09-24,1.772286295890808,1.8097920417785645,1.865625023841858,1.793125033378601,116582400.0
2014-09-25,1.6597847938537598,1.8447920083999636,1.8522919416427608,1.7441669702529907,212798400.0
2014-09-26,1.712867021560669,1.7637499570846558,1.8104170560836792,1.7547919750213623,148252800.0
2014-09-29,1.7071223258972168,1.747499942779541,1.8089580535888672,1.744583010673523,114537600.0
2014-09-30,1.7134610414505005,1.8104170560836792,1.830000042915344,1.7770830392837524,154094400.0
2014-10-01,1.6314618587493896,1.7881250381469729,1.7916669845581057,1.699167013168335,213480000.0
2014-10-02,1.630669116973877,1.7141669988632202,1.7310420274734497,1.649999976158142,217972800.0
2014-10-03,1.679789662361145,1.7450000047683716,1.7870830297470093,1.7274999618530271,153676800.0
2014-10-06,1.6683019399642944,1.7804169654846191,1.7949999570846558,1.7385419607162476,147307200.0
2014-10-07,1.5977905988693235,1.7293750047683716,1.7443749904632568,1.6791670322418213,163651200.0
2014-10-08,1.6900887489318848,1.6839580535888672,1.793125033378601,1.652500033378601,213129600.0
2014-10-09,1.6059117317199707,1.7708330154418943,1.7833329439163208,1.682083010673523,223022400.0
2014-10-10,1.4856855869293213,1.6595829725265503,1.6893750429153442,1.562708020210266,296428800.0
2014-10-13,1.416164755821228,1.556249976158142,1.591249942779541,1.4866670370101929,273302400.0
2014-10-14,1.418740153312683,1.5202080011367798,1.5477080345153809,1.477916955947876,370809600.0
2014-10-15,1.3884363174438477,1.4229170083999634,1.4802080392837524,1.359375,485097600.0
2014-10-16,1.3668465614318848,1.3691669702529907,1.4714579582214355,1.3677079677581787,335961600.0
2014-10-17,1.4203239679336548,1.4914580583572388,1.5318750143051147,1.4660420417785645,264350400.0
2014-10-20,1.481526255607605,1.4885419607162476,1.5610419511795044,1.4816670417785645,154464000.0
2014-10-21,1.5973939895629885,1.6143749952316284,1.6802079677581787,1.6041669845581057,211699200.0
2014-10-22,1.5726368427276611,1.6960419416427612,1.7022919654846191,1.650833010673523,187920000.0
2014-10-23,1.6445343494415283,1.7041670083999634,1.7560420036315918,1.695207953453064,169886400.0
2014-10-24,1.6823641061782837,1.7370829582214355,1.7737499475479126,1.71875,170563200.0
2014-10-27,1.6887023448944092,1.760208010673523,1.783750057220459,1.738332986831665,138244800.0
2014-10-28,1.7641656398773191,1.7979170083999634,1.855625033378601,1.7949999570846558,159686400.0
2014-10-29,1.7429720163345337,1.8364579677581787,1.8506250381469729,1.7947920560836792,179404800.0
2014-10-30,1.753866195678711,1.8089580535888672,1.8577079772949217,1.796875,161985600.0
2014-10-31,1.826159238815308,1.937708020210266,1.940417051315308,1.9027080535888672,176371200.0
2014-11-03,1.844975709915161,1.9306249618530276,1.9539580345153809,1.923333048820496,140961600.0
2014-11-04,1.8253675699234009,1.9189579486846924,1.9341670274734497,1.87958300113678,138648000.0
2014-11-05,1.8251696825027464,1.9554170370101929,1.9574999809265137,1.8995829820632932,138744000.0
2014-11-06,1.8408162593841555,1.916875004768372,1.9387500286102293,1.894374966621399,97272000.0
2014-11-07,1.8362607955932615,1.9479169845581052,1.950000047683716,1.902500033378601,110812800.0
2014-11-10,1.8550769090652464,1.9341670274734497,1.9600000381469729,1.9191670417785645,103372800.0
2014-11-11,1.872705101966858,1.9541670083999636,1.9700000286102293,1.9379169940948489,105619200.0
2014-11-12,1.8830039501190183,1.946666955947876,1.986875057220459,1.946666955947876,96201600.0
2014-11-13,1.9071683883666992,1.9914580583572388,2.0285420417785645,1.9787499904632568,182164800.0
2014-11-14,1.924795627593994,2.005000114440918,2.024583101272583,1.9850000143051147,114816000.0
2014-11-17,1.9067721366882324,2.0102078914642334,2.024167060852051,1.978124976158142,141355200.0
2014-11-18,1.9495539665222168,2.0118749141693115,2.059375047683716,2.011667013168335,111820800.0
2014-11-19,1.924795627593994,2.0447919368743896,2.0447919368743896,1.9958330392837524,148809600.0
2014-11-20,1.950345754623413,1.9977079629898071,2.055624961853028,1.9927079677581787,99556800.0
2014-11-21,1.9644089937210083,2.105833053588867,2.110832929611206,2.043333053588867,152947200.0
2014-11-24,2.0087757110595703,2.0799999237060547,2.1137499809265137,2.074167013168335,126206400.0
2014-11-25,2.015312433242798,2.1204171180725098,2.1393749713897705,2.104374885559082,151536000.0
2014-11-26,2.056509017944336,2.126667022705078,2.165416955947876,2.119791984558105,105633600.0
2014-11-28,2.087209463119507,2.180624961853028,2.206666946411133,2.17520809173584,72571200.0
2014-12-01,2.010162115097046,2.17520809173584,2.185832977294922,2.0924999713897705,156187200.0
2014-12-02,2.0317506790161133,2.1247920989990234,2.153125047683716,2.1097919940948486,129892800.0
2014-12-03,2.050171136856079,2.152292013168335,2.162292003631592,2.1139578819274902,131942400.0
2014-12-04,2.044031381607056,2.1468749046325684,2.175832986831665,2.123958110809326,154036800.0
2014-12-05,2.0454177856445312,2.162708044052124,2.171041965484619,2.13729190826416,113630400.0
2014-12-08,2.001249313354492,2.133749961853028,2.162292003631592,2.071249961853028,169281600.0
2014-12-09,2.020660638809204,2.030208110809326,2.128541946411133,2.008749961853028,170688000.0
2014-12-10,1.9228150844573972,2.112916946411133,2.12833309173584,2.013124942779541,134529600.0
2014-12-11,1.9529212713241575,2.041666984558105,2.125,2.040208101272583,136032000.0
2014-12-12,1.8883521556854248,1.993957996368408,2.063750028610229,1.9856250286102293,153787200.0
2014-12-15,1.8317058086395264,2.015832901000977,2.037916898727417,1.9068750143051147,235948800.0
2014-12-16,1.7407941818237305,1.8883329629898071,1.972707986831665,1.8302079439163208,212856000.0
2014-12-17,1.834280252456665,1.834583044052124,1.946666955947876,1.828125,182726400.0
2014-12-18,1.9687657356262207,2.014167070388794,2.0708329677581787,1.9979170560836792,186744000.0
2014-12-19,1.990751266479492,2.077083110809326,2.122499942779541,2.0625,154828800.0
2014-12-22,2.009115219116211,2.087291955947876,2.1145830154418945,2.0835421085357666,110457600.0
2014-12-23,1.989899754524231,2.1362500190734863,2.136457920074463,2.0824999809265137,115920000.0
2014-12-24,1.994059681892395,2.099375009536743,2.118957996368408,2.093333005905152,43982400.0
2014-12-26,2.0344719886779785,2.112499952316284,2.1524999141693115,2.112292051315308,86088000.0
2014-12-29,2.034867763519287,2.133749961853028,2.1516671180725098,2.129167079925537,62328000.0
2014-12-30,1.9928712844848635,2.118957996368408,2.134166955947876,2.086250066757202,123859200.0
2014-12-31,1.9304701089859009,2.104374885559082,2.1302080154418945,2.0210421085357666,117091200.0
2015-01-02,1.9146226644515991,2.059375047683716,2.0860419273376465,1.982499957084656,122227200.0
2015-01-05,1.8284496068954468,1.984375,1.9916670322418213,1.90625,127017600.0
2015-01-06,1.7559455633163452,1.929792046546936,1.9410419464111328,1.820207953453064,168643200.0
2015-01-07,1.823496460914612,1.8818750381469729,1.9299999475479128,1.8691669702529907,137467200.0
2015-01-08,1.9274979829788208,1.9670829772949217,2.0385420322418213,1.9604170322418213,144936000.0
2015-01-09,1.888473629951477,2.046041965484619,2.048332929611206,1.9522919654846191,181420800.0
2015-01-12,1.8304301500320437,1.9993749856948853,2.0045828819274902,1.909167051315308,165254400.0
2015-01-13,1.8288453817367556,1.979375004768372,2.041249990463257,1.8770829439163208,199708800.0
2015-01-14,1.800715684890747,1.862292051315308,1.919374942779541,1.8404170274734497,216148800.0
2015-01-15,1.729202151298523,1.915416955947876,1.926041960716248,1.810624957084656,196012800.0
2015-01-16,1.7908101081848145,1.8095829486846924,1.8879170417785645,1.800624966621399,141796800.0
2015-01-20,1.8304301500320437,1.9149999618530276,1.938958048820496,1.8508330583572388,141892800.0
2015-01-21,1.858559846878052,1.9075000286102293,1.9808330535888672,1.8883329629898071,133531200.0
2015-01-22,1.9619678258895876,1.9791669845581052,2.0687499046325684,1.9266669750213623,162657600.0
2015-01-23,1.9750418663024905,2.063333034515381,2.0956249237060547,2.0445830821990967,142358400.0
2015-01-26,1.9706839323043823,2.0708329677581787,2.081249952316284,2.037916898727417,100804800.0
2015-01-27,1.8181480169296265,1.9739580154418943,1.975208044052124,1.8883329629898071,223987200.0
2015-01-28,1.7868491411209106,1.9997919797897337,2.0062499046325684,1.877917051315308,188928000.0
2015-01-29,1.838552713394165,1.8727079629898071,1.942916989326477,1.825000047683716,176558400.0
2015-01-30,1.7963577508926392,1.9268749952316284,1.971874952316284,1.880416989326477,218222400.0
2015-02-02,1.843504905700684,1.8993749618530276,1.941666960716248,1.8120830059051516,198844800.0
2015-02-03,1.8938223123550413,1.955000042915344,1.9964580535888672,1.9204169511795044,182332800.0
2015-02-04,1.8888691663742063,1.9666670560836792,2.0266671180725098,1.954583048820496,124632000.0
2015-02-05,1.9389888048172,2.000624895095825,2.041874885559082,1.988332986831665,100324800.0
2015-02-06,1.9037266969680784,2.047916889190674,2.061458110809326,1.97979199886322,123528000.0
2015-02-09,1.8827283382415767,1.978124976158142,2.009582996368408,1.9677079916000368,95793600.0
2015-02-10,1.9728635549545288,2.016458034515381,2.082292079925537,2.0054171085357666,119256000.0
2015-02-11,1.995050311088562,2.082292079925537,2.110832929611206,2.069582939147949,121852800.0
2015-02-12,2.064780712127685,2.1358330249786377,2.1722919940948486,2.128541946411133,153100800.0
2015-02-13,2.1168806552886963,2.188750028610229,2.2266669273376465,2.1770830154418945,120897600.0
2015-02-17,2.1226260662078857,2.225832939147949,2.236042022705078,2.209791898727417,82728000.0
2015-02-18,2.1317381858825684,2.224792003631592,2.2445828914642334,2.214582920074463,70478400.0
2015-02-19,2.163830041885376,2.2364580631256104,2.2789580821990967,2.235416889190674,75590400.0
2015-02-20,2.205430746078491,2.2702078819274902,2.323957920074463,2.2487499713897705,90772800.0
2015-02-23,2.2141475677490234,2.3179171085357666,2.328749895095825,2.3014578819274902,78974400.0
2015-02-24,2.218703269958496,2.31833291053772,2.340208053588867,2.2972919940948486,104601600.0
2015-02-25,2.200873851776123,2.321042060852051,2.3485419750213623,2.299375057220459,112550400.0
2015-02-26,2.234352827072144,2.321249961853028,2.352708101272583,2.3020830154418945,116337600.0
2015-02-27,2.20483660697937,2.34708309173584,2.351249933242798,2.307499885559082,88790400.0
2015-03-02,2.2642662525177,2.331249952316284,2.383125066757202,2.3302080631256104,89044800.0
2015-03-03,2.2317779064178467,2.360416889190674,2.366874933242798,2.302917003631592,128390400.0
2015-03-04,2.207016706466675,2.32479190826416,2.3343749046325684,2.281874895095825,116640000.0
2015-03-05,2.216722249984741,2.338749885559082,2.353125095367432,2.3041670322418213,92347200.0
2015-03-06,2.1404545307159424,2.324583053588867,2.337291955947876,2.235208034515381,149726400.0
2015-03-09,2.1610560417175293,2.267082929611206,2.288749933242798,2.238542079925537,113270400.0
2015-03-10,2.041405439376831,2.222707986831665,2.2239580154418945,2.1458330154418945,191966400.0
2015-03-11,2.0055501461029053,2.152708053588867,2.162708044052124,2.106250047683716,223152000.0
2015-03-12,2.043980360031128,2.103125095367432,2.157291889190674,2.099375009536743,122390400.0
2015-03-13,2.017633438110352,2.14395809173584,2.169374942779541,2.081666946411133,198115200.0
2015-03-16,2.0948920249938965,2.1454169750213623,2.204166889190674,2.1383330821990967,114960000.0
2015-03-17,2.1065797805786133,2.18416690826416,2.2239580154418945,2.1697919368743896,97363200.0
2015-03-18,2.1671979427337646,2.196458101272583,2.3087499141693115,2.1614580154418945,167822400.0
2015-03-19,2.177696704864502,2.28708291053772,2.307291984558105,2.276041984558105,111384000.0
2015-03-20,2.222862958908081,2.344791889190674,2.3672919273376465,2.3327078819274902,104812800.0
2015-03-23,2.204242706298828,2.3304169178009038,2.3489580154418945,2.3179171085357666,99235200.0
2015-03-24,2.181857109069824,2.3177080154418945,2.350832939147949,2.293333053588867,92980800.0
2015-03-25,2.029721975326538,2.306457996368408,2.3102080821990967,2.134375095367432,175886400.0
2015-03-26,2.013080358505249,2.084167003631592,2.150624990463257,2.062707901000977,196560000.0
2015-03-27,2.0324959754943848,2.11270809173584,2.154582977294922,2.1039578914642334,98544000.0
2015-03-30,2.1056013107299805,2.180417060852051,2.218333005905152,2.178957939147949,151214400.0
2015-03-31,2.0404202938079834,2.193958044052124,2.208125114440918,2.141458034515381,124507200.0
2015-04-01,2.005948066711426,2.1427080631256104,2.1427080631256104,2.0677080154418945,175876800.0
2015-04-02,2.009315252304077,2.113542079925537,2.1333329677581787,2.092708110809326,110577600.0
2015-04-06,2.0576562881469727,2.07479190826416,2.1820828914642334,2.066041946411133,150945600.0
2015-04-07,2.048146724700928,2.1610419750213623,2.2083330154418945,2.1535420417785645,114691200.0
2015-04-08,2.09688401222229,2.155416965484619,2.213541984558105,2.154582977294922,169142400.0
2015-04-09,2.135913610458374,2.2029170989990234,2.2477080821990967,2.178957939147949,110928000.0
2015-04-10,2.161470651626587,2.2456250190734863,2.273750066757202,2.2289578914642334,113385600.0
2015-04-13,2.1454226970672607,2.2789580821990967,2.3129169940948486,2.2481250762939453,115200000.0
2015-04-14,2.1269989013671875,2.251041889190674,2.2679169178009038,2.1985421180725098,168974400.0
2015-04-15,2.164640188217163,2.25583291053772,2.2925000190734863,2.245832920074463,95356800.0
2015-04-16,2.157111644744873,2.2608330249786377,2.280416965484619,2.250207901000977,90888000.0
2015-04-17,2.056270122528076,2.203749895095825,2.222291946411133,2.133749961853028,186427200.0
2015-04-20,2.1481966972351074,2.195625066757202,2.270625114440918,2.1920828819274902,142195200.0
2015-04-21,2.1757352352142334,2.2991669178009038,2.309999942779541,2.280416965484619,127387200.0
2015-04-22,2.211000204086304,2.305624961853028,2.3364579677581787,2.2618749141693115,121915200.0
2015-04-23,2.2375481128692627,2.302917003631592,2.3829169273376465,2.3006250858306885,131001600.0
2015-04-24,2.325115919113159,2.425416946411133,2.4568750858306885,2.414999961853028,142416000.0
2015-04-27,2.310257196426392,2.4749999046325684,2.4881250858306885,2.4131250381469727,161160000.0
2015-04-28,2.29520034790039,2.43416690826416,2.447916984558105,2.353125095367432,171753600.0
2015-04-29,2.2514162063598637,2.3731250762939453,2.415416955947876,2.329375028610229,193953600.0
2015-04-30,2.145621061325073,2.328125,2.3572919368743896,2.2210419178009038,308169600.0
2015-05-01,2.2323973178863525,2.282083034515381,2.34958291053772,2.28125,190012800.0
2015-05-04,2.240321159362793,2.366874933242798,2.400624990463257,2.353125095367432,131971200.0
2015-05-05,2.134130954742432,2.329375028610229,2.342292070388794,2.238542079925537,280694400.0
2015-05-06,2.0885634422302246,2.253541946411133,2.2729170322418213,2.150207996368408,213398400.0
2015-05-07,2.124422073364258,2.193958044052124,2.252500057220459,2.188333034515381,168619200.0
2015-05-08,2.2022831439971924,2.303333044052124,2.332292079925537,2.292917013168335,178377600.0
2015-05-11,2.178112506866455,2.3222920894622803,2.336667060852051,2.2858328819274902,139027200.0
2015-05-12,2.149979591369629,2.249375104904175,2.2939579486846924,2.198124885559082,190334400.0
2015-05-13,2.161074161529541,2.290208101272583,2.324167013168335,2.263124942779541,132499200.0
2015-05-14,2.256765604019165,2.329375028610229,2.377917051315308,2.303333044052124,176832000.0
2015-05-15,2.2565672397613525,2.391875028610229,2.4004170894622803,2.3550000190734863,146505600.0
2015-05-18,2.2843034267425537,2.3612499237060547,2.416874885559082,2.355417013168335,110587200.0
2015-05-19,2.2777655124664307,2.4114580154418945,2.4216670989990234,2.383958101272583,98577600.0
2015-05-20,2.2815306186676025,2.400624990463257,2.4422919750213623,2.361875057220459,111264000.0
2015-05-21,2.317389965057373,2.387500047683716,2.446042060852051,2.376667022705078,92222400.0
2015-05-22,2.311049461364746,2.428541898727417,2.455625057220459,2.4237499237060547,79819200.0
2015-05-26,2.231010913848877,2.412916898727417,2.422916889190674,2.3170828819274902,140457600.0
2015-05-27,2.3383898735046387,2.366457939147949,2.466249942779541,2.351875066757202,134289600.0
2015-05-28,2.3211538791656494,2.443958044052124,2.461250066757202,2.419374942779541,90643200.0
2015-05-29,2.281926155090332,2.436666965484619,2.4472920894622803,2.381666898727417,106060800.0
2015-06-01,2.301936388015747,2.4372920989990234,2.441457986831665,2.363332986831665,137160000.0
2015-06-02,2.280935764312744,2.3952078819274902,2.434375047683716,2.3597919940948486,131462400.0
2015-06-03,2.300945520401001,2.4327080249786377,2.447499990463257,2.40291690826416,117067200.0
2015-06-04,2.250821590423584,2.380000114440918,2.425416946411133,2.342916965484619,185702400.0
2015-06-05,2.23378324508667,2.3564579486846924,2.3731250762939453,2.305624961853028,138590400.0
2015-06-08,2.165432929992676,2.344374895095825,2.3499999046325684,2.2627079486846924,144422400.0
2015-06-09,2.154734373092652,2.260416984558105,2.2895829677581787,2.2139580249786377,153000000.0
2015-06-10,2.2401225566864014,2.287916898727417,2.377500057220459,2.280833005905152,154766400.0
2015-06-11,2.2524073123931885,2.38083291053772,2.400624990463257,2.3556249141693115,117081600.0
2015-06-12,2.195150375366211,2.329792022705078,2.344791889190674,2.3006250858306885,120897600.0
2015-06-15,2.164838552474976,2.2579169273376465,2.2860419750213623,2.218333005905152,200884800.0
2015-06-16,2.1979238986968994,2.266249895095825,2.323124885559082,2.264583110809326,101265600.0
2015-06-17,2.2163493633270264,2.323957920074463,2.3535420894622803,2.2864580154418945,168388800.0
2015-06-18,2.3100602626800537,2.350208044052124,2.444166898727417,2.348750114440918,162628800.0
2015-06-19,2.2747936248779297,2.436042070388794,2.442500114440918,2.392082929611206,84628800.0
2015-06-22,2.329672813415528,2.44979190826416,2.4714579582214355,2.433542013168335,131716800.0
2015-06-23,2.335418224334717,2.4583330154418945,2.462500095367432,2.424792051315308,114907200.0
2015-06-24,2.2995591163635254,2.446458101272583,2.477499961853028,2.415832996368408,84902400.0
2015-06-25,2.2845029830932617,2.445208072662353,2.452708005905152,2.3910419940948486,85204800.0
2015-06-26,2.2421040534973145,2.400207996368408,2.417707920074463,2.328332901000977,131904000.0
2015-06-29,2.0836102962493896,2.274583101272583,2.316667079925537,2.186458110809326,273744000.0
2015-06-30,2.107384204864502,2.2366669178009038,2.251041889190674,2.191457986831665,176793600.0
2015-07-01,2.15057373046875,2.276041984558105,2.290416955947876,2.233333110809326,141624000.0
2015-07-02,2.1586971282958984,2.281874895095825,2.2891669273376465,2.2452080249786377,105523200.0
2015-07-06,2.140470266342163,2.2231249809265137,2.2885420322418213,2.2083330154418945,131808000.0
2015-07-07,2.1513671875,2.2572920322418213,2.2729170322418213,2.133542060852051,250329600.0
2015-07-08,2.0435895919799805,2.217292070388794,2.225832939147949,2.1358330249786377,184881600.0
2015-07-09,2.0376460552215576,2.235625028610229,2.237916946411133,2.1427080631256104,125260800.0
2015-07-10,2.1323471069335938,2.2249999046325684,2.266666889190674,2.2058329582214355,123259200.0
2015-07-13,2.241312026977539,2.2989580631256104,2.365833044052124,2.298542022705078,104860800.0
2015-07-14,2.286285400390625,2.3702080249786377,2.42520809173584,2.366457939147949,102201600.0
2015-07-15,2.2971816062927246,2.417917013168335,2.441667079925537,2.3933329582214355,119140800.0
2015-07-16,2.3869287967681885,2.4739580154418945,2.516666889190674,2.459167003631592,139680000.0
2015-07-17,2.496093273162842,2.5760419368743896,2.625,2.5643749237060547,143328000.0
2015-07-20,2.524026870727539,2.646667003631592,2.6829171180725098,2.6195828914642334,95889600.0
2015-07-21,2.51709246635437,2.6583330631256104,2.6689579486846924,2.625833034515381,87408000.0
2015-07-22,2.434476852416992,2.52791690826416,2.596874952316284,2.5274999141693115,108388800.0
2015-07-23,2.4053540229797363,2.567500114440918,2.591249942779541,2.510416984558105,96782400.0
2015-07-24,2.337003231048584,2.568958044052124,2.57479190826416,2.4454169273376465,106473600.0
2015-07-27,2.276973247528076,2.413749933242798,2.445625066757202,2.379167079925537,120624000.0
2015-07-28,2.337003231048584,2.428541898727417,2.4710419178009038,2.369374990463257,155596800.0
2015-07-29,2.3631551265716557,2.471874952316284,2.500624895095825,2.444166898727417,121737600.0
2015-07-30,2.3960421085357666,2.467292070388794,2.5316669940948486,2.422916889190674,137044800.0
2015-07-31,2.388711929321289,2.542707920074463,2.546875,2.4945828914642334,109036800.0
2015-08-03,2.3667213916778564,2.5133330821990967,2.532500028610229,2.4375,147734400.0
2015-08-04,2.3514657020568848,2.4816670417785645,2.4962499141693115,2.4412500858306885,141350400.0
2015-08-05,2.406543016433716,2.5137500762939453,2.578749895095825,2.505625009536743,127411200.0
2015-08-06,2.2910406589508057,2.5356249809265137,2.5466670989990234,2.374375104904175,175296000.0
2015-08-07,2.281926155090332,2.390625,2.4160420894622803,2.3391671180725098,160176000.0
2015-08-10,2.358994245529175,2.4447920322418213,2.49666690826416,2.4447920322418213,133804800.0
2015-08-11,2.269048929214477,2.440624952316284,2.470207929611206,2.345417022705078,173289600.0
2015-08-12,2.289058208465576,2.3379170894622803,2.424375057220459,2.2602078914642334,224347200.0
2015-08-13,2.2787563800811768,2.416666984558105,2.4510419368743896,2.382499933242798,140659200.0
2015-08-14,2.2910406589508057,2.3802080154418945,2.418750047683716,2.367083072662353,145982400.0
2015-08-17,2.3473052978515625,2.390625,2.470207929611206,2.3729169368743896,125356800.0
2015-08-18,2.3098604679107666,2.454375028610229,2.464582920074463,2.421250104904175,108998400.0
2015-08-19,2.266472578048706,2.40625,2.446666955947876,2.3408329486846924,235516800.0
2015-08-20,2.079845905303955,2.316667079925537,2.3389580249786377,2.183542013168335,300019200.0
2015-08-21,1.8211032152175903,2.09375,2.1468749046325684,1.9149999618530276,380289600.0
2015-08-24,1.6053524017333984,1.5635420083999634,1.9058330059051516,1.3604170083999634,392716800.0
2015-08-25,1.5841537714004517,1.8645830154418943,1.898542046546936,1.6583329439163208,289665600.0
2015-08-26,1.8127827644348145,1.8081250190734863,1.9202079772949217,1.701457977294922,285019200.0
2015-08-27,1.954436421394348,1.9958330392837524,2.059375047683716,1.923542022705078,485952000.0
2015-08-28,1.952852249145508,2.0225000381469727,2.075000047683716,2.009166955947876,214094400.0
2015-08-31,1.880340933799744,2.019792079925537,2.0531249046325684,1.962499976158142,206870400.0
2015-09-01,1.7097609043121338,1.8287500143051147,1.919374942779541,1.767292022705078,313862400.0
2015-09-02,1.8488399982452397,1.8891669511795044,1.9441670179367063,1.8268749713897705,180278400.0
2015-09-03,1.818329215049744,1.9679169654846191,2.00583291053772,1.898332953453064,223224000.0
2015-09-04,1.7575074434280396,1.8354170322418213,1.884166955947876,1.814375042915344,279643200.0
2015-09-08,1.9066907167434688,1.9529169797897337,2.009375095367432,1.929792046546936,225350400.0
2015-09-09,1.840320706367493,2.0737500190734863,2.07479190826416,1.9191670417785645,281284800.0
2015-09-10,1.8991615772247317,1.927291989326477,2.0360419750213623,1.9204169511795044,247161600.0
2015-09-11,1.9298702478408811,1.970417022705078,2.0293750762939453,1.953125,189720000.0
2015-09-14,1.9126343727111816,2.0520830154418945,2.05270791053772,1.9891669750213623,176664000.0
2015-09-15,1.9793988466262815,2.026249885559082,2.101875066757202,2.004167079925537,152654400.0
2015-09-16,2.0124857425689697,2.085624933242798,2.123958110809326,2.0625,140414400.0
2015-09-17,2.018032550811768,2.1139578819274902,2.215625047683716,2.09375,242361600.0
2015-09-18,1.9326441287994385,2.024791955947876,2.1045830249786377,2.0202078819274902,272342400.0
2015-09-21,1.949087381362915,2.063333034515381,2.0991671085357666,1.9947919845581052,200313600.0
2015-09-22,1.863104462623596,1.954792022705078,1.9770829677581787,1.90166699886322,283795200.0
2015-09-23,1.8660765886306765,1.972916960716248,1.988332986831665,1.931249976158142,223761600.0
2015-09-24,1.844480872154236,1.904374957084656,1.9620829820632932,1.8541669845581052,293836800.0
2015-09-25,1.7997066974639893,2.0054171085357666,2.008125066757202,1.85479199886322,283824000.0
2015-09-28,1.6445798873901367,1.8662500381469729,1.869583010673523,1.7127079963684082,360057600.0
2015-09-29,1.6202113628387451,1.7418750524520874,1.7947920560836792,1.6649999618530271,365750400.0
2015-09-30,1.7273931503295898,1.7745829820632937,1.825000047683716,1.7541669607162476,333864000.0
2015-10-01,1.7515639066696167,1.8279169797897337,1.8431249856948853,1.7558330297470093,219264000.0
2015-10-02,1.8424999713897705,1.7679170370101929,1.9397920370101929,1.75,317404800.0
2015-10-05,1.926501750946045,1.9827079772949217,2.038332939147949,1.9700000286102293,208152000.0
2015-10-06,1.898963928222656,2.0110421180725098,2.028749942779541,1.9464579820632932,230121600.0
2015-10-07,1.929473876953125,2.032500028610229,2.0431249141693115,1.953333020210266,253108800.0
2015-10-08,1.9530500173568728,2.0072920322418213,2.0645830631256104,1.948125004768372,291873600.0
2015-10-09,1.9768240451812744,2.056457996368408,2.09375,2.040208101272583,175224000.0
2015-10-12,1.9934662580490112,2.094583034515381,2.108541965484619,2.071458101272583,152539200.0
2015-10-13,1.954436421394348,2.0604169368743896,2.124375104904175,2.049999952316284,212966400.0
2015-10-14,1.9461153745651243,2.055833101272583,2.086874961853028,2.0199999809265137,183331200.0
2015-10-15,2.041212797164917,2.068542003631592,2.1468749046325684,2.0606250762939453,214569600.0
2015-10-16,2.0665721893310547,2.1606249809265137,2.1770830154418945,2.129167079925537,132643200.0
2015-10-19,2.103619337081909,2.1631250381469727,2.215625047683716,2.151041984558105,163622400.0
2015-10-20,2.068751811981201,2.1987500190734863,2.213541984558105,2.154582977294922,145252800.0
2015-10-21,2.035467624664306,2.209583044052124,2.2158329486846924,2.134166955947876,176496000.0
2015-10-22,2.156121730804444,2.193958044052124,2.272707939147949,2.1756250858306885,259752000.0
2015-10-23,2.335418224334717,2.4502079486846924,2.485625028610229,2.4135420322418213,204057600.0
2015-10-26,2.342352390289306,2.452708005905152,2.4766669273376465,2.424999952316284,119889600.0
2015-10-27,2.3576080799102783,2.443125009536743,2.487916946411133,2.441041946411133,104462400.0
2015-10-28,2.4122886657714844,2.490417003631592,2.538332939147949,2.428957939147949,208958400.0
2015-10-29,2.4033732414245605,2.5037500858306885,2.5395829677581787,2.496458053588867,99825600.0
2015-10-30,2.3704848289489746,2.530625104904175,2.543750047683716,2.492500066757202,120072000.0
2015-11-02,2.451317548751831,2.5112500190734863,2.5860419273376465,2.4972920417785645,110601600.0
2015-11-03,2.474696397781372,2.561875104904175,2.632082939147949,2.549999952316284,123624000.0
2015-11-04,2.475685834884644,2.628124952316284,2.635416984558105,2.5722920894622803,145833600.0
2015-11-05,2.4538936614990234,2.6112499237060547,2.6304171085357666,2.542917013168335,142252800.0
2015-11-06,2.4620156288146973,2.569582939147949,2.597291946411133,2.518542051315308,136248000.0
2015-11-09,2.3827686309814453,2.558958053588867,2.5693750381469727,2.4579169750213623,151315200.0
2015-11-10,2.365928888320923,2.465625047683716,2.493124961853028,2.4437499046325684,98721600.0
2015-11-11,2.355428457260132,2.5068750381469727,2.542707920074463,2.464582920074463,100828800.0
2015-11-12,2.2870779037475586,2.444999933242798,2.4822919368743896,2.399583101272583,137928000.0
2015-11-13,2.152555465698242,2.3747920989990234,2.3818750381469727,2.259582996368408,197697600.0
2015-11-16,2.242302894592285,2.256042003631592,2.3614580631256104,2.24020791053772,185544000.0
2015-11-17,2.250029325485229,2.3722920417785645,2.415832996368408,2.346874952316284,221414400.0
2015-11-18,2.37900447845459,2.3927080631256104,2.5083329677581787,2.386457920074463,196276800.0
2015-11-19,2.382570743560791,2.50583291053772,2.540416955947876,2.492500066757202,103958400.0
2015-11-20,2.4299204349517822,2.540416955947876,2.5625,2.534167051315308,101995200.0
2015-11-23,2.4103071689605717,2.558332920074463,2.587500095367432,2.5022919178009038,112876800.0
2015-11-24,2.4027793407440186,2.485416889190674,2.5456249713897705,2.446458101272583,132494400.0
2015-11-25,2.408127546310425,2.5364580154418945,2.548332929611206,2.518749952316284,55977600.0
2015-11-27,2.416844606399536,2.550416946411133,2.559999942779541,2.518749952316284,27206400.0
2015-11-30,2.401590585708618,2.5668749809265137,2.5672919750213623,2.5004169940948486,93273600.0
2015-12-01,2.472912311553955,2.5537500381469727,2.600416898727417,2.5456249713897705,117043200.0
2015-12-02,2.4279396533966064,2.605417013168335,2.6404170989990234,2.539792060852051,122092800.0
2015-12-03,2.3041160106658936,2.5733330249786377,2.584791898727417,2.37833309173584,225912000.0
2015-12-04,2.4624125957489014,2.443542003631592,2.604166984558105,2.4291670322418213,173289600.0
2015-12-07,2.432297706604004,2.59708309173584,2.601875066757202,2.519792079925537,138451200.0
2015-12-08,2.4324967861175537,2.4766669273376465,2.58145809173584,2.4735419750213623,162600000.0
2015-12-09,2.3191730976104736,2.521667003631592,2.565000057220459,2.3952078819274902,289732800.0
2015-12-10,2.352060079574585,2.45645809173584,2.521667003631592,2.434999942779541,162926400.0
2015-12-11,2.1907918453216557,2.3877079486846924,2.406874895095825,2.298332929611206,294873600.0
2015-12-14,2.2399260997772217,2.313750028610229,2.3575000762939453,2.2141671180725098,232344000.0
2015-12-15,2.2779641151428223,2.415832996368408,2.458125114440918,2.3887500762939453,191558400.0
2015-12-16,2.378607988357544,2.446042060852051,2.5160419940948486,2.3729169368743896,196512000.0
2015-12-17,2.279549121856689,2.53458309173584,2.5366671085357666,2.39395809173584,189513600.0
2015-12-18,2.154339075088501,2.3712499141693115,2.388124942779541,2.260416984558105,204955200.0
2015-12-21,2.218329668045044,2.321458101272583,2.3329169750213623,2.270625114440918,128059200.0
2015-12-22,2.260331392288208,2.3691670894622803,2.38729190826416,2.3318750858306885,134044800.0
2015-12-23,2.3120405673980717,2.4141669273376465,2.434999942779541,2.401041984558105,109896000.0
2015-12-24,2.3072855472564697,2.4291670322418213,2.4487500190734863,2.424999952316284,48480000.0
2015-12-28,2.3066914081573486,2.409167051315308,2.4256250858306885,2.3581249713897705,102672000.0
2015-12-29,2.4118924140930176,2.467708110809326,2.554583072662353,2.462707996368408,145305600.0
2015-12-30,2.3502769470214844,2.5316669940948486,2.534791946411133,2.469583034515381,89592000.0
2015-12-31,2.2631053924560547,2.444582939147949,2.4577078819274902,2.3770830631256104,175905600.0
2016-01-04,2.1248183250427246,2.221250057220459,2.234375,2.1404170989990234,265867200.0
2016-01-05,2.105799674987793,2.260416984558105,2.2693750858306885,2.18416690826416,132326400.0
2016-01-06,2.049335479736328,2.103749990463257,2.188541889190674,2.100832939147949,243787200.0
2016-01-07,1.854387044906616,2.014583110809326,2.09375,1.947082996368408,340348800.0
2016-01-08,1.8106026649475095,1.992292046546936,2.0285420417785645,1.89520800113678,331819200.0
2016-01-11,1.8264524936676023,1.943542003631592,1.9589580297470093,1.831249952316284,336177600.0
2016-01-12,1.888067603111267,1.9722919464111328,2.015208005905152,1.9041670560836792,317520000.0
2016-01-13,1.690543293952942,2.009375095367432,2.023333072662353,1.7708330154418943,413400000.0
2016-01-14,1.7999043464660645,1.8002079725265503,1.940624952316284,1.7145830392837524,363417600.0
2016-01-15,1.634475827217102,1.7037500143051147,1.7770830392837524,1.644374966621399,564715200.0
2016-01-19,1.6414103507995603,1.7860419750213623,1.7941670417785645,1.6668750047683716,259228800.0
2016-01-20,1.6265515089035034,1.6449999809265137,1.7662500143051147,1.5320830345153809,554697600.0
2016-01-21,1.6324950456619265,1.731874942779541,1.7918750047683716,1.6637500524520874,338112000.0
2016-01-22,1.7731584310531616,1.8177080154418943,1.8674999475479128,1.802291989326477,286881600.0
2016-01-25,1.6933168172836304,1.847916960716248,1.876875042915344,1.7770830392837524,277084800.0
2016-01-26,1.7416576147079468,1.8041670322418213,1.853124976158142,1.757917046546936,243038400.0
2016-01-27,1.612087965011597,1.7981250286102295,1.8210419416427608,1.6708329916000366,358315200.0
2016-01-28,1.6756842136383057,1.774791955947876,1.7791670560836792,1.677291989326477,315571200.0
2016-01-29,1.7848479747772217,1.7660419940948486,1.876875042915344,1.7614580392837524,257716800.0
2016-02-01,1.7949519157409668,1.846250057220459,1.9112499952316284,1.8260420560836792,228240000.0
2016-02-02,1.681033492088318,1.8652080297470093,1.8652080297470093,1.7504169940948486,256867200.0
2016-02-03,1.6572589874267578,1.8010419607162476,1.80145800113678,1.6487499475479126,471302400.0
2016-02-04,1.6542872190475464,1.7254170179367063,1.7822920083999634,1.6802079677581787,284035200.0
2016-02-05,1.484103798866272,1.7229169607162476,1.7245830297470093,1.5412499904632568,429777600.0
2016-02-08,1.4163475036621094,1.4735419750213623,1.507917046546936,1.4029170274734497,514963200.0
2016-02-09,1.3999035358428955,1.4279170036315918,1.541458010673523,1.4212499856948853,459494400.0
2016-02-10,1.4165453910827637,1.5260419845581057,1.5816669464111328,1.4872920513153076,375528000.0
2016-02-11,1.4131780862808228,1.4333330392837524,1.5189579725265503,1.4204169511795044,477076800.0
2016-02-12,1.4734059572219849,1.5325000286102295,1.5558329820632937,1.492082953453064,316430400.0
2016-02-16,1.571474313735962,1.621250033378601,1.652500033378601,1.5910420417785645,299313600.0
2016-02-17,1.6800432205200195,1.6943750381469729,1.7756249904632568,1.6791670322418213,365232000.0
2016-02-18,1.6229854822158811,1.7854169607162476,1.7860419750213623,1.7010420560836792,257899200.0
2016-02-19,1.6398249864578247,1.687291979789734,1.7387499809265137,1.6712499856948853,238934400.0
2016-02-22,1.7172890901565552,1.7712500095367432,1.8118749856948853,1.7662500143051147,248265600.0
2016-02-23,1.631701946258545,1.7739579677581787,1.7893749475479126,1.7141669988632202,267825600.0
2016-02-24,1.6802412271499634,1.6577080488204956,1.7729170322418213,1.6258330345153809,350558400.0
2016-02-25,1.726601004600525,1.7785420417785645,1.8177080154418943,1.7302080392837524,259598400.0
2016-02-26,1.7226383686065674,1.8570829629898071,1.8614579439163208,1.7991670370101929,248577600.0
2016-02-29,1.6770718097686768,1.8072919845581052,1.847707986831665,1.7635420560836792,229968000.0
2016-03-01,1.8375475406646729,1.8118749856948853,1.9327080249786377,1.7975000143051147,311136000.0
2016-03-02,1.839528203010559,1.924999952316284,1.9364579916000368,1.8897919654846191,193972800.0
2016-03-03,1.8292264938354488,1.9293750524520876,1.931041955947876,1.882707953453064,206596800.0
2016-03-04,1.832396149635315,1.9308329820632932,1.963750004768372,1.888124942779541,237844800.0
2016-03-07,1.7983198165893557,1.896875023841858,1.9306249618530276,1.8493750095367432,189124800.0
2016-03-08,1.7507717609405518,1.8508330583572388,1.9010419845581052,1.8337500095367432,212563200.0
2016-03-09,1.784253478050232,1.865833044052124,1.87958300113678,1.8333330154418943,208344000.0
2016-03-10,1.7775174379348757,1.90625,1.9345829486846924,1.7972919940948486,343454400.0
2016-03-11,1.869642734527588,1.929582953453064,1.9681249856948853,1.9131250381469729,169660800.0
2016-03-14,1.880538821220398,1.9462499618530276,1.992082953453064,1.943958044052124,157166400.0
2016-03-15,1.8793500661849976,1.9574999809265137,1.9816670417785645,1.937708020210266,193118400.0
2016-03-16,1.9272950887680051,1.9587500095367432,2.04354190826416,1.9587500095367432,176457600.0
2016-03-17,1.9217472076416016,2.0112500190734863,2.038958072662353,1.9877079725265503,127507200.0
2016-03-18,1.9328421354293823,2.0374999046325684,2.0495829582214355,2.0022919178009038,147537600.0
2016-03-21,1.9558242559432983,2.023750066757202,2.063541889190674,2.019792079925537,136008000.0
2016-03-22,1.9732578992843628,2.023333072662353,2.090625047683716,2.02145791053772,127214400.0
2016-03-23,1.9263043403625488,2.063957929611206,2.068542003631592,2.011457920074463,154454400.0
2016-03-24,1.9257097244262693,1.9927079677581787,2.028749942779541,1.9854170083999636,127022400.0
2016-03-28,1.9187753200531008,2.045417070388794,2.045833110809326,2.0079169273376465,129384000.0
2016-03-29,2.010504722595215,2.006666898727417,2.118750095367432,1.996875047683716,179793600.0
2016-03-30,2.0406177043914795,2.152708053588867,2.1856250762939453,2.132082939147949,209884800.0
2016-03-31,2.028730869293213,2.1410419940948486,2.164999961853028,2.126457929611206,118521600.0
2016-04-01,2.09628963470459,2.100832939147949,2.2068750858306885,2.0889580249786377,163022400.0
2016-04-04,2.070336103439331,2.2010419368743896,2.2083330154418945,2.163958072662353,136632000.0
2016-04-05,2.014665126800537,2.1272919178009038,2.1524999141693115,2.1075000762939453,146841600.0
2016-04-06,2.1111481189727783,2.125,2.221667051315308,2.1229169368743896,182088000.0
2016-04-07,2.02001428604126,2.182291984558105,2.193125009536743,2.0964579582214355,252225600.0
2016-04-08,2.0152595043182373,2.162708044052124,2.17770791053772,2.09708309173584,166243200.0
2016-04-11,1.993663430213928,2.146667003631592,2.1781249046325684,2.094791889190674,137059200.0
2016-04-12,2.0402228832244877,2.100416898727417,2.1600000858306885,2.0612499713897705,182424000.0
2016-04-13,2.119865894317627,2.1977078914642334,2.2397921085357666,2.188957929611206,162182400.0
2016-04-14,2.1212527751922607,2.2297921180725098,2.2552080154418945,2.213124990463257,111240000.0
2016-04-15,2.10500717163086,2.2233328819274902,2.2391669750213623,2.196666955947876,83092800.0
2016-04-18,2.136111259460449,2.195208072662353,2.250833034515381,2.19083309173584,101462400.0
2016-04-19,2.09926176071167,2.268749952316284,2.2708330154418945,2.171875,158582400.0
2016-04-20,2.1044132709503174,2.204582929611206,2.2427079677581787,2.18416690826416,107769600.0
2016-04-21,2.10500717163086,2.211667060852051,2.2366669178009038,2.183542013168335,133473600.0
2016-04-22,2.009711265563965,2.128541946411133,2.157291889190674,2.062083005905152,201321600.0
2016-04-25,2.008127212524414,2.090208053588867,2.112916946411133,2.0818750858306885,96950400.0
2016-04-26,1.9805879592895508,2.123958110809326,2.1368749141693115,2.0629169940948486,109315200.0
2016-04-27,1.933040261268616,2.019582986831665,2.0456249713897705,1.980417013168335,183004800.0
2016-04-28,1.8644914627075195,2.039375066757202,2.0743749141693115,1.946666955947876,160771200.0
2016-04-29,1.8347734212875368,1.9539580345153809,1.9700000286102293,1.881250023841858,191260800.0
2016-05-02,1.8833125829696653,1.941457986831665,1.9893749952316284,1.9177080392837524,118017600.0
2016-05-03,1.8331881761550903,1.938958048820496,1.965000033378601,1.909999966621399,145963200.0
2016-05-04,1.7969326972961426,1.892292022705078,1.9118750095367432,1.8745830059051516,155145600.0
2016-05-05,1.7959424257278442,1.9075000286102293,1.9216669797897337,1.875208020210266,143976000.0
2016-05-06,1.8218952417373655,1.8583329916000368,1.9175000190734863,1.853124976158142,156849600.0
2016-05-09,1.837943196296692,1.9177080392837524,1.9589580297470093,1.9149999618530276,118540800.0
2016-05-10,1.9150115251541135,1.953333020210266,2.015000104904175,1.9433330297470093,116481600.0
2016-05-11,1.862708330154419,2.003957986831665,2.021667003631592,1.9558329582214355,127065600.0
2016-05-12,1.836556315422058,1.974166989326477,1.9777079820632932,1.890833020210266,184742400.0
2016-05-13,1.814367651939392,1.9299999475479128,1.9616669416427608,1.8989579677581787,155966400.0
2016-05-16,1.8843026161193848,1.915624976158142,2.002500057220459,1.9135420322418213,117292800.0
2016-05-17,1.8119902610778809,1.9791669845581052,1.9931249618530276,1.8914580345153809,187228800.0
2016-05-18,1.83259391784668,1.894791960716248,1.9581249952316284,1.8816670179367063,237969600.0
2016-05-19,1.8036692142486568,1.9035420417785645,1.9195829629898071,1.8552080392837524,254097600.0
2016-05-20,1.8638970851898196,1.9197920560836792,1.982499957084656,1.916458010673523,125352000.0
2016-05-23,1.854783654212952,1.965000033378601,1.9870829582214355,1.9464579820632932,86928000.0
2016-05-24,1.968305349349976,1.9839580059051516,2.0760419368743896,1.982499957084656,150004800.0
2016-05-25,2.010702610015869,2.0935420989990234,2.1322920322418213,2.0818750858306885,140846400.0
2016-05-26,2.0275421142578125,2.121458053588867,2.139791965484619,2.1045830249786377,95270400.0
2016-05-27,2.0580532550811768,2.135624885559082,2.165832996368408,2.135416984558105,107140800.0
2016-05-31,2.070336103439331,2.176042079925537,2.1872920989990234,2.144792079925537,112948800.0
2016-06-01,2.0711286067962646,2.157291889190674,2.1918749809265137,2.1514580249786377,100536000.0
2016-06-02,2.08281683921814,2.1631250381469727,2.191457986831665,2.129167079925537,104659200.0
2016-06-03,2.054288148880005,2.17770791053772,2.1816670894622803,2.117917060852051,155529600.0
2016-06-06,2.076279401779175,2.1700000762939453,2.200624942779541,2.1608328819274902,85996800.0
2016-06-07,2.061619281768799,2.190417051315308,2.1937499046325684,2.163749933242798,77107200.0
2016-06-08,2.0707321166992188,2.1797919273376465,2.1912500858306885,2.1541669368743896,82262400.0
2016-06-09,2.061619281768799,2.1514580249786377,2.174375057220459,2.138957977294922,99729600.0
2016-06-10,1.9922773838043213,2.109582901000977,2.1204171180725098,2.071458101272583,161760000.0
2016-06-13,1.9411630630493164,2.0597920417785645,2.092708110809326,2.0333330631256104,119049600.0
2016-06-14,1.9421541690826416,2.024583101272583,2.0622920989990234,1.9958330392837524,141729600.0
2016-06-15,1.924718976020813,2.055624961853028,2.0622920989990234,2.0127079486846924,106377600.0
2016-06-16,1.9385879039764404,1.9941669702529907,2.046458005905152,1.9537500143051147,164361600.0
2016-06-17,1.8722175359725952,2.030208110809326,2.030208110809326,1.9552079439163208,167020800.0
2016-06-20,1.9058984518051147,2.039375066757202,2.0652079582214355,2.001250028610229,139243200.0
2016-06-21,1.924917459487915,2.016458034515381,2.036875009536743,2.0022919178009038,86414400.0
2016-06-22,1.9124363660812376,2.0299999713897705,2.063541889190674,2.0052080154418945,103296000.0
2016-06-23,1.993069648742676,2.0577080249786377,2.096667051315308,2.032291889190674,128558400.0
2016-06-24,1.7489885091781616,1.875,1.965625047683716,1.825000047683716,325502400.0
2016-06-27,1.6471550464630127,1.7972919940948486,1.7997920513153076,1.7041670083999634,235963200.0
2016-06-28,1.7503751516342163,1.7847919464111328,1.8431249856948853,1.7831250429153442,199468800.0
2016-06-29,1.84131133556366,1.885625004768372,1.9497920274734497,1.8820830583572388,208464000.0
2016-06-30,1.9082756042480469,1.9479169845581052,2.008958101272583,1.9291670322418213,165811200.0
2016-07-01,1.934427261352539,2.003124952316284,2.058542013168335,2.000833034515381,131424000.0
2016-07-05,1.900152325630188,2.0079169273376465,2.011667013168335,1.9658329486846924,130939200.0
2016-07-06,1.944926619529724,1.9708329439163208,2.0495829582214355,1.9514579772949217,173476800.0
2016-07-07,1.9633522033691408,2.054374933242798,2.079166889190674,2.0364580154418945,126230400.0
2016-07-08,2.0540900230407715,2.095207929611206,2.164999961853028,2.089582920074463,150043200.0
2016-07-11,2.0891571044921875,2.1845829486846924,2.22208309173584,2.182499885559082,142646400.0
2016-07-12,2.1220450401306152,2.23770809173584,2.249166965484619,2.222707986831665,115790400.0
2016-07-13,2.1071853637695312,2.249583005905152,2.250833034515381,2.2143750190734863,126412800.0
2016-07-14,2.149979591369629,2.2597920894622803,2.2729170322418213,2.243957996368408,109905600.0
2016-07-15,2.137894630432129,2.2754170894622803,2.2793750762939453,2.234375,85416000.0
2016-07-18,2.180490255355835,2.254167079925537,2.305833101272583,2.2522919178009038,83860800.0
2016-07-19,2.157904624938965,2.2708330154418945,2.289999961853028,2.257082939147949,78667200.0
2016-07-20,2.231802225112915,2.303957939147949,2.360832929611206,2.2972919940948486,90724800.0
2016-07-21,2.2185287475585938,2.3539578914642334,2.3662500381469727,2.3129169940948486,112804800.0
2016-07-22,2.24428391456604,2.3383328914642334,2.368750095367432,2.315417051315308,86803200.0
2016-07-25,2.2462644577026367,2.3547921180725098,2.362292051315308,2.337500095367432,76243200.0
2016-07-26,2.253793716430664,2.3597919940948486,2.3949999809265137,2.3333330154418945,136353600.0
2016-07-27,2.2977755069732666,2.4281249046325684,2.436875104904175,2.3877079486846924,130564800.0
2016-07-28,2.322738647460937,2.429583072662353,2.451667070388794,2.4066669940948486,87120000.0
2016-07-29,2.337994337081909,2.4600000381469727,2.478749990463257,2.4362499713897705,102633600.0
2016-08-01,2.374645709991455,2.464582920074463,2.5160419940948486,2.4554169178009038,105316800.0
2016-08-02,2.3211538791656494,2.4864580631256104,2.493541955947876,2.393125057220459,161107200.0
2016-08-03,2.34314513206482,2.4354169368743896,2.465208053588867,2.430624961853028,85334400.0
2016-08-04,2.3641462326049805,2.4633328914642334,2.493124961853028,2.445208072662353,84028800.0
2016-08-05,2.4324967861175537,2.526249885559082,2.573957920074463,2.515625,123480000.0
2016-08-08,2.4247701168060303,2.5622920989990234,2.563750028610229,2.524374961853028,75902400.0
2016-08-09,2.4408180713653564,2.5541670322418213,2.590208053588867,2.549999952316284,79819200.0
2016-08-10,2.4219958782196045,2.568542003631592,2.572499990463257,2.526041984558105,87720000.0
2016-08-11,2.453299045562744,2.5708329677581787,2.5958330631256104,2.556874990463257,68649600.0
2016-08-12,2.457855701446533,2.5645830631256104,2.584583044052124,2.5570828914642334,68275200.0
2016-08-15,2.4887611865997314,2.59375,2.634375095367432,2.591249942779541,57254400.0
2016-08-16,2.4495344161987305,2.601875066757202,2.604166984558105,2.5722920894622803,62596800.0
2016-08-17,2.4610252380371094,2.5758330821990967,2.589792013168335,2.532917022705078,89836800.0
2016-08-18,2.4634029865264893,2.579792022705078,2.600416898727417,2.566667079925537,56755200.0
2016-08-19,2.4600343704223637,2.5762500762939453,2.6035420894622803,2.554583072662353,73617600.0
2016-08-22,2.4624125957489014,2.574583053588867,2.60604190826416,2.5612499713897705,73243200.0
2016-08-23,2.477073431015014,2.620832920074463,2.6358330249786377,2.602916955947876,62654400.0
2016-08-24,2.429326057434082,2.6010420322418213,2.612292051315308,2.530208110809326,71198400.0
2016-08-25,2.4178357124328613,2.534374952316284,2.56583309173584,2.525624990463257,58444800.0
2016-08-26,2.4295244216918945,2.545833110809326,2.603332996368408,2.5083329677581787,107313600.0
2016-08-29,2.436260461807251,2.556250095367432,2.584791898727417,2.5547919273376465,49833600.0
2016-08-30,2.41426944732666,2.552500009536743,2.573957920074463,2.5129170417785645,65750400.0
2016-08-31,2.4079298973083496,2.527708053588867,2.5391669273376465,2.498958110809326,71616000.0
2016-09-01,2.4186275005340576,2.533750057220459,2.5587499141693115,2.4962499141693115,85953600.0
2016-09-02,2.4469594955444336,2.588541984558105,2.6039578914642334,2.546041965484619,90739200.0
2016-09-06,2.492327928543091,2.588541984558105,2.6229169368743896,2.5708329677581787,65985600.0
2016-09-07,2.496885299682617,2.628957986831665,2.6404170989990234,2.597707986831665,58075200.0
2016-09-08,2.454091787338257,2.604166984558105,2.6056249141693115,2.5606250762939453,70065600.0
2016-09-09,2.2680583000183105,2.5177080631256104,2.5333330631256104,2.384999990463257,160915200.0
2016-09-12,2.3843541145324707,2.3491671085357666,2.523750066757202,2.344791889190674,130651200.0
2016-09-13,2.328087568283081,2.473750114440918,2.497499942779541,2.410207986831665,125308800.0
2016-09-14,2.358003616333008,2.454375028610229,2.5208330154418945,2.4518749713897705,111528000.0
2016-09-15,2.467365026473999,2.483333110809326,2.606874942779541,2.481250047683716,131860800.0
2016-09-16,2.4645915031433105,2.588124990463257,2.600416898727417,2.5541670322418213,81523200.0
2016-09-19,2.432297706604004,2.6114580631256104,2.6360421180725098,2.5439579486846924,91670400.0
2016-09-20,2.445770025253296,2.5833330154418945,2.604166984558105,2.559999942779541,75782400.0
2016-09-21,2.516895055770874,2.604166984558105,2.6585419178009038,2.5602080821990967,138600000.0
2016-09-22,2.575736284255981,2.696249961853028,2.720000028610229,2.686666965484619,78100800.0
2016-09-23,2.529376745223999,2.700000047683716,2.701457977294922,2.6475000381469727,73065600.0
2016-09-26,2.4665727615356445,2.6139578819274902,2.623332977294922,2.5808329582214355,81883200.0
2016-09-27,2.5365092754364014,2.5908329486846924,2.672082901000977,2.5808329582214355,82900800.0
2016-09-28,2.5503766536712646,2.676875114440918,2.686666965484619,2.641249895095825,75696000.0
2016-09-29,2.496290683746338,2.670417070388794,2.683542013168335,2.589792013168335,114830400.0
2016-09-30,2.547602653503418,2.649167060852051,2.705625057220459,2.6360421180725098,79987200.0
2016-10-03,2.541857481002808,2.6697919368743896,2.680833101272583,2.6385419368743896,81758400.0
2016-10-04,2.5273945331573486,2.6918749809265137,2.7114579677581787,2.628541946411133,112204800.0
2016-10-05,2.55374526977539,2.681874990463257,2.7114579677581787,2.6781249046325684,68856000.0
2016-10-06,2.5497822761535645,2.675416946411133,2.6985421180725098,2.643125057220459,74529600.0
2016-10-07,2.5331408977508545,2.6897919178009038,2.69979190826416,2.6254169940948486,90561600.0
2016-10-10,2.578508853912353,2.703125,2.732707977294922,2.701667070388794,59889600.0
2016-10-11,2.471921682357788,2.7058329582214355,2.709167003631592,2.563541889190674,129643200.0
2016-10-12,2.466770887374878,2.6020829677581787,2.618124961853028,2.567500114440918,82056000.0
2016-10-13,2.4378457069396973,2.539792060852051,2.584583044052124,2.493124961853028,104428800.0
2016-10-14,2.443392515182495,2.5981249809265137,2.631666898727417,2.5670828819274902,81811200.0
2016-10-17,2.426553249359131,2.5687499046325684,2.582082986831665,2.5414578914642334,55862400.0
2016-10-18,2.4887611865997314,2.640625,2.654792070388794,2.6145830154418945,76968000.0
2016-10-19,2.489752769470215,2.612292051315308,2.628541946411133,2.6039578914642334,47054400.0
2016-10-20,2.479252338409424,2.60604190826416,2.6254169940948486,2.5629169940948486,69950400.0
2016-10-21,2.5061967372894287,2.61270809173584,2.641458034515381,2.588124990463257,58632000.0
2016-10-24,2.5975282192230225,2.688750028610229,2.736875057220459,2.686666965484619,68649600.0
2016-10-25,2.57157564163208,2.733958005905152,2.737916946411133,2.693542003631592,59712000.0
2016-10-26,2.522244453430176,2.652082920074463,2.694999933242798,2.6270830631256104,95308800.0
2016-10-27,2.486978054046631,2.6847920417785645,2.6912500858306885,2.603332996368408,103041600.0
2016-10-28,2.4439871311187744,2.59041690826416,2.632082939147949,2.541666984558105,142958400.0
2016-10-31,2.430119276046753,2.595000028610229,2.595000028610229,2.5541670322418213,56904000.0
2016-11-01,2.3801937103271484,2.571875095367432,2.571875095367432,2.4337499141693115,101923200.0
2016-11-02,2.3181819915771484,2.4945828914642334,2.511457920074463,2.421041965484619,81763200.0
2016-11-03,2.2514162063598637,2.42770791053772,2.450624942779541,2.358541965484619,87014400.0
2016-11-04,2.225858449935913,2.3456249237060547,2.397291898727417,2.328749895095825,84921600.0
2016-11-07,2.385343551635742,2.453958034515381,2.516249895095825,2.4443750381469727,100963200.0
2016-11-08,2.4320998191833496,2.5,2.591249942779541,2.483333110809326,110587200.0
2016-11-09,2.466176271438598,2.4668750762939453,2.6047921180725098,2.459791898727417,183292800.0
2016-11-10,2.348890542984009,2.6247920989990234,2.639583110809326,2.3639578819274902,247968000.0
2016-11-11,2.346909761428833,2.431874990463257,2.485832929611206,2.4083330631256104,113563200.0
2016-11-14,2.267662048339844,2.4725000858306885,2.477916955947876,2.3575000762939453,177552000.0
2016-11-15,2.3726646900177,2.444999933242798,2.5177080631256104,2.438124895095825,105571200.0
2016-11-16,2.411298513412476,2.457292079925537,2.54354190826416,2.457292079925537,86337600.0
2016-11-17,2.4671666622161865,2.5339579582214355,2.594374895095825,2.518125057220459,75537600.0
2016-11-18,2.439429998397827,2.5991671085357666,2.616041898727417,2.557291984558105,63057600.0
2016-11-21,2.512734889984131,2.58145809173584,2.6504170894622803,2.5804169178009038,83625600.0
2016-11-22,2.5353200435638428,2.674375057220459,2.6875,2.6475000381469727,76680000.0
2016-11-23,2.504809617996216,2.6404170989990234,2.649374961853028,2.5999999046325684,73824000.0
2016-11-25,2.528979778289795,2.64645791053772,2.663332939147949,2.635624885559082,38280000.0
2016-11-28,2.5149130821228027,2.647291898727417,2.6791670322418213,2.633749961853028,71467200.0
2016-11-29,2.539083957672119,2.6468749046325684,2.706666946411133,2.627500057220459,74582400.0
2016-11-30,2.4568655490875244,2.675416946411133,2.681874990463257,2.5693750381469727,151296000.0
2016-12-01,2.321946620941162,2.5704169273376465,2.570625066757202,2.4264578819274902,186384000.0
2016-12-02,2.3312575817108154,2.443958044052124,2.4825000762939453,2.4222919940948486,102984000.0
2016-12-05,2.385146141052246,2.491041898727417,2.5391669273376465,2.456666946411133,89942400.0
2016-12-06,2.402381896972656,2.5274999141693115,2.540625095367432,2.49666690826416,69254400.0
2016-12-07,2.491535186767578,2.511457920074463,2.632499933242798,2.4895830154418945,148867200.0
2016-12-08,2.506791353225708,2.626667022705078,2.657291889190674,2.6114580631256104,113016000.0
2016-12-09,2.5654335021972656,2.665832996368408,2.702291965484619,2.665832996368408,102672000.0
2016-12-12,2.5297727584838867,2.6608328819274902,2.677917003631592,2.6295828819274902,95150400.0
2016-12-13,2.628633975982666,2.689167022705078,2.806874990463257,2.6854169368743896,169195200.0
2016-12-14,2.6094157695770264,2.769582986831665,2.7995829582214355,2.720417022705078,142377600.0
2016-12-15,2.62526535987854,2.751457929611206,2.806250095367432,2.7366669178009038,106425600.0
2016-12-16,2.5933678150177,2.7735419273376465,2.7914578914642334,2.711874961853028,114753600.0
2016-12-19,2.625067710876465,2.738542079925537,2.8104169368743896,2.726249933242798,83572800.0
2016-12-20,2.656766176223755,2.782083034515381,2.807291984558105,2.777082920074463,62784000.0
2016-12-21,2.647454261779785,2.7947919368743896,2.800416946411133,2.766458034515381,48288000.0
2016-12-22,2.6244728565216064,2.785207986831665,2.788958072662353,2.7300000190734863,65520000.0
2016-12-23,2.6325955390930176,2.748542070388794,2.769582986831665,2.7395830154418945,32251200.0
2016-12-27,2.6710309982299805,2.7833330631256104,2.856874942779541,2.780416965484619,75643200.0
2016-12-28,2.609217882156372,2.8258330821990967,2.834791898727417,2.73770809173584,91339200.0
2016-12-29,2.5965380668640137,2.7422919273376465,2.759582996368408,2.7058329582214355,85728000.0
2016-12-30,2.520658493041992,2.746042013168335,2.7477080821990967,2.625,105384000.0
2017-01-03,2.5816798210144043,2.7002079486846924,2.7477080821990967,2.674375057220459,97646400.0
2017-01-04,2.625661849975586,2.727292060852051,2.776249885559082,2.723750114440918,66513600.0
2017-01-05,2.6722195148468018,2.758749961853028,2.813541889190674,2.7562499046325684,61372800.0
2017-01-06,2.739975929260254,2.8152079582214355,2.9033329486846924,2.793750047683716,95798400.0
2017-01-09,2.7677135467529297,2.8883330821990967,2.924999952316284,2.882499933242798,66172800.0
2017-01-10,2.783561944961548,2.909167051315308,2.954582929611206,2.89395809173584,66336000.0
2017-01-11,2.8049588203430176,2.9291670322418213,2.951667070388794,2.8862500190734863,94104000.0
2017-01-12,2.790694236755371,2.920417070388794,2.94333291053772,2.855417013168335,80517600.0
2017-01-13,2.822788953781128,2.944166898727417,2.9825000762939453,2.94333291053772,58612800.0
2017-01-17,2.7962422370910645,2.941667079925537,2.9583330154418945,2.914999961853028,55531200.0
2017-01-18,2.815261125564575,2.954166889190674,2.966249942779541,2.930417060852051,49329600.0
2017-01-19,2.807732582092285,2.96875,3.001667022705078,2.935832977294922,59731200.0
2017-01-20,2.8259594440460205,2.9916670322418213,3.014583110809326,2.950000047683716,56846400.0
2017-01-23,2.83229923248291,2.962500095367432,2.9916670322418213,2.9237499237060547,55250400.0
2017-01-24,2.891338586807251,2.9945828914642334,3.053333044052124,2.9820830821990967,51691200.0
2017-01-25,2.9757370948791504,3.095417022705078,3.133749961853028,3.088749885559082,56148000.0
2017-01-26,2.9880194664001465,3.1433329582214355,3.1608328819274902,3.1254169940948486,50856000.0
2017-01-27,3.002284049987793,3.1583330631256104,3.1675000190734863,3.12833309173584,33249600.0
2017-01-30,2.9341320991516118,3.1237499713897705,3.1254169940948486,3.032500028610229,75043200.0
2017-01-31,2.91788649559021,3.0537500381469727,3.06833291053772,3.012083053588867,59616000.0
2017-02-01,2.973360061645508,3.12833309173584,3.146667003631592,3.086667060852051,72511200.0
2017-02-02,2.9658312797546387,3.110832929611206,3.1479170322418213,3.0850000381469727,57895200.0
2017-02-03,2.991586208343506,3.1312499046325684,3.15625,3.12166690826416,48192000.0
2017-02-06,3.002680540084839,3.1304171085357666,3.159167051315308,3.1220829486846924,41707200.0
2017-02-07,3.033586978912353,3.1741669178009038,3.212083101272583,3.1691670417785645,46634400.0
2017-02-08,3.050625801086426,3.1787500381469727,3.220417022705078,3.161250114440918,36967200.0
2017-02-09,3.082324504852295,3.2166669368743896,3.2637500762939453,3.211667060852051,51525600.0
2017-02-10,3.112834215164185,3.2637500762939453,3.2874999046325684,3.2470829486846924,47872800.0
2017-02-13,3.1675145626068115,3.3041670322418213,3.342916965484619,3.2991669178009038,42988800.0
2017-02-14,3.197232484817505,3.3329169750213623,3.363332986831665,3.3016669750213623,62664000.0
2017-02-15,3.252310276031494,3.357917070388794,3.4266669750213623,3.3499999046325684,73564800.0
2017-02-16,3.2495357990264893,3.428333044052124,3.4487500190734863,3.3924999237060547,63950400.0
2017-02-17,3.290348529815674,3.40291690826416,3.462500095367432,3.4008328914642334,51607200.0
2017-02-21,3.342651844024658,3.4841670989990234,3.5199999809265137,3.476249933242798,66729600.0
2017-02-22,3.343048572540283,3.504167079925537,3.524167060852051,3.485832929611206,43056000.0
2017-02-23,3.306990385055542,3.530833005905152,3.53125,3.43416690826416,62676000.0
2017-02-24,3.3248212337493896,3.427500009536743,3.4962499141693115,3.424999952316284,50731200.0
2017-02-27,3.33472752571106,3.477916955947876,3.508749961853028,3.458750009536743,52437600.0
2017-02-28,3.308575391769409,3.507082939147949,3.510416984558105,3.447499990463257,41904000.0
2017-03-01,3.4155588150024414,3.539999961853028,3.608333110809326,3.523333072662353,63254400.0
2017-03-02,3.36167049407959,3.5899999141693115,3.5899999141693115,3.523333072662353,42919200.0
2017-03-03,3.379105806350708,3.5266671180725098,3.558332920074463,3.499583005905152,34646400.0
2017-03-06,3.3557276725769043,3.515000104904175,3.548332929611206,3.487916946411133,38774400.0
2017-03-07,3.3390860557556152,3.5062499046325684,3.558332920074463,3.4945828914642334,35428800.0
2017-03-08,3.35612416267395,3.5199999809265137,3.563333034515381,3.5079169273376465,38652000.0
2017-03-09,3.3664257526397705,3.5283329486846924,3.552917003631592,3.4820830821990967,44172000.0
2017-03-10,3.403275966644287,3.5854170322418213,3.5983328819274902,3.537916898727417,51456000.0
2017-03-13,3.4230878353118896,3.5754170417785645,3.602916955947876,3.572082996368408,33883200.0
2017-03-14,3.3977293968200684,3.575000047683716,3.5804169178009038,3.5299999713897705,53020800.0
2017-03-15,3.4571645259857178,3.5975000858306885,3.663332939147949,3.5604169368743896,63813600.0
2017-03-16,3.4551825523376465,3.660417079925537,3.660417079925537,3.6070830821990967,38875200.0
2017-03-17,3.446861982345581,3.641666889190674,3.65625,3.622499942779541,35320800.0
2017-03-20,3.4571645259857178,3.624583005905152,3.661250114440918,3.608333110809326,36696000.0
2017-03-21,3.3030271530151367,3.675832986831665,3.6875,3.4649999141693115,93568800.0
2017-03-22,3.3680107593536377,3.475416898727417,3.5512499809265137,3.459167003631592,71373600.0
2017-03-23,3.341066837310791,3.528749942779541,3.5566670894622803,3.49666690826416,59064000.0
2017-03-24,3.3592934608459477,3.5466670989990234,3.5879170894622803,3.494999885559082,51686400.0
2017-03-27,3.377124309539795,3.4604170322418213,3.569582939147949,3.4345829486846924,75259200.0
2017-03-28,3.4405229091644287,3.550832986831665,3.648750066757202,3.528749942779541,84000000.0
2017-03-29,3.486088991165161,3.621249914169312,3.670833110809326,3.612916946411133,48170400.0
2017-03-30,3.503523826599121,3.6645829677581783,3.6962499618530273,3.652499914169312,52927200.0
2017-03-31,3.495203018188477,3.667917013168335,3.704999923706055,3.655833005905152,54146400.0
2017-04-03,3.4876744747161865,3.6862499713897705,3.711667060852051,3.609167098999024,64521600.0
2017-04-04,3.503523826599121,3.6354169845581055,3.687083005905152,3.6329169273376474,32424000.0
2017-04-05,3.4635040760040283,3.702083110809326,3.765832901000977,3.6204171180725098,73360800.0
2017-04-06,3.466277599334717,3.654582977294922,3.675416946411133,3.618750095367432,61651200.0
2017-04-07,3.462315320968628,3.642499923706055,3.673749923706055,3.601249933242798,41575200.0
2017-04-10,3.466277599334717,3.653332948684693,3.6887500286102295,3.6137499809265137,48376800.0
2017-04-11,3.422691583633423,3.63083291053772,3.649167060852051,3.5179169178009038,85346400.0
2017-04-12,3.377521276473999,3.595000028610229,3.602499961853028,3.540832996368408,68095200.0
2017-04-13,3.3375003337860107,3.5374999046325684,3.598750114440918,3.507499933242798,61370400.0
2017-04-17,3.416748046875,3.5391669273376465,3.5975000858306885,3.5350000858306885,36333600.0
2017-04-18,3.406841993331909,3.5595829486846924,3.6116669178009033,3.552917003631592,50755200.0
2017-04-19,3.418728828430176,3.6237499713897705,3.659167051315308,3.5799999237060547,57568800.0
2017-04-20,3.501542568206787,3.638750076293945,3.7083330154418954,3.622082948684693,82492800.0
2017-04-21,3.499958276748657,3.694166898727417,3.6987500190734863,3.6549999713897705,54026400.0
2017-04-24,3.627150058746338,3.8020830154418954,3.825000047683716,3.78583288192749,60072000.0
2017-04-25,3.707585573196411,3.8520829677581783,3.917917013168335,3.843333005905152,64113600.0
2017-04-26,3.6913399696350098,3.902499914169312,3.930417060852051,3.873332977294922,87660000.0
2017-04-27,3.755926370620728,3.91083288192749,3.950000047683716,3.901249885559082,57676800.0
2017-04-28,3.777323246002197,3.997499942779541,4.002082824707031,3.952083110809326,68500800.0
2017-05-01,3.8724193572998047,4.008749961853027,4.09250020980835,4.003749847412109,64634400.0
2017-05-02,3.895402193069458,4.092082977294922,4.102083206176758,4.060832977294922,60412800.0
2017-05-03,3.856966018676758,4.071249961853027,4.071667194366455,4.022916793823242,73586400.0
2017-05-04,3.860929012298584,4.05791711807251,4.076666831970215,4.018332958221436,72607200.0
2017-05-05,3.90293025970459,4.08916711807251,4.1041669845581055,4.045416831970215,54506400.0
2017-05-08,3.9263086318969727,4.110416889190674,4.130416870117188,4.085416793823242,61267200.0
2017-05-09,3.969499349594116,4.1483330726623535,4.201250076293945,4.139166831970215,75717600.0
2017-05-10,3.975837469100952,4.178750038146973,4.184583187103272,4.136666774749756,56193600.0
2017-05-11,3.9663283824920654,4.147082805633545,4.172916889190674,4.088749885559082,62433600.0
2017-05-12,3.992084503173828,4.176249980926514,4.2004170417785645,4.165417194366455,58538400.0
2017-05-15,4.029329776763916,4.202083110809326,4.244166851043701,4.191249847412109,69340800.0
2017-05-16,4.080047607421875,4.267083168029785,4.290832996368408,4.232916831970215,77066400.0
2017-05-17,3.7713794708251953,4.189582824707031,4.211667060852051,3.960417032241821,140236800.0
2017-05-18,3.866873264312744,3.9600000381469727,4.105416774749756,3.942917108535767,120384000.0
2017-05-19,3.913629531860352,4.105833053588867,4.168333053588867,4.102499961853027,72844800.0
2017-05-22,4.015065670013428,4.144166946411133,4.227083206176758,4.139583110809326,65354400.0
2017-05-23,4.02497148513794,4.256667137145996,4.258333206176758,4.200832843780518,68858400.0
2017-05-24,4.080444812774658,4.267917156219482,4.295833110809326,4.234582901000977,64941600.0
2017-05-25,4.187824249267578,4.337916851043701,4.431666851043701,4.310832977294922,87504000.0
2017-05-26,4.205655097961426,4.400416851043701,4.427083015441895,4.383749961853027,54856800.0
2017-05-30,4.214371681213379,4.411666870117188,4.4479169845581055,4.407083034515381,55192800.0
2017-05-31,4.209220886230469,4.47208309173584,4.4816670417785645,4.358749866485596,96902400.0
2017-06-01,4.259543418884277,4.452499866485596,4.482916831970215,4.397916793823242,74092800.0
2017-06-02,4.404961585998535,4.5233330726623535,4.6354169845581055,4.503749847412109,83244000.0
2017-06-05,4.401395320892334,4.62833309173584,4.652500152587891,4.608749866485596,51477600.0
2017-06-06,4.35146951675415,4.611667156219482,4.656667232513428,4.552499771118164,77733600.0
2017-06-07,4.399018287658691,4.608333110809326,4.637499809265137,4.548333168029785,81410400.0
2017-06-08,4.410905838012695,4.654582977294922,4.661666870117188,4.5654168128967285,92563200.0
2017-06-09,4.091935634613037,4.65500020980835,4.672082901000977,4.110833168029785,233138400.0
2017-06-12,4.017838478088379,4.183332920074463,4.244166851043701,4.059583187103272,166449600.0
2017-06-13,4.111746788024902,4.290832996368408,4.340833187103272,4.226666927337647,126492000.0
2017-06-14,4.056669235229492,4.374582767486572,4.374582767486572,4.163750171661377,139012800.0
2017-06-15,4.001988410949707,4.1354169845581055,4.222499847412109,4.057499885559082,141158400.0
2017-06-16,3.954045057296753,4.199999809265137,4.202917098999023,4.107082843780518,93856800.0
2017-06-19,4.145427227020264,4.273749828338623,4.373332977294922,4.25458288192749,110944800.0
2017-06-20,4.051519393920898,4.348750114440918,4.364167213439941,4.25458288192749,85939200.0
2017-06-21,4.16920280456543,4.286666870117188,4.388332843780518,4.27791690826416,83589600.0
2017-06-22,4.16444730758667,4.403749942779541,4.427499771118164,4.345832824707031,68445600.0
2017-06-23,4.2112016677856445,4.363749980926514,4.445833206176758,4.328332901000977,68786400.0
2017-06-26,4.155333042144775,4.50124979019165,4.52791690826416,4.338749885559082,105681600.0
2017-06-27,3.9267053604125977,4.318749904632568,4.332917213439941,4.129167079925537,144088800.0
2017-06-28,4.091538429260254,4.172500133514404,4.31583309173584,4.101666927337647,120861600.0
2017-06-29,3.8831191062927246,4.249582767486572,4.252500057220459,3.9583330154418954,231564000.0
2017-06-30,3.8696467876434326,4.118750095367432,4.150416851043701,4.045416831970215,98616000.0
2017-07-03,3.764247179031372,4.141666889190674,4.154582977294922,3.9483330249786377,81684000.0
2017-07-05,3.871627569198608,3.9887499809265137,4.103750228881836,3.952083110809326,114033600.0
2017-07-06,3.76939868927002,3.9770829677581783,4.028749942779541,3.917917013168335,106324800.0
2017-07-07,3.882326126098633,4.0029168128967285,4.120832920074463,4.0,89623200.0
2017-07-10,3.96355414390564,4.097917079925537,4.1979169845581055,4.065000057220459,92114400.0
2017-07-11,3.996046304702759,4.149582862854004,4.217916965484619,4.102917194366455,108571200.0
2017-07-12,4.13829517364502,4.307499885559082,4.364999771118164,4.2841668128967285,105307200.0
2017-07-13,4.165634632110596,4.368750095367432,4.411250114440918,4.342082977294922,91476000.0
2017-07-14,4.263505935668945,4.4320831298828125,4.499166965484619,4.397082805633545,84636000.0
2017-07-17,4.26588249206543,4.497917175292969,4.536666870117188,4.463749885559082,100663200.0
2017-07-18,4.350676536560059,4.476666927337647,4.579583168029785,4.4375,84182400.0
2017-07-19,4.43032169342041,4.614583015441895,4.677083015441895,4.611249923706055,104234400.0
2017-07-20,4.446963310241699,4.692916870117188,4.702499866485596,4.612082958221436,108460800.0
2017-07-21,4.440226078033447,4.618332862854004,4.669582843780518,4.59708309173584,86916000.0
2017-07-24,4.498077392578125,4.667916774749756,4.7420830726623535,4.650416851043701,88732800.0
2017-07-25,4.467963695526123,4.68625020980835,4.729582786560059,4.657917022705078,94180800.0
2017-07-26,4.507984161376953,4.728332996368408,4.749166965484619,4.708333015441895,60607200.0
2017-07-27,4.427547931671143,4.8358330726623535,4.847917079925537,4.485833168029785,188956800.0
2017-07-28,4.41328239440918,4.573750019073486,4.662083148956299,4.544582843780518,70022400.0
2017-07-31,4.355828762054443,4.678750038146973,4.696667194366455,4.549582958221436,88716000.0
2017-08-01,4.384357929229736,4.62624979019165,4.630000114440918,4.568749904632568,61156800.0
2017-08-02,4.416453361511231,4.697500228881836,4.702083110809326,4.518332958221436,110366400.0
2017-08-03,4.370489120483398,4.661666870117188,4.663332939147949,4.56708288192749,72640800.0
2017-08-04,4.387527942657471,4.622917175292969,4.648749828338623,4.560832977294922,71488800.0
2017-08-07,4.465189933776856,4.640832901000977,4.702917098999023,4.620832920074463,54837600.0
2017-08-08,4.448548316955566,4.674582958221436,4.7916669845581055,4.6379170417785645,103886400.0
2017-08-09,4.431113243103027,4.563333034515381,4.665417194366455,4.530832767486572,99081600.0
2017-08-10,4.143445014953613,4.581250190734863,4.589582920074463,4.346250057220459,163382400.0
2017-08-11,4.238146781921387,4.37833309173584,4.486249923706055,4.347499847412109,105271200.0
2017-08-14,4.402981281280518,4.560417175292969,4.650000095367432,4.55916690826416,95488800.0
2017-08-15,4.410905838012695,4.655832767486572,4.665417194366455,4.600417137145996,72297600.0
2017-08-16,4.433887004852295,4.670833110809326,4.727083206176758,4.616250038146973,99052800.0
2017-08-17,4.161276340484619,4.605833053588867,4.62833309173584,4.375,158582400.0
2017-08-18,4.146616458892822,4.382500171661377,4.454583168029785,4.3125,129852000.0
2017-08-21,4.139086246490479,4.367917060852051,4.393332958221436,4.266666889190674,86481600.0
2017-08-22,4.323337554931641,4.4166669845581055,4.559583187103272,4.414583206176758,94264800.0
2017-08-23,4.274997234344482,4.4716668128967285,4.52666711807251,4.465833187103272,84076800.0
2017-08-24,4.239335536956787,4.528333187103272,4.545833110809326,4.379167079925537,97180800.0
2017-08-25,4.210806369781494,4.50333309173584,4.541250228881836,4.411250114440918,92620800.0
2017-08-28,4.24765682220459,4.466667175292969,4.499166965484619,4.425416946411133,66242400.0
2017-08-29,4.299960136413574,4.350417137145996,4.5416669845581055,4.340000152587891,85123200.0
2017-08-30,4.448944091796875,4.529582977294922,4.699999809265137,4.521667003631592,106248000.0
2017-08-31,4.575344562530518,4.716249942779541,4.828332901000977,4.708749771118164,106176000.0
2017-09-01,4.572174549102783,4.847917079925537,4.866250038146973,4.770833015441895,71001600.0
2017-09-05,4.449736595153809,4.762083053588867,4.795000076293945,4.569582939147949,129235200.0
2017-09-06,4.488170623779297,4.717082977294922,4.75124979019165,4.618750095367432,85557600.0
2017-09-07,4.515908241271973,4.747083187103272,4.787499904632568,4.699999809265137,73970400.0
2017-09-08,4.404567241668701,4.730833053588867,4.739167213439941,4.614583015441895,82646400.0
2017-09-11,4.544834136962891,4.736249923706055,4.809583187103272,4.734582901000977,85279200.0
2017-09-12,4.583270072937012,4.824999809265137,4.84041690826416,4.7529168128967285,73418400.0
2017-09-13,4.602286815643311,4.7916669845581055,4.840833187103272,4.772500038146973,51604800.0
2017-09-14,4.524625301361084,4.786250114440918,4.8254170417785645,4.745832920074463,73576800.0
2017-09-15,4.561079502105713,4.7529168128967285,4.854582786560059,4.728332996368408,79264800.0
2017-09-18,4.549983978271484,4.81708288192749,4.863333225250244,4.739583015441895,91509600.0
2017-09-19,4.569400310516357,4.8070831298828125,4.827499866485596,4.757916927337647,56942400.0
2017-09-20,4.531362056732178,4.802499771118164,4.816667079925537,4.652500152587891,107306400.0
2017-09-21,4.444189548492432,4.750833034515381,4.752500057220459,4.625,84890400.0
2017-09-22,4.433095455169678,4.627082824707031,4.680417060852051,4.614999771118164,62167200.0
2017-09-25,4.294016361236572,4.604582786560059,4.611667156219482,4.443749904632568,135520800.0
2017-09-26,4.323337554931641,4.580832958221436,4.605833053588867,4.49875020980835,95090400.0
2017-09-27,4.440622806549072,4.618750095367432,4.719167232513428,4.583333015441895,111348000.0
2017-09-28,4.433095455169678,4.635832786560059,4.675000190734863,4.601666927337647,64536000.0
2017-09-29,4.527002811431885,4.690000057220459,4.770417213439941,4.652500152587891,88248000.0
2017-10-02,4.539682388305664,4.784999847412109,4.832083225250244,4.710000038146973,92205600.0
2017-10-03,4.568211555480957,4.7916669845581055,4.820000171661377,4.7604169845581055,62738400.0
2017-10-04,4.580099582672119,4.7758331298828125,4.846250057220459,4.7629170417785645,90153600.0
2017-10-05,4.712044715881348,4.872499942779541,4.962916851043701,4.852083206176758,94291200.0
2017-10-06,4.729084014892578,4.908332824707031,4.974999904632568,4.90625,85960800.0
2017-10-09,4.717196464538574,4.995832920074463,5.010832786560059,4.9404168128967285,68851200.0
2017-10-10,4.727102279663086,5.007500171661377,5.023749828338623,4.904582977294922,71757600.0
2017-10-11,4.768311500549316,4.964582920074463,5.016666889190674,4.943749904632568,59788800.0
2017-10-12,4.742556095123291,4.992917060852051,5.045000076293945,4.969167232513428,66180000.0
2017-10-13,4.795651435852051,5.044582843780518,5.059999942779541,5.027082920074463,48873600.0
2017-10-16,4.845180988311768,5.080832958221436,5.097499847412109,5.047082901000977,57079200.0
2017-10-17,4.86221981048584,5.088749885559082,5.114583015441895,5.065000057220459,60189600.0
2017-10-18,4.843595504760742,5.127082824707031,5.1279168128967285,5.072082996368408,57900000.0
2017-10-19,4.790104866027832,5.005833148956299,5.037499904632568,4.929999828338623,80680800.0
2017-10-20,4.824972629547119,5.097499847412109,5.109582901000977,5.058750152587891,66554400.0
2017-10-23,4.735026836395264,5.105833053588867,5.107082843780518,4.955417156219482,61456800.0
2017-10-24,4.759197235107422,5.0029168128967285,5.032083034515381,4.946249961853027,58872000.0
2017-10-25,4.701347351074219,4.970832824707031,5.019999980926514,4.832083225250244,89191200.0
2017-10-26,4.657761573791504,4.936666965484619,4.969583034515381,4.890832901000977,72768000.0
2017-10-27,5.05914831161499,5.130833148956299,5.349583148956299,5.117917060852051,147818400.0
2017-10-30,5.095206260681152,5.306666851043701,5.420000076293945,5.295000076293945,96556800.0
2017-10-31,5.149093627929688,5.405832767486572,5.439582824707031,5.362916946411133,60196800.0
2017-11-01,5.142357349395752,5.482500076293945,5.489999771118164,5.347917079925537,83064000.0
2017-11-02,5.116207122802734,5.391250133514404,5.398749828338623,5.268750190734863,91780800.0
2017-11-03,5.258851528167725,5.437082767486572,5.536250114440918,5.382082939147949,86700000.0
2017-11-06,5.312343120574951,5.520417213439941,5.59499979019165,5.513750076293945,76096800.0
2017-11-07,5.3210625648498535,5.573750019073486,5.62041711807251,5.539999961853027,93321600.0
2017-11-08,5.387629985809326,5.590000152587891,5.668749809265137,5.569167137145996,68863200.0
2017-11-09,5.301248073577881,5.527500152587891,5.583333015441895,5.402082920074463,163195200.0
2017-11-10,5.299664974212647,5.537083148956299,5.5858330726623535,5.505833148956299,66436800.0
2017-11-13,5.315514087677002,5.514166831970215,5.614167213439941,5.509582996368408,75144000.0
2017-11-14,5.262022018432617,5.533332824707031,5.551667213439941,5.451666831970215,91000800.0
2017-11-15,5.184755802154541,5.462500095367432,5.497917175292969,5.364999771118164,80668800.0
2017-11-16,5.378911018371582,5.537917137145996,5.696249961853027,5.534999847412109,80853600.0
2017-11-17,5.318684101104736,5.662083148956299,5.673333168029785,5.577917098999023,69352800.0
2017-11-20,5.305606842041016,5.601666927337647,5.620832920074463,5.556666851043701,50059200.0
2017-11-21,5.472819805145264,5.657083034515381,5.766666889190674,5.651249885559082,70742400.0
2017-11-22,5.4946136474609375,5.775416851043701,5.796249866485596,5.742917060852051,60117600.0
2017-11-24,5.556426048278809,5.800000190734863,5.847499847412109,5.789166927337647,39952800.0
2017-11-27,5.547312259674072,5.835416793823242,5.875833034515381,5.795000076293945,66837600.0
2017-11-28,5.588123798370361,5.872917175292969,5.889583110809326,5.779582977294922,70305600.0
2017-11-29,5.3008527755737305,5.861667156219482,5.861667156219482,5.489999771118164,208288800.0
2017-11-30,5.432402610778809,5.644166946411133,5.743332862854004,5.602083206176758,118780800.0
2017-12-01,5.35989236831665,5.602083206176758,5.717916965484619,5.387083053588867,170294400.0
2017-12-04,5.174850940704346,5.74666690826416,5.759582996368408,5.424582958221436,165444000.0
2017-12-05,5.182377338409424,5.4320831298828125,5.637083053588867,5.372917175292969,115480800.0
2017-12-06,5.250926971435547,5.389166831970215,5.547916889190674,5.369166851043701,94759200.0
2017-12-07,5.302833557128906,5.525000095367432,5.625,5.503749847412109,76156800.0
2017-12-08,5.3729681968688965,5.699999809265137,5.740832805633545,5.625,88401600.0
2017-12-11,5.496196746826172,5.658750057220459,5.786666870117188,5.65625,71568000.0
2017-12-12,5.475593090057373,5.771249771118164,5.80916690826416,5.7216668128967285,73377600.0
2017-12-13,5.502933979034424,5.823332786560059,5.84499979019165,5.765832901000977,83342400.0
2017-12-14,5.495009422302246,5.820416927337647,5.862082958221436,5.756249904632568,71246400.0
2017-12-15,5.673712253570557,5.845832824707031,5.9920830726623535,5.814167022705078,111669600.0
2017-12-18,5.819526672363281,6.083749771118164,6.137083053588867,6.058332920074463,81081600.0
2017-12-19,5.724826812744141,6.086667060852051,6.106249809265137,5.963749885559082,98868000.0
2017-12-20,5.701052188873291,6.077499866485596,6.079999923706055,5.920416831970215,71150400.0
2017-12-21,5.698277473449707,6.016250133514404,6.071249961853027,5.9716668128967285,66518400.0
2017-12-22,5.679257869720459,5.966667175292969,5.978750228881836,5.921667098999023,42492000.0
2017-12-26,5.587332248687744,5.876667022705078,5.896667003631592,5.80791711807251,48866400.0
2017-12-27,5.587332248687744,5.875833034515381,5.922500133514404,5.858333110809326,45196800.0
2017-12-28,5.602388858795166,5.927499771118164,5.93291711807251,5.874166965484619,46730400.0
2017-12-29,5.496593952178955,5.913332939147949,5.913332939147949,5.7758331298828125,68558400.0
2018-01-02,5.77871561050415,5.870832920074463,6.08916711807251,5.828750133514404,91735200.0
2018-01-03,5.947907447814941,6.101250171661377,6.277500152587891,6.100417137145996,85224000.0
2018-01-04,5.982776641845703,6.327917098999023,6.350417137145996,6.269166946411133,70024800.0
2018-01-05,6.163460731506348,6.379167079925537,6.494999885559082,6.346250057220459,82380000.0
2018-01-08,6.2320075035095215,6.480416774749756,6.566667079925537,6.474166870117188,72252000.0
2018-01-09,6.23676347732544,6.593332767486572,6.615417003631592,6.5,104169600.0
2018-01-10,6.192385196685791,6.467082977294922,6.514166831970215,6.383749961853027,95853600.0
2018-01-11,6.316407203674316,6.544582843780518,6.642083168029785,6.514166831970215,74839200.0
2018-01-12,6.4503350257873535,6.6195831298828125,6.808750152587891,6.600832939147949,89560800.0
2018-01-16,6.400409698486328,6.920000076293945,7.02791690826416,6.670000076293945,165021600.0
2018-01-17,6.6020941734313965,6.820000171661377,6.977083206176758,6.727917194366455,82624800.0
2018-01-18,6.608433246612549,6.912083148956299,6.99541711807251,6.862916946411133,94394400.0
2018-01-19,6.671830654144287,7.008749961853027,7.045833110809326,6.910417079925537,84948000.0
2018-01-22,6.880252838134766,6.999166965484619,7.235000133514404,6.981249809265137,103862400.0
2018-01-23,7.054595470428467,7.3045830726623535,7.43625020980835,7.293333053588867,129343200.0
2018-01-24,6.91155481338501,7.458749771118164,7.510832786560059,7.143750190734863,209073600.0
2018-01-25,6.90283727645874,7.419582843780518,7.425000190734863,7.1904168128967285,133300800.0
2018-01-26,7.211109638214111,7.375,7.582917213439941,7.336667060852051,106437600.0
2018-01-29,7.115616321563721,7.537917137145996,7.58916711807251,7.433750152587891,132348000.0
2018-01-30,6.933744430541992,7.274167060852051,7.389583110809326,7.178332805633545,132506400.0
2018-01-31,7.0193305015563965,7.418749809265137,7.4608330726623535,7.25,110997600.0
2018-02-01,6.843799114227295,7.217916965484619,7.425000190734863,7.119999885559082,127968000.0
2018-02-02,6.425768852233887,7.116250038146973,7.15958309173584,6.746250152587891,190185600.0
2018-02-05,5.684013843536377,6.5729169845581055,6.90166711807251,5.94208288192749,230628000.0
2018-02-06,6.122251510620117,5.700832843780518,6.458333015441895,5.62624979019165,239383200.0
2018-02-07,5.88015079498291,6.377500057220459,6.582917213439941,6.183332920074463,176112000.0
2018-02-08,5.151471138000488,6.247083187103272,6.255833148956299,5.4166669845581055,216405600.0
2018-02-09,5.393968105316162,5.633333206176758,5.797916889190674,5.050000190734863,320344800.0
2018-02-12,5.695899963378906,5.865832805633545,6.099583148956299,5.717916965484619,175056000.0
2018-02-13,5.765242099761963,5.884582996368408,6.108333110809326,5.848750114440918,108055200.0
2018-02-14,6.102837085723877,5.9716668128967285,6.442500114440918,5.96541690826416,168115200.0
2018-02-15,6.421807765960693,6.583333015441895,6.761666774749756,6.382500171661377,190375200.0
2018-02-16,6.350086688995361,6.703750133514404,6.894583225250244,6.639583110809326,170553600.0
2018-02-20,6.381786823272705,6.600832939147949,6.885000228881836,6.594583034515381,145869600.0
2018-02-21,6.324332237243652,6.8070831298828125,7.008749961853027,6.645833015441895,177477600.0
2018-02-22,6.325521945953369,6.747083187103272,6.847917079925537,6.600832939147949,166603200.0
2018-02-23,6.702342033386231,6.802499771118164,7.052499771118164,6.730833053588867,142768800.0
2018-02-26,6.9713873863220215,7.158750057220459,7.334167003631592,7.143332958221436,133951200.0
2018-02-27,6.721756935119629,7.34375,7.3829169273376465,7.05916690826416,173308800.0
2018-02-28,6.586640357971191,7.18625020980835,7.256249904632568,6.9191670417785645,153014400.0
2018-03-01,6.269651889801025,6.941667079925537,7.0341668128967285,6.403333187103272,251916000.0
2018-03-02,6.442014694213867,6.361667156219482,6.805832862854004,6.28249979019165,193399200.0
2018-03-05,6.6440958976745605,6.678750038146973,7.046667098999023,6.59833288192749,148881600.0
2018-03-06,6.728096961975098,7.090833187103272,7.153749942779541,6.949999809265137,142060800.0
2018-03-07,6.778419017791748,6.920416831970215,7.145833015441895,6.884167194366455,133764000.0
2018-03-08,6.87946081161499,7.207499980926514,7.259167194366455,7.12958288192749,115168800.0
2018-03-09,7.280055522918701,7.3983330726623535,7.655416965484619,7.365832805633545,147348000.0
2018-03-12,7.389019966125488,7.7291669845581055,7.84041690826416,7.680832862854004,132679200.0
2018-03-13,7.120768070220947,7.7291669845581055,7.84041690826416,7.41083288192749,182292000.0
2018-03-14,7.096596717834473,7.582499980926514,7.605416774749756,7.366666793823242,133622400.0
2018-03-15,7.064896583557129,7.485000133514404,7.575417041778564,7.360000133514404,110896800.0
2018-03-16,7.018143177032471,7.471666812896728,7.528333187103271,7.366666793823242,78268800.0
2018-03-19,6.577527523040772,7.187082767486572,7.187082767486572,6.711249828338623,194232000.0
2018-03-20,6.625869274139404,6.918333053588867,7.016666889190674,6.84041690826416,92193600.0
2018-03-21,6.529978752136231,6.9166669845581055,7.108333110809326,6.780832767486572,132496800.0
2018-03-22,6.052908897399902,6.599999904632568,6.733333110809326,6.341667175292969,205879200.0
2018-03-23,5.563953876495361,6.341667175292969,6.395833015441895,5.850832939147949,217598400.0
2018-03-26,6.190008640289307,6.208333015441895,6.534999847412109,5.932499885559082,183504000.0
2018-03-27,5.596446514129639,6.662083148956299,6.662083148956299,5.71541690826416,273614400.0
2018-03-28,5.40347957611084,5.782083034515381,5.950832843780518,5.5416669845581055,242289600.0
2018-03-29,5.70263671875,5.768332958221436,6.154167175292969,5.605416774749756,197073600.0
2018-04-02,5.196247577667236,5.855000019073486,5.9375,5.282083034515381,244953600.0
2018-04-03,5.370591163635254,5.614583015441895,5.716667175292969,5.349583148956299,221805600.0
2018-04-04,5.624578475952148,5.317916870117188,5.965833187103272,5.300000190734863,216729600.0
2018-04-05,5.712939262390137,6.090833187103272,6.114583015441895,5.881667137145996,183355200.0
2018-04-06,5.2865891456604,5.820416927337647,5.992499828338623,5.475832939147949,232291200.0
2018-04-09,5.392382621765137,5.705832958221436,6.010832786560059,5.647916793823242,175891200.0
2018-04-10,5.748600482940674,5.935417175292969,6.106249809265137,5.818333148956299,194875200.0
2018-04-11,5.651918411254883,5.941667079925537,6.140417098999023,5.925416946411133,143440800.0
2018-04-12,5.850037097930908,6.0625,6.21875,6.041250228881836,142766400.0
2018-04-13,5.763260841369629,6.250417232513428,6.27666711807251,5.985833168029785,142485600.0
2018-04-16,5.890454292297363,6.18416690826416,6.266250133514404,6.074166774749756,118298400.0
2018-04-17,6.267273426055908,6.380000114440918,6.638332843780518,6.347917079925537,124147200.0
2018-04-18,6.310860633850098,6.599999904632568,6.706250190734863,6.504167079925537,118089600.0
2018-04-19,6.139288902282715,6.540417194366455,6.582499980926514,6.3854169845581055,129019200.0
2018-04-20,5.844885349273682,6.40625,6.4166669845581055,6.079166889190674,140812800.0
2018-04-23,5.798921585083008,6.2316670417785645,6.304999828338623,6.0,123333600.0
2018-04-24,5.429234027862549,6.178332805633545,6.212082862854004,5.590000152587891,213019200.0
2018-04-25,5.450632095336914,5.736667156219482,5.800000190734863,5.494999885559082,210816000.0
2018-04-26,5.788619518280029,5.949583053588867,6.145833015441895,5.892499923706055,141993600.0
2018-04-27,5.802093029022217,6.353332996368408,6.360416889190674,5.99666690826416,164858400.0
2018-04-30,5.678466320037842,6.142083168029785,6.254167079925537,5.922082901000977,161124000.0
2018-05-01,5.863113880157471,5.9191670417785645,6.173333168029785,5.880416870117188,116978400.0
2018-05-02,5.7608842849731445,6.206250190734863,6.2604169845581055,6.0416669845581055,143652000.0
2018-05-03,5.761279582977295,5.977083206176758,6.124582767486572,5.768750190734863,196072800.0
2018-05-04,6.0854010581970215,5.9816670417785645,6.443749904632568,5.965833187103272,185932800.0
2018-05-07,6.230027198791504,6.494166851043701,6.622083187103272,6.474166870117188,139063200.0
2018-05-08,6.209423542022705,6.516250133514404,6.580832958221436,6.396249771118164,126715200.0
2018-05-09,6.417447090148926,6.574999809265137,6.764583110809326,6.504167079925537,114996000.0
2018-05-10,6.617149829864502,6.8125,6.972499847412109,6.797500133514404,119006400.0
2018-05-11,6.597339630126953,6.922916889190674,6.984167098999023,6.845832824707031,119697600.0
2018-05-14,6.626659870147705,6.981249809265137,7.103750228881836,6.9375,109183200.0
2018-05-15,6.41229772567749,6.802499771118164,6.814167022705078,6.630833148956299,174520800.0
2018-05-16,6.530374050140381,6.758333206176758,6.9166669845581055,6.756667137145996,89712000.0
2018-05-17,6.456675052642822,6.797082901000977,6.945416927337647,6.68874979019165,103219200.0
2018-05-18,6.353257656097412,6.712082862854004,6.779167175292969,6.653333187103272,85466400.0
2018-05-21,6.464203834533691,6.834167003631592,6.926249980926514,6.708333015441895,116892000.0
2018-05-22,6.43052339553833,6.884582996368408,6.920833110809326,6.732500076293945,96943200.0
2018-05-23,6.592188358306885,6.612500190734863,6.93625020980835,6.605833053588867,123045600.0
2018-05-24,6.586640357971191,6.929999828338623,6.963749885559082,6.71750020980835,71110400.0
2018-05-25,6.603282928466797,6.928750038146973,7.019999980926514,6.883749961853027,63081600.0
2018-05-29,6.518884658813477,6.848750114440918,6.972499847412109,6.728750228881836,94451200.0
2018-05-30,6.657962799072266,6.925000190734863,7.034999847412109,6.881249904632568,70806400.0
2018-05-31,6.643699645996094,6.991250038146973,7.122499942779541,6.929999828338623,81056800.0
2018-06-01,6.95276403427124,7.081250190734863,7.322500228881836,7.081250190734863,77171200.0
2018-06-04,7.131070137023926,7.362500190734863,7.512499809265137,7.352499961853027,64049600.0
2018-06-05,7.204769134521484,7.558750152587891,7.613749980926514,7.476250171661377,55900000.0
2018-06-06,7.3236403465271,7.599999904632568,7.707499980926514,7.485000133514404,57628000.0
2018-06-07,7.153654098510742,7.711249828338623,7.715000152587891,7.403749942779541,78452000.0
2018-06-08,7.148900032043457,7.403749942779541,7.550000190734863,7.353750228881836,49320800.0
2018-06-11,7.204769134521484,7.49875020980835,7.632500171661377,7.494999885559082,40836000.0
2018-06-12,7.318885326385498,7.607500076293945,7.716249942779541,7.583749771118164,47848000.0
2018-06-13,7.310564517974853,7.724999904632568,7.866250038146973,7.642499923706055,72247200.0
2018-06-14,7.532852649688721,7.797500133514404,7.957499980926514,7.776249885559082,90452800.0
2018-06-15,7.457965850830078,7.829999923706055,7.886250019073486,7.724999904632568,77689600.0
2018-06-18,7.441323280334473,7.6875,7.84375,7.614999771118164,68726400.0
2018-06-19,7.374753952026367,7.523749828338623,7.757500171661377,7.452499866485596,107633600.0
2018-06-20,7.529286861419678,7.857500076293945,8.016249656677246,7.841249942779541,79644800.0
2018-06-21,7.334338665008545,7.972499847412109,7.99875020980835,7.666250228881836,102280800.0
2018-06-22,7.260639190673828,7.789999961853027,7.797500133514404,7.576250076293945,62227200.0
2018-06-25,6.797042369842529,7.452499866485596,7.483749866485596,6.93625020980835,171306400.0
2018-06-26,6.871931076049805,7.216249942779541,7.347499847412109,7.137499809265137,94165600.0
2018-06-27,6.596149444580078,7.317500114440918,7.414999961853027,6.914999961853027,131838400.0
2018-06-28,6.757814884185791,6.902500152587891,7.176249980926514,6.858749866485596,111300000.0
2018-06-29,6.788721561431885,7.208749771118164,7.320000171661377,7.132500171661377,78536000.0
2018-07-02,6.940876483917236,6.957499980926514,7.307499885559082,6.909999847412109,83296800.0
2018-07-03,6.701945781707764,7.377500057220459,7.385000228881836,7.028749942779541,56425600.0
2018-07-05,6.948009014129639,7.18625020980835,7.323750019073486,7.073750019073486,65622400.0
2018-07-06,7.260639190673828,7.351250171661377,7.661250114440918,7.315000057220459,75012000.0
2018-07-09,7.462719440460205,7.760000228881836,7.856249809265137,7.673749923706055,72377600.0
2018-07-10,7.480550289154053,7.881249904632568,7.918749809265137,7.784999847412109,66784000.0
2018-07-11,7.371188640594482,7.6875,7.832499980926514,7.661250114440918,79829600.0
2018-07-12,7.734933376312256,7.846250057220459,8.140000343322754,7.829999923706055,81352000.0
2018-07-13,7.757520198822021,8.135000228881836,8.203749656677246,8.073749542236328,67876000.0
2018-07-16,7.705217361450195,8.163749694824219,8.207500457763672,8.0600004196167,55560000.0
2018-07-17,7.84786319732666,7.849999904632568,8.300000190734863,7.847499847412109,75593600.0
2018-07-18,7.797935009002685,8.25,8.273750305175781,8.125,46537600.0
2018-07-19,7.68263053894043,8.119999885559082,8.194999694824219,8.047499656677246,76874400.0
2018-07-20,7.671932697296143,8.145000457763672,8.228750228881836,8.041250228881836,57396000.0
2018-07-23,7.738499641418457,7.996250152587891,8.1537504196167,7.900000095367432,63027200.0
2018-07-24,7.83716344833374,8.393750190734863,8.481249809265137,8.143750190734863,95066400.0
2018-07-25,8.164057731628418,8.2524995803833,8.601249694824219,8.24625015258789,77241600.0
2018-07-26,7.807446002960205,8.239999771118164,8.317500114440918,8.163749694824219,111888000.0
2018-07-27,7.481738567352295,8.354999542236328,8.362500190734863,7.722499847412109,118098400.0
2018-07-30,7.159598350524902,7.868750095367432,7.87624979019165,7.414999961853027,100805600.0
2018-07-31,7.302244663238525,7.608749866485596,7.786250114440918,7.488749980926514,95712000.0
2018-08-01,7.402094841003418,7.75,7.853750228881836,7.65500020980835,69301600.0
2018-08-02,7.696895599365234,7.612500190734863,8.125,7.605000019073486,92242400.0
2018-08-03,7.76584005355835,8.136249542236328,8.173749923706055,8.037500381469727,72133600.0
2018-08-06,7.908486366271973,8.15625,8.321249961853027,8.123749732971191,68068000.0
2018-08-07,7.985751628875732,8.381250381469727,8.449999809265137,8.331250190734863,71970400.0
2018-08-08,8.007148742675781,8.369999885559082,8.481249809265137,8.300000190734863,63434400.0
2018-08-09,8.000018119812012,8.412500381469727,8.512499809265137,8.3774995803833,54530400.0
2018-08-10,7.813390731811523,8.244999885559082,8.318750381469727,8.1274995803833,85626400.0
2018-08-13,7.790804386138916,8.261249542236328,8.421250343322754,8.181249618530273,92674400.0
2018-08-14,7.934638977050781,8.282500267028809,8.373749732971191,8.1537504196167,60727200.0
2018-08-15,7.645780086517334,8.154999732971191,8.225000381469727,7.885000228881836,115857600.0
2018-08-16,7.715916633605957,8.217499732971191,8.268750190734863,8.06624984741211,65142400.0
2018-08-17,7.714725971221924,8.048749923706055,8.177499771118164,7.901249885559082,70262400.0
2018-08-20,7.699273109436035,8.171250343322754,8.178750038146973,8.0,67461600.0
2018-08-21,7.778916835784912,8.167499542236328,8.327500343322754,8.151249885559082,67069600.0
2018-08-22,7.869258403778076,8.125,8.302499771118164,8.098750114440918,63313600.0
2018-08-23,7.830031871795654,8.233750343322754,8.407500267028809,8.196249961853027,71133600.0
2018-08-24,8.047563552856445,8.321249961853027,8.483750343322754,8.3125,63956800.0
2018-08-27,8.290061950683594,8.598750114440918,8.71875,8.552499771118164,72851200.0
2018-08-28,8.326910972595215,8.789999961853027,8.821249961853027,8.704999923706055,65224800.0
2018-08-29,8.618146896362305,8.801250457763672,9.074999809265137,8.793749809265137,65735200.0
2018-08-30,8.569408416748047,9.00749969482422,9.170000076293944,8.918749809265137,87863200.0
2018-08-31,8.594371795654297,8.977499961853027,9.118749618530272,8.946249961853027,63180000.0
2018-09-04,8.492144584655762,8.958749771118164,9.00374984741211,8.7787504196167,80209600.0
2018-09-05,8.154548645019531,8.875,8.87874984741211,8.489999771118164,107729600.0
2018-09-06,7.932261943817139,8.59000015258789,8.616250038146973,8.172499656677246,115504800.0
2018-09-07,7.8538055419921875,8.170000076293945,8.461250305175781,8.15250015258789,77009600.0
2018-09-10,7.922749519348144,8.386249542236328,8.40250015258789,8.19124984741211,55448800.0
2018-09-11,8.098678588867188,8.2212495803833,8.5600004196167,8.162500381469727,70522400.0
2018-09-12,8.028544425964355,8.481249809265137,8.498749732971191,8.223750114440918,88261600.0
2018-09-13,8.266288757324219,8.587499618530273,8.7524995803833,8.583749771118164,74676000.0
2018-09-14,8.203287124633789,8.723750114440918,8.767499923706055,8.526249885559082,76688000.0
2018-09-17,7.8573713302612305,8.577500343322754,8.603750228881836,8.232500076293945,72823200.0
2018-09-18,8.043999671936035,8.279999732971191,8.581250190734863,8.267499923706055,72758400.0
2018-09-19,8.026167869567871,8.462499618530273,8.522500038146973,8.273750305175781,58962400.0
2018-09-20,8.278172492980957,8.602499961853027,8.7475004196167,8.545000076293945,62683200.0
2018-09-21,8.146225929260254,8.782500267028809,8.822500228881836,8.538749694824219,60281600.0
2018-09-24,8.216360092163086,8.388750076293945,8.648750305175781,8.279999732971191,52875200.0
2018-09-25,8.249645233154297,8.623749732971191,8.69124984741211,8.538749694824219,43259200.0
2018-09-26,8.241325378417969,8.682499885559082,8.93375015258789,8.638750076293945,70920000.0
2018-09-27,8.469555854797363,8.795000076293945,8.9975004196167,8.7787504196167,58525600.0
2018-09-28,8.456480979919434,8.829999923706055,8.96875,8.78499984741211,61857600.0
2018-10-01,8.505220413208008,9.0625,9.146249771118164,8.885000228881836,68232000.0
2018-10-02,8.456480979919434,8.920000076293945,9.095000267028809,8.829999923706055,64787200.0
2018-10-03,8.481444358825684,9.001250267028809,9.0625,8.87874984741211,66569600.0
2018-10-04,7.997637748718262,8.8125,8.822500228881836,8.212499618530273,150889600.0
2018-10-05,7.696895599365234,8.399999618530273,8.478750228881836,7.852499961853027,132924000.0
2018-10-08,7.559005737304687,7.980000019073486,8.15625,7.65500020980835,119353600.0
2018-10-09,7.617251396179199,7.958749771118164,8.199999809265137,7.898749828338623,104289600.0
2018-10-10,6.629433631896973,7.87375020980835,7.882500171661377,6.929999828338623,242856000.0
2018-10-11,6.360785484313965,6.87624979019165,7.15625,6.478750228881836,222432000.0
2018-10-12,6.898082256317139,7.222499847412109,7.315000057220459,6.849999904632568,168488000.0
2018-10-15,6.637755393981934,7.182499885559082,7.213749885559082,6.90625,159735200.0
2018-10-16,7.209524631500244,7.204999923706055,7.646249771118164,7.168749809265137,124466400.0
2018-10-17,7.233298778533935,7.710000038146973,7.722499847412109,7.368750095367432,130120800.0
2018-10-18,6.731663703918457,7.507500171661377,7.516250133514404,6.976250171661377,156348800.0
2018-10-19,6.704323768615723,7.223750114440918,7.423749923706055,6.973750114440918,134836800.0
2018-10-22,6.805363178253174,7.176249980926514,7.322500228881836,6.996250152587891,114926400.0
2018-10-23,6.73047399520874,6.773749828338623,7.184999942779541,6.528749942779541,176781600.0
2018-10-24,5.815167427062988,7.051249980926514,7.087500095367432,6.085000038146973,204842400.0
2018-10-25,6.411900043487549,6.386250019073486,6.846250057220459,6.303750038146973,152073600.0
2018-10-26,5.913831233978272,6.050000190734863,6.603750228881836,5.934999942779541,244761600.0
2018-10-29,5.597634792327881,6.497499942779541,6.574999809265137,5.480000019073486,217961600.0
2018-10-30,5.813978672027588,5.78000020980835,6.131249904632568,5.696249961853027,184865600.0
2018-10-31,6.206252574920654,6.40625,6.707499980926514,6.40625,180157600.0
2018-11-01,6.477279186248779,6.583749771118164,6.827499866485596,6.429999828338623,126066400.0
2018-11-02,6.187234878540039,6.743750095367432,6.866250038146973,6.349999904632568,174357600.0
2018-11-05,6.126609802246094,6.510000228881836,6.517499923706055,6.21999979019165,102600800.0
2018-11-06,6.2561798095703125,6.426249980926514,6.691249847412109,6.408750057220459,111461600.0
2018-11-07,6.831515312194824,6.81374979019165,7.195000171661377,6.771249771118164,138552000.0
2018-11-08,6.71502161026001,7.098750114440918,7.164999961853027,6.957499980926514,117524800.0
2018-11-09,6.3738627433776855,6.864999771118164,6.909999847412109,6.536250114440918,136739200.0
2018-11-12,5.813978672027588,6.5625,6.598750114440918,6.073750019073486,154367200.0
2018-11-13,5.811602115631104,6.183750152587891,6.4375,6.054999828338623,154454400.0
2018-11-14,5.664202690124512,6.284999847412109,6.352499961853027,5.860000133514404,156124000.0
2018-11-15,5.967322826385498,5.923749923706055,6.326250076293945,5.776249885559082,169816800.0
2018-11-16,5.901944160461426,6.09499979019165,6.300000190734863,6.014999866485596,134324800.0
2018-11-19,5.336117744445801,6.114999771118164,6.143750190734863,5.550000190734863,186492000.0
2018-11-20,5.040129661560059,5.215000152587891,5.53000020980835,5.087500095367432,202991200.0
2018-11-21,5.153055667877197,5.503749847412109,5.577499866485596,5.389999866485596,115115200.0
2018-11-23,5.038939952850342,5.284999847412109,5.465000152587891,5.28125,56880000.0
2018-11-26,5.384855270385742,5.522500038146973,5.672500133514404,5.452499866485596,119964800.0
2018-11-27,5.440724849700928,5.577499866485596,5.764999866485596,5.486249923706055,120163200.0
2018-11-28,5.956624031066895,5.849999904632568,6.269999980926514,5.75,195064800.0
2018-11-29,5.901944160461426,6.190000057220459,6.333749771118164,6.059999942779541,129044800.0
2018-11-30,6.025569438934326,6.230000019073486,6.355000019073486,6.141250133514404,116635200.0
2018-12-03,6.3346333503723145,6.760000228881836,6.787499904632568,6.53125,149343200.0
2018-12-04,5.638050079345703,6.568749904632568,6.62375020980835,5.883749961853027,210096000.0
2018-12-06,5.720070838928223,5.551249980926514,6.027500152587891,5.478750228881836,196156000.0
2018-12-07,5.160188674926758,5.949999809265137,6.052499771118164,5.375,222987200.0
2018-12-10,5.321853160858154,5.394999980926514,5.670000076293945,5.227499961853027,176468800.0
2018-12-11,5.378911018371582,5.866250038146973,5.875,5.511250019073486,172163200.0
2018-12-12,5.514424800872803,5.902500152587891,6.066249847412109,5.796249866485596,169451200.0
2018-12-13,5.5156121253967285,5.912499904632568,5.986249923706055,5.690000057220459,164724800.0
2018-12-14,5.099564552307129,5.611249923706055,5.666250228881836,5.338749885559082,156177600.0
2018-12-17,4.770292282104492,5.308750152587891,5.43625020980835,4.886250019073486,200592800.0
2018-12-18,4.849936485290527,5.135000228881836,5.25124979019165,4.971250057220459,157893600.0
2018-12-19,4.499265193939209,5.088749885559082,5.323750019073486,4.610000133514404,307862400.0
2018-12-20,4.318583011627197,4.683750152587891,4.847499847412109,4.341249942779541,320818400.0
2018-12-21,3.9013454914093018,4.581250190734863,4.676249980926514,4.026249885559082,369034400.0
2018-12-24,3.6124889850616455,4.0,4.161250114440918,3.7899999618530273,175600800.0
2018-12-26,4.268472194671631,3.912499904632568,4.492499828338623,3.829999923706055,378235200.0
2018-12-27,4.329177379608154,4.324999809265137,4.550000190734863,4.014999866485596,341834400.0
2018-12-28,4.311325073242188,4.625,4.763750076293945,4.421249866485596,304842400.0
2018-12-31,4.408927917480469,4.670000076293945,4.710000038146973,4.506249904632568,216966400.0
2019-01-02,4.472016334533691,4.347499847412109,4.778749942779541,4.341249942779541,271665600.0
2019-01-03,4.038741111755371,4.497499942779541,4.551249980926514,4.203750133514404,330510400.0
2019-01-04,4.555338382720947,4.443749904632568,4.84499979019165,4.396249771118164,272964000.0
2019-01-07,4.700556755065918,4.808750152587891,5.018750190734863,4.766250133514404,213106400.0
2019-01-08,4.836252689361572,5.086249828338623,5.138750076293945,4.862500190734863,211622400.0
2019-01-09,4.950523376464844,5.139999866485596,5.271249771118164,5.074999809265137,178098400.0
2019-01-10,4.998136043548584,5.079999923706055,5.253749847412109,4.994999885559082,175131200.0
2019-01-11,4.938620567321777,5.15500020980835,5.203750133514404,5.101250171661377,120804800.0
2019-01-14,4.810065746307373,5.053750038146973,5.117499828338623,4.982500076293945,111383200.0
2019-01-15,5.07669734954834,5.117499828338623,5.364999771118164,5.107500076293945,145125600.0
2019-01-16,5.083837509155273,5.371250152587891,5.482500076293945,5.335000038146973,135892800.0
2019-01-17,5.202869415283203,5.287499904632568,5.533750057220459,5.257500171661377,142040000.0
2019-01-18,5.345707416534424,5.590000152587891,5.701250076293945,5.481249809265137,166908800.0
2019-01-22,5.050509452819824,5.50124979019165,5.510000228881836,5.164999961853027,181734400.0
2019-01-23,5.055271148681641,5.368750095367432,5.4375,5.127500057220459,166093600.0
2019-01-24,5.144544124603272,5.352499961853027,5.427499771118164,5.292500019073486,128115200.0
2019-01-25,5.327853679656982,5.53249979019165,5.646249771118164,5.477499961853027,139513600.0
2019-01-28,5.131451606750488,5.37624979019165,5.388750076293945,5.25124979019165,140359200.0
2019-01-29,4.986232280731201,5.398749828338623,5.401249885559082,5.178750038146973,122530400.0
2019-01-30,5.359990119934082,5.412499904632568,5.690000057220459,5.361249923706055,175824000.0
2019-01-31,5.595673084259033,5.727499961853027,5.965000152587891,5.710000038146973,160575200.0
2019-02-01,5.524254322052002,5.792500019073486,5.927499771118164,5.757500171661377,141561600.0
2019-02-04,5.726608276367188,5.808750152587891,6.019999980926514,5.792500019073486,110976800.0
2019-02-05,5.87777853012085,6.046249866485596,6.199999809265137,6.037499904632568,128916800.0
2019-02-06,5.831356048583984,6.184999942779541,6.216249942779541,6.039999961853027,145420000.0
2019-02-07,5.5932936668396,5.958749771118164,6.003749847412109,5.736249923706055,209793600.0
2019-02-08,5.621860980987549,5.713749885559082,5.90625,5.699999809265137,144722400.0
2019-02-11,5.608767509460449,5.971250057220459,6.013750076293945,5.84499979019165,121196800.0
2019-02-12,5.85159158706665,6.016250133514404,6.173749923706055,5.986249923706055,128226400.0
2019-02-13,5.863494396209717,6.232500076293945,6.284999847412109,6.139999866485596,127609600.0
2019-02-14,5.884920120239258,6.087500095367432,6.243750095367432,6.027500152587891,153369600.0
2019-02-15,5.9551496505737305,6.31374979019165,6.315000057220459,6.170000076293945,142496000.0
2019-02-19,5.990859031677246,6.195000171661377,6.348750114440918,6.195000171661377,103572800.0
2019-02-20,5.98609733581543,6.306250095367432,6.378749847412109,6.18625020980835,171065600.0
2019-02-21,5.918248653411865,6.233749866485596,6.286250114440918,6.116250038146973,128493600.0
2019-02-22,6.046803951263428,6.257500171661377,6.364999771118164,6.246250152587891,119637600.0
2019-02-25,6.113461971282959,6.50124979019165,6.547500133514404,6.40749979019165,124102400.0
2019-02-26,6.132506370544434,6.369999885559082,6.5,6.340000152587891,105356800.0
2019-02-27,6.113461971282959,6.353750228881836,6.447500228881836,6.223750114440918,115844000.0
2019-02-28,6.075371742248535,6.363749980926514,6.447500228881836,6.324999809265137,92063200.0
2019-03-01,6.196783542633057,6.514999866485596,6.536250114440918,6.377500057220459,140156800.0
2019-03-04,6.197973251342773,6.621250152587891,6.666250228881836,6.293749809265137,213088000.0
2019-03-05,6.213447093963623,6.522500038146973,6.585000038146973,6.427499771118164,100348800.0
2019-03-06,6.106318950653076,6.541250228881836,6.547500133514404,6.382500171661377,123468800.0
2019-03-07,5.883730411529541,6.360000133514404,6.367499828338623,6.103750228881836,169306400.0
2019-03-08,5.850401401519775,5.96750020980835,6.152500152587891,5.945000171661377,174936800.0
2019-03-11,6.215828895568848,6.216249942779541,6.538750171661377,6.216249942779541,128468000.0
2019-03-12,6.317006587982178,6.578750133514404,6.683750152587891,6.53125,151606400.0
2019-03-13,6.453891277313232,6.733749866485596,6.886250019073486,6.707499980926514,145129600.0
2019-03-14,6.425323009490967,6.789999961853027,6.815000057220459,6.737500190734863,95443200.0
2019-03-15,6.584826469421387,6.826250076293945,6.992499828338623,6.807499885559082,138845600.0
2019-03-18,6.644341468811035,6.921249866485596,7.042500019073486,6.880000114440918,148994400.0
2019-03-19,6.710999011993408,7.067500114440918,7.159999847412109,6.961249828338623,164380800.0
2019-03-20,6.788396835327148,7.043749809265137,7.256249904632568,6.948750019073486,183522400.0
2019-03-21,7.102752685546875,7.059999942779541,7.487500190734863,7.056250095367432,151957600.0
2019-03-22,6.638364315032959,7.358749866485596,7.418749809265137,6.942500114440918,267601600.0
2019-03-25,6.596689224243164,6.882500171661377,6.996250152587891,6.772500038146973,210369600.0
2019-03-26,6.6871843338012695,7.086249828338623,7.210000038146973,6.913750171661377,175872000.0
2019-03-27,6.556203842163086,7.048749923706055,7.097499847412109,6.731249809265137,176810400.0
2019-03-28,6.597879886627197,6.933750152587891,7.003749847412109,6.803750038146973,128437600.0
2019-03-29,6.746720790863037,7.078750133514404,7.102499961853027,6.960000038146973,126980000.0
2019-04-01,7.012257099151611,7.287499904632568,7.387499809265137,7.212500095367432,122364800.0
2019-04-02,7.089653968811035,7.386250019073486,7.465000152587891,7.328750133514404,106728800.0
2019-04-03,7.212300777435303,7.567500114440918,7.711249828338623,7.50124979019165,151384000.0
2019-04-04,7.201582908630371,7.572500228881836,7.659999847412109,7.428750038146973,143620800.0
2019-04-05,7.309940338134766,7.632500171661377,7.6875,7.597499847412109,104654400.0
2019-04-08,7.367095947265625,7.635000228881836,7.74875020980835,7.545000076293945,103460000.0
2019-04-09,7.286126136779785,7.65500020980835,7.728750228881836,7.599999904632568,104121600.0
2019-04-10,7.4040093421936035,7.682499885559082,7.777500152587891,7.653749942779541,99244000.0
2019-04-11,7.348044872283935,7.801249980926514,7.803750038146973,7.670000076293945,111770400.0
2019-04-12,7.438539505004883,7.8125,7.824999809265137,7.716249942779541,95228000.0
2019-04-15,7.44449520111084,7.808750152587891,7.840000152587891,7.65749979019165,83369600.0
2019-04-16,7.517130374908447,7.893750190734863,7.943749904632568,7.823750019073486,94287200.0
2019-04-17,7.592145919799805,8.045000076293945,8.069999694824219,7.901249885559082,114422400.0
2019-04-18,7.615960121154785,8.010000228881836,8.013750076293945,7.858749866485596,91903200.0
2019-04-22,7.68026065826416,7.893750190734863,8.073749542236328,7.875,75756800.0
2019-04-23,7.971989154815674,8.126250267028809,8.399999618530273,8.0912504196167,104954400.0
2019-04-24,7.894593715667725,8.387499809265137,8.422499656677246,8.2837495803833,95075200.0
2019-04-25,7.982707977294922,8.4712495803833,8.481249809265137,8.25374984741211,119690400.0
2019-04-26,8.011284828186035,8.351249694824219,8.412500381469727,8.137499809265137,110516800.0
2019-04-29,8.054153442382812,8.407500267028809,8.49625015258789,8.367500305175781,83797600.0
2019-04-30,7.869585037231445,8.25,8.301250457763672,8.083749771118164,127595200.0
2019-05-01,7.779091835021973,8.414999961853027,8.488750457763672,8.157500267028809,125916000.0
2019-05-02,7.68383264541626,8.168749809265137,8.291250228881836,7.90625,141288800.0
2019-05-03,8.045816421508789,8.267499923706055,8.46875,8.223750114440918,108889600.0
2019-05-06,7.901738166809082,7.913750171661377,8.327500343322754,7.869999885559082,161715200.0
2019-05-07,7.442111968994141,8.026249885559082,8.1274995803833,7.579999923706055,237529600.0
2019-05-08,7.376622200012207,7.733749866485596,7.923749923706055,7.648749828338623,161237600.0
2019-05-09,7.25993013381958,7.494999885559082,7.698750019073486,7.283750057220459,220417600.0
2019-05-10,7.280172348022461,7.53000020980835,7.753749847412109,7.15500020980835,227858400.0
2019-05-13,6.527624607086182,7.059999942779541,7.178750038146973,6.783750057220459,234920800.0
2019-05-14,6.732432842254639,6.952499866485596,7.197500228881836,6.878749847412109,140192000.0
2019-05-15,7.012257099151611,6.932499885559082,7.423749923706055,6.923749923706055,176160000.0
2019-05-16,7.23135232925415,7.375,7.727499961853027,7.351250171661377,174026400.0
2019-05-17,7.006302833557129,7.361249923706055,7.667500019073486,7.333749771118164,182510400.0
2019-05-20,6.655035495758057,7.047500133514404,7.128749847412109,6.90625,184368800.0
2019-05-21,6.855079174041748,7.158750057220459,7.255000114440918,7.091249942779541,114487200.0
2019-05-22,6.765772819519043,7.072500228881836,7.222499847412109,7.070000171661377,128912800.0
2019-05-23,6.446656703948975,6.857500076293945,6.860000133514404,6.638750076293945,207680800.0
2019-05-24,6.437129497528076,6.883749961853027,6.949999809265137,6.735000133514404,137225600.0
2019-05-28,6.368066310882568,6.817500114440918,6.926249980926514,6.678750038146973,116903200.0
2019-05-29,6.208508014678955,6.56125020980835,6.625,6.40749979019165,177921600.0
2019-05-30,6.282333850860596,6.566249847412109,6.647500038146973,6.480000019073486,136428000.0
2019-05-31,5.979887008666992,6.358749866485596,6.426249980926514,6.267499923706055,140600800.0
2019-06-03,5.597658634185791,6.227499961853027,6.275000095367432,5.766250133514404,241812800.0
2019-06-04,6.051330089569092,6.050000190734863,6.360000133514404,5.988749980926514,163869600.0
2019-06-05,6.184693813323975,6.536250114440918,6.539999961853027,6.296249866485596,152316800.0
2019-06-06,6.327581882476807,6.525000095367432,6.693749904632568,6.43874979019165,100302400.0
2019-06-07,6.6883745193481445,6.75,7.114999771118164,6.727499961853027,151548000.0
2019-06-10,6.932477474212647,7.170000076293945,7.477499961853027,7.170000076293945,183272000.0
2019-06-11,6.958672523498535,7.507500171661377,7.546249866485596,7.231249809265137,137447200.0
2019-06-12,6.84079122543335,7.241250038146973,7.287499904632568,7.137499809265137,110176000.0
2019-06-13,6.952719211578369,7.266250133514404,7.353750228881836,7.222499847412109,98559200.0
2019-06-14,6.8622236251831055,7.183750152587891,7.262499809265137,7.12375020980835,77144800.0
2019-06-17,6.987251281738281,7.24875020980835,7.396249771118164,7.230000019073486,75050400.0
2019-06-18,7.289698600769043,7.59375,7.81125020980835,7.538750171661377,141829600.0
2019-06-19,7.375431537628174,7.691249847412109,7.795000076293945,7.550000190734863,136979200.0
2019-06-20,7.577856063842773,8.061249732971191,8.06624984741211,7.778749942779541,119355200.0
2019-06-21,7.543323993682861,7.913750171661377,8.067500114440918,7.868750095367432,104646400.0
2019-06-24,7.540943145751953,7.961249828338623,7.986249923706055,7.901249885559082,68938400.0
2019-06-25,7.155145645141602,7.897500038146973,7.909999847412109,7.472499847412109,139623200.0
2019-06-26,7.245640277862549,7.652500152587891,7.797500133514404,7.574999809265137,94115200.0
2019-06-27,7.324228763580322,7.68874979019165,7.74875020980835,7.631249904632568,75270400.0
2019-06-28,7.355188846588135,7.747499942779541,7.773749828338623,7.638750076293945,98932800.0
2019-07-01,7.648110389709473,8.162500381469727,8.193750381469727,7.923749923706055,144820800.0
2019-07-02,7.740987300872803,8.020000457763672,8.126250267028809,7.954999923706055,81248800.0
2019-07-03,7.912453651428223,8.177499771118164,8.306249618530273,8.157500267028809,67127200.0
2019-07-05,7.861253261566162,8.136249542236328,8.298749923706055,8.038749694824219,116844800.0
2019-07-08,7.695739269256592,8.098750114440918,8.100000381469727,7.977499961853027,105787200.0
2019-07-09,7.8112406730651855,7.958749771118164,8.227499961853027,7.941249847412109,88595200.0
2019-07-10,8.042242050170898,8.350000381469727,8.511249542236328,8.300000190734863,154109600.0
2019-07-11,8.020812034606934,8.483750343322754,8.537500381469727,8.338749885559082,127849600.0
2019-07-12,8.155365943908691,8.443750381469727,8.563750267028809,8.422499656677246,89192800.0
2019-07-15,8.224427223205566,8.619999885559082,8.648750305175781,8.551250457763672,73394400.0
2019-07-16,8.107736587524414,8.606249809265137,8.635000228881836,8.430000305175781,111992000.0
2019-07-17,7.987469673156738,8.515000343322754,8.553750038146973,8.380000114440918,92508000.0
2019-07-18,8.022003173828125,8.261249542236328,8.457500457763672,8.178750038146973,135568000.0
2019-07-19,7.827912330627441,8.587499618530273,8.587499618530273,8.196249961853027,140779200.0
2019-07-22,8.012473106384277,8.279999732971191,8.4662504196167,8.27750015258789,95506400.0
2019-07-23,8.16727066040039,8.551250457763672,8.577500343322754,8.380000114440918,116049600.0
2019-07-24,8.341119766235352,8.479999542236328,8.756250381469727,8.475000381469727,109244800.0
2019-07-25,8.102974891662598,8.667499542236328,8.668749809265137,8.454999923706055,150075200.0
2019-07-26,8.343502044677734,8.662500381469727,8.798749923706055,8.65250015258789,111478400.0
2019-07-29,8.266101837158203,8.744999885559082,8.744999885559082,8.508749961853027,113275200.0
2019-07-30,8.155365943908691,8.477499961853027,8.65999984741211,8.457500457763672,111504000.0
2019-07-31,7.8112406730651855,8.62874984741211,8.643750190734863,7.962500095367432,196340800.0
2019-08-01,7.701693534851074,8.244999885559082,8.699999809265137,7.954999923706055,298384800.0
2019-08-02,7.349236011505127,7.900000095367432,7.928750038146973,7.574999809265137,246920000.0
2019-08-05,6.577636241912842,7.242499828338623,7.242499828338623,6.710000038146973,302484800.0
2019-08-06,6.847933292388916,7.090000152587891,7.247499942779541,6.9375,213540800.0
2019-08-07,6.947956085205078,6.951250076293945,7.328750133514404,6.787499904632568,307908800.0
2019-08-08,7.407581329345703,7.40500020980835,7.778749942779541,7.336249828338623,219056000.0
2019-08-09,7.188485622406006,7.65749979019165,7.739999771118164,7.371250152587891,221366400.0
2019-08-12,6.947956085205078,7.409999847412109,7.478750228881836,7.190000057220459,213311200.0
2019-08-13,7.4040093421936035,7.28000020980835,7.923749923706055,7.25,239259200.0
2019-08-14,6.740767955780029,7.393750190734863,7.46750020980835,7.03249979019165,304930400.0
2019-08-15,6.7121901512146,7.112500190734863,7.164999961853027,6.883749961853027,208939200.0
2019-08-16,7.0217814445495605,7.222499847412109,7.43625020980835,7.222499847412109,164405600.0
2019-08-19,7.350426197052002,7.683750152587891,7.78000020980835,7.621250152587891,120044000.0
2019-08-20,7.199202537536621,7.676249980926514,7.756249904632568,7.551249980926514,125264000.0
2019-08-21,7.382575035095215,7.753749847412109,7.823750019073486,7.671249866485596,101481600.0
2019-08-22,7.311131477355957,7.795000076293945,7.848750114440918,7.491250038146973,152629600.0
2019-08-23,6.641936302185059,7.516250133514404,7.724999904632568,6.885000228881836,302350400.0
2019-08-26,6.911043643951416,7.18625020980835,7.257500171661377,7.057499885559082,146585600.0
2019-08-27,6.8693671226501465,7.40625,7.445000171661377,7.125,154579200.0
2019-08-28,6.9384307861328125,7.138750076293945,7.321249961853027,7.03125,127824800.0
2019-08-29,7.253975868225098,7.552499771118164,7.678750038146973,7.46750020980835,141523200.0
2019-08-30,7.202774524688721,7.739999771118164,7.741250038146973,7.432499885559082,136103200.0
2019-09-03,6.993204593658447,7.411250114440918,7.522500038146973,7.263750076293945,128785600.0
2019-09-04,7.28731632232666,7.547500133514404,7.671249866485596,7.489999771118164,100464800.0
2019-09-05,7.689785480499268,7.902500152587891,8.138750076293945,7.889999866485596,126744000.0
2019-09-06,7.66835355758667,8.106249809265137,8.119999885559082,7.994999885559082,115038400.0
2019-09-09,7.619532108306885,8.12125015258789,8.133749961853027,7.871250152587891,112312800.0
2019-09-10,7.556423664093018,7.867499828338623,7.934999942779541,7.710000038146973,136765600.0
2019-09-11,7.760039329528809,7.96875,8.161250114440918,7.916250228881836,111400800.0
2019-09-12,7.8564910888671875,8.297499656677246,8.4350004196167,8.211250305175781,139931200.0
2019-09-13,7.773138523101807,8.212499618530273,8.267499923706055,8.125,107610400.0
2019-09-16,7.665970802307129,7.99875020980835,8.09749984741211,7.974999904632568,97124000.0
2019-09-17,7.767184257507324,8.045000076293945,8.161250114440918,7.997499942779541,90796000.0
2019-09-18,7.762421607971191,8.107500076293945,8.1587495803833,7.84375,142063200.0
2019-09-19,7.796952247619629,8.19124984741211,8.336250305175781,8.137499809265137,132770400.0
2019-09-20,7.551660537719727,8.220000267028809,8.243749618530273,7.84250020980835,123512800.0
2019-09-23,7.558805465698242,7.909999847412109,8.005000114440918,7.837500095367432,89409600.0
2019-09-24,7.25993013381958,8.043749809265137,8.092499732971191,7.517499923706055,203765600.0
2019-09-25,7.492123126983643,7.59499979019165,7.929999828338623,7.403749942779541,152304000.0
2019-09-26,7.417107582092285,7.841249942779541,7.857500076293945,7.607500076293945,136214400.0
2019-09-27,7.148000240325928,7.818749904632568,7.831250190734863,7.332499980926514,188492000.0
2019-09-30,7.338518142700195,7.574999809265137,7.739999771118164,7.534999847412109,117103200.0
2019-10-01,7.161097526550293,7.789999961853027,7.918749809265137,7.477499961853027,158454400.0
2019-10-02,6.794351577758789,7.366250038146973,7.366250038146973,7.002500057220459,270824000.0
2019-10-03,7.018209934234619,7.127500057220459,7.371250152587891,6.863749980926514,240521600.0
2019-10-04,7.313512802124023,7.463749885559082,7.710000038146973,7.448750019073486,168977600.0
2019-10-07,7.245640277862549,7.607500076293945,7.791250228881836,7.567500114440918,162530400.0
2019-10-08,6.915805816650391,7.454999923706055,7.559999942779541,7.25,235405600.0
2019-10-09,7.125377178192139,7.449999809265137,7.576250076293945,7.382500171661377,152269600.0
2019-10-10,7.281363487243652,7.481249809265137,7.733749866485596,7.460000038146973,176239200.0
2019-10-11,7.554041862487793,7.902500152587891,8.125,7.892499923706055,222509600.0
2019-10-14,7.562376976013184,7.90625,8.013750076293945,7.882500171661377,91493600.0
2019-10-15,7.849345684051514,8.010000228881836,8.293749809265137,7.996250152587891,140721600.0
2019-10-16,7.790998935699463,8.15250015258789,8.238750457763672,8.098750114440918,117193600.0
2019-10-17,7.844581127166748,8.319999694824219,8.357500076293945,8.142499923706055,121839200.0
2019-10-18,7.619532108306885,8.202500343322754,8.25374984741211,7.87375020980835,154444000.0
2019-10-21,7.820767879486084,8.12874984741211,8.227499961853027,8.053750038146973,94176000.0
2019-10-22,7.639776229858398,8.295000076293945,8.3412504196167,8.010000228881836,125023200.0
2019-10-23,7.675496101379394,7.963749885559082,8.063750267028809,7.925000190734863,96905600.0
2019-10-24,7.895784378051758,8.233750343322754,8.305000305175781,8.12125015258789,122484800.0
2019-10-25,8.07558536529541,8.161250114440918,8.498749732971191,8.15625,129177600.0
2019-10-28,8.322068214416504,8.607500076293945,8.771249771118164,8.607500076293945,111596000.0
2019-10-29,8.130358695983887,8.693750381469727,8.731249809265137,8.5287504196167,107028000.0
2019-10-30,8.244669914245605,8.579999923706055,8.697500228881836,8.43375015258789,118984800.0
2019-10-31,8.250621795654297,8.7212495803833,8.739999771118164,8.513750076293945,123296000.0
2019-11-01,8.474483489990234,8.776249885559082,8.898750305175781,8.736249923706055,115052800.0
2019-11-04,8.625707626342773,9.076250076293944,9.12125015258789,9.015000343322754,99926400.0
2019-11-05,8.636423110961914,9.0962495803833,9.1225004196167,8.986249923706055,103229600.0
2019-11-06,8.581647872924805,9.043749809265137,9.047499656677246,8.881250381469727,115329600.0
2019-11-07,8.668572425842285,9.151249885559082,9.274999618530272,9.021249771118164,125719200.0
2019-11-08,8.770976066589355,9.046250343322754,9.21125030517578,8.978750228881836,81607200.0
2019-11-11,8.734063148498535,9.071249961853027,9.182499885559082,9.03125,76092800.0
2019-11-12,8.805505752563477,9.1899995803833,9.34000015258789,9.149999618530272,128692000.0
2019-11-13,8.792407989501953,9.1537504196167,9.2787504196167,9.13249969482422,111758400.0
2019-11-14,8.790027618408203,9.14875030517578,9.24625015258789,9.063750267028809,106651200.0
2019-11-15,8.955540657043457,9.388750076293944,9.417499542236328,9.307499885559082,90586400.0
2019-11-18,9.00197696685791,9.388750076293944,9.4975004196167,9.272500038146973,96696000.0
2019-11-19,9.03888988494873,9.55875015258789,9.55875015258789,9.386249542236328,112120000.0
2019-11-20,8.880524635314941,9.418749809265137,9.50374984741211,9.102499961853027,150380000.0
2019-11-21,8.81146240234375,9.289999961853027,9.306249618530272,9.168749809265137,90659200.0
2019-11-22,8.835278511047363,9.31999969482422,9.338749885559082,9.12125015258789,83668000.0
2019-11-25,9.14129638671875,9.390000343322754,9.602499961853027,9.387499809265137,80078400.0
2019-11-26,9.196070671081545,9.613750457763672,9.688750267028809,9.574999809265137,83690400.0
2019-11-27,9.381826400756836,9.72249984741211,9.852499961853027,9.6899995803833,81556800.0
2019-11-29,9.256794929504396,9.776249885559082,9.821249961853027,9.699999809265137,53796000.0
2019-12-02,8.959112167358398,9.717499732971191,9.723750114440918,9.25374984741211,151815200.0
2019-12-03,8.757879257202148,9.037500381469728,9.203749656677246,8.888750076293945,156052000.0
2019-12-04,8.88766860961914,9.33625030517578,9.396249771118164,9.292499542236328,87659200.0
2019-12-05,8.934107780456543,9.427499771118164,9.428750038146973,9.24625015258789,89080800.0
2019-12-06,9.21035861968994,9.585000038146973,9.702500343322754,9.567500114440918,92941600.0
2019-12-09,9.09723663330078,9.636249542236328,9.766249656677246,9.539999961853027,77928800.0
2019-12-10,9.076995849609377,9.556249618530272,9.65999984741211,9.460000038146973,112048000.0
2019-12-11,9.213930130004885,9.585000038146973,9.703749656677246,9.545000076293944,90596000.0
2019-12-12,9.424694061279297,9.641249656677246,10.0,9.602499961853027,183164000.0
2019-12-13,9.509235382080078,9.869999885559082,10.09000015258789,9.807499885559082,160996000.0
2019-12-16,9.78191375732422,10.177499771118164,10.321249961853027,10.170000076293944,99388000.0
2019-12-17,9.795011520385742,10.321249961853027,10.348750114440918,10.25,84548800.0
2019-12-18,9.817634582519531,10.331250190734863,10.40999984741211,10.292499542236328,71408000.0
2019-12-19,10.017678260803224,10.332500457763672,10.522500038146973,10.332500457763672,83384800.0
2019-12-20,10.136751174926758,10.6537504196167,10.6899995803833,10.574999809265137,99548000.0
2019-12-23,10.211769104003906,10.7524995803833,10.772500038146973,10.696249961853027,72427200.0
2019-12-24,10.224990844726562,10.743749618530272,10.758749961853027,10.65625,39898400.0
2019-12-26,10.49062156677246,10.7787504196167,11.013750076293944,10.7787504196167,64258400.0
2019-12-27,10.459651947021484,11.126250267028809,11.13249969482422,10.893750190734863,99750400.0
2019-12-30,10.25119686126709,10.9662504196167,10.982500076293944,10.600000381469728,112905600.0
2019-12-31,10.309564590454102,10.662500381469728,10.845000267028809,10.607500076293944,84380000.0
2020-01-02,10.820576667785645,11.088749885559082,11.354999542236328,11.02750015258789,131072000.0
2020-01-03,10.526357650756836,10.911250114440918,11.25,10.904999732971191,145180000.0
2020-01-06,10.72647476196289,10.7837495803833,11.260000228881836,10.743749618530272,128095200.0
2020-01-07,10.713372230529783,11.267499923706056,11.34749984741211,11.145000457763672,107699200.0
2020-01-08,10.959942817687988,11.244999885559082,11.65999984741211,11.19124984741211,159164800.0
2020-01-09,11.236292839050291,11.7787504196167,11.857500076293944,11.59000015258789,145423200.0
2020-01-10,11.144574165344238,11.923749923706056,11.93375015258789,11.641249656677246,137604000.0
2020-01-13,11.534085273742676,11.8412504196167,12.109999656677246,11.78874969482422,116558400.0
2020-01-14,11.39948272705078,12.072500228881836,12.143750190734863,11.90250015258789,145737600.0
2020-01-15,11.40663242340088,11.97249984741211,12.141249656677246,11.852499961853027,133003200.0
2020-01-16,11.724671363830566,12.138750076293944,12.311249732971191,12.06624984741211,121100800.0
2020-01-17,11.899775505065918,12.463749885559082,12.517499923706056,12.282500267028809,144402400.0
2020-01-21,11.89381980895996,12.37874984741211,12.563750267028809,12.369999885559082,138882400.0
2020-01-22,11.974818229675291,12.6537504196167,12.786250114440918,12.522500038146973,136148800.0
2020-01-23,12.085596084594728,12.541250228881836,12.698749542236328,12.37125015258789,143588800.0
2020-01-24,11.77231788635254,12.862500190734863,12.901249885559082,12.188750267028809,239374400.0
2020-01-27,11.044515609741213,11.53125,11.793749809265137,11.272500038146973,198626400.0
2020-01-28,11.557909965515137,11.831250190734863,12.208749771118164,11.7475004196167,171862400.0
2020-01-29,11.599599838256836,12.328749656677246,12.369999885559082,12.022500038146973,137877600.0
2020-01-30,11.730628967285156,11.949999809265137,12.324999809265137,11.831250190734863,200249600.0
2020-01-31,11.154102325439451,12.460000038146973,12.46875,11.59375,220384000.0
2020-02-03,11.666306495666504,11.888750076293944,12.332500457763672,11.866250038146973,173688000.0
2020-02-04,12.463196754455566,12.75,13.15625,12.6274995803833,140248800.0
2020-02-05,12.607327461242676,13.56999969482422,13.572500228881836,12.986249923706056,174612000.0
2020-02-06,12.914649963378906,13.313750267028809,13.567500114440918,13.176250457763672,113132800.0
2020-02-07,12.74788761138916,13.3725004196167,13.60124969482422,13.265000343322754,154052000.0
2020-02-10,13.207679748535156,13.2475004196167,13.863750457763672,13.237500190734863,123248800.0
2020-02-11,13.217206001281738,14.087499618530272,14.233750343322754,13.760000228881836,193770400.0
2020-02-12,13.60433578491211,14.111249923706056,14.293749809265137,14.012499809265137,121608000.0
2020-02-13,13.551925659179688,13.973750114440918,14.387499809265137,13.922499656677246,155282400.0
2020-02-14,13.643647193908691,14.27750015258789,14.373749732971191,14.135000228881836,113969600.0
2020-02-18,13.667469024658203,14.114999771118164,14.428750038146973,14.073749542236328,130167200.0
2020-02-19,14.062936782836914,14.60124969482422,14.850000381469728,14.550000190734863,105627200.0
2020-02-20,13.662704467773438,14.662500381469728,14.7475004196167,13.798749923706056,227657600.0
2020-02-21,12.881298065185549,14.13249969482422,14.197500228881836,13.3412504196167,207107200.0
2020-02-24,11.397101402282717,12.03499984741211,12.447500228881836,11.703749656677246,269674400.0
2020-02-25,10.475137710571287,12.241250038146973,12.363750457763672,10.86750030517578,300793600.0
2020-02-26,10.619267463684082,11.15999984741211,11.7162504196167,10.893750190734863,335736000.0
2020-02-27,9.031441688537598,10.287500381469728,10.801250457763672,9.447500228881836,425116000.0
2020-02-28,9.17199993133545,8.551250457763672,9.678750038146973,8.4375,494222400.0
2020-03-02,10.423916816711426,9.9087495803833,10.967499732971191,9.49625015258789,363518400.0
2020-03-03,9.44239330291748,11.046250343322754,11.4375,9.609999656677246,548126400.0
2020-03-04,10.588297843933104,10.442500114440918,11.143750190734863,10.162500381469728,315827200.0
2020-03-05,9.659185409545898,10.279999732971191,10.845000267028809,9.886249542236328,386972000.0
2020-03-06,9.152936935424805,9.0912504196167,9.760000228881836,8.875,393519200.0
2020-03-09,7.293525218963623,7.691249847412109,8.643750190734863,7.625,406964800.0
2020-03-10,8.428709030151367,8.4975004196167,8.866250038146973,7.625,456252800.0
2020-03-11,7.344744682312012,8.22249984741211,8.4037504196167,7.375,430928000.0
2020-03-12,5.331670761108398,6.1875,7.1875,5.550000190734863,618225600.0
2020-03-13,6.770602703094482,6.53000020980835,7.163750171661377,5.632500171661377,556290400.0
2020-03-16,4.437103271484375,5.057499885559082,6.074999809265137,4.62375020980835,658290400.0
2020-03-17,5.160142421722412,4.922500133514404,5.642499923706055,4.46875,762020800.0
2020-03-18,4.68248462677002,4.537499904632568,5.1875,4.091249942779541,848999200.0
2020-03-19,4.79088020324707,4.856249809265137,5.510000228881836,4.5,804808800.0
2020-03-20,4.22983980178833,5.37375020980835,5.474999904632568,4.387499809265137,782255200.0
2020-03-23,4.242943286895752,4.491250038146973,4.75,4.033750057220459,820073600.0
2020-03-24,5.1887311935424805,5.153749942779541,5.46750020980835,5.016250133514404,829824000.0
2020-03-25,5.068422794342041,5.525000095367432,5.980000019073486,5.135000228881836,834874400.0
2020-03-26,5.893903255462647,5.478750228881836,6.25,5.458749771118164,649240000.0
2020-03-27,5.281641006469727,5.703750133514404,6.041250228881836,5.473750114440918,557143200.0
2020-03-30,5.836726188659668,5.697500228881836,6.172500133514404,5.625,416621600.0
2020-03-31,5.674726963043213,6.076250076293945,6.441249847412109,5.857500076293945,731904000.0
2020-04-01,4.970746994018555,5.449999809265137,5.715000152587891,5.077499866485596,535589600.0
2020-04-02,5.264965057373047,5.150000095367432,5.542500019073486,5.096250057220459,467531200.0
2020-04-03,5.0529375076293945,5.482500076293945,5.622499942779541,5.107500076293945,554484000.0
2020-04-06,6.110694885253906,5.888750076293945,6.523749828338623,5.795000076293945,518616800.0
2020-04-07,6.098783016204834,6.987500190734863,7.036250114440918,6.375,658009600.0
2020-04-08,6.488295078277588,6.586249828338623,6.875,6.409999847412109,518180000.0
2020-04-09,6.512118339538574,6.991250038146973,7.090000152587891,6.658750057220459,553297600.0
2020-04-13,6.73844051361084,6.75,7.110000133514404,6.633749961853027,426961600.0
2020-04-14,7.612758636474609,7.506249904632568,8.050000190734863,7.423749923706055,490049600.0
2020-04-15,7.360231399536133,7.613749980926514,7.923749923706055,7.457499980926514,431688000.0
2020-04-16,7.754507541656494,7.976250171661377,8.258749961853027,7.743750095367432,562920000.0
2020-04-17,7.948667526245117,8.458749771118164,8.512499809265137,8.00374984741211,463564800.0
2020-04-20,7.691376209259033,8.148750305175781,8.438750267028809,8.057499885559082,386998400.0
2020-04-21,6.84088134765625,7.832499980926514,7.891250133514404,7.038750171661377,519489600.0
2020-04-22,7.4459943771362305,7.628749847412109,7.957499980926514,7.538750171661377,274185600.0
2020-04-23,7.397157669067383,7.903749942779541,8.198749542236328,7.715000152587891,424868000.0
2020-04-24,7.754507541656494,7.817500114440918,8.175000190734863,7.651249885559082,317981600.0
2020-04-27,7.905786514282227,8.397500038146973,8.448749542236328,8.204999923706055,304741600.0
2020-04-28,7.478156566619873,8.52750015258789,8.5287504196167,7.826250076293945,386247200.0
2020-04-29,8.255990028381348,8.381250381469727,8.796250343322754,8.261249542236328,346104000.0
2020-04-30,8.310783386230469,8.801250457763672,8.80875015258789,8.493749618530273,380544800.0
2020-05-01,7.565112113952637,8.164999961853027,8.413749694824219,7.8125,346245600.0
2020-05-04,7.831933498382568,7.817500114440918,8.241250038146973,7.758749961853027,200756000.0
2020-05-05,8.082077980041504,8.4662504196167,8.77750015258789,8.401249885559082,288714400.0
2020-05-06,8.24169635772705,8.692500114440918,8.891249656677246,8.548749923706055,311880800.0
2020-05-07,8.563307762145996,8.978750228881836,9.09375,8.821249961853027,289489600.0
2020-05-08,8.908748626708984,9.193750381469728,9.368749618530272,9.0649995803833,262202400.0
2020-05-11,9.1303071975708,9.18375015258789,9.737500190734863,9.15625,269384000.0
2020-05-12,8.58713436126709,9.68375015258789,9.766249656677246,9.00374984741211,339363200.0
2020-05-13,8.261946678161621,9.073749542236328,9.306249618530272,8.345000267028809,491119200.0
2020-05-14,8.535916328430176,8.505000114440918,8.961250305175781,8.263750076293945,402999200.0
2020-05-15,8.682427406311035,8.588749885559082,9.137499809265137,8.536250114440918,357806400.0
2020-05-18,9.185102462768556,9.5,9.774999618530272,9.40250015258789,296474400.0
2020-05-19,9.114819526672363,9.672499656677246,9.946249961853027,9.550000190734863,261430400.0
2020-05-20,9.648466110229492,9.901249885559082,10.188750267028809,9.901249885559082,285416000.0
2020-05-21,9.351865768432615,10.154999732971191,10.239999771118164,9.741250038146973,322693600.0
2020-05-22,9.436437606811523,9.761249542236328,9.936249732971191,9.631250381469728,209664800.0
2020-05-26,9.39712905883789,10.381250381469728,10.414999961853027,9.797499656677246,245202400.0
2020-05-27,9.52935028076172,9.763750076293944,10.005000114440918,9.172499656677246,347291200.0
2020-05-28,9.468598365783691,9.824999809265137,10.401249885559082,9.818750381469728,303992800.0
2020-05-29,9.859301567077637,10.005000114440918,10.414999961853027,9.789999961853027,358492800.0
2020-06-01,9.980802536010742,10.25749969482422,10.529999732971191,10.203749656677246,209881600.0
2020-06-02,10.179727554321287,10.529999732971191,10.693750381469728,10.204999923706056,250714400.0
2020-06-03,10.31790542602539,10.768750190734863,10.936249732971191,10.651249885559082,215033600.0
2020-06-04,10.108258247375488,10.7787504196167,10.984999656677246,10.420000076293944,266408800.0
2020-06-05,10.707414627075195,10.737500190734863,11.31624984741211,10.6875,281394400.0
2020-06-08,10.945646286010742,11.198749542236328,11.510000228881836,10.987500190734863,218544800.0
2020-06-09,11.189838409423828,11.361249923706056,11.8725004196167,11.342499732971191,213179200.0
2020-06-10,11.593646049499512,11.994999885559082,12.40250015258789,11.922499656677246,302911200.0
2020-06-11,9.886700630187988,11.572500228881836,11.776249885559082,10.352499961853027,383332000.0
2020-06-12,10.10111141204834,11.036250114440918,11.206250190734863,10.053750038146973,411876800.0
2020-06-15,10.457270622253418,10.135000228881836,11.085000038146973,10.00749969482422,398184800.0
2020-06-16,11.00997257232666,11.673749923706056,11.765000343322754,11.03874969482422,383217600.0
2020-06-17,11.117176055908203,11.771249771118164,11.932499885559082,11.550000190734863,258858400.0
2020-06-18,11.202940940856934,11.61750030517578,11.795000076293944,11.505000114440918,212785600.0
2020-06-19,11.187457084655762,12.12125015258789,12.1537504196167,11.494999885559082,289950400.0
2020-06-22,11.58530616760254,11.738750457763672,12.193750381469728,11.688750267028809,220133600.0
2020-06-23,11.887864112854004,12.421250343322754,12.827500343322754,12.332500457763672,234898400.0
2020-06-24,11.187457084655762,12.362500190734863,12.55875015258789,11.481249809265137,392821600.0
2020-06-25,11.48405647277832,11.738750457763672,12.09000015258789,11.342499732971191,301703200.0
2020-06-26,10.658576011657717,12.0024995803833,12.037500381469728,11.112500190734863,375940800.0
2020-06-29,10.999249458312988,11.151249885559082,11.553750038146973,10.78499984741211,259609600.0
2020-06-30,11.631762504577637,11.539999961853027,12.3100004196167,11.516249656677246,251388800.0
2020-07-01,12.047479629516602,12.232500076293944,12.80875015258789,12.154999732971191,252137600.0
2020-07-02,12.303580284118652,13.036250114440918,13.233750343322754,12.842499732971191,228152000.0
2020-07-06,13.207679748535156,13.412500381469728,13.947500228881836,13.411250114440918,211984000.0
2020-07-07,12.948003768920898,13.818750381469728,14.270000457763672,13.529999732971191,246099200.0
2020-07-08,13.44591236114502,13.803750038146973,14.11750030517578,13.561249732971191,239931200.0
2020-07-09,13.781820297241213,14.426250457763672,14.583749771118164,13.732500076293944,317596000.0
2020-07-10,14.073657035827637,14.427499771118164,14.806249618530272,13.986249923706056,242789600.0
2020-07-13,13.20410442352295,15.256250381469728,15.743749618530272,13.71125030517578,374584800.0
2020-07-14,13.484028816223145,13.448749542236328,14.21500015258789,12.923749923706056,459751200.0
2020-07-15,13.550734519958496,14.357500076293944,14.52750015258789,13.673749923706056,367544000.0
2020-07-16,13.260088920593262,13.755000114440918,14.045000076293944,13.373749732971191,299972000.0
2020-07-17,13.322029113769531,14.020000457763672,14.130000114440918,13.625,231003200.0
2020-07-20,14.45602035522461,14.100000381469728,15.2787504196167,13.886249542236328,251621600.0
2020-07-21,13.99384880065918,15.448749542236328,15.458749771118164,14.550000190734863,294313600.0
2020-07-22,14.15584659576416,14.771249771118164,15.016249656677246,14.456250190734863,227788800.0
2020-07-23,13.046869277954102,14.78874969482422,14.904999732971191,13.446249961853027,336648800.0
2020-07-24,12.660931587219238,13.063750267028809,13.520000457763672,12.626250267028809,357218400.0
2020-07-27,13.341089248657228,13.573749542236328,14.068750381469728,13.4350004196167,267624000.0
2020-07-28,12.839604377746582,13.885000228881836,13.963749885559082,13.421250343322754,238702400.0
2020-07-29,13.27676486968994,13.71125030517578,14.076250076293944,13.643750190734863,194280800.0
2020-07-30,13.492365837097168,13.612500190734863,14.24625015258789,13.420000076293944,302200000.0
2020-07-31,14.220170021057127,14.914999961853027,14.9375,14.109999656677246,359815200.0
2020-08-03,14.750242233276367,15.28125,15.641249656677246,15.25749969482422,217868000.0
2020-08-04,14.942021369934082,15.414999961853027,15.702500343322754,15.292499542236328,211008000.0
2020-08-05,15.061134338378906,15.768750190734863,15.883749961853027,15.613750457763672,162381600.0
2020-08-06,15.637660026550291,15.763750076293944,16.491249084472656,15.65250015258789,192064000.0
2020-08-07,15.126649856567385,16.327499389648438,16.477500915527344,15.46125030517578,296708000.0
2020-08-10,14.92296028137207,15.9087495803833,15.951250076293944,15.021249771118164,254311200.0
2020-08-11,14.076038360595703,15.44499969482422,15.681249618530272,14.673749923706056,310273600.0
2020-08-12,15.129034042358398,15.137499809265137,16.045000076293945,15.137499809265137,221247200.0
2020-08-13,15.23504638671875,16.010000228881836,16.397499084472656,15.81624984741211,234281600.0
2020-08-14,15.190974235534668,16.082500457763672,16.14875030517578,15.676250457763672,199737600.0
2020-08-17,15.692455291748049,16.233749389648438,16.545000076293945,16.207500457763672,126664800.0
2020-08-18,16.1534366607666,16.678749084472656,17.049999237060547,16.4112491607666,149313600.0
2020-08-19,15.837778091430664,16.948749542236328,17.1512508392334,16.5362491607666,205847200.0
2020-08-20,16.489347457885742,16.46875,17.39875030517578,16.396249771118164,152774400.0
2020-08-21,16.833595275878906,17.332500457763672,17.751249313354492,17.2237491607666,164280000.0
2020-08-24,17.145681381225586,18.2762508392334,18.44499969482422,17.55500030517578,251384000.0
2020-08-25,17.545909881591797,17.853750228881836,18.431249618530277,17.758750915527344,172556800.0
2020-08-26,18.669189453125,18.658750534057617,19.631250381469727,18.63500022888184,219663200.0
2020-08-27,18.50004196166992,19.82250022888184,19.98374938964844,18.94750022888184,302602400.0
2020-08-28,18.78592300415039,19.6612491607666,19.841249465942383,19.393749237060547,198145600.0
2020-08-31,19.2206974029541,19.8174991607666,20.5674991607666,19.727500915527344,180398400.0
2020-09-01,20.218896865844727,20.739999771118164,21.24625015258789,20.368749618530277,193147200.0
2020-09-02,20.78946304321289,21.934999465942383,21.958749771118164,20.583749771118164,289369600.0
2020-09-03,17.597135543823242,20.841249465942383,20.924999237060547,17.852500915527344,443024800.0
2020-09-04,16.87171173095703,18.17250061035156,18.787500381469727,15.482500076293944,561480800.0
2020-09-08,14.486993789672852,15.618749618530272,16.74625015258789,15.13249969482422,426824800.0
2020-09-09,15.731766700744627,16.12874984741211,16.899999618530273,15.708749771118164,290352000.0
2020-09-10,14.821710586547852,17.065000534057617,17.298749923706055,15.217499732971191,465936800.0
2020-09-11,14.497714042663574,15.875,16.02375030517578,14.60124969482422,385797600.0
2020-09-14,15.244576454162598,15.875,16.35124969482422,15.635000228881836,269032800.0
2020-09-15,15.892573356628418,16.666250228881836,16.927499771118164,16.3700008392334,300889600.0
2020-09-16,15.129034042358398,16.81624984741211,16.915000915527344,15.823749542236328,306141600.0
2020-09-17,14.432198524475098,14.651249885559082,15.494999885559082,14.506250381469728,446844800.0
2020-09-18,13.87473201751709,15.357500076293944,15.431249618530272,13.845000267028809,463042400.0
2020-09-21,14.039113998413086,13.9037504196167,14.743749618530272,13.512499809265137,375314400.0
2020-09-22,14.80622673034668,15.149999618530272,15.641249656677246,14.557499885559082,315066400.0
2020-09-23,13.43519115447998,15.481249809265137,15.518750190734863,13.963749885559082,405507200.0
2020-09-24,13.63173484802246,13.71125030517578,14.838749885559082,13.646249771118164,375036000.0
2020-09-25,14.587050437927246,14.383749961853027,15.44499969482422,14.131250381469728,324478400.0
2020-09-28,15.4518404006958,16.1612491607666,16.25,15.696249961853027,273331200.0
2020-09-29,15.289841651916504,16.184999465942383,16.354999542236328,15.94124984741211,221805600.0
2020-09-30,15.59239673614502,16.073749542236328,16.940000534057617,16.03125,338768000.0
2020-10-01,16.322586059570312,17.071250915527344,17.258750915527344,16.72249984741211,278676000.0
2020-10-02,14.97656536102295,16.014999389648438,16.703750610351562,15.541250228881836,399553600.0
2020-10-05,15.92116355895996,16.05875015258789,16.762500762939453,16.03125,210790400.0
2020-10-06,15.06590175628662,16.548749923706055,16.889999389648438,15.643750190734863,345648800.0
2020-10-07,15.85802936553955,16.271249771118164,16.763750076293945,16.172500610351562,225088800.0
2020-10-08,16.091495513916016,17.056249618530273,17.076250076293945,16.6924991607666,197893600.0
2020-10-09,16.807388305664062,17.1924991607666,17.673749923706055,17.1200008392334,195271200.0
2020-10-12,18.37496757507324,18.549999237060547,19.841249465942383,18.357500076293945,294116800.0
2020-10-13,18.377347946166992,19.649999618530277,19.79125022888184,19.018749237060547,283861600.0
2020-10-14,17.92351722717285,19.457500457763672,19.649999618530277,18.456249237060547,296589600.0
2020-10-15,17.55306053161621,17.877500534057617,18.54874992370605,17.74250030517578,249076800.0
2020-10-16,17.283857345581055,18.758750915527344,19.033750534057617,18.0625,228096800.0
2020-10-19,16.425025939941406,18.5049991607666,18.68874931335449,17.045000076293945,277555200.0
2020-10-20,16.531038284301758,17.372499465942383,17.924999237060547,17.073749542236328,274710400.0
2020-10-21,16.488155364990234,17.386249542236328,17.876249313354492,17.21500015258789,242572800.0
2020-10-22,16.496492385864258,17.462499618530273,17.625,16.68375015258789,239163200.0
2020-10-23,16.592979431152344,17.426250457763672,17.428749084472656,16.861249923706055,191088000.0
2020-10-26,15.836588859558104,16.971250534057617,17.497499465942383,15.936249732971191,317113600.0
2020-10-27,16.210615158081055,16.783750534057617,17.149999618530273,16.565000534057617,223860000.0
2020-10-28,14.30831813812256,16.177499771118164,16.280000686645508,14.975000381469728,369440000.0
2020-10-29,15.03612232208252,15.24250030517578,16.3075008392334,15.154999732971191,276374400.0
2020-10-30,13.990275382995604,15.443750381469728,15.5912504196167,14.193750381469728,461622400.0
2020-11-02,13.995039939880373,14.973750114440918,15.261249542236328,14.201250076293944,302272000.0
2020-11-03,14.69902229309082,14.9975004196167,15.801250457763672,14.824999809265137,269938400.0
2020-11-04,16.685890197753906,16.948749542236328,17.829999923706055,16.665000915527344,338375200.0
2020-11-05,17.973546981811523,18.707500457763672,19.068750381469727,18.448749542236328,300264800.0
2020-11-06,18.034290313720703,18.73374938964844,19.071250915527344,18.00749969482422,270302400.0
2020-11-09,16.933652877807617,19.459999084472656,19.79750061035156,17.684999465942383,331731200.0
2020-11-10,16.0200252532959,17.142499923706055,17.40625,16.293750762939453,337333600.0
2020-11-11,17.096839904785156,17.258750915527344,18.02375030517578,17.184999465942383,253661600.0
2020-11-12,16.846696853637695,18.106250762939453,18.364999771118164,17.46500015258789,286687200.0
2020-11-13,17.288618087768555,17.97249984741211,18.26000022888184,17.582500457763672,209495200.0
2020-11-16,17.686471939086914,18.09375,18.62624931335449,17.967500686645508,213748800.0
2020-11-17,17.523283004760742,18.600000381469727,18.670000076293945,18.26625061035156,182704000.0
2020-11-18,17.117095947265625,18.28249931335449,18.59375,17.962499618530273,154341600.0
2020-11-19,17.54114532470703,17.863750457763672,18.46125030517578,17.7450008392334,159341600.0
2020-11-20,17.18498992919922,18.381250381469727,18.533750534057617,18.01499938964844,129993600.0
2020-11-23,17.18856430053711,18.227500915527344,18.467500686645508,17.594999313354492,179060800.0
2020-11-24,17.89134979248047,18.227500915527344,18.87874984741211,17.883750915527344,156015200.0
2020-11-25,18.22845458984375,18.96500015258789,19.25124931335449,18.806249618530277,128677600.0
2020-11-27,18.726362228393555,19.5049991607666,19.883750915527344,19.44124984741211,92927200.0
2020-11-30,18.822851181030277,19.71500015258789,19.84749984741211,18.82250022888184,184622400.0
2020-12-01,19.562562942504883,20.2237491607666,20.868749618530277,20.012500762939453,169989600.0
2020-12-02,19.64117431640625,20.2762508392334,20.68000030517578,19.897499084472656,146129600.0
2020-12-03,19.72098922729492,20.6612491607666,21.02375030517578,20.543750762939453,157461600.0
2020-12-04,19.962799072265625,20.700000762939453,20.979999542236328,20.56374931335449,127088000.0
2020-12-07,20.301088333129883,20.987499237060547,21.377500534057617,20.950000762939453,124028000.0
2020-12-08,20.486909866333008,21.206249237060547,21.584999084472656,20.826250076293945,133925600.0
2020-12-09,19.114686965942383,21.479999542236328,21.53249931335449,19.82749938964844,244878400.0
2020-12-10,19.349342346191406,19.6299991607666,20.533750534057617,19.40749931335449,173346400.0
2020-12-11,19.213550567626957,19.956249237060547,20.19124984741211,19.487499237060547,169819200.0
2020-12-14,19.623315811157227,20.403749465942383,21.006250381469727,20.396249771118164,146684800.0
2020-12-15,20.233190536499023,21.07250022888184,21.25124931335449,20.614999771118164,157417600.0
2020-12-16,20.57267570495605,21.346250534057617,21.78125,21.122499465942383,137590400.0
2020-12-17,20.994348526000977,21.956249237060547,22.084999084472656,21.698749542236328,139275200.0
2020-12-18,20.765640258789062,22.19499969482422,22.238750457763672,21.31624984741211,168756000.0
2020-12-21,20.688217163085938,21.196250915527344,21.82749938964844,20.584999084472656,203596800.0
2020-12-22,20.851408004760746,21.912500381469727,22.0887508392334,21.272499084472656,160330400.0
2020-12-23,20.536937713623047,21.8799991607666,21.96999931335449,21.522499084472656,119434400.0
2020-12-24,20.803760528564453,21.613750457763672,21.93000030517578,21.59000015258789,77065600.0
2020-12-28,21.42793083190918,22.395000457763672,22.59499931335449,22.00374984741211,117052800.0
2020-12-29,21.491065979003903,22.793750762939453,22.924999237060547,22.35124969482422,121142400.0
2020-12-30,21.487491607666016,22.806249618530277,22.875,22.408750534057617,104807200.0
2020-12-31,21.655445098876957,22.533750534057617,22.809999465942383,22.29125022888184,106708000.0
2021-01-04,20.708467483520508,23.01000022888184,23.04874992370605,20.85375022888184,197472000.0
2021-01-05,21.227819442749023,21.53499984741211,22.31999969482422,21.53499984741211,118712800.0
2021-01-06,20.34992408752441,21.237499237060547,22.292499542236328,21.02750015258789,210730400.0
2021-01-07,21.819826126098636,21.92124938964844,23.081249237060547,21.918750762939453,123695200.0
2021-01-08,22.665557861328125,23.41374969482422,23.86000061035156,22.924999237060547,152815200.0
2021-01-11,21.663780212402344,23.10124969482422,23.36750030517578,22.60124969482422,140325600.0
2021-01-12,21.569679260253903,22.76499938964844,23.00124931335449,22.049999237060547,146031200.0
2021-01-13,21.98897361755371,22.696250915527344,23.27375030517578,22.5625,108750400.0
2021-01-14,21.65425682067871,23.1875,23.417499542236328,22.6200008392334,118236000.0
2021-01-15,21.127761840820312,22.676250457763672,22.89125061035156,21.88500022888184,141692000.0
2021-01-19,22.04376983642578,22.681249618530277,23.258750915527344,22.450000762939453,120967200.0
2021-01-20,23.58037757873535,23.9637508392334,24.971250534057617,23.88249969482422,121736000.0
2021-01-21,24.166431427001957,25.0625,25.53499984741211,24.75,92168400.0
2021-01-22,23.947254180908203,25.102500915527344,25.3799991607666,24.96999931335449,81878800.0
2021-01-25,24.61192512512207,25.940000534057617,26.26749992370605,24.200000762939453,153170400.0
2021-01-26,24.638134002685547,25.93000030517578,26.145000457763672,25.545000076293945,90968800.0
2021-01-27,22.651264190673828,25.315000534057617,25.325000762939453,23.25,188900800.0
2021-01-28,22.984790802001957,23.97249984741211,25.25,23.837499618530277,90021600.0
2021-01-29,21.553009033203125,23.725000381469727,23.979999542236328,22.1875,184278400.0
2021-02-01,23.13726043701172,23.387500762939453,24.50749969482422,22.934999465942383,105659600.0
2021-02-02,24.25696182250977,24.97249984741211,25.739999771118164,24.940000534057617,92746400.0
2021-02-03,23.978221893310547,25.982500076293945,26.0575008392334,25.162500381469727,95172000.0
2021-02-04,24.82633781433105,25.51000022888184,26.075000762939453,25.1875,72808800.0
2021-02-05,25.08601188659668,26.299999237060547,26.57250022888184,25.89249992370605,86615200.0
2021-02-08,25.57677459716797,26.739999771118164,26.887500762939453,26.337499618530277,76994800.0
2021-02-09,25.564865112304688,26.6200008392334,27.14249992370605,26.6200008392334,65768800.0
2021-02-10,25.383804321289062,27.19499969482422,27.299999237060547,25.864999771118164,123548000.0
2021-02-11,25.79356384277344,27.040000915527344,27.184999465942383,26.489999771118164,98860000.0
2021-02-12,26.231916427612305,26.895000457763672,27.575000762939453,26.61000061035156,77471600.0
2021-02-16,26.01273727416992,27.739999771118164,27.96500015258789,27.020000457763672,88663600.0
2021-02-17,25.65062522888184,26.5575008392334,26.98500061035156,26.002500534057617,105986800.0
2021-02-18,25.305185317993164,26.01499938964844,26.739999771118164,25.56999969482422,110202000.0
2021-02-19,24.971656799316406,26.90999984741211,26.920000076293945,25.96500015258789,93377200.0
2021-02-22,23.03719711303711,25.13500022888184,25.450000762939453,24.125,132734800.0
2021-02-23,22.832319259643555,22.94499969482422,24.34000015258789,21.604999542236328,199274800.0
2021-02-24,23.38263893127441,23.309999465942383,24.61750030517578,22.725000381469727,123042000.0
2021-02-25,20.94074821472168,23.905000686645508,24.51749992370605,21.612499237060547,237792000.0
2021-02-26,21.25521278381348,22.59749984741211,23.290000915527344,21.5625,209318400.0
2021-03-01,23.10866928100586,23.34000015258789,24.32749938964844,23.04750061035156,133707200.0
2021-03-02,22.00088119506836,24.38500022888184,24.42250061035156,23.024999618530277,151693200.0
2021-03-03,20.092634201049805,22.842500686645508,23.049999237060547,21.0625,231542400.0
2021-03-04,19.099197387695312,20.99250030517578,21.65999984741211,19.21999931335449,432037200.0
2021-03-05,19.954456329345703,20.57250022888184,21.11750030517578,18.75749969482422,336656400.0
2021-03-08,18.248703002929688,20.81999969482422,21.212499618530277,19.0674991607666,235731600.0
2021-03-09,20.397573471069336,20.61750030517578,21.787500381469727,20.482500076293945,173429200.0
2021-03-10,20.22365951538086,22.315000534057617,22.375,21.07749938964844,203371200.0
2021-03-11,21.626859664916992,22.2549991607666,23.065000534057617,22.03499984741211,158935600.0
2021-03-12,21.08844947814941,21.792499542236328,22.167499542236328,21.26749992370605,166590000.0
2021-03-15,21.762651443481445,22.20249938964844,22.877500534057617,21.84499931335449,126701600.0
2021-03-16,22.1200008392334,23.334999084472656,23.997499465942383,22.899999618530277,168770400.0
2021-03-17,22.39873313903809,22.530000686645508,23.9325008392334,22.15250015258789,196370800.0
2021-03-18,20.342777252197266,22.40250015258789,22.625,21.237499237060547,228253600.0
2021-03-19,20.60245513916016,21.3125,21.887500762939453,20.850000381469727,193286400.0
2021-03-22,21.70071220397949,22.07250022888184,23.217500686645508,22.07250022888184,141101200.0
2021-03-23,21.417217254638672,23.012500762939453,23.3075008392334,22.292499542236328,187780800.0
2021-03-24,20.33563232421875,22.772499084472656,22.780000686645508,21.3125,190483600.0
2021-03-25,20.226043701171875,20.95499992370605,21.545000076293945,20.412500381469727,239874400.0
2021-03-26,21.11941909790039,21.18000030517578,22.24250030517578,20.88249969482422,215060400.0
2021-03-29,21.10750770568848,22.059999465942383,22.38500022888184,21.43000030517578,190589200.0
2021-03-30,20.807329177856445,21.737499237060547,21.94750022888184,21.239999771118164,148349600.0
2021-03-31,21.7412109375,22.19750022888184,23.149999618530277,22.127500534057617,161968800.0
2021-04-01,22.84661674499512,23.65999984741211,24.00749969482422,23.604999542236328,145087200.0
2021-04-05,24.218843460083008,24.552499771118164,25.59499931335449,24.49250030517578,130539600.0
2021-04-06,24.16166305541992,25.34000015258789,25.81999969482422,25.177499771118164,120606800.0
2021-04-07,24.340335845947266,25.25749969482422,25.7450008392334,25.024999618530277,98987200.0
2021-04-08,25.100305557250977,26.229999542236328,26.38500022888184,26.024999618530277,113619200.0
2021-04-09,25.55533218383789,26.0049991607666,26.864999771118164,25.82999992370605,129438400.0
2021-04-12,25.45527458190918,26.575000762939453,26.809999465942383,26.2450008392334,109632000.0
2021-04-13,26.32720947265625,27.09499931335449,27.75,27.030000686645508,115022000.0
2021-04-14,25.40286064147949,27.69750022888184,27.732500076293945,26.440000534057617,161227600.0
2021-04-15,26.52494430541992,27.342500686645508,27.9424991607666,27.309999465942383,120798000.0
2021-04-16,26.63691520690918,27.977500915527344,27.997499465942383,27.475000381469727,117488000.0
2021-04-19,25.910301208496094,27.537500381469727,27.842500686645508,26.6875,159168000.0
2021-04-20,25.34330177307129,27.012500762939453,27.32999992370605,26.09749984741211,158283600.0
2021-04-21,25.984155654907227,26.25,27.3075008392334,26.0049991607666,111057200.0
2021-04-22,25.03836441040039,27.167499542236328,27.40749931335449,25.98500061035156,174848400.0
2021-04-23,25.98177146911621,26.43000030517578,27.57999992370605,26.43000030517578,107686000.0
2021-04-26,26.49635887145996,27.32749938964844,27.86750030517578,27.137500762939453,99976800.0
2021-04-27,26.148536682128903,27.86750030517578,27.917499542236328,27.1924991607666,119312800.0
2021-04-28,25.87932777404785,27.34749984741211,27.600000381469727,26.99250030517578,118950000.0
2021-04-29,26.13900375366211,27.96500015258789,28.0575008392334,26.645000457763672,148124400.0
2021-04-30,25.64824485778809,26.82250022888184,27.450000762939453,26.67250061035156,118440400.0
2021-05-03,25.228952407836918,27.190000534057617,27.372499465942383,26.357500076293945,134222000.0
2021-05-04,23.89960479736328,25.862499237060547,25.92250061035156,24.112499237060547,211234000.0
2021-05-05,23.620872497558597,25.51000022888184,25.712499618530277,24.600000381469727,136429200.0
2021-05-06,24.13783836364746,24.717500686645508,25.3700008392334,24.19750022888184,169663200.0
2021-05-07,24.728660583496094,25.99250030517578,26.520000457763672,25.6924991607666,158706800.0
2021-05-10,22.87043571472168,25.622499465942383,25.665000915527344,23.940000534057617,184214800.0
2021-05-11,22.756086349487305,22.647499084472656,24.059999465942383,22.5,228806800.0
2021-05-12,21.02412414550781,22.7549991607666,23.287500381469727,21.82999992370605,236158000.0
2021-05-13,21.46724319458008,22.649999618530277,23.167499542236328,22.01749992370605,208602000.0
2021-05-14,22.863290786743164,23.21999931335449,24.22249984741211,23.104999542236328,144263200.0
2021-05-17,22.47735023498535,23.627500534057617,23.790000915527344,22.9325008392334,138542400.0
2021-05-18,22.005651473999023,23.802499771118164,24.06999969482422,23.04750061035156,131684000.0
2021-05-19,22.08664894104004,21.912500381469727,23.247499465942383,21.832500457763672,191889600.0
2021-05-20,23.36358070373535,23.51749992370605,24.71500015258789,23.457500457763672,139226400.0
2021-05-21,22.977643966674805,24.88500022888184,24.982500076293945,24.02750015258789,128133200.0
2021-05-24,24.12831115722656,24.637500762939453,25.584999084472656,24.55500030517578,92181600.0
2021-05-25,24.245046615600582,25.6875,25.86000061035156,25.15749931335449,106728800.0
2021-05-26,24.490427017211918,25.59000015258789,25.809999465942383,25.43000030517578,78034800.0
2021-05-27,24.204551696777344,25.592500686645508,25.790000915527344,25.36000061035156,83216800.0
2021-05-28,24.44039726257324,25.69499969482422,26.024999618530277,25.575000762939453,81857200.0
2021-06-01,24.202163696289062,25.962499618530277,26.075000762939453,25.07250022888184,103863600.0
2021-06-02,24.328428268432617,25.487499237060547,25.74250030517578,25.13249969482422,83178800.0
2021-06-03,23.56369972229004,24.872499465942383,25.167499542236328,24.34499931335449,121032000.0
2021-06-04,24.771543502807617,25.15749931335449,26.09749984741211,25.13249969482422,91175200.0
2021-06-07,24.99071884155273,25.857500076293945,26.24250030517578,25.70249938964844,62193200.0
2021-06-08,25.019306182861328,26.645000457763672,26.854999542236328,25.857500076293945,92944400.0
2021-06-09,25.04789161682129,26.59000015258789,26.780000686645508,26.232500076293945,77803600.0
2021-06-10,25.81501007080078,26.357500076293945,27.125,26.25,117206800.0
2021-06-11,26.01988983154297,27.104999542236328,27.309999465942383,26.940000534057617,68338800.0
2021-06-14,26.74888229370117,27.40999984741211,28.092500686645508,27.125,90823200.0
2021-06-15,26.25335502624512,28.0049991607666,28.084999084472656,27.364999771118164,90108000.0
2021-06-16,25.972240447998047,27.655000686645508,27.917499542236328,26.3799991607666,157778000.0
2021-06-17,26.941850662231445,26.989999771118164,28.520000457763672,26.982500076293945,144323600.0
2021-06-18,26.298620223999023,27.852500915527344,28.145000457763672,27.420000076293945,142894400.0
2021-06-21,26.77985572814941,27.65749931335449,28.200000762939453,27.09749984741211,107708400.0
2021-06-22,27.527910232543945,28.07749938964844,29.012500762939453,27.99250030517578,103578800.0
2021-06-23,27.5755558013916,28.89249992370605,29.239999771118164,28.732500076293945,93996800.0
2021-06-24,28.082992553710938,29.434999465942383,29.872499465942383,29.29750061035156,93672400.0
2021-06-25,27.994842529296875,29.622499465942383,29.6875,29.212499618530277,86993200.0
2021-06-28,28.985898971557617,29.6924991607666,30.46999931335449,29.684999465942383,88787600.0
2021-06-29,29.31227302551269,30.38999938964844,30.770000457763672,30.167499542236328,74560000.0
2021-06-30,29.183629989624023,30.72249984741211,30.825000762939453,30.462499618530277,80546800.0
2021-07-01,29.197925567626957,30.520000457763672,30.78499984741211,30.162500381469727,83834800.0
2021-07-02,30.1889762878418,31.15999984741211,31.787500381469727,31.09499931335449,93502000.0
2021-07-06,30.59397315979004,31.862499237060547,32.189998626708984,31.125,109599600.0
2021-07-07,30.789325714111328,32.724998474121094,32.80500030517578,31.774999618530277,115275600.0
2021-07-08,30.25568199157715,30.92250061035156,31.96500015258789,30.559999465942383,152524400.0
2021-07-09,30.767885208129883,31.56999969482422,32.45000076293945,31.40749931335449,92875600.0
2021-07-12,31.15382575988769,32.70000076293945,32.8224983215332,32.26499938964844,87126000.0
2021-07-13,31.13714599609375,32.595001220703125,33.51750183105469,32.45249938964844,119450000.0
2021-07-14,31.306297302246094,33.34000015258789,33.52000045776367,32.63750076293945,136042800.0
2021-07-15,30.65829849243164,32.852500915527344,32.89500045776367,31.614999771118164,137192800.0
2021-07-16,29.90547561645508,32.415000915527344,32.6775016784668,31.292499542236328,127402800.0
2021-07-19,29.188396453857425,30.45249938964844,30.75,29.917499542236328,202286400.0
2021-07-20,30.150859832763672,30.86000061035156,32.07500076293945,30.387500762939453,121544800.0
2021-07-21,30.839359283447266,31.57749938964844,32.397499084472656,31.5,81763200.0
2021-07-22,31.487354278564453,32.462501525878906,33.04999923706055,32.459999084472656,94957600.0
2021-07-23,32.5331916809082,33.42499923706055,34.27750015258789,33.0724983215332,103898400.0
2021-07-26,32.66899490356445,34.005001068115234,34.39250183105469,33.7599983215332,85977600.0
2021-07-27,31.601701736450195,34.20750045776367,34.20750045776367,31.957500457763672,178782000.0
2021-07-28,31.94714736938477,33.46500015258789,33.96500015258789,32.817501068115234,143940400.0
2021-07-29,32.10437774658203,33.369998931884766,34.029998779296875,33.36750030517578,88638400.0
2021-07-30,31.623146057128903,32.587501525878906,33.337501525878906,32.567501068115234,113118800.0
2021-08-02,31.613609313964844,33.6349983215332,33.79750061035156,33.005001068115234,109120000.0
2021-08-03,32.16393280029297,33.36000061035156,33.79999923706055,32.462501525878906,126835600.0
2021-08-04,32.32355117797852,33.772499084472656,34.189998626708984,33.45000076293945,96856800.0
2021-08-05,32.93104934692383,34.13999938964844,34.619998931884766,33.95000076293945,77340400.0
2021-08-06,32.50223159790039,34.1974983215332,34.48249816894531,33.790000915527344,86306000.0
2021-08-09,32.67613983154297,34.227500915527344,34.44499969482422,33.91999816894531,68421600.0
2021-08-10,32.18776321411133,34.442501068115234,34.52750015258789,33.43000030517578,106162400.0
2021-08-11,32.01385498046875,34.125,34.26250076293945,33.209999084472656,93188000.0
2021-08-12,32.34737777709961,33.45249938964844,34.04999923706055,33.060001373291016,79490800.0
2021-08-13,32.67137145996094,34.04499816894531,34.40250015258789,33.907501220703125,73289600.0
2021-08-16,32.72854995727539,33.98500061035156,34.35749816894531,32.875,122458400.0
2021-08-17,31.868532180786133,33.5525016784668,33.837501525878906,32.74250030517578,166395200.0
2021-08-18,30.941795349121094,33.275001525878906,33.68000030517578,32.377498626708984,130084800.0
2021-08-19,31.38252830505371,31.934999465942383,33.400001525878906,31.862499237060547,163247600.0
2021-08-20,32.352142333984375,33.23749923706055,34.067501068115234,33.14500045776367,125082400.0
2021-08-23,33.793460845947266,34.25749969482422,35.67499923706055,34.25,96532400.0
2021-08-24,34.126983642578125,35.65250015258789,35.98500061035156,35.51750183105469,72686800.0
2021-08-25,34.165096282958984,35.872501373291016,36.09999847412109,35.657501220703125,76127200.0
2021-08-26,33.5861930847168,35.66749954223633,35.877498626708984,35.11000061035156,107004800.0
2021-08-27,34.56771469116211,35.42250061035156,36.400001525878906,35.28499984741211,92320000.0
2021-08-30,35.713623046875,36.5,37.630001068115234,36.48749923706055,91270400.0
2021-08-31,35.61356735229492,37.55500030517578,37.57500076293945,36.92250061035156,91796000.0
2021-09-01,35.80891036987305,37.70750045776367,38.20500183105469,37.51750183105469,95568000.0
2021-09-02,35.75889205932617,37.98749923706055,38.084999084472656,37.150001525878906,95038400.0
2021-09-03,36.08049392700195,37.17499923706055,37.98500061035156,37.165000915527344,93201200.0
2021-09-07,36.22820281982422,37.88750076293945,38.220001220703125,37.540000915527344,90370800.0
2021-09-08,35.85654830932617,37.95249938964844,37.962501525878906,36.9275016784668,126846000.0
2021-09-09,35.47300338745117,37.682498931884766,38.025001525878906,37.147499084472656,110573600.0
2021-09-10,34.674922943115234,37.75,37.962501525878906,36.27750015258789,138435600.0
2021-09-13,34.5963020324707,37.0724983215332,37.19499969482422,35.689998626708984,155549200.0
2021-09-14,34.29851531982422,36.73749923706055,36.96500015258789,35.70500183105469,119258400.0
2021-09-15,35.058475494384766,36.122501373291016,36.88999938964844,35.439998626708984,111785200.0
2021-09-16,35.127559661865234,36.38750076293945,37.032501220703125,35.810001373291016,105230800.0
2021-09-17,33.88636779785156,36.72499847412109,36.73249816894531,35.2400016784668,154650400.0
2021-09-20,31.80182266235352,33.85499954223633,34.3650016784668,32.0,243827200.0
2021-09-21,31.84232711791992,33.845001220703125,34.1875,33.147499084472656,143401200.0
2021-09-22,32.773807525634766,33.71500015258789,34.807498931884766,33.40250015258789,175338800.0
2021-09-23,33.683868408203125,34.727500915527344,35.64250183105469,34.54249954223633,138739200.0
2021-09-24,33.77915954589844,34.68000030517578,35.5625,34.57500076293945,109550400.0
2021-09-27,32.96439743041992,34.5525016784668,34.849998474121094,33.849998474121094,156710800.0
2021-09-28,30.215177536010746,33.28499984741211,33.47249984741211,31.51749992370605,297646000.0
2021-09-29,30.01506233215332,31.989999771118164,32.5724983215332,31.325000762939453,195061200.0
2021-09-30,29.676776885986328,31.94499969482422,32.3849983215332,31.020000457763672,234624000.0
2021-10-01,30.217565536499023,31.3125,32.002498626708984,30.209999084472656,208708000.0
2021-10-04,28.359344482421875,31.274999618530277,31.372499465942383,29.11750030517578,257236000.0
2021-10-05,29.450454711914062,29.99250030517578,31.5,29.93000030517578,162612800.0
2021-10-06,30.031742095947266,30.065000534057617,31.57999992370605,29.815000534057617,234990800.0
2021-10-07,30.8441219329834,32.33000183105469,33.084999084472656,32.182498931884766,150815200.0
2021-10-08,30.37004280090332,32.66749954223633,32.72999954223633,31.74250030517578,157132000.0
2021-10-11,29.69583511352539,31.46500015258789,32.42250061035156,31.13500022888184,136215200.0
2021-10-12,29.393280029296875,31.542499542236328,31.655000686645508,30.65250015258789,174403600.0
2021-10-13,30.081771850585938,31.44499969482422,31.737499237060547,30.899999618530277,140921200.0
2021-10-14,31.74226951599121,32.52750015258789,33.36249923706055,32.349998474121094,121750000.0
2021-10-15,32.33069610595703,33.650001525878906,33.962501525878906,33.35499954223633,102858000.0
2021-10-18,33.30030822753906,33.5625,35.005001068115234,33.39500045776367,100876400.0
2021-10-19,34.03168869018555,35.2599983215332,35.75749969482422,35.06999969482422,106450800.0
2021-10-20,33.92447662353516,35.872501373291016,36.05500030517578,35.16999816894531,118709600.0
2021-10-21,34.531978607177734,35.36000061035156,36.3025016784668,35.282501220703125,92100400.0
2021-10-22,33.657657623291016,35.86750030517578,36.165000915527344,34.84000015258789,140248400.0
2021-10-25,34.66777038574219,35.747501373291016,36.682498931884766,35.18000030517578,118951600.0
2021-10-26,34.99177169799805,37.08000183105469,37.79999923706055,36.41249847412109,167975600.0
2021-10-27,35.26811599731445,36.88999938964844,37.93000030517578,36.81499862670898,145068000.0
2021-10-28,36.42593383789063,37.57749938964844,38.3125,37.34999847412109,130737600.0
2021-10-29,36.96434783935547,37.29750061035156,38.84999847412109,37.19499969482422,134514400.0
2021-11-01,37.32884216308594,38.95000076293945,39.23249816894531,38.29499816894531,130045600.0
2021-11-02,37.826751708984375,39.00749969482422,39.84249877929688,38.9900016784668,120171200.0
2021-11-03,39.0274543762207,39.834999084472656,41.08000183105469,39.51750183105469,145210400.0
2021-11-04,40.48305892944336,41.35749816894531,42.837501525878906,41.182498931884766,160879600.0
2021-11-05,40.63314437866211,43.1150016784668,43.415000915527344,42.182498931884766,170505600.0
2021-11-08,40.46638107299805,42.625,42.97499847412109,42.26499938964844,112919600.0
2021-11-09,39.632568359375,42.8125,42.9474983215332,41.14250183105469,176237600.0
2021-11-10,37.89584732055664,40.68000030517578,41.59999847412109,39.125,193953600.0
2021-11-11,38.203155517578125,40.6875,40.747501373291016,39.97499847412109,115438000.0
2021-11-12,39.41576385498047,40.45249938964844,41.51750183105469,39.9375,127640800.0
2021-11-15,39.40385055541992,41.727500915527344,41.82749938964844,40.522499084472656,139458400.0
2021-11-16,40.21862411499024,41.0724983215332,42.352500915527344,41.01499938964844,103181600.0
2021-11-17,40.26626205444336,42.3025016784668,42.92250061035156,41.9474983215332,115936000.0
2021-11-18,41.49793243408203,42.91999816894531,43.72499847412109,42.192501068115234,173683200.0
2021-11-19,42.20072555541992,44.10749816894531,44.71749877929688,43.83000183105469,129214400.0
2021-11-22,40.73796463012695,44.8224983215332,45.84000015258789,42.71500015258789,179044800.0
2021-11-23,40.182884216308594,42.36249923706055,43.04249954223633,40.6974983215332,226025600.0
2021-11-24,40.55451965332031,41.32749938964844,42.63999938964844,40.58250045776367,198241600.0
2021-11-26,38.31751251220703,41.69499969482422,42.15999984741211,39.68000030517578,177682400.0
2021-11-29,40.69746780395508,41.54999923706055,43.040000915527344,41.33250045776367,158932000.0
2021-11-30,38.948829650878906,42.41999816894531,43.1974983215332,40.1775016784668,302586000.0
2021-12-01,36.95005035400391,42.21500015258789,42.90499877929688,38.61750030517578,302551200.0
2021-12-02,37.64570236206055,38.35499954223633,40.130001068115234,37.91249847412109,396432800.0
2021-12-03,35.754112243652344,40.0,40.31999969482422,36.23249816894531,480573600.0
2021-12-06,36.5903205871582,37.647499084472656,38.81999969482422,36.38249969482422,304828000.0
2021-12-07,39.88986206054688,40.442501068115234,42.06999969482422,40.435001373291016,270578400.0
2021-12-08,40.44493865966797,41.97249984741211,42.5,41.36750030517578,205243600.0
2021-12-09,38.69868469238281,42.03749847412109,42.62749862670898,40.5,212802000.0
2021-12-10,39.89700698852539,41.442501068115234,41.95750045776367,40.44499969482422,203075200.0
2021-12-13,38.18172073364258,41.86750030517578,41.97249984741211,39.94499969482422,179145200.0
2021-12-14,37.04534912109375,38.52999877929688,39.38999938964844,37.45750045776367,230933600.0
2021-12-15,39.49677276611328,38.7400016784668,41.567501068115234,37.50749969482422,269061200.0
2021-12-16,36.48310852050781,41.75249862670898,41.90499877929688,37.73749923706055,296220000.0
2021-12-17,35.92565155029297,37.20750045776367,38.9474983215332,36.75,300020800.0
2021-12-20,34.85120391845703,36.255001068115234,36.8125,35.625,241866000.0
2021-12-21,37.18112564086914,37.540000915527344,39.11249923706055,36.4275016784668,219124800.0
2021-12-22,38.50810623168945,38.89500045776367,40.5,38.70500183105469,177222800.0
2021-12-23,39.42291641235352,40.54249954223633,41.8224983215332,40.49250030517578,131308400.0
2021-12-27,41.30734634399414,41.772499084472656,43.38249969482422,41.75,125963200.0
2021-12-28,40.82134628295898,43.68999862670898,43.744998931884766,42.50749969482422,144825200.0
2021-12-29,40.75702667236328,42.82749938964844,43.247501373291016,41.98749923706055,115494800.0
2021-12-30,40.3758430480957,42.692501068115234,43.415000915527344,42.192501068115234,113271600.0
2021-12-31,39.62541580200195,42.157501220703125,42.59999847412109,41.4275016784668,120497200.0
2022-01-03,40.7689323425293,41.95750045776367,42.86000061035156,41.27999877929688,153010400.0
2022-01-04,39.18468475341797,42.95750045776367,42.97249984741211,40.09749984741211,213296400.0
2022-01-05,35.5802116394043,40.595001220703125,40.93000030517578,37.25,266490400.0
2022-01-06,35.4825325012207,36.75749969482422,38.20249938964844,36.10499954223633,308453200.0
2022-01-07,34.32233810424805,37.22499847412109,37.73500061035156,35.5,285426800.0
2022-01-10,34.44860076904297,34.587501525878906,36.23500061035156,33.025001525878906,358434800.0
2022-01-11,35.96376419067383,35.85749816894531,37.75749969482422,35.2599983215332,308653600.0
2022-01-12,36.373531341552734,38.49250030517578,38.98249816894531,37.470001220703125,276742400.0
2022-01-13,33.73389434814453,38.56499862670898,38.775001525878906,35.0099983215332,173531800.0
2022-01-14,34.24371719360352,34.54499816894531,36.03499984741211,34.5,178451600.0
2022-01-18,31.775619506835938,34.244998931884766,34.86000061035156,33.029998779296875,155320000.0
2022-01-19,30.67020797729492,33.68000030517578,34.35499954223633,32.08000183105469,183284400.0
2022-01-20,29.483810424804688,33.0099983215332,34.09000015258789,30.75,172197000.0
2022-01-21,27.00140953063965,30.309999465942383,31.01499938964844,28.25,342054600.0
2022-01-24,27.39211082458496,26.924999237060547,28.875,24.084999084472656,510169200.0
2022-01-25,25.37189292907715,27.075000762939453,28.155000686645508,25.875,347498000.0
2022-01-26,25.32424736022949,28.4950008392334,29.424999237060547,25.684999465942383,415676200.0
2022-01-27,24.566659927368164,27.700000762939453,28.1200008392334,25.520000457763672,323528200.0
2022-01-28,26.858470916748047,26.200000762939453,28.229999542236328,25.049999237060547,334032400.0
2022-01-31,29.459985733032227,28.524999618530277,31.030000686645508,28.11000061035156,227502200.0
2022-02-01,30.02221298217773,31.209999084472656,31.674999237060547,29.864999771118164,203691600.0
2022-02-02,30.732149124145508,32.61000061035156,32.685001373291016,31.174999237060547,201630400.0
2022-02-03,27.034765243530277,29.65999984741211,30.53499984741211,28.059999465942383,211150000.0
2022-02-04,27.968639373779297,28.434999465942383,30.20499992370605,27.94499969482422,193068800.0
2022-02-07,27.334938049316406,29.53499984741211,30.13500022888184,28.36000061035156,153912200.0
2022-02-08,28.26404571533203,28.399999618530277,29.915000915527344,28.114999771118164,158593200.0
2022-02-09,30.0174503326416,30.780000686645508,31.540000915527344,30.3799991607666,151075400.0
2022-02-10,28.02581787109375,29.655000686645508,31.45499992370605,28.899999618530277,254286600.0
2022-02-11,25.38619041442871,29.38999938964844,29.774999618530277,26.280000686645508,268511200.0
2022-02-14,25.457658767700195,26.450000762939453,27.48500061035156,25.850000381469727,190125000.0
2022-02-15,27.30158424377441,27.915000915527344,28.71999931335449,27.674999237060547,163444600.0
2022-02-16,27.29681968688965,28.13500022888184,28.899999618530277,27.350000381469727,186181000.0
2022-02-17,24.87636375427246,27.81999969482422,28.024999618530277,25.98500061035156,157671200.0
2022-02-18,24.03302001953125,26.295000076293945,26.395000457763672,24.655000686645508,226165400.0
2022-02-22,23.28972816467285,24.520000457763672,25.75,23.604999542236328,262876200.0
2022-02-23,21.507740020751957,25.1200008392334,25.315000534057617,22.48500061035156,260920400.0
2022-02-24,23.61372947692871,20.3799991607666,24.924999237060547,20.30500030517578,389734800.0
2022-02-25,24.73342514038086,25.0,26.0049991607666,24.125,238372200.0
2022-02-28,24.995481491088867,25.229999542236328,26.59499931335449,24.959999084472656,243401000.0
2022-03-01,23.84243392944336,25.959999084472656,26.48500061035156,24.424999237060547,248145000.0
2022-03-02,24.981185913085938,25.334999084472656,26.524999618530277,24.709999084472656,219495800.0
2022-03-03,23.937725067138672,26.875,26.88999938964844,24.684999465942383,223888600.0
2022-03-04,22.913318634033203,24.584999084472656,24.899999618530277,23.5,231391000.0
2022-03-07,20.354686737060547,24.024999618530277,24.270000457763672,21.315000534057617,249752600.0
2022-03-08,20.073575973510746,21.19499969482422,23.0,20.38500022888184,355936000.0
2022-03-09,22.22244071960449,22.700000762939453,23.600000381469727,22.174999237060547,219074200.0
2022-03-10,21.507740020751957,22.450000762939453,22.809999465942383,21.59499931335449,225574800.0
2022-03-11,20.173629760742188,23.170000076293945,23.23500061035156,21.045000076293945,197814800.0
2022-03-14,18.99199676513672,20.905000686645508,21.565000534057617,19.780000686645508,246265200.0
2022-03-15,20.750158309936523,20.434999465942383,21.94499969482422,20.1200008392334,211407200.0
2022-03-16,23.080081939697266,22.57999992370605,24.239999771118164,21.84499931335449,326175000.0
2022-03-17,23.85196304321289,23.795000076293945,25.09499931335449,23.520000457763672,192061600.0
2022-03-18,25.33377456665039,24.729999542236328,26.70499992370605,24.46500015258789,201569600.0
2022-03-21,25.152721405029297,26.43000030517578,26.96500015258789,25.38500022888184,221094600.0
2022-03-22,26.63929557800293,26.53499984741211,28.170000076293945,26.434999465942383,186689200.0
2022-03-23,25.51483154296875,27.280000686645508,28.13500022888184,26.75,205499400.0
2022-03-24,27.16817283630371,27.21500015258789,28.545000076293945,26.70499992370605,171150600.0
2022-03-25,27.125289916992188,28.520000457763672,28.780000686645508,27.424999237060547,198789400.0
2022-03-28,28.359344482421875,28.459999084472656,29.80500030517578,28.165000915527344,183407400.0
2022-03-29,29.81256866455078,30.76000022888184,31.479999542236328,30.06999969482422,204013400.0
2022-03-30,28.916810989379883,30.84000015258789,31.270000457763672,29.899999618530277,167818800.0
2022-03-31,27.720874786376957,30.31999969482422,30.415000915527344,28.950000762939453,168098800.0
2022-04-01,27.60175895690918,29.21500015258789,29.40999984741211,28.200000762939453,176162600.0
2022-04-04,29.32657241821289,29.190000534057617,30.774999618530277,29.114999771118164,137515000.0
2022-04-05,27.387348175048828,30.40999984741211,30.57999992370605,28.43000030517578,172097600.0
2022-04-06,25.586305618286133,27.40999984741211,27.684999465942383,26.200000762939453,296859800.0
2022-04-07,25.753063201904297,26.614999771118164,27.545000076293945,25.790000915527344,229654000.0
2022-04-08,24.700069427490234,26.61000061035156,26.795000076293945,25.75,204182400.0
2022-04-11,22.946674346923828,24.915000915527344,25.13500022888184,23.975000381469727,185914600.0
2022-04-12,22.651264190673828,25.07999992370605,25.489999771118164,23.44499969482422,247928200.0
2022-04-13,24.009197235107425,23.82999992370605,25.420000076293945,23.665000915527344,190084600.0
2022-04-14,22.393970489501957,25.209999084472656,25.325000762939453,23.415000915527344,167843600.0
2022-04-18,22.45591354370117,23.23500061035156,24.0049991607666,22.90999984741211,175525400.0
2022-04-19,23.89960479736328,23.364999771118164,25.209999084472656,23.155000686645508,172372600.0
2022-04-20,22.82278823852539,25.28499984741211,25.3700008392334,23.71999931335449,215629400.0
2022-04-21,21.483917236328125,24.81999969482422,25.38500022888184,22.295000076293945,268626400.0
2022-04-22,19.77816390991211,22.524999618530277,22.78499984741211,20.63999938964844,248824800.0
2022-04-25,20.51192283630371,20.405000686645508,21.57999992370605,20.155000686645508,332878800.0
2022-04-26,18.205820083618164,21.11000061035156,21.145000457763672,19.049999237060547,332263200.0
2022-04-27,18.12482452392578,19.084999084472656,20.11000061035156,18.684999465942383,316698600.0
2022-04-28,20.040218353271484,19.915000915527344,21.364999771118164,19.13999938964844,344698400.0
2022-04-29,17.405353546142578,20.19499969482422,20.88500022888184,18.100000381469727,320116800.0
2022-05-02,18.22488212585449,18.125,19.13999938964844,17.565000534057617,311905600.0
2022-05-03,18.26775932312012,19.09499931335449,19.584999084472656,18.649999618530277,285565600.0
2022-05-04,20.078338623046875,19.2450008392334,21.225000381469727,18.26499938964844,438806800.0
2022-05-05,17.08612060546875,20.25,20.2549991607666,17.260000228881836,455552600.0
2022-05-06,16.490537643432617,17.545000076293945,18.26499938964844,16.549999237060547,466794400.0
2022-05-09,14.54178524017334,16.280000686645508,16.709999084472656,15.005000114440918,420419800.0
2022-05-10,15.04207706451416,16.360000610351562,16.540000915527344,15.140000343322754,463579600.0
2022-05-11,13.703205108642578,15.425000190734863,16.299999237060547,14.234999656677246,529531800.0
2022-05-12,13.59361743927002,13.71500015258789,14.94499969482422,13.345000267028809,590993000.0
2022-05-13,15.07066535949707,14.925000190734863,16.0,14.6899995803833,395948000.0
2022-05-16,14.60372543334961,15.5649995803833,15.890000343322754,15.09000015258789,318388000.0
2022-05-17,15.704368591308594,16.21500015258789,16.540000915527344,15.619999885559082,307981400.0
2022-05-18,13.41256046295166,15.729999542236328,15.845000267028809,13.845000267028809,328105200.0
2022-05-19,13.140971183776855,13.770000457763672,14.510000228881836,13.520000457763672,392015600.0
2022-05-20,13.026618957519531,14.324999809265137,14.420000076293944,12.46500015258789,458111200.0
2022-05-23,13.66985034942627,13.824999809265137,14.414999961853027,13.479999542236328,341040600.0
2022-05-24,12.816973686218262,13.574999809265137,13.68000030517578,12.71500015258789,366488600.0
2022-05-25,13.331561088562012,13.220000267028809,14.300000190734863,13.19499969482422,361283800.0
2022-05-26,14.446493148803713,13.880000114440918,15.390000343322754,13.84000015258789,337131600.0
2022-05-27,15.861601829528809,15.649999618530272,16.670000076293945,15.635000228881836,315035800.0
2022-05-31,15.747249603271484,16.649999618530273,17.0,15.864999771118164,369158600.0
2022-06-01,15.38036823272705,16.854999542236328,17.21500015258789,15.774999618530272,398894200.0
2022-06-02,16.62871742248535,15.960000038146973,17.489999771118164,15.725000381469728,336861400.0
2022-06-03,15.31366729736328,16.56999969482422,16.815000534057617,15.880000114440918,324723800.0
2022-06-06,15.50425148010254,16.809999465942383,17.065000534057617,16.0,300958600.0
2022-06-07,15.880659103393556,15.710000038146973,16.799999237060547,15.524999618530272,274886600.0
2022-06-08,15.55666446685791,16.540000915527344,16.969999313354492,16.165000915527344,225706000.0
2022-06-09,14.289260864257812,16.03499984741211,16.530000686645508,14.96500015258789,275959400.0
2022-06-10,12.764562606811523,14.130000114440918,14.3100004196167,13.335000038146973,343352200.0
2022-06-13,10.996868133544922,12.135000228881836,12.489999771118164,11.40999984741211,426731400.0
2022-06-14,11.06833839416504,11.81999969482422,11.9350004196167,11.260000228881836,393201000.0
2022-06-15,11.86404037475586,12.029999732971191,12.960000038146973,11.670000076293944,549823000.0
2022-06-16,10.415578842163086,11.494999885559082,11.5600004196167,10.65999984741211,424284400.0
2022-06-17,10.801518440246582,11.03499984741211,11.640000343322754,10.824999809265137,441181000.0
2022-06-21,11.616276741027832,11.90999984741211,12.489999771118164,11.890000343322754,318408200.0
2022-06-22,11.573396682739258,11.854999542236328,12.725000381469728,11.774999618530272,388973600.0
2022-06-23,12.06891918182373,12.470000267028809,12.78499984741211,12.085000038146973,365372800.0
2022-06-24,13.331561088562012,13.05500030517578,14.020000457763672,13.024999618530272,303635000.0
2022-06-27,13.01708984375,14.175000190734863,14.25,13.5,338262000.0
2022-06-28,11.830687522888184,13.729999542236328,14.104999542236328,12.380000114440918,373741600.0
2022-06-29,11.85450839996338,12.390000343322754,12.645000457763672,12.050000190734863,380182200.0
2022-06-30,11.43521785736084,12.029999732971191,12.44499969482422,11.375,512407800.0
2022-07-01,11.621041297912598,11.800000190734863,12.25,11.550000190734863,417200800.0
2022-07-05,12.221389770507812,11.704999923706056,12.84000015258789,11.5,441108000.0
2022-07-06,12.45485782623291,12.885000228881836,13.359999656677246,12.640000343322754,412245800.0
2022-07-07,13.22673797607422,13.1899995803833,14.0,13.1850004196167,275732600.0
2022-07-08,13.288677215576172,13.494999885559082,14.154999732971191,13.354999542236328,319458400.0
2022-07-11,12.44056510925293,13.600000381469728,13.635000228881836,12.93000030517578,258448200.0
2022-07-12,12.078450202941896,13.220000267028809,13.489999771118164,12.454999923706056,319233000.0
2022-07-13,12.002215385437012,11.920000076293944,12.914999961853027,11.845000267028809,361151000.0
2022-07-14,12.126097679138184,12.234999656677246,12.84000015258789,11.8100004196167,351647000.0
2022-07-15,12.764562606811523,13.135000228881836,13.425000190734863,12.904999732971191,308760400.0
2022-07-18,12.46915340423584,13.80500030517578,14.0,12.90999984741211,319900400.0
2022-07-19,13.560261726379396,13.574999809265137,14.3100004196167,13.345000267028809,298643400.0
2022-07-20,14.241612434387209,14.329999923706056,15.125,14.220000267028809,377126200.0
2022-07-21,14.846725463867188,15.005000114440918,15.59000015258789,14.609999656677246,319381800.0
2022-07-22,14.070083618164062,15.4399995803833,15.765000343322754,14.475000381469728,298800800.0
2022-07-25,13.860437393188477,14.765000343322754,14.835000038146973,14.204999923706056,220897600.0
2022-07-26,13.021855354309082,14.244999885559082,14.28499984741211,13.524999618530272,231755600.0
2022-07-27,14.646610260009766,14.300000190734863,15.625,14.21500015258789,341919000.0
2022-07-28,15.06590175628662,15.34000015258789,15.90999984741211,14.760000228881836,324071800.0
2022-07-29,15.894951820373535,16.065000534057617,16.825000762939453,15.835000038146973,292146400.0
2022-08-01,15.871134757995604,16.389999389648438,17.209999084472656,16.219999313354492,285283000.0
2022-08-02,15.723430633544922,16.270000457763672,17.174999237060547,16.104999542236328,325375000.0
2022-08-03,16.98130226135254,16.774999618530273,17.975000381469727,16.655000686645508,294213800.0
2022-08-04,17.224300384521484,17.844999313354492,18.13500022888184,17.479999542236328,253567200.0
2022-08-05,16.814538955688477,17.21500015258789,17.989999771118164,17.075000762939453,283898600.0
2022-08-08,16.643007278442383,17.799999237060547,18.415000915527344,17.219999313354492,267787800.0
2022-08-09,16.071245193481445,17.139999389648438,17.184999465942383,16.594999313354492,218406000.0
2022-08-10,17.39106559753418,18.06999969482422,18.31999969482422,17.655000686645508,271554400.0
2022-08-11,17.12900161743164,18.665000915527344,19.01000022888184,17.834999084472656,273361000.0
2022-08-12,18.09623336791992,18.299999237060547,19.024999618530277,18.1200008392334,211187000.0
2022-08-15,18.52981948852539,18.825000762939453,19.540000915527344,18.81999969482422,196308400.0
2022-08-16,18.410703659057617,19.280000686645508,19.690000534057617,18.76499938964844,220755800.0
2022-08-17,17.772235870361328,18.7549991607666,19.165000915527344,18.274999618530277,262838400.0
2022-08-18,17.89134979248047,18.6299991607666,18.979999542236328,18.34499931335449,192140800.0
2022-08-19,16.843124389648438,18.239999771118164,18.350000381469727,17.53499984741211,224256600.0
2022-08-22,15.51854419708252,16.94499969482422,16.985000610351562,16.1299991607666,224975400.0
2022-08-23,15.46613311767578,16.21500015258789,16.674999237060547,16.100000381469727,219509800.0
2022-08-24,15.585248947143556,16.149999618530273,16.649999618530273,16.049999237060547,187005600.0
2022-08-25,16.404775619506836,16.639999389648438,17.219999313354492,16.469999313354492,222052600.0
2022-08-26,14.408373832702637,17.174999237060547,17.3700008392334,15.100000381469728,366276600.0
2022-08-29,13.965261459350586,14.675000190734863,15.0600004196167,14.479999542236328,248441000.0
2022-08-30,13.498321533203123,14.895000457763672,14.975000381469728,13.779999732971191,327014800.0
2022-08-31,13.250557899475098,14.579999923706056,14.699999809265137,13.885000228881836,341030600.0
2022-09-01,13.264851570129396,13.539999961853027,13.96500015258789,13.010000228881836,397320400.0
2022-09-02,12.712153434753418,14.31999969482422,14.520000457763672,13.085000038146973,454463000.0
2022-09-06,12.421506881713867,13.380000114440918,13.510000228881836,12.729999542236328,361083400.0
2022-09-07,13.155265808105469,13.09000015258789,13.949999809265137,13.05500030517578,331569600.0
2022-09-08,13.369675636291504,13.515000343322754,14.210000038146973,13.31999969482422,410799800.0
2022-09-09,14.217788696289062,14.34000015258789,15.010000228881836,14.329999923706056,298735800.0
2022-09-12,14.737138748168944,15.149999618530272,15.515000343322754,15.095000267028809,273141200.0
2022-09-13,12.311919212341309,14.119999885559082,14.30500030517578,12.779999732971191,391296600.0
2022-09-14,12.588269233703612,13.0649995803833,13.335000038146973,12.81999969482422,309291800.0
2022-09-15,11.954567909240724,12.9399995803833,13.274999618530272,12.324999809265137,393730600.0
2022-09-16,11.721098899841309,12.104999542236328,12.364999771118164,11.835000038146973,392143600.0
2022-09-19,12.002215385437012,11.970000267028809,12.614999771118164,11.960000038146973,302692600.0
2022-09-20,11.71633529663086,12.265000343322754,12.595000267028809,11.989999771118164,322118600.0
2022-09-21,11.073101997375488,12.404999732971191,12.960000038146973,11.614999771118164,591115200.0
2022-09-22,10.663341522216797,11.425000190734863,11.55500030517578,11.03499984741211,431084000.0
2022-09-23,10.153522491455078,10.899999618530272,10.93000030517578,10.225000381469728,561304000.0
2022-09-26,10.01534652709961,10.579999923706056,11.104999542236328,10.414999961853027,490607800.0
2022-09-27,10.02487564086914,10.90999984741211,11.175000190734863,10.25,543921200.0
2022-09-28,10.61093044281006,10.515000343322754,11.295000076293944,10.34000015258789,512039000.0
2022-09-29,9.715171813964844,10.654999732971191,10.69499969482422,9.8100004196167,540195600.0
2022-09-30,9.205351829528809,10.079999923706056,10.545000076293944,9.640000343322754,513197600.0
2022-10-03,9.843819618225098,9.850000381469728,10.505000114440918,9.68000030517578,447222600.0
2022-10-04,10.758633613586426,10.949999809265137,11.385000228881836,10.94499969482422,463323600.0
2022-10-05,10.758633613586426,10.835000038146973,11.5,10.505000114440918,458399000.0
2022-10-06,10.487048149108888,11.149999618530272,11.529999732971191,10.960000038146973,475087200.0
2022-10-07,9.29111671447754,10.4399995803833,10.454999923706056,9.579999923706056,501945200.0
2022-10-10,9.000468254089355,9.760000228881836,9.80500030517578,9.149999618530272,412999600.0
2022-10-11,8.643118858337402,9.260000228881836,9.56999969482422,8.869999885559082,529747000.0
2022-10-12,8.624061584472656,9.114999771118164,9.31999969482422,8.96500015258789,401483800.0
2022-10-13,9.20058536529541,8.260000228881836,9.8100004196167,8.15999984741211,829507200.0
2022-10-14,8.371533393859863,9.925000190734863,9.989999771118164,8.729999542236328,670132600.0
2022-10-17,9.195819854736328,9.404999732971191,9.75,9.399999618530272,460050800.0
2022-10-18,9.424524307250977,10.4350004196167,10.5,9.585000038146973,692553800.0
2022-10-19,9.310173988342283,9.704999923706056,10.119999885559082,9.505000114440918,519702200.0
2022-10-20,9.152936935424805,9.664999961853027,10.234999656677246,9.479999542236328,529703000.0
2022-10-21,9.800936698913574,9.489999771118164,10.345000267028809,9.364999771118164,627458000.0
2022-10-24,10.1344633102417,10.3149995803833,10.734999656677246,9.899999618530272,549244000.0
2022-10-25,10.744340896606444,10.739999771118164,11.31999969482422,10.734999656677246,476799600.0
2022-10-26,10.034404754638672,10.59000015258789,11.25,10.46500015258789,558931800.0
2022-10-27,9.481703758239746,10.395000457763672,10.5600004196167,9.885000228881836,513258800.0
2022-10-28,10.339343070983888,9.875,10.904999732971191,9.854999542236328,510777200.0
2022-10-31,9.9819917678833,10.59000015258789,10.6850004196167,10.244999885559082,419122200.0
2022-11-01,9.672290802001951,10.869999885559082,10.9350004196167,10.104999542236328,430464800.0
2022-11-02,8.671708106994629,10.140000343322754,10.489999771118164,9.09000015258789,662952600.0
2022-11-03,8.171416282653809,8.824999809265137,8.975000381469727,8.520000457763672,424463600.0
2022-11-04,8.552591323852539,9.0649995803833,9.175000190734863,8.425000190734863,764740400.0
2022-11-07,8.824175834655762,9.079999923706056,9.31999969482422,8.854999542236328,401886800.0
2022-11-08,9.014764785766602,9.425000190734863,9.8100004196167,9.045000076293944,592112600.0
2022-11-09,8.385828971862793,9.265000343322754,9.350000381469728,8.765000343322754,431138200.0
2022-11-10,10.220227241516112,10.074999809265137,10.770000457763672,9.850000381469728,656884800.0
2022-11-11,10.801518440246582,10.71500015258789,11.414999961853027,10.5600004196167,614268400.0
2022-11-14,10.51563549041748,11.085000038146973,11.479999542236328,10.90999984741211,428451800.0
2022-11-15,10.939691543579102,11.824999809265137,11.975000381469728,11.09000015258789,636531400.0
2022-11-16,10.496580123901367,11.25,11.289999961853027,10.90999984741211,383358800.0
2022-11-17,10.415578842163086,10.475000381469728,11.104999542236328,10.454999923706056,426924400.0
2022-11-18,10.406047821044922,11.279999732971191,11.289999961853027,10.640000343322754,389577000.0
2022-11-21,10.091580390930176,10.760000228881836,10.899999618530272,10.484999656677246,288222600.0
2022-11-22,10.51563549041748,10.664999961853027,11.050000190734863,10.414999961853027,292477200.0
2022-11-23,10.830105781555176,11.024999618530272,11.4350004196167,11.005000114440918,357567000.0
2022-11-25,10.60616683959961,11.170000076293944,11.25,11.074999809265137,134753000.0
2022-11-28,10.139225959777832,10.899999618530272,11.135000228881836,10.529999732971191,262765200.0
2022-11-29,9.896228790283203,10.65999984741211,10.710000038146973,10.234999656677246,275805400.0
2022-11-30,11.22557544708252,10.425000190734863,11.824999809265137,10.324999809265137,545469800.0
2022-12-01,11.287513732910156,11.850000381469728,12.085000038146973,11.505000114440918,411007200.0
2022-12-02,11.154102325439451,11.225000381469728,11.8149995803833,11.19499969482422,363310000.0
2022-12-05,10.591872215270996,11.4399995803833,11.600000381469728,10.93000030517578,301980000.0
2022-12-06,9.920052528381348,11.09000015258789,11.104999542236328,10.25,339801000.0
2022-12-07,9.800936698913574,10.279999732971191,10.515000343322754,10.09000015258789,347335800.0
2022-12-08,10.148756980895996,10.4350004196167,10.75,10.19499969482422,377840200.0
2022-12-09,9.953405380249023,10.524999618530272,10.845000267028809,10.385000228881836,354007800.0
2022-12-12,10.315521240234377,10.454999923706056,10.829999923706056,10.335000038146973,225655000.0
2022-12-13,10.639517784118652,12.09000015258789,12.114999771118164,10.859999656677246,695385600.0
2022-12-14,10.38698959350586,11.104999542236328,11.494999885559082,10.539999961853027,578911000.0
2022-12-15,9.357820510864258,10.43000030517578,10.515000343322754,9.675000190734863,428053200.0
2022-12-16,9.081470489501951,9.739999771118164,9.904999732971191,9.354999542236328,351284200.0
2022-12-19,8.705060005187988,9.550000190734863,9.5649995803833,8.989999771118164,310533000.0
2022-12-20,8.666942596435547,9.0,9.279999732971191,8.835000038146973,345762400.0
2022-12-21,9.04335117340088,9.204999923706056,9.625,9.114999771118164,326374600.0
2022-12-22,8.400612831115723,9.114999771118164,9.125,8.289999961853027,460900400.0
2022-12-23,8.424559593200684,8.604999542236328,8.859999656677246,8.414999961853027,330134600.0
2022-12-27,8.065356254577637,8.729999542236328,8.739999771118164,8.359999656677246,263200600.0
2022-12-28,7.739675998687744,8.375,8.600000381469727,8.050000190734863,364869200.0
2022-12-29,8.28566837310791,8.335000038146973,8.75,8.265000343322754,306109800.0
2022-12-30,8.28566837310791,8.380000114440918,8.649999618530273,8.25,301941200.0
2023-01-03,8.098881721496582,8.869999885559082,9.020000457763672,8.234999656677246,359851800.0
2023-01-04,8.223406791687012,8.664999961853027,8.744999885559082,8.270000457763672,435272800.0
2023-01-05,7.835464000701904,8.404999732971191,8.425000190734863,8.140000343322754,362504000.0
2023-01-06,8.448508262634277,8.324999809265137,8.949999809265137,8.050000190734863,466895200.0
2023-01-09,8.625716209411621,9.039999961853027,9.479999542236328,8.944999694824219,372042800.0
2023-01-10,8.855607032775879,8.90999984741211,9.244999885559082,8.850000381469727,328723000.0
2023-01-11,9.296235084533691,9.34000015258789,9.71500015258789,9.260000228881836,302550000.0
2023-01-12,9.439912796020508,9.760000228881836,9.960000038146973,9.295000076293944,561852600.0
2023-01-13,9.626700401306152,9.585000038146973,10.085000038146973,9.550000190734863,319566000.0
2023-01-17,9.6793851852417,10.029999732971191,10.255000114440918,9.904999732971191,279515800.0
2023-01-18,9.32017993927002,10.289999961853027,10.454999923706056,9.69499969482422,373300200.0
2023-01-19,9.028026580810549,9.53499984741211,9.654999732971191,9.289999961853027,332741400.0
2023-01-20,9.76559352874756,9.59000015258789,10.225000381469728,9.479999542236328,322650400.0
2023-01-23,10.407374382019045,10.274999618530272,11.0,10.1899995803833,388084200.0
2023-01-24,10.345112800598145,10.68000030517578,10.9350004196167,10.619999885559082,290013000.0
2023-01-25,10.268481254577637,10.279999732971191,10.795000076293944,9.989999771118164,436167200.0
2023-01-26,10.8623685836792,11.109999656677246,11.359999656677246,10.800000190734863,406837800.0
2023-01-27,11.173680305480955,11.18000030517578,11.90999984741211,11.164999961853027,376822200.0
2023-01-30,10.503161430358888,11.274999618530272,11.449999809265137,10.925000190734863,347816000.0
2023-01-31,10.97252368927002,10.970000267028809,11.460000038146973,10.949999809265137,316513800.0
2023-02-01,11.681356430053713,11.43000030517578,12.475000381469728,11.18000030517578,543277600.0
2023-02-02,12.888282775878906,12.979999542236328,13.725000381469728,12.875,535770200.0
2023-02-03,12.222558975219728,12.604999542236328,13.56999969482422,12.55500030517578,534808400.0
2023-02-06,11.911246299743652,12.425000190734863,12.725000381469728,12.260000228881836,323632400.0
2023-02-07,12.648815155029297,12.414999961853027,13.345000267028809,12.270000457763672,519789200.0
2023-02-08,11.968721389770508,13.024999618530272,13.149999618530272,12.404999732971191,362514400.0
2023-02-09,11.647831916809082,13.024999618530272,13.045000076293944,11.96500015258789,395196800.0
2023-02-10,11.40835952758789,11.880000114440918,12.130000114440918,11.609999656677246,367863400.0
2023-02-13,11.949563026428224,12.06999969482422,12.550000190734863,11.925000190734863,279739800.0
2023-02-14,12.208189964294434,12.270000457763672,12.869999885559082,12.024999618530272,511474400.0
2023-02-15,12.481185913085938,12.510000228881836,13.050000190734863,12.425000190734863,275527400.0
2023-02-16,11.767566680908203,12.414999961853027,12.9350004196167,12.265000343322754,388993000.0
2023-02-17,11.513726234436035,12.015000343322754,12.114999771118164,11.649999618530272,389804800.0
2023-02-21,10.704317092895508,11.550000190734863,11.725000381469728,11.145000457763672,300937600.0
2023-02-22,10.713894844055176,11.225000381469728,11.425000190734863,10.989999771118164,334677400.0
2023-02-23,10.982102394104004,11.595000267028809,11.614999771118164,10.975000381469728,359540000.0
2023-02-24,10.426531791687012,10.875,11.015000343322754,10.675000190734863,345563600.0
2023-02-27,10.65163516998291,11.239999771118164,11.399999618530272,11.050000190734863,277508800.0
2023-02-28,10.598950386047363,11.039999961853027,11.359999656677246,11.0,254631600.0
2023-03-01,10.340322494506836,11.029999732971191,11.104999542236328,10.6850004196167,308773800.0
2023-03-02,10.58937168121338,10.505000114440918,11.149999618530272,10.475000381469728,315874600.0
2023-03-03,11.23594093322754,11.25,11.765000343322754,11.1899995803833,303353200.0
2023-03-06,11.283836364746094,11.880000114440918,12.239999771118164,11.75,303699800.0
2023-03-07,10.8623685836792,11.779999732971191,11.890000343322754,11.260000228881836,352663000.0
2023-03-08,11.010839462280272,11.375,11.56999969482422,11.164999961853027,290985600.0
2023-03-09,10.43132209777832,11.55500030517578,11.854999542236328,10.795000076293944,393667400.0
2023-03-10,10.000276565551758,10.90999984741211,11.079999923706056,10.3100004196167,629715200.0
2023-03-13,10.21579933166504,10.234999656677246,11.074999809265137,10.0649995803833,659081400.0
2023-03-14,10.91026210784912,11.0600004196167,11.454999923706056,10.960000038146973,434325800.0
2023-03-15,11.068310737609863,11.085000038146973,11.609999656677246,10.914999961853027,549118800.0
2023-03-16,11.944772720336914,11.4399995803833,12.515000343322754,11.359999656677246,456714200.0
2023-03-17,11.767566680908203,12.46500015258789,12.755000114440918,12.050000190734863,403540600.0
2023-03-20,11.892088890075684,12.21500015258789,12.460000038146973,11.94499969482422,328356000.0
2023-03-21,12.394975662231444,12.654999732971191,13.0,12.46500015258789,270290200.0
2023-03-22,11.889155387878418,12.854999542236328,13.479999542236328,12.324999809265137,475836200.0
2023-03-23,12.313080787658691,12.800000190734863,13.30500030517578,12.4399995803833,392994400.0
2023-03-24,12.438332557678224,12.720000267028809,12.920000076293944,12.420000076293944,338830200.0
2023-03-27,12.183013916015623,12.994999885559082,13.130000114440918,12.529999732971191,273591200.0
2023-03-28,11.980687141418455,12.56999969482422,12.56999969482422,12.145000457763672,236041400.0
2023-03-29,12.63584327697754,12.880000114440918,13.1850004196167,12.78499984741211,238730600.0
2023-03-30,12.977872848510742,13.40999984741211,13.545000076293944,13.244999885559082,260300000.0
2023-03-31,13.61375904083252,13.5,14.15999984741211,13.454999923706056,254044200.0
2023-04-03,13.517412185668944,13.84000015258789,14.0600004196167,13.664999961853027,250232600.0
2023-04-04,13.382526397705078,14.079999923706056,14.21500015258789,13.710000038146973,232180800.0
2023-04-05,12.95378589630127,13.734999656677246,13.760000228881836,13.204999923706056,258274000.0
2023-04-06,13.213921546936035,13.229999542236328,13.779999732971191,13.05500030517578,241920600.0
2023-04-10,13.185017585754396,13.31999969482422,13.6899995803833,13.085000038146973,237057600.0
2023-04-11,12.929698944091797,13.68000030517578,13.6850004196167,13.350000381469728,208521600.0
2023-04-12,12.58767032623291,13.670000076293944,13.744999885559082,13.0,348038600.0
2023-04-13,13.31026840209961,13.265000343322754,13.869999885559082,13.244999885559082,247523000.0
2023-04-14,13.233189582824709,13.604999542236328,13.96500015258789,13.350000381469728,285332200.0
2023-04-17,13.247642517089844,13.675000190734863,13.8100004196167,13.404999732971191,228617800.0
2023-04-18,13.257278442382812,14.03499984741211,14.09000015258789,13.600000381469728,212829800.0
2023-04-19,13.228374481201172,13.4350004196167,13.869999885559082,13.420000076293944,191850600.0
2023-04-20,12.920066833496094,13.335000038146973,13.789999961853027,13.234999656677246,273695200.0
2023-04-21,12.944151878356934,13.350000381469728,13.545000076293944,13.125,228888000.0
2023-04-24,12.867074966430664,13.404999732971191,13.585000038146973,13.06999969482422,215290800.0
2023-04-25,12.139659881591797,13.140000343322754,13.225000381469728,12.585000038146973,276576000.0
2023-04-26,12.341985702514648,13.010000228881836,13.19499969482422,12.755000114440918,249724600.0
2023-04-27,13.33917236328125,13.279999732971191,13.914999961853027,13.19499969482422,255631200.0
2023-04-28,13.60894012451172,13.81999969482422,14.140000343322754,13.664999961853027,261072200.0
2023-05-01,13.570405006408691,14.06999969482422,14.265000343322754,13.9350004196167,178002600.0
2023-05-02,13.20910358428955,14.06999969482422,14.109999656677246,13.479999542236328,249312000.0
2023-05-03,12.948967933654783,13.75,14.100000381469728,13.414999961853027,340267600.0
2023-05-04,12.804449081420898,13.390000343322754,13.539999961853027,13.140000343322754,242621600.0
2023-05-05,13.589673042297363,13.5600004196167,14.229999542236328,13.515000343322754,195603200.0
2023-05-08,13.700472831726074,14.050000190734863,14.270000457763672,13.90999984741211,151477000.0
2023-05-09,13.435517311096191,13.994999885559082,14.109999656677246,13.904999732971191,129681400.0
2023-05-10,13.869077682495115,14.260000228881836,14.510000228881836,13.9350004196167,303102000.0
2023-05-11,13.984694480895996,14.454999923706056,14.595000267028809,14.244999885559082,194683000.0
2023-05-12,13.840173721313477,14.59000015258789,14.649999618530272,14.085000038146973,210763400.0
2023-05-15,14.05213737487793,14.425000190734863,14.625,14.21500015258789,172935200.0
2023-05-16,14.105128288269045,14.489999771118164,14.869999885559082,14.479999542236328,159327000.0
2023-05-17,14.610947608947754,14.774999618530272,15.239999771118164,14.614999771118164,202209200.0
2023-05-18,15.396169662475586,15.199999809265137,16.020000457763672,15.199999809265137,271867600.0
2023-05-19,15.29018783569336,16.014999389648438,16.1200008392334,15.725000381469728,198058400.0
2023-05-22,15.4491605758667,15.84000015258789,16.18000030517578,15.835000038146973,166624800.0
2023-05-23,14.851812362670898,15.779999732971191,15.949999809265137,15.364999771118164,212630000.0
2023-05-24,14.610947608947754,15.135000228881836,15.350000381469728,14.885000228881836,235945000.0
2023-05-25,15.66594123840332,16.18000030517578,16.434999465942383,15.84000015258789,261747000.0
2023-05-26,16.851001739501953,16.405000686645508,17.625,16.395000457763672,252784400.0
2023-05-30,17.087051391601562,18.155000686645508,18.334999084472656,17.520000457763672,270612800.0
2023-05-31,16.740205764770508,17.485000610351562,17.795000076293945,17.200000762939453,210289000.0
2023-06-01,17.347185134887695,17.3700008392334,18.21500015258789,17.204999923706055,216759200.0
2023-06-02,17.73738670349121,18.280000686645508,18.59499931335449,18.0049991607666,216505600.0
2023-06-05,17.775930404663086,18.3799991607666,18.850000381469727,18.280000686645508,206261800.0
2023-06-06,17.75665855407715,18.34499931335449,18.57999992370605,18.1299991607666,159509000.0
2023-06-07,16.851001739501953,18.46999931335449,18.780000686645508,17.385000228881836,228485400.0
2023-06-08,17.42908477783203,17.510000228881836,18.190000534057617,17.475000381469727,188153800.0
2023-06-09,17.641042709350586,18.34000015258789,18.809999465942383,18.100000381469727,207944000.0
2023-06-12,18.54188346862793,18.575000762939453,19.2549991607666,18.420000076293945,154857400.0
2023-06-13,18.95616912841797,19.684999465942383,19.815000534057617,19.15999984741211,266534200.0
2023-06-14,19.36082649230957,19.674999237060547,20.149999618530277,19.209999084472656,305313000.0
2023-06-15,20.04007148742676,19.8700008392334,21.045000076293945,19.7549991607666,255874000.0
2023-06-16,19.65468406677246,21.20499992370605,21.21999931335449,20.325000762939453,224810400.0
2023-06-20,19.55833625793457,20.145000457763672,20.540000915527344,19.799999237060547,168249800.0
2023-06-21,18.77449607849121,20.040000915527344,20.11000061035156,19.25,199266600.0
2023-06-22,19.397899627685547,19.184999465942383,20.09499931335449,19.1200008392334,210199200.0
2023-06-23,18.82282447814941,19.415000915527344,19.854999542236328,19.190000534057617,225152400.0
2023-06-26,18.0786075592041,19.3799991607666,19.834999084472656,18.670000076293945,216900000.0
2023-06-27,18.972631454467773,18.924999237060547,19.75,18.799999237060547,195354000.0
2023-06-28,19.0886173248291,19.334999084472656,20.06999969482422,19.315000534057617,217352600.0
2023-06-29,18.95813751220703,19.68000030517578,19.780000686645508,19.334999084472656,198266400.0
2023-06-30,19.813501358032227,20.200000762939453,20.674999237060547,20.145000457763672,184308800.0
2023-07-03,19.948808670043945,20.600000381469727,20.7450008392334,20.420000076293945,79868000.0
2023-07-05,19.934310913085938,20.36000061035156,20.920000076293945,20.354999542236328,139007400.0
2023-07-06,19.465553283691406,19.98500061035156,20.209999084472656,19.645000457763672,170473400.0
2023-07-07,19.26741981506348,20.09499931335449,20.6299991607666,19.88999938964844,168624800.0
2023-07-10,19.281917572021484,19.8799991607666,20.05500030517578,19.46500015258789,172013600.0
2023-07-11,19.557371139526367,20.01000022888184,20.309999465942383,19.649999618530277,162478600.0
2023-07-12,20.28225898742676,20.915000915527344,21.21999931335449,20.575000762939453,230335400.0
2023-07-13,21.29226303100586,21.51000022888184,22.18000030517578,21.415000915527344,164773200.0
2023-07-14,21.272932052612305,22.11000061035156,22.68000030517578,21.86000061035156,186056400.0
2023-07-17,21.862504959106445,22.13999938964844,22.78499984741211,22.05500030517578,145525200.0
2023-07-18,22.384418487548828,22.51000022888184,23.420000076293945,22.155000686645508,196113200.0
2023-07-19,22.384418487548828,23.364999771118164,23.56999969482422,22.90999984741211,200573800.0
2023-07-20,20.8138370513916,22.57999992370605,22.850000381469727,21.34499931335449,233862800.0
2023-07-21,20.630199432373047,21.940000534057617,22.09000015258789,21.2549991607666,205108600.0
2023-07-24,20.71235466003418,21.489999771118164,21.655000686645508,21.100000381469727,126429200.0
2023-07-25,21.12795639038086,21.540000915527344,22.13999938964844,21.540000915527344,138199200.0
2023-07-26,20.91049194335937,21.65999984741211,21.924999237060547,21.21999931335449,205764600.0
2023-07-27,20.73168563842773,22.55500030517578,22.84499931335449,21.225000381469727,261103200.0
2023-07-28,21.85283660888672,22.149999618530277,22.795000076293945,22.065000534057617,204487600.0
2023-07-31,21.89633178710937,22.665000915527344,22.854999542236328,22.40999984741211,159009200.0
2023-08-01,21.72719383239746,22.395000457763672,22.614999771118164,22.104999542236328,153056600.0
2023-08-02,20.306419372558597,21.84499931335449,21.850000381469727,20.76499938964844,258044000.0
2023-08-03,20.16144371032715,20.55500030517578,21.229999542236328,20.524999618530277,201340200.0
2023-08-04,19.88115501403809,21.19499969482422,21.584999084472656,20.48500061035156,247452800.0
2023-08-07,20.37407493591309,20.864999771118164,21.100000381469727,20.46999931335449,149792200.0
2023-08-08,19.85215759277344,20.645000457763672,20.645000457763672,20.0,188780000.0
2023-08-09,19.19009780883789,20.57999992370605,20.604999542236328,19.725000381469727,199430600.0
2023-08-10,19.277082443237305,20.32999992370605,20.875,19.684999465942383,260554200.0
2023-08-11,18.890478134155277,19.51499938964844,19.834999084472656,19.299999237060547,201573800.0
2023-08-14,19.51871109008789,19.415000915527344,20.21999931335449,19.299999237060547,142553600.0
2023-08-15,18.91947364807129,20.03499984741211,20.170000076293945,19.440000534057617,162553600.0
2023-08-16,18.291240692138672,19.459999084472656,19.709999084472656,18.90999984741211,190222000.0
2023-08-17,17.67267417907715,19.125,19.18000030517578,18.21500015258789,210232800.0
2023-08-18,17.59052085876465,17.764999389648438,18.405000686645508,17.684999465942383,247002000.0
2023-08-21,18.441051483154297,18.434999465942383,19.190000534057617,18.354999542236328,191487200.0
2023-08-22,18.3588981628418,19.48500061035156,19.489999771118164,18.88500022888184,180368000.0
2023-08-23,19.223926544189453,19.174999237060547,20.059999465942383,19.13999938964844,175454000.0
2023-08-24,17.957794189453125,20.440000534057617,20.45499992370605,18.549999237060547,232397200.0
2023-08-25,18.3830623626709,18.71500015258789,19.280000686645508,18.174999237060547,278289400.0
2023-08-28,18.79383087158203,19.475000381469727,19.584999084472656,19.040000915527344,182641000.0
2023-08-29,19.992300033569336,19.399999618530277,20.76000022888184,19.34499931335449,187495600.0
2023-08-30,20.32575035095215,20.71500015258789,21.13999938964844,20.540000915527344,185958200.0
2023-08-31,20.50938606262207,21.020000457763672,21.489999771118164,21.01000022888184,162242800.0
2023-09-01,20.436899185180664,21.604999542236328,21.68000030517578,20.875,165058400.0
2023-09-05,20.49005508422852,20.98500061035156,21.40999984741211,20.82999992370605,123778600.0
2023-09-06,19.948808670043945,21.06999969482422,21.1200008392334,20.290000915527344,148058200.0
2023-09-07,19.51388168334961,19.8700008392334,20.299999237060547,19.690000534057617,168623000.0
2023-09-08,19.571866989135746,20.155000686645508,20.6200008392334,20.084999084472656,149541600.0
2023-09-11,20.2387638092041,20.7450008392334,21.045000076293945,20.420000076293945,141712800.0
2023-09-12,19.59119987487793,20.670000076293945,20.905000686645508,20.200000762939453,155524200.0
2023-09-13,19.784500122070312,20.290000915527344,20.7450008392334,20.09499931335449,170849400.0
2023-09-14,20.248430252075195,20.75,21.1200008392334,20.399999618530277,152379800.0
2023-09-15,19.20942687988281,20.725000381469727,20.795000076293945,19.71500015258789,179839600.0
2023-09-18,19.25292205810547,19.71500015258789,20.11000061035156,19.665000915527344,124798200.0
2023-09-19,19.136938095092773,19.70499992370605,19.915000915527344,19.299999237060547,148741400.0
2023-09-20,18.307174682617188,19.88500022888184,19.950000762939453,18.850000381469727,196038400.0
2023-09-21,17.264516830444336,18.274999618530277,18.38999938964844,17.78499984741211,216821200.0
2023-09-22,17.27906608581543,18.065000534057617,18.38999938964844,17.760000228881836,188181200.0
2023-09-25,17.50699234008789,17.655000686645508,18.06999969482422,17.5049991607666,162538400.0
2023-09-26,16.726213455200195,17.655000686645508,17.739999771118164,17.084999084472656,210679400.0
2023-09-27,16.828054428100586,17.405000686645508,17.635000228881836,16.815000534057617,256871600.0
2023-09-28,17.23542022705078,17.19499969482422,18.084999084472656,17.065000534057617,268145800.0
2023-09-29,17.274213790893555,18.290000915527344,18.5,17.614999771118164,286858200.0
2023-10-02,17.686431884765625,17.834999084472656,18.450000762939453,17.739999771118164,236463200.0
2023-10-03,16.75046157836914,17.854999542236328,18.19499969482422,17.020000457763672,266539000.0
2023-10-04,17.42939567565918,17.389999389648438,18.09499931335449,17.31999969482422,252759200.0
2023-10-05,17.2451171875,17.94499969482422,18.0,17.25,218006200.0
2023-10-06,18.11319351196289,17.325000762939453,18.84499931335449,17.204999923706055,294897400.0
2023-10-09,18.379919052124023,18.30500030517578,19.045000076293945,18.06999969482422,210966000.0
2023-10-10,18.68059730529785,19.0049991607666,19.684999465942383,18.924999237060547,216109600.0
2023-10-11,19.07826042175293,19.46999931335449,19.70499992370605,19.200000762939453,191710800.0
2023-10-12,18.85517883300781,19.73500061035156,20.024999618530277,19.059999465942383,236509200.0
2023-10-13,18.14228820800781,19.545000076293945,19.63999938964844,18.48500061035156,259511000.0
2023-10-16,18.75333976745605,18.90999984741211,19.5,18.88500022888184,173152200.0
2023-10-17,18.573904037475582,18.76000022888184,19.40999984741211,18.424999237060547,210387000.0
2023-10-18,17.788270950317383,18.73500061035156,19.09000015258789,18.165000915527344,263165200.0
2023-10-19,17.313011169433594,18.575000762939453,18.7549991607666,17.719999313354492,370050400.0
2023-10-20,16.532228469848633,17.760000228881836,17.850000381469727,17.010000228881836,277722800.0
2023-10-23,16.677715301513672,16.834999084472656,17.704999923706055,16.530000686645508,263599000.0
2023-10-24,17.148122787475586,17.450000762939453,17.795000076293945,17.200000762939453,245074600.0
2023-10-25,15.892084121704102,17.315000534057617,17.34000015258789,16.290000915527344,328363200.0
2023-10-26,14.965811729431152,16.190000534057617,16.31999969482422,15.234999656677246,374047400.0
2023-10-27,15.179193496704102,15.789999961853027,16.114999771118164,15.475000381469728,294702200.0
2023-10-30,15.669000625610352,15.975000381469728,16.344999313354492,15.789999961853027,264305600.0
2023-10-31,15.896933555603027,16.15999984741211,16.44499969482422,15.800000190734863,222923600.0
2023-11-01,16.716514587402344,16.5,17.315000534057617,16.485000610351562,332635600.0
2023-11-02,17.603986740112305,17.8799991607666,18.190000534057617,17.700000762939453,234134000.0
2023-11-03,18.224733352661133,18.350000381469727,18.989999771118164,18.315000534057617,228661200.0
2023-11-06,18.43326568603516,18.905000686645508,19.104999542236328,18.65999984741211,183599600.0
2023-11-07,18.952171325683597,19.174999237060547,19.684999465942383,18.98500061035156,204502200.0
2023-11-08,18.98611640930176,19.600000381469727,19.71500015258789,19.21500015258789,187960200.0
2023-11-09,18.535104751586918,19.670000076293945,19.854999542236328,19.030000686645508,258365200.0
2023-11-10,19.77174949645996,19.375,20.415000915527344,19.290000915527344,248927600.0
2023-11-13,19.59231758117676,20.125,20.364999771118164,19.875,180430400.0
2023-11-14,20.82411003112793,21.23500061035156,21.63999938964844,21.145000457763672,233552400.0
2023-11-15,20.882308959960938,21.809999465942383,21.88999938964844,21.299999237060547,218432600.0
2023-11-16,20.91625213623047,21.3799991607666,21.604999542236328,21.165000915527344,178045000.0
2023-11-17,20.93080139160156,21.440000534057617,21.75,21.28499984741211,157517000.0
2023-11-20,21.677635192871094,21.575000762939453,22.475000381469727,21.56999969482422,165655600.0
2023-11-21,21.284818649291992,22.045000076293945,22.07999992370605,21.645000457763672,148275200.0
2023-11-22,21.532150268554688,22.28499984741211,22.709999084472656,22.024999618530277,171446400.0
2023-11-24,21.42545890808105,22.125,22.225000381469727,21.924999237060547,63975400.0
2023-11-27,21.36241149902344,22.0049991607666,22.3700008392334,21.88500022888184,121856400.0
2023-11-28,21.532150268554688,21.899999618530277,22.299999237060547,21.834999084472656,158349000.0
2023-11-29,21.45455741882324,22.6200008392334,22.864999771118164,22.065000534057617,177523200.0
2023-11-30,21.275121688842773,22.149999618530277,22.229999542236328,21.420000076293945,186394600.0
2023-12-01,21.45455741882324,21.7450008392334,22.21999931335449,21.459999084472656,172937600.0
2023-12-04,20.843505859375,21.45499992370605,21.53499984741211,20.864999771118164,181143600.0
2023-12-05,20.99384307861328,21.155000686645508,21.850000381469727,21.1299991607666,167540400.0
2023-12-06,20.62042808532715,22.13999938964844,22.15999984741211,21.20499992370605,163000600.0
2023-12-07,21.48365020751953,21.739999771118164,22.270000457763672,21.55500030517578,162755400.0
2023-12-08,21.74068069458008,21.825000762939453,22.5,21.795000076293945,181789000.0
2023-12-11,22.293533325195312,22.334999084472656,23.040000915527344,22.299999237060547,151540000.0
2023-12-12,22.83183860778809,22.989999771118164,23.549999237060547,22.78499984741211,142899400.0
2023-12-13,23.63686752319336,23.690000534057617,24.53499984741211,23.549999237060547,230081400.0
2023-12-14,23.598073959350582,24.625,24.864999771118164,23.774999618530277,202697800.0
2023-12-15,23.87934875488281,24.46999931335449,24.895000457763672,24.350000381469727,156731000.0
2023-12-18,24.378854751586918,24.7450008392334,25.299999237060547,24.684999465942383,116436000.0
2023-12-19,24.74256896972656,25.209999084472656,25.530000686645508,25.18000030517578,120349600.0
2023-12-20,23.643217086791992,25.239999771118164,25.63500022888184,24.229999542236328,176165000.0
2023-12-21,24.42742919921875,24.94499969482422,25.13500022888184,24.46999931335449,149089400.0
2023-12-22,24.524843215942383,25.299999237060547,25.46999931335449,24.81999969482422,132420000.0
2023-12-26,24.972963333129883,25.31999969482422,25.7549991607666,25.309999465942383,87371200.0
2023-12-27,25.10447883605957,25.674999237060547,25.82999992370605,25.51000022888184,111495600.0
2023-12-28,25.041154861450195,25.959999084472656,26.0049991607666,25.63500022888184,85768200.0
2023-12-29,24.695322036743164,25.690000534057617,25.76000022888184,25.0,134245400.0
2024-01-02,23.443511962890625,24.674999237060547,24.71500015258789,23.63500022888184,176270600.0
2024-01-03,22.693395614624023,23.584999084472656,23.770000457763672,23.21500015258789,167812200.0
2024-01-04,22.31346893310547,22.934999465942383,23.48500061035156,22.864999771118164,143735400.0
2024-01-05,22.39627265930176,22.93000030517578,23.459999084472656,22.73500061035156,170481600.0
2024-01-08,23.74550437927246,23.19499969482422,24.450000762939453,23.165000915527344,135374200.0
2024-01-09,23.9013729095459,23.82999992370605,24.70499992370605,23.80500030517578,148431600.0
2024-01-10,24.37384796142578,24.584999084472656,25.20499992370605,24.420000076293945,147621000.0
2024-01-11,24.490747451782227,25.225000381469727,25.48500061035156,24.200000762939453,190228400.0
2024-01-12,24.51997375488281,25.334999084472656,25.489999771118164,24.920000076293945,128214000.0
2024-01-16,24.50536155700684,24.940000534057617,25.45499992370605,24.665000915527344,145874000.0
2024-01-17,24.08159446716309,24.53499984741211,24.795000076293945,23.934999465942383,166554600.0
2024-01-18,25.11421775817871,25.295000076293945,25.86000061035156,25.05500030517578,182140800.0
2024-01-19,26.56574249267578,26.15999984741211,27.309999465942383,26.049999237060547,186359400.0
2024-01-22,26.672897338867188,27.70499992370605,27.959999084472656,27.2549991607666,149656600.0
2024-01-23,26.989505767822266,27.5049991607666,27.739999771118164,27.13999938964844,112172000.0
2024-01-24,27.432756423950195,28.475000381469727,28.950000762939453,28.059999465942383,179718600.0
2024-01-25,27.510690689086918,28.6299991607666,28.76499938964844,27.76000022888184,151395200.0
2024-01-26,27.004121780395508,27.84000015258789,28.19499969482422,27.59000015258789,128382600.0
2024-01-29,27.79806900024414,27.80500030517578,28.600000381469727,27.670000076293945,115977200.0
2024-01-30,27.2427921295166,28.34499931335449,28.459999084472656,27.799999237060547,119554400.0
2024-01-31,25.64027214050293,27.09499931335449,27.489999771118164,26.290000915527344,203451600.0
2024-02-01,26.546255111694336,26.645000457763672,27.31999969482422,26.45499992370605,162261400.0
2024-02-02,27.88087654113769,27.59000015258789,28.84000015258789,27.395000457763672,198505000.0
2024-02-05,27.7396183013916,28.59499931335449,28.709999084472656,27.78499984741211,139947800.0
2024-02-06,27.578882217407227,28.690000534057617,28.81999969482422,27.81999969482422,140124200.0
2024-02-07,28.40205955505371,28.84499931335449,29.32999992370605,28.584999084472656,131823400.0
2024-02-08,28.518957138061523,29.155000686645508,29.44499969482422,29.01000022888184,98922200.0
2024-02-09,29.35675048828125,29.51499938964844,30.30500030517578,29.354999542236328,110222000.0
2024-02-12,29.01091766357422,30.104999542236328,30.56999969482422,29.63999938964844,116255000.0
2024-02-13,27.6373348236084,28.1200008392334,28.934999465942383,27.71999931335449,188933000.0
2024-02-14,28.514087677001957,28.899999618530277,29.375,28.43000030517578,156151400.0
2024-02-15,28.752758026123047,29.405000686645508,29.604999542236328,28.864999771118164,130057200.0
2024-02-16,27.963680267333984,29.57999992370605,29.604999542236328,28.55500030517578,151933000.0
2024-02-20,27.315853118896484,28.290000915527344,28.59000015258789,27.274999618530277,163321000.0
2024-02-21,26.97489356994629,27.48500061035156,27.709999084472656,26.90999984741211,152898600.0
2024-02-22,29.30803680419922,29.38999938964844,30.299999237060547,29.2450008392334,179279200.0
2024-02-23,29.040143966674805,30.415000915527344,30.61000061035156,29.61000061035156,140390800.0
2024-02-26,29.001176834106445,29.96999931335449,30.184999465942383,29.71500015258789,109875400.0
2024-02-27,29.181394577026367,29.979999542236328,30.045000076293945,29.434999465942383,109399800.0
2024-02-28,28.70892333984375,29.51499938964844,29.76499938964844,29.274999618530277,123503400.0
2024-02-29,29.40058898925781,30.040000915527344,30.424999237060547,29.38999938964844,136959800.0
2024-03-01,30.74982070922852,30.375,31.7549991607666,30.364999771118164,140959600.0
2024-03-04,30.384504318237305,31.545000076293945,31.63999938964844,31.155000686645508,120418600.0
2024-03-05,28.75763511657715,30.549999237060547,30.549999237060547,29.01000022888184,193207000.0
2024-03-06,29.288558959960938,30.3700008392334,30.71500015258789,29.674999237060547,181677400.0
2024-03-07,30.593950271606445,30.774999618530277,31.65999984741211,30.45499992370605,142370800.0
2024-03-08,29.25446319580078,31.459999084472656,32.064998626708984,29.88500022888184,296451200.0
2024-03-11,28.913503646850582,29.70499992370605,29.940000534057617,29.280000686645508,146770000.0
2024-03-12,30.14096450805664,30.145000457763672,31.020000457763672,29.479999542236328,170560000.0
2024-03-13,29.43955421447754,30.71999931335449,30.729999542236328,29.98500061035156,143779800.0
2024-03-14,29.20088577270508,30.434999465942383,30.549999237060547,29.395000457763672,162480400.0
2024-03-15,28.1341609954834,29.34499931335449,29.459999084472656,28.645000457763672,140883800.0
2024-03-18,28.928112030029297,29.940000534057617,30.399999618530277,29.645000457763672,129193800.0
2024-03-19,29.127817153930664,29.270000457763672,29.989999771118164,28.84000015258789,118810000.0
2024-03-20,30.16172409057617,30.03499984741211,30.915000915527344,29.68000030517578,156556000.0
2024-03-21,30.55279922485352,31.875,31.975000381469727,31.209999084472656,126541800.0
2024-03-22,30.616350173950195,31.13500022888184,31.584999084472656,30.950000762939453,91574800.0
2024-03-25,30.30348777770996,30.739999771118164,31.315000534057617,30.530000686645508,86669400.0
2024-03-26,30.019962310791016,31.30500030517578,31.5049991607666,30.63999938964844,93986000.0
2024-03-27,30.283937454223636,31.28499984741211,31.315000534057617,30.354999542236328,111388600.0
2024-03-28,30.093286514282227,30.94499969482422,31.114999771118164,30.700000762939453,87023400.0
2024-04-01,30.27904891967773,30.959999084472656,31.4950008392334,30.559999465942383,112290600.0
2024-04-02,29.46756362915039,29.934999465942383,30.209999084472656,29.5,109672800.0
2024-04-03,29.663105010986328,29.700000762939453,30.729999542236328,29.690000534057617,111683800.0
2024-04-04,28.2650089263916,31.174999237060547,31.30500030517578,28.8700008392334,167520400.0
2024-04-05,29.262250900268555,29.200000762939453,30.46500015258789,29.030000686645508,154897200.0
2024-04-08,29.28180503845215,30.104999542236328,30.32999992370605,29.655000686645508,89725400.0
2024-04-09,29.584888458251957,30.405000686645508,30.46999931335449,29.290000915527344,119965000.0
2024-04-10,28.807626724243164,29.18000030517578,29.63999938964844,29.030000686645508,202080600.0
2024-04-11,30.16172409057617,29.80500030517578,31.030000686645508,29.34000015258789,146931200.0
2024-04-12,28.704967498779297,29.940000534057617,30.174999237060547,29.059999465942383,172589800.0
2024-04-15,27.26287651062012,30.100000381469727,30.114999771118164,27.71999931335449,203656200.0
2024-04-16,27.26776123046875,27.84499931335449,28.405000686645508,27.6200008392334,163766200.0
2024-04-17,26.255859375,28.270000457763672,28.274999618530277,26.674999237060547,171026400.0
2024-04-18,25.786561965942383,26.94499969482422,27.280000686645508,26.2549991607666,172781600.0
2024-04-19,24.18804168701172,26.13999938964844,26.23500061035156,24.424999237060547,250807600.0
2024-04-22,24.891979217529297,25.190000534057617,25.88500022888184,24.584999084472656,142604800.0
2024-04-23,26.00165367126465,25.809999465942383,26.809999465942383,25.7450008392334,151835000.0
2024-04-24,26.255859375,27.15999984741211,27.45499992370605,26.415000915527344,144316800.0
2024-04-25,25.83544540405273,25.450000762939453,26.59499931335449,25.239999771118164,172827200.0
2024-04-26,27.023340225219727,27.01499938964844,27.934999465942383,26.88500022888184,135994600.0
2024-04-29,27.345977783203125,28.040000915527344,28.165000915527344,27.440000534057617,102355000.0
2024-04-30,25.78167724609375,27.649999618530277,27.924999237060547,26.364999771118164,125248600.0
2024-05-01,25.22439384460449,26.075000762939453,27.399999618530277,25.63500022888184,208076800.0
2024-05-02,26.158082962036133,26.459999084472656,26.924999237060547,25.600000381469727,124829800.0
2024-05-03,27.71750259399414,28.165000915527344,28.55500030517578,27.864999771118164,150878000.0
2024-05-06,28.626752853393555,28.709999084472656,29.299999237060547,28.559999465942383,82530800.0
2024-05-07,28.626752853393555,29.36000061035156,29.614999771118164,29.13999938964844,93320400.0
2024-05-08,28.572980880737305,28.75,29.51000022888184,28.725000381469727,78027200.0
2024-05-09,28.72940826416016,29.25,29.5,28.875,81439200.0
2024-05-10,28.92494773864746,29.68000030517578,30.03499984741211,29.270000457763672,92669600.0
2024-05-13,29.115596771240234,29.959999084472656,29.98500061035156,29.489999771118164,67722000.0
2024-05-14,29.658212661743164,29.68000030517578,30.450000762939453,29.63999938964844,92952800.0
2024-05-15,31.02698135375977,30.84499931335449,31.809999465942383,30.530000686645508,130481400.0
2024-05-16,30.836332321166992,31.68000030517578,32.099998474121094,31.4950008392334,87715200.0
2024-05-17,30.76789093017578,31.545000076293945,31.68000030517578,31.01000022888184,70099600.0
2024-05-20,31.40338897705078,31.51000022888184,32.26499938964844,31.475000381469727,74539000.0
2024-05-21,31.56471061706543,31.71999931335449,32.334999084472656,31.674999237060547,62314000.0
2024-05-22,31.545154571533203,32.345001220703125,32.5,31.709999084472656,80039400.0
2024-05-23,31.07586479187012,33.25,33.255001068115234,31.399999618530277,130877800.0
2024-05-24,31.94601058959961,32.125,32.94499969482422,31.96999931335449,82558000.0
2024-05-28,32.293087005615234,32.93000030517578,33.04999923706055,32.400001525878906,83186400.0
2024-05-29,31.618480682373047,32.119998931884766,32.720001220703125,32.099998474121094,79282200.0
2024-05-30,30.601686477661133,32.125,32.150001525878906,30.9950008392334,84703600.0
2024-05-31,30.56746482849121,31.299999237060547,31.44499969482422,29.479999542236328,143746400.0
2024-06-03,30.86565971374512,31.864999771118164,32.07500076293945,30.479999542236328,111435000.0
2024-06-04,31.09541893005371,31.5,32.064998626708984,31.13500022888184,88491800.0
2024-06-05,32.97257995605469,32.560001373291016,33.7400016784668,32.32500076293945,104871400.0
2024-06-06,32.933475494384766,33.869998931884766,33.939998626708984,33.42499923706055,73031200.0
2024-06-07,32.81127166748047,33.560001373291016,34.165000915527344,33.310001373291016,89943400.0
2024-06-10,33.15835189819336,33.29499816894531,34.029998779296875,33.2400016784668,72041800.0
2024-06-11,33.84273147583008,33.65999984741211,34.65999984741211,33.33000183105469,71386800.0
2024-06-12,35.177268981933594,35.505001068115234,36.5099983215332,35.36000061035156,124402600.0
2024-06-13,35.73944854736328,36.78499984741211,36.94499969482422,36.03499984741211,87285000.0
2024-06-14,36.25762176513672,36.47499847412109,37.10499954223633,36.3650016784668,71555000.0
2024-06-17,37.57260894775391,37.13999938964844,38.86000061035156,36.834999084472656,93354600.0
2024-06-18,37.592166900634766,38.415000915527344,38.6150016784668,38.02999877929688,66433200.0
2024-06-20,36.70735549926758,38.72999954223633,38.83000183105469,37.11000061035156,105455000.0
2024-06-21,36.37005615234375,37.45000076293945,37.76499938964844,36.86000061035156,77341800.0
2024-06-24,35.13815689086914,36.90999984741211,37.31499862670898,35.900001525878906,93754600.0
2024-06-25,36.31138610839844,36.39500045776367,37.21500015258789,36.185001373291016,77675000.0
2024-06-26,36.53859329223633,36.79999923706055,37.34999847412109,36.70500183105469,72549600.0
2024-06-27,36.80358123779297,37.15999984741211,37.84999847412109,36.959999084472656,74115400.0
2024-06-28,36.22453689575195,37.64500045776367,38.76499938964844,36.72499847412109,107803000.0
2024-07-01,36.818302154541016,37.08000183105469,37.64500045776367,36.209999084472656,86557400.0
2024-07-02,37.94694900512695,37.14500045776367,38.68999862670898,37.119998931884766,74950200.0
2024-07-03,38.879302978515625,38.47499847412109,39.65499877929688,38.47499847412109,56150400.0
2024-07-05,40.05701446533203,39.78499984741211,40.92499923706055,39.71500015258789,79624600.0
2024-07-08,40.321998596191406,40.90499877929688,41.23500061035156,40.63999938964844,73365600.0
2024-07-09,40.41032791137695,41.459999084472656,41.744998931884766,40.810001373291016,72033600.0
2024-07-10,41.67637252807617,41.65999984741211,42.59999847412109,41.334999084472656,77554800.0
2024-07-11,38.93818664550781,42.48500061035156,42.52999877929688,39.34999847412109,149329000.0
2024-07-12,39.57120895385742,39.755001068115234,41.470001220703125,39.650001525878906,101019800.0
2024-07-15,39.86563491821289,40.73500061035156,41.810001373291016,40.1150016784668,109900400.0
2024-07-16,39.89507675170898,40.970001220703125,41.17499923706055,39.869998931884766,83637600.0
2024-07-17,36.386474609375,38.665000915527344,38.78499984741211,37.04499816894531,142840000.0
2024-07-18,35.84177780151367,37.90499877929688,37.959999084472656,35.775001525878906,131678400.0
2024-07-19,34.87015914916992,36.400001525878906,36.98500061035156,35.220001220703125,118249600.0
2024-07-22,36.39138412475586,36.82500076293945,37.31499862670898,36.060001373291016,112808600.0
2024-07-23,35.998809814453125,36.8650016784668,37.56499862670898,36.56999969482422,87127000.0
2024-07-24,32.11725234985352,35.1150016784668,35.189998626708984,32.525001525878906,159575200.0
2024-07-25,31.04750061035156,32.779998779296875,33.66999816894531,31.065000534057617,188128000.0
2024-07-26,31.935691833496094,32.5,33.16999816894531,31.88999938964844,137407000.0
2024-07-29,32.12215805053711,33.1349983215332,33.595001220703125,32.2599983215332,115640800.0
2024-07-30,30.81195831298828,33.13999938964844,33.29499816894531,30.670000076293945,143063600.0
2024-07-31,33.50597381591797,33.4900016784668,34.5,33.189998626708984,173408400.0
2024-08-01,31.091663360595703,34.290000915527344,35.11000061035156,30.850000381469727,210693200.0
2024-08-02,28.82456588745117,29.825000762939453,30.36000061035156,28.5,209844000.0
2024-08-05,26.312105178833008,24.665000915527344,28.09499931335449,24.399999618530277,287924400.0
2024-08-06,26.96966361999512,27.065000534057617,28.875,26.56999969482422,192909400.0
2024-08-07,26.101097106933597,28.78499984741211,29.2549991607666,26.5,182751600.0
2024-08-08,28.49087905883789,27.725000381469727,29.174999237060547,27.0049991607666,152879200.0
2024-08-09,28.8785400390625,28.71999931335449,29.76499938964844,28.5,125592400.0
2024-08-12,29.0748291015625,29.614999771118164,30.200000762939453,29.05500030517578,108972600.0
2024-08-13,31.189809799194336,30.479999542236328,31.854999542236328,30.450000762939453,108962800.0
2024-08-14,31.24378776550293,31.9950008392334,32.31999969482422,30.934999465942383,124710600.0
2024-08-15,33.59431076049805,33.064998626708984,34.314998626708984,32.994998931884766,106424800.0
2024-08-16,33.682640075683594,33.810001373291016,34.630001068115234,33.595001220703125,89675200.0
2024-08-19,34.987937927246094,34.34000015258789,35.67499923706055,33.94499969482422,91599800.0
2024-08-20,34.77202224731445,35.45000076293945,36.02999877929688,35.04499816894531,97859000.0
2024-08-21,35.24801254272461,35.59000015258789,36.33000183105469,35.209999084472656,103000800.0
2024-08-22,33.55504608154297,36.43000030517578,36.58000183105469,33.959999084472656,127496400.0
2024-08-23,34.61008834838867,35.099998474121094,35.86000061035156,34.25,128753200.0
2024-08-26,33.59431076049805,35.1349983215332,35.334999084472656,33.76499938964844,84981400.0
2024-08-27,33.87892150878906,33.8650016784668,34.75,33.42499923706055,71532600.0
2024-08-28,32.73065185546875,34.400001525878906,34.560001373291016,32.58000183105469,118625800.0
2024-08-29,32.55889892578125,33.724998474121094,34.71500015258789,32.89500045776367,120033600.0
2024-08-30,33.66791534423828,34.060001373291016,34.435001373291016,33.09000015258789,92946800.0
2024-09-03,30.596040725708008,33.630001068115234,33.65999984741211,30.645000457763672,147572600.0
2024-09-04,30.33596420288086,30.520000457763672,31.684999465942383,30.325000762939453,96798400.0
2024-09-05,30.434106826782227,30.56999969482422,31.86000061035156,30.36000061035156,110171600.0
2024-09-06,27.9658145904541,30.80500030517578,30.98500061035156,28.36000061035156,169904600.0
2024-09-09,29.00613021850586,29.28499984741211,29.7450008392334,28.670000076293945,110835000.0
2024-09-10,29.78636360168457,29.88999938964844,30.459999084472656,29.100000381469727,91582400.0
2024-09-11,31.68542861938477,30.59000015258789,32.474998474121094,28.88500022888184,163475200.0
2024-09-12,32.62269973754883,32.314998626708984,33.44499969482422,31.94499969482422,109802600.0
2024-09-13,33.04961395263672,33.07500076293945,33.935001373291016,33.025001525878906,87966600.0
2024-09-16,32.60796356201172,33.209999084472656,33.35499954223633,32.51499938964844,82331000.0
2024-09-17,32.62759780883789,33.849998474121094,34.130001068115234,32.73500061035156,103114400.0
2024-09-18,32.20068359375,33.5099983215332,34.380001068115234,32.69499969482422,166396200.0
2024-09-19,34.63462829589844,35.150001525878906,35.900001525878906,34.70500183105469,114801400.0
2024-09-20,34.41379165649414,35.07500076293945,35.34000015258789,34.154998779296875,96759600.0
2024-09-23,34.668975830078125,35.310001373291016,35.57500076293945,35.02000045776367,69837000.0
2024-09-24,35.15968322753906,35.63999938964844,36.04499816894531,34.689998626708984,81259600.0
2024-09-25,35.28276443481445,35.56999969482422,36.244998931884766,35.529998779296875,64724800.0
2024-09-26,36.03105163574219,37.459999084472656,37.53499984741211,35.790000915527344,107003200.0
2024-09-27,35.4107551574707,36.810001373291016,36.83000183105469,35.69499969482422,82930600.0
2024-09-30,35.68643951416016,35.72999954223633,36.310001373291016,35.09000015258789,85862800.0
2024-10-01,34.17509460449219,36.13999938964844,36.21500015258789,33.849998474121094,134760200.0
2024-10-02,34.30309295654297,34.505001068115234,35.27000045776367,33.935001373291016,79119400.0
2024-10-03,34.22432327270508,34.3650016784668,35.404998779296875,34.19499969482422,97749400.0
2024-10-04,35.43044662475586,36.0,36.08000183105469,34.88999938964844,110700400.0
2024-10-07,34.26371383666992,35.525001525878906,35.790000915527344,34.529998779296875,82403400.0
2024-10-08,35.75044631958008,35.33000183105469,36.4900016784668,35.154998779296875,77914000.0
2024-10-09,36.611961364746094,36.2599983215332,37.31499862670898,36.02999877929688,78696200.0
2024-10-10,36.48395919799805,36.65999984741211,37.47499847412109,36.36000061035156,86060600.0
2024-10-11,36.57749938964844,36.584999084472656,37.400001525878906,36.45000076293945,70735200.0
2024-10-14,37.51285934448242,37.720001220703125,38.40999984741211,37.60499954223633,67691200.0
2024-10-15,36.01627731323242,38.17499923706055,38.32500076293945,36.06999969482422,106307600.0
2024-10-16,35.9965934753418,36.619998931884766,36.744998931884766,35.834999084472656,70784200.0
2024-10-17,36.104888916015625,37.790000915527344,37.79999923706055,36.625,97697800.0
2024-10-18,36.744876861572266,37.22999954223633,37.57500076293945,37.06499862670898,64151600.0
2024-10-21,36.946720123291016,37.02999877929688,37.709999084472656,36.59000015258789,74995800.0
2024-10-22,37.055023193359375,36.90499877929688,37.97499847412109,36.72999954223633,76308000.0
2024-10-23,35.34183883666992,37.084999084472656,37.23500061035156,35.13999938964844,118172200.0
2024-10-24,36.18365859985352,36.709999084472656,36.900001525878906,36.119998931884766,78612800.0
2024-10-25,36.79410552978516,37.34999847412109,38.5,37.19499969482422,114826000.0
2024-10-28,36.82856750488281,38.095001220703125,38.095001220703125,37.33000183105469,69162200.0
2024-10-29,37.84761428833008,37.46500015258789,38.72999954223633,37.03499984741211,78545200.0
2024-10-30,37.00578689575195,38.275001525878906,38.4900016784668,37.470001220703125,80473200.0
2024-10-31,34.18986511230469,36.65499877929688,36.665000915527344,34.71500015258789,138905200.0
2024-11-01,34.918460845947266,35.040000915527344,36.18000030517578,34.98500061035156,96678800.0
2024-11-04,34.59354782104492,35.31999969482422,35.880001068115234,34.755001068115234,82214400.0
2024-11-05,35.90797805786133,35.474998474121094,36.619998931884766,35.459999084472656,79352600.0
2024-11-06,38.822364807128906,38.33000183105469,39.61000061035156,38.095001220703125,118794200.0
2024-11-07,40.63893127441406,40.08000183105469,41.46500015258789,40.04999923706055,99545200.0
2024-11-08,40.73738098144531,41.11000061035156,41.55500030517578,40.95500183105469,70060000.0
2024-11-11,40.66354370117188,41.665000915527344,41.71500015258789,40.59000015258789,70806000.0
2024-11-12,40.442012786865234,41.27000045776367,41.48500061035156,40.32500076293945,68286000.0
2024-11-13,40.26478576660156,40.93000030517578,41.54499816894531,40.34000015258789,74989000.0
2024-11-14,39.4131088256836,40.79499816894531,41.01499938964844,39.810001373291016,77651400.0
2024-11-15,36.562721252441406,38.6349983215332,38.72499847412109,36.64500045776367,120601600.0
2024-11-18,37.30116653442383,37.46500015258789,38.369998931884766,37.15499877929688,77551200.0
2024-11-19,38.04945755004883,37.275001525878906,38.775001525878906,37.209999084472656,80088200.0
2024-11-20,38.00514602661133,38.57500076293945,38.64500045776367,37.05500030517578,101260600.0
2024-11-21,38.37929916381836,39.275001525878906,39.43999862670898,37.27999877929688,109865600.0
2024-11-22,38.52205657958984,38.81999969482422,39.30500030517578,38.43999862670898,79934800.0
2024-11-25,38.69929122924805,40.08000183105469,40.435001373291016,38.77000045776367,91515800.0
2024-11-26,39.29988479614258,39.64500045776367,40.125,39.44499969482422,69747200.0
2024-11-27,38.34976196289063,39.64500045776367,39.65499877929688,38.165000915527344,78463600.0
2024-11-29,39.32942199707031,39.06499862670898,40.084999084472656,38.92499923706055,40865800.0
2024-12-02,40.60446548461914,40.2400016784668,41.47499847412109,40.14500045776367,73638200.0
2024-12-03,40.96384811401367,40.900001525878906,41.665000915527344,40.76499938964844,84810800.0
2024-12-04,42.46041870117188,42.435001373291016,43.185001373291016,42.255001068115234,69992600.0
2024-12-05,42.11088943481445,43.125,43.31999969482422,42.66999816894531,54020400.0
2024-12-06,43.19393539428711,42.88999938964844,43.935001373291016,42.86000061035156,62740600.0
2024-12-09,42.18473434448242,43.625,43.83000183105469,42.540000915527344,69577600.0
2024-12-10,41.72689437866211,43.125,43.560001373291016,42.025001525878906,71541600.0
2024-12-11,43.956993103027344,43.43999862670898,44.810001373291016,43.34000015258789,74897800.0
2024-12-12,43.08562850952149,44.06499862670898,44.3849983215332,43.63999938964844,66348400.0
2024-12-13,44.01114654541016,44.709999084472656,45.3849983215332,43.92499923706055,79663600.0
2024-12-16,45.92617416381836,45.36000061035156,46.89500045776367,45.334999084472656,69967600.0
2024-12-17,45.3108024597168,46.165000915527344,46.45500183105469,45.584999084472656,69168200.0
2024-12-18,40.41246795654297,45.82500076293945,46.28499984741211,40.64500045776367,134849200.0
2024-12-19,39.841407775878906,42.1349983215332,42.26499938964844,40.375,113317600.0
2024-12-20,40.87522506713867,39.52999877929688,42.93000030517578,39.25,145241000.0
2024-12-23,42.01373291015625,41.72499847412109,42.619998931884766,40.915000915527344,83645800.0
2024-12-24,43.683223724365234,42.97499847412109,44.2400016784668,42.81999969482422,48139600.0
2024-12-26,43.5893783569336,43.810001373291016,44.540000915527344,43.29499816894531,59062000.0
2024-12-27,41.816165924072266,43.185001373291016,43.29499816894531,41.13999938964844,102139000.0
2024-12-30,40.13680648803711,40.59999847412109,41.52999877929688,39.70500183105469,102844000.0
2024-12-31,39.08472442626953,40.900001525878906,41.08000183105469,39.34000015258789,105177600.0
2025-01-02,38.83776092529297,40.27000045776367,40.80500030517578,38.26499938964844,141370600.0
2025-01-03,40.69988632202149,39.994998931884766,41.45500183105469,39.810001373291016,92431600.0
2025-01-06,42.08782958984375,42.48500061035156,43.42499923706055,42.01499938964844,92050000.0
2025-01-07,39.8206901550293,42.86000061035156,42.94499969482422,39.85499954223633,111021000.0
2025-01-08,39.85032653808594,40.27999877929688,40.70500183105469,39.220001220703125,96021200.0
2025-01-10,37.948692321777344,39.400001525878906,39.40999984741211,37.6150016784668,145651600.0
2025-01-13,37.55354690551758,37.025001525878906,38.09999847412109,36.66999816894531,113382000.0
2025-01-14,37.42018508911133,38.7400016784668,39.02999877929688,37.095001220703125,125271000.0
2025-01-15,39.94911193847656,39.65499877929688,40.73500061035156,39.29999923706055,106919200.0
2025-01-16,39.134124755859375,41.005001068115234,41.025001525878906,39.59999847412109,93055400.0
2025-01-17,41.06539535522461,41.845001220703125,41.970001220703125,40.91999816894531,87352200.0
2025-01-21,41.74701690673828,42.22499847412109,42.57500076293945,41.165000915527344,83451800.0
2025-01-22,43.36711120605469,43.41999816894531,44.45500183105469,43.35499954223633,86265400.0
2025-01-23,43.63382339477539,43.27000045776367,44.18999862670898,43.1349983215332,60481000.0
2025-01-24,42.848480224609375,44.21500015258789,44.415000915527344,43.005001068115234,72479200.0
2025-01-27,39.08966445922852,38.790000915527344,40.51499938964844,38.59000015258789,161821600.0
2025-01-28,40.8233757019043,39.790000915527344,41.584999084472656,39.0,101033400.0
2025-01-29,40.57146453857422,41.45500183105469,41.4900016784668,40.130001068115234,118481200.0
2025-01-30,41.08020782470703,41.73500061035156,42.29499816894531,40.43000030517578,115171000.0
2025-01-31,40.85794448852539,42.459999084472656,43.54499816894531,41.09000015258789,118146600.0
2025-02-03,39.87008666992188,39.26499938964844,40.994998931884766,38.66999816894531,153257000.0
2025-02-04,41.31730270385742,40.45500183105469,41.970001220703125,40.3650016784668,84634600.0
2025-02-05,41.85567474365234,41.17499923706055,42.40999984741211,40.880001068115234,79694800.0
2025-02-06,42.48297500610352,42.47999954223633,43.06499862670898,42.095001220703125,76431000.0
2025-02-07,40.862884521484375,43.130001068115234,43.595001220703125,41.17499923706055,110870400.0
2025-02-10,42.30021667480469,42.3650016784668,43.09999847412109,42.25,65594200.0
2025-02-11,41.99892044067383,42.03499984741211,42.994998931884766,42.005001068115234,62602800.0
2025-02-12,42.0828857421875,41.13999938964844,42.80500030517578,41.04999923706055,96986600.0
2025-02-13,43.85609817504883,42.9900016784668,44.47999954223633,42.790000915527344,92920200.0
2025-02-14,44.36978912353516,44.40499877929688,45.09000015258789,44.29999923706055,76057400.0
2025-02-18,44.646392822265625,45.31499862670898,45.375,44.375,68825200.0
2025-02-19,44.651329040527344,45.0,45.560001373291016,44.459999084472656,68515800.0
2025-02-20,44.10800552368164,45.025001525878906,45.1150016784668,43.44499969482422,80266000.0
2025-02-21,41.34693145751953,44.8849983215332,44.89500045776367,41.73500061035156,118627200.0
2025-02-24,39.86020278930664,42.25,42.525001525878906,40.25,106467400.0
2025-02-25,38.3388900756836,40.165000915527344,40.18999862670898,37.88999938964844,151194400.0
2025-02-26,38.58586120605469,39.290000915527344,40.22499847412109,38.345001220703125,126351400.0
2025-02-27,35.38519287109375,39.86000061035156,40.084999084472656,35.7400016784668,206751000.0
2025-02-28,37.00528335571289,35.72999954223633,37.584999084472656,35.040000915527344,186358000.0
2025-03-03,34.61465835571289,38.185001373291016,38.525001525878906,34.220001220703125,183891600.0
2025-03-04,34.23432922363281,34.380001068115234,36.3849983215332,33.005001068115234,261673800.0
2025-03-05,35.56793975830078,34.775001525878906,36.345001220703125,33.744998931884766,201266600.0
2025-03-06,32.61918258666992,34.19499969482422,35.25,32.584999084472656,245645400.0
2025-03-07,33.295860290527344,32.779998779296875,34.005001068115234,31.44499969482422,270354600.0
2025-03-10,29.5419921875,32.0,32.095001220703125,28.940000534057617,312271600.0
2025-03-11,29.19624328613281,29.700000762939453,30.924999237060547,28.684999465942383,278978600.0
2025-03-12,30.193979263305664,30.96999931335449,31.32999992370605,29.57999992370605,283837200.0
2025-03-13,28.544252395629883,30.399999618530277,30.424999237060547,28.520000457763672,242454600.0
2025-03-14,30.56937026977539,29.854999542236328,31.114999771118164,29.75,198217000.0
2025-03-17,31.16208267211914,30.940000534057617,32.13999938964844,30.575000762939453,180300800.0
2025-03-18,29.59138298034668,30.88500022888184,30.88999938964844,29.5049991607666,175652400.0
2025-03-19,30.74224281311035,30.34000015258789,31.95499992370605,29.96999931335449,185186400.0
2025-03-20,30.42612648010254,30.32999992370605,31.815000534057617,30.184999465942383,176818200.0
2025-03-21,30.71260452270508,29.76499938964844,31.209999084472656,29.53499984741211,160982000.0
2025-03-24,32.66363525390625,32.529998779296875,33.26499938964844,32.40999984741211,126823000.0
2025-03-25,33.2464714050293,33.2400016784668,33.685001373291016,33.04499816894531,111139400.0
2025-03-26,31.39768409729004,33.31999969482422,33.494998931884766,31.3799991607666,157006400.0
2025-03-27,30.8626651763916,31.299999237060547,32.1150016784668,30.875,144736000.0
2025-03-28,28.405540466308597,30.770000457763672,30.905000686645508,28.48500061035156,207264200.0
2025-03-31,28.385723114013672,27.36000061035156,28.815000534057617,26.520000457763672,213709000.0
2025-04-01,29.03963661193848,28.34000015258789,29.4950008392334,27.809999465942383,194196400.0
2025-04-02,29.688594818115234,28.09499931335449,30.600000381469727,28.045000076293945,246174800.0
2025-04-03,24.91800880432129,26.21500015258789,26.915000915527344,25.05500030517578,280231400.0
2025-04-04,20.355487823486328,22.9950008392334,23.38999938964844,20.51499938964844,516053400.0
2025-04-07,20.434749603271484,18.375,23.415000915527344,17.5,791455200.0
2025-04-08,19.270591735839844,22.69499969482422,23.405000686645508,18.549999237060547,502295400.0
2025-04-09,26.06235694885254,19.3799991607666,26.70499992370605,19.364999771118164,713864000.0
2025-04-10,22.85719490051269,24.34000015258789,24.670000076293945,20.78499984741211,563385400.0
2025-04-11,24.06594467163086,22.834999084472656,24.53499984741211,22.309999465942383,358585800.0
2025-04-14,24.571237564086918,25.950000762939453,26.024999618530277,24.03499984741211,294861400.0
2025-04-15,24.665361404418945,24.979999542236328,25.604999542236328,24.59499931335449,209340200.0
2025-04-16,22.43611717224121,23.415000915527344,24.0049991607666,21.57999992370605,269148800.0
2025-04-17,22.371713638305664,23.045000076293945,23.145000457763672,22.174999237060547,202191600.0
2025-04-21,20.736936569213867,21.684999465942383,21.81999969482422,20.1200008392334,229539400.0
2025-04-22,22.322175979614254,21.729999542236328,22.989999771118164,21.549999237060547,260222800.0
2025-04-23,23.80338478088379,24.6200008392334,25.415000915527344,23.815000534057617,303995400.0
2025-04-24,25.82952308654785,24.3700008392334,26.13999938964844,24.270000457763672,240615400.0
2025-04-25,26.681589126586918,26.020000457763672,27.03499984741211,25.739999771118164,226103200.0
2025-04-28,26.661773681640625,27.01000022888184,27.31999969482422,25.81999969482422,191356800.0
2025-04-29,27.181928634643555,26.520000457763672,27.584999084472656,26.415000915527344,169808000.0
2025-04-30,27.186885833740234,25.979999542236328,27.709999084472656,25.15999984741211,268446600.0
2025-05-01,28.123170852661133,28.780000686645508,29.44499969482422,28.315000534057617,205481600.0
2025-05-02,29.440900802612305,29.31999969482422,30.09499931335449,29.01499938964844,195097800.0
2025-05-05,28.93065071105957,28.950000762939453,29.75,28.850000381469727,138579000.0
2025-05-06,28.108308792114254,28.030000686645508,29.020000457763672,27.78499984741211,165885800.0
2025-05-07,28.43526268005371,28.479999542236328,29.1299991607666,27.545000076293945,207867200.0
2025-05-08,29.282379150390625,29.600000381469727,30.354999542236328,28.82999992370605,197621600.0
2025-05-09,29.213024139404297,29.899999618530277,30.13500022888184,29.165000915527344,146818800.0
2025-05-12,32.75009536743164,32.92499923706055,33.08000183105469,31.924999237060547,202490000.0
2025-05-13,34.25111770629883,33.334999084472656,34.93000030517578,33.18000030517578,170595400.0
2025-05-14,34.85548782348633,34.80500030517578,35.30500030517578,34.60499954223633,161184800.0
2025-05-15,34.9644775390625,34.7400016784668,35.845001220703125,34.46500015258789,161694800.0
2025-05-16,35.39546203613281,35.55500030517578,35.7599983215332,34.82500076293945,127627200.0
2025-05-19,35.489585876464844,34.23500061035156,35.93000030517578,34.21500015258789,143794200.0
2025-05-20,35.1180419921875,35.290000915527344,35.584999084472656,34.70000076293945,134069400.0
2025-05-21,33.65665435791016,34.619998931884766,35.994998931884766,33.59000015258789,219255200.0
2025-05-22,33.83003616333008,34.08000183105469,34.875,33.810001373291016,173542000.0
2025-05-23,32.8541259765625,32.54499816894531,33.66999816894531,32.43000030517578,214220800.0
2025-05-27,35.14281463623047,34.494998931884766,35.57500076293945,34.19499969482422,130539600.0
2025-05-28,34.69200897216797,35.66999816894531,35.970001220703125,34.88999938964844,132542600.0
2025-05-29,34.860443115234375,36.5,36.52999877929688,34.665000915527344,193248800.0
2025-05-30,34.67715072631836,35.064998626708984,35.29999923706055,33.52000045776367,187118200.0
2025-06-02,35.474727630615234,34.599998474121094,35.86000061035156,34.345001220703125,137925400.0
2025-06-03,36.30202102661133,35.880001068115234,36.93999862670898,35.70000076293945,128728400.0
2025-06-04,36.59430694580078,36.790000915527344,37.15999984741211,36.35499954223633,128889000.0
2025-06-05,35.74223327636719,37.22499847412109,37.82500076293945,35.650001525878906,198008800.0
2025-06-06,36.76272964477539,37.1349983215332,37.505001068115234,36.77000045776367,131215400.0
2025-06-09,36.92620849609375,37.15499877929688,37.619998931884766,36.91999816894531,100363800.0
2025-06-10,37.63957214355469,37.35499954223633,38.14500045776367,36.880001068115234,122693000.0
2025-06-11,37.25316619873047,38.29499816894531,38.540000915527344,37.11000061035156,181652000.0
2025-06-12,37.495906829833984,37.29999923706055,38.06499862670898,37.2599983215332,126110000.0
2025-06-13,36.079097747802734,36.54999923706055,37.44499969482422,36.1349983215332,210666200.0
2025-06-16,37.55039978027344,37.11000061035156,38.125,37.11000061035156,116668600.0
2025-06-17,36.440731048583984,37.34000015258789,37.68999862670898,36.540000915527344,135418200.0
2025-06-18,36.39118957519531,36.959999084472656,37.47999954223633,36.41999816894531,142661400.0
2025-06-20,35.89085006713867,37.380001068115234,37.665000915527344,35.86000061035156,163355000.0
2025-06-23,37.005470275878906,36.3650016784668,37.46500015258789,35.709999084472656,167572800.0
2025-06-24,38.68979263305664,38.45500183105469,39.255001068115234,38.33000183105469,113191600.0
2025-06-25,38.98686599731445,39.43999862670898,39.709999084472656,38.86000061035156,101438200.0
2025-06-26,40.05492782592773,39.709999084472656,40.42499923706055,39.310001373291016,100144200.0
2025-06-27,40.44738006591797,40.51499938964844,41.125,39.92499923706055,146023600.0
2025-06-30,41.23228073120117,41.400001525878906,41.744998931884766,40.915000915527344,113721400.0
2025-07-01,40.1840934753418,41.060001373291016,41.27000045776367,39.90499877929688,140390000.0
2025-07-02,40.98389434814453,40.22999954223633,41.29499816894531,40.21500015258789,100285000.0
2025-07-03,42.13144302368164,41.744998931884766,42.64500045776367,41.744998931884766,83484600.0
2025-07-07,41.19253921508789,41.79999923706055,41.98500061035156,40.900001525878906,139674800.0
2025-07-08,41.247188568115234,41.7400016784668,41.88999938964844,41.23500061035156,115515400.0
2025-07-09,42.10163497924805,41.98500061035156,42.69499969482422,41.67499923706055,117976200.0
2025-07-10,41.907901763916016,42.51499938964844,42.61000061035156,41.56999969482422,110317800.0
2025-07-11,41.589962005615234,41.65999984741211,42.22499847412109,41.375,106937600.0
2025-07-14,42.0320930480957,41.81499862670898,42.470001220703125,41.275001525878906,97311400.0
2025-07-15,42.141380310058594,43.21500015258789,43.334999084472656,42.400001525878906,123257600.0
2025-07-16,42.2606086730957,42.52999877929688,42.67499923706055,41.220001220703125,166357600.0
2025-07-17,43.24422454833984,42.685001373291016,43.65999984741211,42.5,97330800.0
2025-07-18,43.09518814086914,43.81999969482422,43.869998931884766,43.095001220703125,98496200.0
2025-07-21,43.75093078613281,43.57500076293945,44.4900016784668,43.560001373291016,87720400.0
2025-07-22,43.07034683227539,44.06499862670898,44.08000183105469,42.73500061035156,108345200.0
2025-07-23,43.63666915893555,43.59000015258789,43.93999862670898,42.95000076293945,118025200.0
2025-07-24,43.924800872802734,44.22499847412109,44.47999954223633,43.79999923706055,90378200.0
2025-07-25,44.173187255859375,44.15499877929688,44.790000915527344,43.9900016784668,79003200.0
2025-07-28,44.60538101196289,44.79499816894531,45.095001220703125,44.59000015258789,95592000.0
2025-07-29,44.401702880859375,45.494998931884766,45.81499862670898,44.4900016784668,116251200.0
2025-07-30,44.55570602416992,44.869998931884766,45.43999862670898,44.130001068115234,145527600.0
2025-07-31,43.82048034667969,46.35499954223633,46.375,43.83000183105469,178874600.0
2025-08-01,41.19253921508789,42.625,42.65999984741211,40.93000030517578,219781200.0
2025-08-04,43.44789505004883,42.61000061035156,43.78499984741211,42.58000183105469,108586000.0
2025-08-05,42.54376602172852,44.025001525878906,44.30500030517578,42.709999084472656,152088400.0
2025-08-06,44.13344192504883,43.01499938964844,44.53499984741211,42.90499877929688,128995200.0
2025-08-07,44.580543518066406,45.44499969482422,45.834999084472656,43.90999984741211,169239200.0
2025-08-08,45.78274154663086,45.119998931884766,46.13999938964844,45.04999923706055,104522600.0
2025-08-11,45.38035202026367,46.1150016784668,46.619998931884766,45.36000061035156,94617000.0
2025-08-12,47.05447769165039,46.209999084472656,47.44499969482422,45.56499862670898,119469600.0
2025-08-13,47.12403106689453,48.025001525878906,48.15999984741211,47.09000015258789,96058600.0
2025-08-14,46.99486923217773,46.91999816894531,47.79499816894531,46.81999969482422,106385800.0
2025-08-15,46.32918930053711,47.23500061035156,47.255001068115234,46.209999084472656,96167400.0
2025-08-18,46.26957702636719,46.400001525878906,46.72999954223633,46.1150016784668,73371400.0
2025-08-19,44.381832122802734,46.3849983215332,46.43000030517578,44.40999984741211,111118600.0
2025-08-20,43.57209014892578,44.415000915527344,44.44499969482422,42.18999862670898,164404200.0
2025-08-21,42.96602630615234,43.47499847412109,43.97499847412109,42.69499969482422,119920000.0
2025-08-22,44.898475646972656,43.5099983215332,45.65999984741211,43.185001373291016,132726400.0
2025-08-25,44.50602722167969,44.810001373291016,45.4900016784668,44.51499938964844,80452600.0
2025-08-26,45.02267074584961,44.65499877929688,45.3849983215332,44.41999816894531,84374600.0
2025-08-27,45.226348876953125,45.06999969482422,45.720001220703125,44.77000045776367,90055200.0
2025-08-28,46.05099487304688,45.63999938964844,46.55500030517578,45.255001068115234,90658000.0
2025-08-29,44.39176559448242,45.709999084472656,45.79499816894531,44.244998931884766,121887000.0
2025-09-02,43.25912094116211,42.55500030517578,43.619998931884766,42.125,166668000.0
2025-09-03,44.267578125,44.3650016784668,44.93999862670898,43.79499816894531,119929800.0
2025-09-04,45.46480178833008,44.70000076293945,45.83000183105469,44.310001373291016,101759600.0
2025-09-05,45.61383438110352,46.970001220703125,47.119998931884766,44.845001220703125,172625800.0
2025-09-08,46.26460647583008,46.45500183105469,47.04999923706055,46.31999969482422,101696800.0
2025-09-09,46.64215850830078,46.75,47.05500030517578,46.119998931884766,94620800.0
2025-09-10,46.69183349609375,47.72499847412109,47.72999954223633,46.470001220703125,120818800.0
2025-09-11,47.47673797607422,47.595001220703125,47.9900016784668,47.20500183105469,91247200.0
2025-09-12,48.067901611328125,47.97999954223633,48.685001373291016,47.76499938964844,92235200.0
2025-09-15,49.29493713378906,48.81999969482422,49.6349983215332,48.78499984741211,78114400.0
2025-09-16,49.16080474853516,49.834999084472656,49.90499877929688,49.30500030517578,77137200.0
2025-09-17,48.84783554077149,49.44499969482422,49.59999847412109,47.755001068115234,147697200.0
2025-09-18,50.16429138183594,50.380001068115234,51.185001373291016,49.89500045776367,123401600.0
2025-09-19,51.1578369140625,50.93999862670898,51.64500045776367,50.57500076293945,84365400.0
2025-09-22,52.02222442626953,51.209999084472656,52.540000915527344,51.209999084472656,81054600.0
2025-09-23,50.97403335571289,52.39500045776367,52.45000076293945,50.9900016784668,99930600.0
2025-09-24,50.426063537597656,51.60499954223633,51.68000030517578,49.994998931884766,101055600.0
2025-09-25,49.74980545043945,49.70000076293945,50.435001373291016,48.75,122820600.0
2025-09-26,50.34650039672852,50.20000076293945,50.68999862670898,49.369998931884766,124097400.0
2025-09-29,51.01778793334961,51.39500045776367,52.13999938964844,50.970001220703125,92393200.0
2025-09-30,51.41558837890625,51.20500183105469,51.78499984741211,50.61000061035156,92323800.0
2025-10-01,52.14156723022461,50.8650016784668,52.56999969482422,50.650001525878906,93996400.0
2025-10-02,52.77804946899414,53.40499877929688,53.41999816894531,52.33000183105469,89158600.0
2025-10-03,52.062007904052734,53.220001220703125,53.435001373291016,51.880001068115234,103096400.0
2025-10-06,53.22557830810547,53.70000076293945,53.93999862670898,53.06499862670898,82476800.0
2025-10-07,52.365333557128906,53.84999847412109,54.02999877929688,52.2599983215332,100185800.0
2025-10-08,54.1405143737793,52.86000061035156,54.525001525878906,52.83000183105469,86931000.0
2025-10-09,53.92669677734375,54.43999862670898,54.47999954223633,53.380001068115234,87956200.0
2025-10-10,48.26799774169922,54.3650016784668,54.83000183105469,48.415000915527344,238009400.0
2025-10-13,51.3310546875,51.02999877929688,51.84000015258789,50.42499923706055,114511200.0
2025-10-14,50.28683090209961,49.8650016784668,51.76499938964844,48.53499984741211,147230000.0
2025-10-15,51.31613540649414,52.06999969482422,52.755001068115234,50.02000045776367,127069400.0
2025-10-16,50.74430084228516,52.34000015258789,53.165000915527344,49.875,159344000.0
2025-10-17,51.708961486816406,50.459999084472656,52.3849983215332,50.060001373291016,142274000.0
2025-10-20,53.64823532104492,52.80500030517578,54.2599983215332,52.775001525878906,79928800.0
2025-10-21,53.588565826416016,53.95000076293945,54.2400016784668,53.334999084472656,79811400.0
2025-10-22,52.01229095458984,53.72499847412109,53.869998931884766,50.790000915527344,134380800.0
2025-10-23,53.31508255004883,52.1349983215332,53.81499862670898,52.040000915527344,91245000.0
2025-10-24,54.97589111328125,54.994998931884766,55.630001068115234,54.76499938964844,84387600.0
2025-10-27,57.89474868774414,57.2599983215332,58.345001220703125,57.1349983215332,77489400.0
2025-10-28,59.217430114746094,58.82500076293945,60.040000915527344,58.52999877929688,92239400.0
2025-10-29,59.97325134277344,60.28499984741211,60.685001373291016,58.77000045776367,133060800.0
2025-10-30,57.22842788696289,59.29499816894531,59.66999816894531,57.51499938964844,127234200.0
2025-10-31,58.03894805908203,59.744998931884766,59.744998931884766,57.68999862670898,122666800.0
2025-11-03,58.83454895019531,60.0,60.209999084472656,58.540000915527344,83598000.0
2025-11-04,55.234466552734375,56.68000030517578,57.70500183105469,55.31999969482422,124762800.0
2025-11-05,56.30852127075195,55.34000015258789,57.5,54.970001220703125,109730000.0
2025-11-06,53.15098571777344,56.185001373291016,56.25,53.060001373291016,156461400.0
2025-11-07,52.59904098510742,52.5099983215332,52.91999816894531,49.97999954223633,183589400.0
2025-11-10,56.04497909545898,55.21500015258789,56.625,54.70500183105469,119878800.0
2025-11-11,55.58253860473633,55.6349983215332,56.209999084472656,54.79999923706055,102665600.0
2025-11-12,55.468170166015625,56.76499938964844,56.77000045776367,54.8650016784668,125708400.0
2025-11-13,52.0421257019043,54.78499984741211,54.93999862670898,51.70000076293945,201264400.0
2025-11-14,52.0818977355957,49.9900016784668,53.54499816894531,49.3849983215332,222397600.0
2025-11-17,50.74430084228516,51.70500183105469,53.31499862670898,50.05500030517578,186327000.0
2025-11-18,48.90945053100586,49.98500061035156,50.66999816894531,47.900001525878906,267348000.0
2025-11-19,49.74980545043945,49.32500076293945,51.57500076293945,48.71500015258789,184263600.0
2025-11-20,46.1944694519043,52.95000076293945,53.540000915527344,46.22999954223633,178246300.0
2025-11-21,47.21879959106445,46.84999847412109,49.09999847412109,45.2400016784668,179618600.0
2025-11-24,50.79899978637695,48.70000076293945,51.45000076293945,48.66999816894531,93894200.0
2025-11-25,51.723880767822266,50.63999938964844,52.36000061035156,49.08000183105469,101851900.0
2025-11-26,53.07640075683594,52.90999984741211,53.86000061035156,52.369998931884766,75598100.0
2025-11-28,54.239967346191406,53.81999969482422,54.61000061035156,53.630001068115234,34381600.0
2025-12-01,53.75265884399414,53.11000061035156,54.650001525878906,52.81999969482422,66359600.0
2025-12-02,54.99578094482422,54.630001068115234,55.7599983215332,54.13999938964844,79504400.0
2025-12-03,55.383636474609375,54.65999984741211,55.880001068115234,54.22999954223633,69844900.0
2025-12-04,55.204627990722656,56.040000915527344,56.04999923706055,54.61000061035156,63958000.0
2025-12-05,55.84111022949219,55.86000061035156,57.08000183105469,55.68000030517578,73206000.0
2025-12-08,55.49303436279297,56.56999969482422,57.040000915527344,55.119998931884766,69700000.0
2025-12-09,55.70187377929688,55.45000076293945,56.220001220703125,55.09000015258789,48736000.0
2025-12-10,56.33835983276367,55.650001525878906,57.09000015258789,54.88999938964844,100261100.0
2025-12-11,55.80132675170898,55.630001068115234,56.15999984741211,53.97999954223633,99683900.0
2025-12-12,52.529422760009766,55.11000061035156,55.52000045776367,52.22999954223633,138448500.0
2025-12-15,51.73382568359375,54.060001373291016,54.060001373291016,51.720001220703125,98696300.0
2025-12-16,52.0421257019043,51.43000030517578,52.77000045776367,51.09999847412109,105953700.0
2025-12-17,49.12824249267578,52.650001525878906,52.79999923706055,49.369998931884766,125606200.0
2025-12-18,51.22663116455078,51.66999816894531,52.459999084472656,50.97999954223633,109222100.0
2025-12-19,53.22557830810547,52.20000076293945,53.63999938964844,52.18999862670898,72957800.0
2025-12-22,53.95156097412109,54.810001373291016,54.88999938964844,53.880001068115234,64783100.0
2025-12-23,54.70737838745117,53.970001220703125,55.06999969482422,53.86000061035156,48197100.0
2025-12-24,55.14166259765625,54.869998931884766,55.45000076293945,54.77999877929688,25855000.0
2025-12-26,55.09185791015625,55.52000045776367,55.75,55.11000061035156,37244200.0
2025-12-29,54.27509307861328,54.290000915527344,54.9900016784668,53.91999816894531,50635300.0
2025-12-30,53.88663101196289,54.20000076293945,54.81999969482422,54.040000915527344,38976800.0
2025-12-31,52.5120735168457,54.130001068115234,54.20000076293945,52.63999938964844,57199400.0
2026-01-02,52.14352798461914,54.16999816894531,54.880001068115234,51.61000061035156,107226600.0
2026-01-05,53.38859939575195,53.95000076293945,54.33000183105469,53.290000915527344,77968000.0
2026-01-06,54.79304122924805,53.91999816894531,55.16999816894531,53.7400016784668,68915800.0
2026-01-07,54.95240783691406,54.88999938964844,56.18999862670898,54.77000045776367,65588300.0
2026-01-08,53.97627258300781,54.869998931884766,54.97999954223633,53.5,83760300.0
2026-01-09,55.54008102416992,54.38999938964844,56.09999847412109,53.790000915527344,78706300.0
2026-01-12,55.66957092285156,54.59999847412109,56.34000015258789,54.58000183105469,59673900.0
2026-01-13,55.38071060180664,55.90999984741211,56.5,54.959999084472656,88611000.0
2026-01-14,53.61769485473633,54.54999923706055,54.880001068115234,52.5,117421500.0
2026-01-15,54.16552734375,55.650001525878906,55.83000183105469,54.130001068115234,90483000.0
2026-01-16,53.92647171020508,55.31999969482422,55.459999084472656,53.58000183105469,75855900.0
2026-01-20,50.5299186706543,51.38999938964844,52.560001373291016,50.47999954223633,129209100.0
2026-01-21,52.52203369140625,51.06999969482422,53.79999923706055,50.66999816894531,150230100.0
2026-01-22,53.68741989135742,54.31999969482422,54.33000183105469,53.150001525878906,90992300.0
2026-01-23,54.16552734375,53.59000015258789,55.06999969482422,53.31999969482422,78066100.0
2026-01-26,54.86276626586914,54.470001220703125,55.630001068115234,54.209999084472656,58084300.0
2026-01-27,56.3170051574707,55.97999954223633,56.79999923706055,55.560001373291016,51981200.0
2026-01-28,56.834957122802734,57.70000076293945,58.0099983215332,56.72999954223633,76172100.0
2026-01-29,55.81897735595703,56.95000076293945,57.209999084472656,53.060001373291016,122642300.0
2026-01-30,53.78702545166016,55.02000045776367,55.709999084472656,53.31999969482422,110170700.0
2026-02-02,54.88268280029297,53.15999984741211,55.709999084472656,53.150001525878906,74665800.0
2026-02-03,52.31286239624024,55.63999938964844,55.7599983215332,51.08000183105469,129992200.0
2026-02-04,49.563743591308594,52.13999938964844,52.150001525878906,48.43000030517578,142536200.0
2026-02-05,47.45210647583008,48.38999938964844,49.52999877929688,47.060001373291016,158712900.0
2026-02-06,50.390472412109375,48.34000015258789,51.0099983215332,48.0,117934600.0
2026-02-09,51.53593826293945,50.060001373291016,52.27000045776367,49.43999862670898,71272700.0
2026-02-10,50.81877517700195,51.970001220703125,52.400001525878906,50.88999938964844,70660900.0
2026-02-11,51.19728088378906,52.209999084472656,52.5,50.040000915527344,92393800.0
2026-02-12,48.06966018676758,51.79999923706055,52.06999969482422,47.9900016784668,131150000.0
2026-02-13,48.27883529663086,48.150001525878906,49.59000015258789,47.18000030517578,123216600.0
2026-02-17,48.159305572509766,47.63999938964844,48.97999954223633,46.41999816894531,117089700.0
2026-02-18,49.19520568847656,48.52999877929688,50.36000061035156,48.20000076293945,81370800.0
2026-02-19,48.63741683959961,48.66999816894531,49.400001525878906,48.15999984741211,83447500.0
2026-02-20,49.86256408691406,47.959999084472656,50.45000076293945,47.7599983215332,118813800.0
2026-02-23,48.04973983764648,49.52999877929688,49.880001068115234,47.65999984741211,91951800.0
2026-02-24,49.58366775512695,48.45000076293945,50.040000915527344,47.81999969482422,71023300.0
2026-02-25,51.66542434692383,50.54999923706055,51.959999084472656,50.52999877929688,54217200.0
2026-02-26,49.85260391235352,51.630001068115234,51.63999938964844,48.709999084472656,105583800.0
2026-02-27,49.3246955871582,48.45000076293945,49.77000045776367,48.2599983215332,93802200.0
2026-03-02,49.50398254394531,47.459999084472656,50.150001525878906,47.22999954223633,108545900.0
2026-03-03,47.91029357910156,46.810001373291016,48.66999816894531,45.720001220703125,163365500.0
2026-03-04,50.061771392822266,48.68999862670898,50.790000915527344,48.52000045776367,99738400.0
2026-03-05,49.60358810424805,49.43999862670898,50.7599983215332,48.16999816894531,129713200.0
2026-03-06,47.35250473022461,47.65999984741211,49.04999923706055,47.18000030517578,141012200.0
2026-03-09,49.19520568847656,46.18999862670898,49.77000045776367,45.5,159005500.0
2026-03-10,49.205169677734375,49.40999984741211,50.7400016784668,48.83000183105469,115057200.0
2026-03-11,49.15536117553711,49.68000030517578,50.52000045776367,48.72999954223633,91104300.0
2026-03-12,46.64530563354492,48.150001525878906,48.4900016784668,46.75,130823900.0
2026-03-13,45.74885559082031,47.34999847412109,48.25,45.66999816894531,141952500.0
2026-03-16,47.2728157043457,47.369998931884766,48.27000045776367,47.18000030517578,81421500.0
2026-03-17,47.97005844116211,48.119998931884766,48.7599983215332,47.810001373291016,74570100.0
2026-03-18,45.91817855834961,47.720001220703125,48.11000061035156,46.04999923706055,105059300.0
2026-03-19,45.509796142578125,44.869998931884766,46.31999969482422,44.29999923706055,138384900.0
2026-03-20,42.91009521484375,45.18000030517578,45.209999084472656,42.29999923706055,137952500.0
2026-03-23,44.39421844482422,45.11000061035156,46.150001525878906,44.130001068115234,139354300.0
2026-03-24,43.44796371459961,43.84000015258789,44.54999923706055,43.18999862670898,105505200.0
2026-03-25,44.288028717041016,44.70000076293945,45.220001220703125,43.95000076293945,79294400.0
2026-03-26,41.13528823852539,43.22999954223633,43.68000030517578,41.150001525878906,117558900.0
2026-03-27,38.690914154052734,40.560001373291016,40.59000015258789,38.560001373291016,124795700.0
2026-03-30,37.80295944213867,39.75,39.90999984741211,37.31999969482422,111446500.0
2026-03-31,41.58425521850586,39.09000015258789,42.0,39.06999969482422,149516200.0
2026-04-01,43.13069152832031,42.630001068115234,43.97999954223633,42.40999984741211,116135500.0
2026-04-02,43.230464935302734,40.880001068115234,43.54999923706055,40.43999862670898,111377300.0
2026-04-06,43.99869537353516,43.59999847412109,44.59000015258789,43.27000045776367,69245100.0
2026-04-07,44.04858016967773,43.45000076293945,44.209999084472656,41.84000015258789,131796200.0
2026-04-08,47.88973617553711,48.63999938964844,48.91999816894531,47.150001525878906,102015100.0
2026-04-09,48.84753036499024,48.02000045776367,49.09000015258789,47.310001373291016,78953600.0
2026-04-10,49.05704498291016,49.36000061035156,49.810001373291016,48.81999969482422,65481600.0
2026-04-13,50.54362487792969,48.77999877929688,50.7400016784668,48.459999084472656,67169100.0
2026-04-14,53.28730773925781,51.38999938964844,53.43000030517578,51.380001068115234,72362300.0
2026-04-15,55.52216339111328,53.56999969482422,55.7400016784668,53.33000183105469,83244000.0
2026-04-16,56.30037307739258,56.130001068115234,56.91999816894531,55.09999847412109,86398100.0
2026-04-17,58.45541000366211,57.77999877929688,58.93999862670898,57.369998931884766,103604000.0
2026-04-20,57.94658279418945,58.400001525878906,58.58000183105469,56.90999984741211,67652800.0
2026-04-21,57.26814270019531,58.47999954223633,58.970001220703125,56.81999969482422,91775200.0
2026-04-22,60.071685791015625,58.93000030517578,60.29999923706055,58.4900016784668,73399800.0
2026-04-23,59.083961486816406,59.79999923706055,60.72999954223633,57.59000015258789,92856900.0
2026-04-24,62.416290283203125,61.08000183105469,62.7400016784668,60.560001373291016,80250700.0
2026-04-27,62.4961051940918,62.40999984741211,62.70000076293945,61.63999938964844,56615000.0
2026-04-28,60.60047149658203,60.720001220703125,61.33000183105469,59.68000030517578,80631600.0
2026-04-29,61.717899322509766,61.0,61.869998931884766,60.45000076293945,77081400.0
2026-04-30,63.394039154052734,62.88999938964844,63.79999923706055,60.70000076293945,81042700.0
2026-05-01,65.1500015258789,63.88999938964844,65.83999633789062,63.810001373291016,67762900.0
2026-05-04,64.76089477539062,65.44000244140625,66.05000305175781,63.77999877929688,60813800.0
2026-05-05,67.23519134521484,66.37000274658203,67.7699966430664,66.25,54098800.0
2026-05-06,71.40559387207031,69.26000213623047,71.66000366210938,68.87999725341797,70169000.0
2026-05-07,71.17611694335938,71.87000274658203,73.30000305175781,70.37999725341797,93509100.0
2026-05-08,76.10477447509766,72.81999969482422,76.30999755859375,72.69999694824219,68713700.0
2026-05-11,76.78321075439453,76.0,77.36000061035156,75.55000305175781,60475000.0
2026-05-12,74.78780364990234,75.30000305175781,75.93000030517578,71.55000305175781,90651600.0
2026-05-13,77.06256866455078,75.80999755859375,77.94000244140625,74.19000244140625,64416400.0
2026-05-14,78.76863861083984,77.29000091552734,79.68000030517578,77.16000366210938,58472800.0
2026-05-15,75.16693115234375,75.7300033569336,77.37000274658203,74.2300033569336,81260600.0
2026-05-18,74.14927673339844,76.12999725341797,76.2699966430664,72.0999984741211,87710100.0
2026-05-19,72.76246643066406,72.41000366210938,74.5,70.95999908447266,85973700.0
2026-05-20,76.33424377441406,74.08999633789062,76.52999877929688,73.62000274658203,70647500.0
2026-05-21,76.77323150634766,75.18000030517578,77.79000091552734,74.47000122070312,74958100.0
2026-05-22,77.66118621826172,78.04000091552734,79.33000183105469,77.33000183105469,58330500.0
2026-05-26,81.7617416381836,80.58999633789062,82.2699966430664,79.9800033569336,62579600.0
2026-05-27,81.48239135742188,82.87000274658203,82.91000366210938,80.33000183105469,66221000.0
2026-05-28,83.4877700805664,81.73999786376953,84.05000305175781,80.66000366210938,55265900.0
2026-05-29,84.36575317382812,84.41000366210938,85.69999694824219,83.52999877929688,67644100.0
2026-06-01,85.84235382080078,84.1500015258789,87.05999755859375,83.75,57216000.0
2026-06-02,87.01964569091797,85.94000244140625,87.31999969482422,84.83000183105469,48355000.0
2026-06-03,86.36115264892578,87.68000030517578,88.08999633789062,85.41000366210938,62154500.0
2026-06-04,85.02423858642578,83.47000122070312,86.25,82.4800033569336,59614600.0
2026-06-05,72.88219451904297,81.56999969482422,82.08000183105469,72.68000030517578,118961300.0
2026-06-08,76.09479522705078,76.86000061035156,78.47000122070312,75.37999725341797,77319000.0
2026-06-09,73.55065155029297,78.4800033569336,79.33999633789062,66.79000091552734,132485700.0
2026-06-10,69.11087036132812,71.68000030517578,74.69999694824219,69.0,91465200.0
2026-06-11,75.83539581298828,70.88999938964844,76.5999984741211,69.58999633789062,116288800.0
2026-06-12,77.3419189453125,76.33999633789062,78.36000061035156,74.29000091552734,94070700.0
2026-06-15,84.39567565917969,82.87999725341797,85.02999877929688,82.63999938964844,59758000.0
2026-06-16,79.74639129638672,84.19000244140625,84.83000183105469,79.86000061035156,67086700.0
2026-06-17,77.36187744140625,81.66999816894531,81.80999755859375,76.94000244140625,78089600.0
2026-06-18,82.67963409423828,82.0999984741211,83.5999984741211,80.62999725341797,61063000.0
2026-06-22,82.39030456542969,83.94999694824219,85.11000061035156,81.38999938964844,61888900.0
2026-06-23,74.26900482177734,75.12000274658203,77.73999786376953,73.91000366210938,82341800.0
2026-06-24,73.30000305175781,74.79000091552734,76.18000030517578,71.3499984741211,72009700.0
2026-06-25,74.94999694824219,77.95999908447266,78.23999786376953,71.5999984741211,105261200.0
2026-06-26,71.83000183105469,72.08999633789062,74.69000244140625,70.72000122070312,70427700.0
2026-06-29,77.19000244140625,74.12000274658203,77.37999725341797,71.44999694824219,79128400.0
2026-06-30,81.0,77.23999786376953,81.54000091552734,77.1500015258789,58466200.0
2026-07-01,77.45999908447266,78.72000122070312,79.63999938964844,77.2300033569336,63348200.0
2026-07-02,73.3499984741211,77.44999694824219,79.13999938964844,71.72000122070312,87308500.0
2026-07-06,76.41999816894531,75.54000091552734,77.44999694824219,75.11000061035156,54545100.0
2026-07-07,72.2300033569336,73.69999694824219,74.38999938964844,70.76000213623047,70992900.0
2026-07-08,72.72000122070312,70.80000305175781,73.0199966430664,69.56999969482422,70748500.0
2026-07-09,76.33999633789062,74.8499984741211,76.69000244140625,73.88999938964844,51726600.0
2026-07-10,77.02999877929688,75.52999877929688,77.31999969482422,74.33000183105469,46034400.0
2026-07-13,72.63999938964844,74.54000091552734,74.8499984741211,72.08999633789062,63317500.0
2026-07-14,75.0199966430664,75.19999694824219,75.8499984741211,73.41000366210938,58097300.0
2026-07-15,74.44000244140625,76.29000091552734,76.47000122070312,72.05999755859375,68547800.0
2026-07-16,70.73999786376953,72.61000061035156,73.12000274658203,69.69000244140625,66953300.0
2026-07-17,67.52999877929688,66.37999725341797,69.55999755859375,64.91000366210938,75465200.0
2026-07-20,67.6500015258789,69.47000122070312,70.51000213623047,67.5,50076700.0
2026-07-21,71.37000274658203,70.70999908447266,71.72000122070312,69.61000061035156,37772500.0
2026-07-22,70.27999877929688,69.7699966430664,71.58999633789062,69.7699966430664,36062100.0
2026-07-23,66.30000305175781,67.11000061035156,68.2699966430664,65.0199966430664,80277500.0
2026-07-24,64.0,65.77999877929688,66.4000015258789,63.4900016784668,69267700.0
2026-07-27,63.400001525878906,66.05999755859375,66.2300033569336,61.63999938964844,70531600.0
2026-07-28,61.560001373291016,61.77000045776367,62.61000061035156,59.400001525878906,73235900.0
2026-07-29,57.75,61.5099983215332,62.7400016784668,57.59000015258789,103582900.0
2026-07-30,63.29999923706055,61.130001068115234,63.84000015258789,60.7400016784668,75877800.0
2026-07-31,64.62000274658203,65.73999786376953,66.7699966430664,62.38999938964844,86709900.0
2026-08-03,67.95999908447266,64.70999908447266,68.41000366210938,63.9900016784668,62223600.0
2026-08-04,74.81999969482422,70.30999755859375,75.41000366210938,70.13999938964844,73728500.0
2026-08-05,72.83999633789062,75.61000061035156,76.33000183105469,72.73999786376953,70885800.0
2026-08-06,72.02999877929688,70.8499984741211,73.44999694824219,70.16000366210938,60887200.0
2026-08-07,74.47000122070312,73.66000366210938,74.66999816894531,72.5199966430664,59409800.0
2026-08-10,73.80000305175781,74.2699966430664,74.9800033569336,73.63999938964844,44224500.0
2026-08-11,73.05999755859375,74.54000091552734,74.54000091552734,72.23999786376953,43674100.0
2026-08-12,74.5999984741211,75.62000274658203,75.69000244140625,74.37999725341797,46867300.0
2026-08-13,77.1500015258789,75.04000091552734,77.7699966430664,74.70999908447266,49822600.0
2026-08-14,76.79000091552734,77.56999969482422,77.8499984741211,75.94000244140625,36616800.0
2026-08-17,76.4000015258789,77.37999725341797,77.9000015258789,76.20999908447266,39828100.0
2026-08-18,72.52999877929688,73.36000061035156,73.95999908447266,72.01000213623047,51330500.0
2026-08-19,72.05999755859375,73.37000274658203,73.69999694824219,71.0,49118200.0
2026-08-20,70.4800033569336,70.83000183105469,71.69000244140625,69.76000213623047,56681700.0
2026-08-21,71.16999816894531,71.69999694824219,71.83000183105469,69.91000366210938,47654300.0
2026-08-24,69.01000213623047,70.0,70.05000305175781,67.93000030517578,46660700.0
2026-08-25,70.2699966430664,70.41999816894531,71.2699966430664,69.3499984741211,44163200.0
2026-08-26,70.47000122070312,69.55999755859375,70.94000244140625,69.44000244140625,40461400.0
2026-08-27,73.30000305175781,72.08999633789062,73.37999725341797,71.37999725341797,48782800.0
2026-08-28,71.8499984741211,72.8499984741211,74.18000030517578,71.43000030517578,57724700.0
2026-08-31,71.91999816894531,71.41000366210938,72.14990234375,70.82270050048828,42016568.0
